stn,n_obs,mean_ra_arcsec,mean_dec_arcsec,std_ra_arcsec,std_dec_arcsec,sem_ra_arcsec,sem_dec_arcsec,snr_ra,snr_dec,mean_at_arcsec,mean_ct_arcsec,std_at_arcsec,std_ct_arcsec,sem_at_arcsec,sem_ct_arcsec,snr_at,snr_ct,mean_speed_arcsec_per_day,detected_ra,detected_dec,detected_at,detected_ct,at_better_than_ra,ct_better_than_dec,at_gains_detection,at_loses_detection,ct_gains_detection,ct_loses_detection,scenario,target_station,applied_bias,is_target
691,3214,0.15095899671534227,0.016311422840451634,0.4335865312866445,0.36887706250263036,0.007648087479963697,0.006506669003302256,19.738136770901427,2.5068776100602754,-0.07568982185298041,-0.009612457119460282,0.4500548490807484,0.37250086783761943,0.007938574213403955,0.006570589762395285,9.534435254781807,1.4629519521176277,716.8270511350477,True,False,True,False,False,False,False,False,False,False,AA00_clean,AA00,clean,False
703,11201,0.12127532056768006,0.01016446149263685,0.492397860864545,0.3930707406815465,0.0046525147528979835,0.003714003583895571,26.066617089637262,2.736793668350604,0.21378975286111193,0.002400487943767065,0.46390013972397687,0.38839306146929603,0.004383248619617726,0.003669805643014779,48.77427027622199,0.6541185493940879,941.5147765161167,True,False,True,False,True,False,False,False,False,False,AA00_clean,AA00,clean,False
F51,11792,0.03271014202269598,-0.0005903047253816682,0.28706249883295515,0.19597715555343892,0.002643520762428226,0.0018047278267741005,12.373703466830287,0.32708795011867303,0.14733112439663107,0.004930001378860443,0.25720032747960553,0.18433303961927805,0.002368523957534857,0.001697498695984754,62.20377206991491,2.904274030090166,711.6464864123344,True,False,True,False,True,True,False,False,False,False,AA00_clean,AA00,clean,True
F52,6019,-0.013459296796133755,0.005806559771619916,0.2886615054450705,0.19089485820759303,0.003720717531288139,0.002460549232120982,3.617392796672219,2.359863275978708,0.18810555027721954,-0.0047634444632805055,0.2324106985334149,0.17479763005074173,0.002995669821505694,0.002253063170146782,62.792484314133546,2.114208126250707,654.8380885051354,True,False,True,False,True,False,False,False,False,False,AA00_clean,AA00,clean,False
G96,14710,0.06918514463702595,0.005511613198013135,0.3269040817103938,0.1974300554124622,0.002695342795094349,0.0016278220651355629,25.668402832821922,3.385881857765661,0.17042889701907646,-0.0037483229565456115,0.2970567538764879,0.18264020769986083,0.0024492498750885126,0.0015058789273682646,69.58411991872303,2.4891263755820883,768.1307070317077,True,True,True,False,True,False,False,False,False,True,AA00_clean,AA00,clean,False
T09,76,0.08360045162626162,0.016982938794605756,0.30935687163603115,0.24884044913848544,0.03548566686714063,0.028543957127892917,2.3558934918502206,0.5949749265146622,0.010551059037390339,0.0070960821519297675,0.29775877958053276,0.27599566274128084,0.03415527446693538,0.0316588737564415,0.30891448545098005,0.22414196432006547,490.29880288748876,False,False,False,False,False,False,False,False,False,False,AA00_clean,AA00,clean,False
V00,470,0.08086898018861256,0.03281055202839717,0.4770323026229331,0.36958649247487724,0.022003859320376757,0.017047753668700347,3.6752180156743477,1.9246261217768124,0.29357590953685203,-0.03935260456348319,0.39890915496302315,0.3531791779133119,0.018400307231090974,0.016290940682550808,15.954946069639382,2.4156127832221306,871.7454556161142,True,False,True,False,True,True,False,False,False,False,AA00_clean,AA00,clean,False
W68,4780,-0.04357551223087655,-0.011913695261866229,0.3762656113969746,0.4073218712474821,0.005442276211275931,0.005891471511287819,8.006854216732295,2.0221934773069976,0.26397264229041467,0.0648059962601282,0.31973552111662634,0.36524029003266856,0.004624629431354193,0.005282806830165442,57.079739297753356,12.26734165066919,922.4097525475556,True,False,True,True,True,True,False,False,True,False,AA00_clean,AA00,clean,False
W84,354,-0.023686315279862043,0.019282192859809227,0.2926125716628743,0.22379993508064022,0.015552182717370105,0.011894832346847142,1.5230219262667863,1.6210562955029952,0.1438594453814012,0.012474278598294315,0.27042388330302064,0.20640911421159608,0.014372867236595735,0.01097052064614538,10.009098603172989,1.1370726149334853,646.7304445115977,False,False,True,False,True,False,True,False,False,False,AA00_clean,AA00,clean,False
691,3214,-0.15311513472430624,0.016639557744623133,0.3833134396521045,0.35709198169646045,0.0067613140795810085,0.006298790477425166,22.64576573756719,2.6417068172467757,0.20507197580018408,-0.005463557403978772,0.36777728349736655,0.3475842121019255,0.006487269862798686,0.006131081731070521,31.61144520535077,0.8911245427199361,716.8270511350477,True,False,True,False,True,False,False,False,False,False,AA00_constant,AA00,constant,False
703,11201,-0.0767802266056192,0.010265584261199006,0.4786538720752662,0.3798149258358585,0.004522652063215474,0.003588753498480977,16.976814827322954,2.860487427053475,0.3318575283912818,-0.002315026335411093,0.377108772576054,0.35637519858459327,0.00356318389518754,0.0033672787815743244,93.13511122439984,0.6875065848657576,941.5147765161167,True,False,True,False,True,False,False,False,False,False,AA00_constant,AA00,constant,False
F51,11792,0.5327101416443274,-0.0005903047253816682,0.28706249889704427,0.19597715555343892,0.0026435207630184144,0.0018047278267741005,201.51539912100802,0.32708795011867303,-0.10629943883934574,-0.001951951242438105,0.5414683408678965,0.31632539103203405,0.004986310671373295,0.0029129988844798947,21.3182542856018,0.6700830724096273,711.6464864123344,True,False,True,False,False,True,False,False,False,False,AA00_constant,AA00,constant,True
F52,6019,-0.10577750601711083,0.005500700122439269,0.2900801892508244,0.18907066166164613,0.003739003730202277,0.0024370361555902027,28.290291652474057,2.2571270064342177,0.2519030307365396,-0.004581656789326862,0.20510027149438587,0.15988257093803449,0.002643650647648731,0.0020608147377301194,95.28605111291188,2.2232259433341004,654.8380885051354,True,False,True,False,True,False,False,False,False,False,AA00_constant,AA00,constant,False
G96,14710,-0.11845136939377689,0.00630504062868466,0.3148049551968405,0.19371003445607662,0.0025955848070490007,0.001597150280219532,45.63571533940663,3.9476815092303137,0.29857728972653413,-0.003033033758182413,0.18893419305946008,0.1607401204773848,0.001557773195566647,0.0013253114593874517,191.66929471907193,2.2885441280227496,768.1307070317077,True,True,True,False,True,False,False,False,False,True,AA00_constant,AA00,constant,False
T09,76,-0.1659712694879091,0.03774110275632149,0.2837209264393249,0.2467093053491115,0.032545022276756694,0.02829949816968146,5.099743612910169,1.3336315198958282,0.1994866086856369,0.021349069976691927,0.25404529937654,0.2557221085208675,0.029140994396417746,0.029333337596621125,6.845566282740148,0.7278090979715551,490.29880288748876,True,False,True,False,True,False,False,False,False,False,AA00_constant,AA00,constant,False
V00,470,0.019295869922003904,0.018892963999581625,0.48401286158980106,0.3690103859551843,0.022325848495197836,0.017021179856522066,0.864283833429862,1.1099679433997838,0.3343890894763576,-0.03403436292093163,0.37279578833641763,0.34492892073971565,0.017195787448103794,0.01591038469670547,19.445988762394897,2.1391288501012204,871.7454556161142,False,False,True,False,True,True,True,False,False,False,AA00_constant,AA00,constant,False
W68,4780,-0.07541194414902855,-0.014626923301380611,0.377469690493974,0.40099132740122917,0.005459691916638334,0.005799907022970675,13.812490759636402,2.5219237555792398,0.28709576769909073,0.06396399020209596,0.31386172513781363,0.35233066463040036,0.004539671308270087,0.005096083023643769,63.24153186511054,12.551598925160532,922.4097525475556,True,False,True,True,True,True,False,False,True,False,AA00_constant,AA00,constant,False
W84,354,-0.19575353984529456,0.07889599300397125,0.3014740522299506,0.21958475514563666,0.016023165095681503,0.011670798060954274,12.216908374616526,6.760119795742592,0.3000015290030189,0.0495647310669015,0.22222246909069163,0.2041371028216535,0.01181099097541631,0.010849764603192301,25.400199663808866,4.5682770898382605,646.7304445115977,True,True,True,True,True,False,False,False,False,False,AA00_constant,AA00,constant,False
691,3214,0.14408504803567046,0.00968288947448533,0.4361472072043045,0.37229998784473767,0.007693255565254503,0.006567046414879449,18.728748423022644,1.4744664287047038,-0.06854579516192995,-0.0015787374802644256,0.45258772101702816,0.3743718612813393,0.007983251860762439,0.006603592451592168,8.58619975386615,0.23907251875966118,716.8270511350477,True,False,True,False,False,False,False,False,False,False,AA00_dcr,AA00,dcr,False
703,11201,0.11781916115170253,0.005993840979387446,0.48711644496798984,0.39236990494612994,0.004602612291234625,0.0037073816042779936,25.598324103049357,1.6167315963565982,0.2128821997252952,0.003702111134360984,0.464128120317636,0.38000016300381945,0.00438540273757736,0.0035905037470608755,48.543363623405384,1.0310840470202736,941.5147765161167,True,False,True,False,True,False,False,False,False,False,AA00_dcr,AA00,dcr,False
F51,11792,0.028534195593061182,-0.13959931620059163,0.31786800867546405,0.22723913701156115,0.0029272046472858136,0.0020926152986492845,9.7479332780914,66.71045379946256,0.14717029099806397,0.07594546111216563,0.2963302122419559,0.2402108692715227,0.0027288659151964542,0.002212070273413587,53.93093525720886,34.3323003906966,711.6464864123344,True,True,True,True,True,False,False,False,False,False,AA00_dcr,AA00,dcr,True
F52,6019,-0.01618148142131213,0.009454595210398492,0.28899975539209616,0.19361834909043654,0.003725077421623759,0.002495653809915223,4.343931572369476,3.7884241687831146,0.1885747165827456,-0.0073626877925253185,0.23337930703810097,0.17684388572551804,0.0030081547513503702,0.00227943848940142,62.68783761809256,3.2300445161206164,654.8380885051354,True,True,True,True,True,False,False,False,False,False,AA00_dcr,AA00,dcr,False
G96,14710,0.07179398721080449,-0.0017958327256096804,0.3335395844070884,0.20111593540510855,0.0027500528932117817,0.0016582123558587084,26.106402312486587,1.0829932120965924,0.17059830890490169,-0.0007102959040354318,0.30647418718917707,0.1839063144399313,0.0025268971497717494,0.0015163180496386697,67.51296107176802,0.4684346428539128,768.1307070317077,True,False,True,False,True,False,False,False,False,False,AA00_dcr,AA00,dcr,False
T09,76,0.09840305756318866,-0.006098766606152019,0.3141369283571689,0.24925524287732254,0.03603397697745199,0.028591537232893028,2.7308408845563643,0.21330670528395776,0.0026717614155472623,0.024219920194655055,0.30595896492045677,0.2764915906091256,0.03509590023575202,0.03171576058431573,0.07612745071646722,0.7636556635703838,490.29880288748876,False,False,False,False,False,True,False,False,False,False,AA00_dcr,AA00,dcr,False
V00,470,0.07238783813524031,0.02878139077342146,0.4778142982706433,0.3715688241711542,0.02203993008985453,0.017139191811424363,3.2843950883747155,1.679273508931549,0.29743733030197006,-0.0316657749651455,0.39716312889443856,0.3536243661583966,0.01831976905417591,0.016311475685027717,16.235866807183932,1.9413188344578458,871.7454556161142,True,False,True,False,True,True,False,False,False,False,AA00_dcr,AA00,dcr,False
W68,4780,-0.044762150367503396,-0.011644472765969272,0.37748040814759637,0.4079676957299147,0.005459846935937422,0.005900812665809895,8.198425870306565,1.9733676402640128,0.26677465707141773,0.06405156328920558,0.3194165490154329,0.3657250171189422,0.004620015843968568,0.0052898178846192195,57.74323424013624,12.108462840553205,922.4097525475556,True,False,True,True,True,True,False,False,True,False,AA00_dcr,AA00,dcr,False
W84,354,-0.006002835799032696,0.036167963943078224,0.29719499080958484,0.23791686747806837,0.01579573554714847,0.01264513883848521,0.3800288869812308,2.86022671676817,0.13751922979280395,-0.011195776437004428,0.2825546033250821,0.2175990468036987,0.015017607731524704,0.011565258853319665,9.15719948551632,0.9680523868076518,646.7304445115977,False,False,True,False,True,False,True,False,False,False,AA00_dcr,AA00,dcr,False
691,3214,-0.026075422789929192,0.019133298590152784,0.41240696613272354,0.3598284606620841,0.007274498460479854,0.006347059574839389,3.5844976710888132,3.014513786194759,0.08674069439646426,-0.006759089467987237,0.4102224472584332,0.3531967123753027,0.007235965456692523,0.006230081330861436,11.987438983175085,1.084911915115024,716.8270511350477,True,True,True,False,True,False,False,False,False,True,AA00_epoch,AA00,epoch,False
703,11201,-0.022698400899231815,0.008264582216206524,0.4790892180941795,0.37864658326315614,0.004526765512798811,0.003577714191676531,5.014264784658094,2.3100174506487643,0.2950235905360757,-0.0009391231904126059,0.39606256707468473,0.35995444782771063,0.0037422724240723853,0.0034010979981701564,78.83541257935133,0.2761235315530069,941.5147765161167,True,False,True,False,True,False,False,False,False,False,AA00_epoch,AA00,epoch,False
F51,11792,0.2827101425002436,0.14940969527464668,0.28706249586219923,0.1959771555534395,0.002643520735070926,0.0018047278267741059,106.94455267537687,82.78793791400213,0.022580423945884224,-0.07460014285363303,0.38681469700401805,0.259508821631354,0.0035621256238612337,0.0023897825762847847,6.339030772701313,31.216288709246623,711.6464864123344,True,True,True,True,False,False,False,False,False,False,AA00_epoch,AA00,epoch,True
F52,6019,-0.08125301687126214,0.004149416914518738,0.2881477666820234,0.19000839686613233,0.0037140956687047493,0.002449123142421572,21.876931592232857,1.6942459293475949,0.23395382829435302,-0.004060702540088464,0.21061791223847973,0.16319562113877087,0.002714770565825027,0.0021035184711043057,86.17812173134924,1.9304335074161127,654.8380885051354,True,False,True,False,True,True,False,False,False,False,AA00_epoch,AA00,epoch,False
G96,14710,-0.08731118635081107,0.0058248587291066046,0.3130307859184796,0.1924029684668575,0.0025809566801786115,0.0015863734466042341,33.829001091474666,3.671808010639112,0.2769702337398687,-0.0030034504726131027,0.19959014634382824,0.1615608073067501,0.0016456321380417924,0.001332078069094449,168.30628628184627,2.2547105475994047,768.1307070317077,True,True,True,False,True,False,False,False,False,True,AA00_epoch,AA00,epoch,False
T09,76,-0.10018591876212125,0.01219870212711964,0.2854870845509875,0.241067734640145,0.03274761450641595,0.027652365627491352,3.059334863688856,0.4411449744101448,0.14038087664621965,0.01966586309472393,0.24839273128611647,0.26053400736331234,0.028492600368058826,0.02988530024874632,4.926924002471582,0.6580446885605209,490.29880288748876,True,False,True,False,True,True,False,False,False,False,AA00_epoch,AA00,epoch,False
V00,470,0.03423332048955969,0.01859329770221072,0.47963688323546194,0.3691677905138926,0.022123999665320998,0.017028440387406786,1.5473386823097748,1.0918966904309808,0.32366820759411774,-0.031007465559272387,0.3767852737155679,0.34632662166377604,0.017379808686415848,0.015974855832802295,18.623231902840136,1.941016925836825,871.7454556161142,False,False,True,False,True,True,True,False,False,False,AA00_epoch,AA00,epoch,False
W68,4780,-0.0553858134364392,-0.010719776218110693,0.42536042110442174,0.4220701360864217,0.00615237967774995,0.0061047892540189675,9.002339962330627,1.7559617166233117,0.271438172757517,0.08145611218258202,0.3210294428489887,0.42292714136769594,0.004643344613528679,0.0061171849110068606,58.45746877512918,13.315947346305528,922.4097525475556,True,False,True,True,True,True,False,False,True,False,AA00_epoch,AA00,epoch,False
W84,354,-0.13381146713138128,0.05619350061657838,0.2934163060681765,0.2204699258392485,0.015594900719048782,0.011717844352522952,8.58046290528377,4.795549328531527,0.24047983390481437,0.04335414168868476,0.23526971378764253,0.20147427485682012,0.012504444207217299,0.01070823689363878,19.231549193207208,4.048672262232007,646.7304445115977,True,True,True,True,True,False,False,False,False,False,AA00_epoch,AA00,epoch,False
691,3214,0.10100262575501127,0.018178133201840058,0.4253253547127779,0.36704827508353133,0.007502367545036593,0.006474410791493827,13.462766939728574,2.807689191690269,-0.02866539607359791,-0.009832615942554565,0.4376445007192468,0.36566373398619634,0.007719666514301928,0.006449988696553285,3.713294611948669,1.5244392517786693,716.8270511350477,True,False,True,False,False,False,False,False,False,False,AA00_mag_dep,AA00,mag_dep,False
703,11201,0.10212033939176961,0.011578311563099686,0.4922276620710616,0.3890752864953224,0.0046509065972569,0.003676251775808311,21.957082400235706,3.1494881931893577,0.23087132673737423,0.0005932526509869554,0.45427825617268924,0.3801999554566809,0.004292334424551093,0.0035923915240159247,53.786891677602576,0.16514142376211818,941.5147765161167,True,True,True,False,True,False,False,False,False,True,AA00_mag_dep,AA00,mag_dep,False
F51,11792,0.11201954587155262,0.031133457147038933,0.3085275660142893,0.1978705553734037,0.0028411897404084993,0.0018221638964662527,39.42698520917745,17.08598068890316,0.11403044754641602,-0.011084366744564752,0.3064011571105029,0.20207331827600256,0.002821607920737088,0.0018608665867784703,40.41328588155787,5.956561756398664,711.6464864123344,True,True,True,True,True,False,False,False,False,False,AA00_mag_dep,AA00,mag_dep,True
F52,6019,-0.04560268033450752,0.0050060433415877155,0.28742844380048377,0.19057361678706644,0.00370482391890259,0.0024564085740748517,12.309000733296804,2.0379522341771357,0.20787805546816368,-0.005341783337807516,0.22213970733409058,0.16865163144783704,0.0028632813446975033,0.002173844000573611,72.60133757136093,2.4572983785395746,654.8380885051354,True,False,True,False,True,True,False,False,False,False,AA00_mag_dep,AA00,mag_dep,False
G96,14710,0.006778859574128775,0.004715472551918277,0.3240753319771823,0.19341864546612006,0.002672019592237276,0.001594747761381162,2.5369797413995947,2.9568767338067,0.21888422049768647,-0.001806497055730062,0.25598670843541227,0.17046339408349487,0.0021106250084468397,0.0014054804047301936,103.70587841122868,1.2853235446401337,768.1307070317077,False,False,True,False,True,False,True,False,False,False,AA00_mag_dep,AA00,mag_dep,False
T09,76,0.006466722696429716,0.01604187494037736,0.2979167460356722,0.2485392328711989,0.034173394462051754,0.028509405252386266,0.1892326705680574,0.5626871131952021,0.05455817406977629,0.011338729023730936,0.27060559101753345,0.2728650540652101,0.031040590126382266,0.03129976831300034,1.7576397177902159,0.3622623947354077,490.29880288748876,False,False,False,False,True,False,False,False,False,False,AA00_mag_dep,AA00,mag_dep,False
V00,470,0.05802315701038009,0.02632597194302632,0.4783324448967106,0.36774101523699493,0.022063830411498626,0.016962628151417677,2.6297862124674944,1.5519984113326264,0.30466067303416355,-0.0329534478509032,0.3899042213184844,0.34924805333570413,0.017984940615425157,0.01610961142727618,16.93976530413812,2.0455768284458853,871.7454556161142,False,False,True,False,True,True,True,False,False,False,AA00_mag_dep,AA00,mag_dep,False
W68,4780,-0.05001166951561674,-0.014108027221188814,0.3778863478272579,0.4074000006576909,0.005465718415538315,0.005892601568932475,9.15006330612279,2.394193304290328,0.2707173500173101,0.06561830523571431,0.3185349845272879,0.3638670122683286,0.004607264964543991,0.0052629438485855065,58.758797703336484,12.46798505238664,922.4097525475556,True,False,True,True,True,True,False,False,True,False,AA00_mag_dep,AA00,mag_dep,False
W84,354,-0.05673367845593868,0.022927302033605174,0.2940224056167805,0.22048352465661422,0.015627114546606626,0.011718567121511345,3.630464106904381,1.9564936391854908,0.17982368144186509,0.021185132354871152,0.25530041794721225,0.20189252672669458,0.013569064121792004,0.010730466729715898,13.25247488167346,1.9742973803928894,646.7304445115977,True,False,True,False,True,True,False,False,False,False,AA00_mag_dep,AA00,mag_dep,False
691,3214,0.16267276869848063,0.021691978308271978,0.4461959413834605,0.375012787724101,0.007870506454107133,0.006614897833906323,20.668653236869112,3.2792612755233024,-0.08657654642454869,-0.010521205528081418,0.46841791548264694,0.3736881830379877,0.008262482656374606,0.006591532964878444,10.478272696615447,1.5961697505180332,716.8270511350477,True,True,True,False,False,False,False,False,False,True,AA00_seasonal,AA00,seasonal,False
703,11201,0.12888891404162664,0.020903992239304142,0.500177002448314,0.3846657648817085,0.004726017450330139,0.0036345875729530412,27.272204429254277,5.751406953257148,0.20402175184567645,0.004544266895180374,0.47489961841109307,0.38472457711434466,0.004487179284093284,0.003635143271508494,45.467706754869006,1.2500929277801522,941.5147765161167,True,True,True,False,True,False,False,False,False,True,AA00_seasonal,AA00,seasonal,False
F51,11792,0.028469869343361615,-0.002003729863430495,0.36601088000062926,0.21333101067594187,0.0033705460117217255,0.001964537194110526,8.446663906783098,1.0199500775233294,0.16939157661547197,-0.023730209250918424,0.32403983623721305,0.21447307211380068,0.002984040194833612,0.0019750542875491407,56.7658495045564,12.014965563486061,711.6464864123344,True,False,True,True,True,True,False,False,True,False,AA00_seasonal,AA00,seasonal,True
F52,6019,-0.007927252548894627,0.010568733305182113,0.29115023900652154,0.1942598105011568,0.0037527961923431302,0.0025039219602279285,2.1123589298743917,4.220871685721409,0.18283967876985277,-0.005275545585452342,0.2389095237116789,0.17927187283794033,0.003079436767625723,0.002310734155933064,59.3743897234896,2.2830603736508586,654.8380885051354,False,True,True,False,True,False,True,False,False,True,AA00_seasonal,AA00,seasonal,False
G96,14710,0.08545446479218835,0.009350255392388644,0.34158135874581175,0.20350472109986886,0.002816357781209035,0.0016779080301302235,30.342190669930996,5.572567282881986,0.15861894619719857,6.715796555612435e-05,0.32364316036390905,0.18861551107666116,0.0026684563126416656,0.0015551456444459352,59.442212130567775,0.04318435755260163,768.1307070317077,True,True,True,False,True,False,False,False,False,True,AA00_seasonal,AA00,seasonal,False
T09,76,0.08674778497985469,-0.009249984861207924,0.33611039460748493,0.26057322740450745,0.03855450642020013,0.029889799096012925,2.250003774770265,0.30946962311438897,0.019799163857835405,0.03398341150497303,0.322687725648062,0.2878991988088265,0.03701482069528631,0.03302430298773684,0.5348982782012165,1.0290425059869497,490.29880288748876,False,False,False,False,False,True,False,False,False,False,AA00_seasonal,AA00,seasonal,False
V00,470,0.07637415904705702,0.029352804563757277,0.47835463795602134,0.36525479101639685,0.022064854100989417,0.016847947179734726,3.4613489261019996,1.7422184584638187,0.2907759973414108,-0.03188928865543224,0.4010393743257755,0.34980060245067657,0.018498566923195296,0.01613509861740272,15.71883911595377,1.9763925471789576,871.7454556161142,True,False,True,False,True,True,False,False,False,False,AA00_seasonal,AA00,seasonal,False
W68,4780,-0.03779896681077662,-0.011415076594602754,0.3757565683204949,0.4072263870137885,0.00543491345225218,0.005890090434841175,6.954842453859697,1.9380138082566738,0.2617252052299889,0.0650605426569572,0.3205643674890209,0.36479587547510445,0.00463661780009865,0.00527637885295648,56.44744003364271,12.330529037069095,922.4097525475556,True,False,True,True,True,True,False,False,True,False,AA00_seasonal,AA00,seasonal,False
W84,354,-0.0047966358399912515,0.01517709550649172,0.3034121819122012,0.22559878052398888,0.0161261755260845,0.01199043990347495,0.2974441046007822,1.2657663629249536,0.12955336295375872,0.008135937939250389,0.28516423441278493,0.212111266003305,0.015156308058958493,0.011273586594552434,8.547818007511609,0.7216814162035883,646.7304445115977,False,False,True,False,True,False,True,False,False,False,AA00_seasonal,AA00,seasonal,False
691,3214,0.13480177268908802,0.014792219086217386,0.43402641802684117,0.3730979400453345,0.007655846697622781,0.006581121594329522,17.607689653836115,2.2476744843861836,-0.06263452430004318,-0.005837372088151942,0.4506888640282206,0.37269050630085687,0.007949757682981487,0.006573934819152702,7.878796662460364,0.8879570985622133,716.8270511350477,True,False,True,False,False,False,False,False,False,False,AA00_step,AA00,step,False
703,11201,0.11123649505205967,0.009957436175577025,0.48497254908278253,0.3864554366941559,0.004582355283584163,0.0036514976271430364,24.27496083740025,2.726945815755003,0.21540125977000094,0.0036101767047052136,0.4553864171553298,0.37845052413745495,0.0043028050941662475,0.0035758616897725555,50.060659280626595,1.00959629256098,941.5147765161167,True,False,True,False,True,False,False,False,False,False,AA00_step,AA00,step,False
F51,11792,0.12287296616773564,-0.04567171585153311,0.3057915007834354,0.21354895086276904,0.002815993675877168,0.0019665441766010547,43.633963818992356,23.224352849510563,0.1034223012186058,0.02516492109175451,0.308868929280048,0.22259216722392042,0.0028443333097853147,0.002049821965608756,36.360823417847584,12.276637441672177,711.6464864123344,True,True,True,True,False,False,False,False,False,False,AA00_step,AA00,step,True
F52,6019,-0.03476281795165492,0.010416794683197048,0.2895166033032267,0.1933803504637995,0.0037317393597335467,0.002492586114202954,9.31544639123378,4.179111254709044,0.1982030722989343,-0.006235386977063309,0.2284111582390278,0.17615753199939005,0.002944117538261432,0.0022705916972476413,67.32172534659662,2.7461506992303812,654.8380885051354,True,True,True,False,True,False,False,False,False,True,AA00_step,AA00,step,False
G96,14710,0.048917374701986545,0.006895547899073739,0.3300227243571702,0.1987824330131744,0.0027210561815546306,0.0016389724955714724,17.977348293499183,4.207238326271862,0.18275802802601201,-0.003079039032488439,0.29053093710771816,0.18179550106748762,0.0023954441437015555,0.0014989142730157609,76.29400522927891,2.0541795404306376,768.1307070317077,True,True,True,False,True,False,False,False,False,True,AA00_step,AA00,step,False
T09,76,0.03517399852542452,-0.029639296483166537,0.28742383902261454,0.26176899998652253,0.03296977548063366,0.030026963618235567,1.0668558706469087,0.9870893660778409,0.03631879513985565,0.051713052926938494,0.2662970317750045,0.27985484127140603,0.03054636448610748,0.03210155189375459,1.1889727550515374,1.6109206526242537,490.29880288748876,False,False,False,False,True,True,False,False,False,False,AA00_step,AA00,step,False
V00,470,0.06073145631193153,0.03405592912168538,0.475933049126702,0.3716969154039096,0.021953154537586353,0.01714510021940895,2.7664113696258195,1.9863359610539162,0.29920893780652713,-0.03570462091109727,0.39389788621000055,0.35125398088394416,0.018169154640266805,0.016202137965490995,16.46796142861897,2.2036981160847233,871.7454556161142,False,False,True,False,True,True,True,False,False,False,AA00_step,AA00,step,False
W68,4780,-0.049774138175796845,-0.01273825573793894,0.3772622704107022,0.40662753124767664,0.005456691808866753,0.005881428632138037,9.121669304269165,2.1658437999796463,0.26882982742847367,0.0652800777428342,0.3181134995159394,0.36410145968181135,0.004601168638488164,0.005266334877535654,58.42642349157731,12.395732375716598,922.4097525475556,True,False,True,True,True,True,False,False,True,False,AA00_step,AA00,step,False
W84,354,-0.04250968136659745,0.032899327899443546,0.29185801509887715,0.2270588546168144,0.015512078488467067,0.012068041965968297,2.7404245922429142,2.7261529245770917,0.1594268606927825,0.005746866561953019,0.265328727759753,0.20907670426305888,0.014102062774805166,0.011112301457747643,11.305215643885484,0.5171625863287058,646.7304445115977,False,False,True,False,True,False,True,False,False,False,AA00_step,AA00,step,False
691,3214,0.14066650719527649,0.01743557140366334,0.4361148678374624,0.3688964455155217,0.007692685127086323,0.00650701090270992,18.285748717308447,2.6795054848305377,-0.06645567572273303,-0.009179216891346084,0.45181804312096513,0.37112871650508783,0.00796967541533408,0.006546386212077868,8.338567414535952,1.402180774854183,716.8270511350477,True,False,True,False,False,False,False,False,False,False,AA00_timing,AA00,timing,False
703,11201,0.11013699965623604,0.0100725028233586,0.4860511659360952,0.38786326529496423,0.004592546799879442,0.003664799763190728,23.98168259474835,2.748445610733466,0.21822764119131763,0.0028725341133076275,0.4561137141950687,0.3784661077388605,0.004309677098445841,0.003576008934391603,50.636657040968345,0.8032793446575491,941.5147765161167,True,False,True,False,True,False,False,False,False,False,AA00_timing,AA00,timing,False
F51,11792,0.04580043556851703,-0.0005903047253816682,0.3006382679553647,0.19597715555343892,0.0027685382331425223,0.0018047278267741005,16.543183337775222,0.32708795011867303,0.14228488507680392,0.006239520624011275,0.2719644523776387,0.1913615290707076,0.0025044848401499903,0.0017622231301024048,56.81203686914019,3.5407097531676874,711.6464864123344,True,False,True,True,True,True,False,False,True,False,AA00_timing,AA00,timing,True
F52,6019,-0.017814229926649317,0.004666951720530219,0.2888666098876558,0.1915651218223822,0.003723361235699281,0.0024691886299453834,4.784448459055745,1.8900750084182303,0.19062755337467766,-0.004682150013671867,0.23159607561205617,0.17457584857831465,0.002985169696869348,0.0022502045062896044,63.858196595856995,2.080766437265888,654.8380885051354,True,False,True,False,True,True,False,False,False,False,AA00_timing,AA00,timing,False
G96,14710,0.0654469223678866,0.0051898396102319526,0.3267436904955185,0.19663893891187018,0.0026940203603815467,0.001621299264475521,24.29340302336005,3.201037417302986,0.1739355719915173,-0.003450588629021465,0.29407308470503585,0.18163785993149248,0.0024246493526290137,0.001497614512860146,71.73638192381152,2.3040566176348856,768.1307070317077,True,True,True,False,True,False,False,False,False,True,AA00_timing,AA00,timing,False
T09,76,0.08120948481672516,0.01884501973256238,0.3085550296096445,0.24699025633876845,0.03539368927867475,0.028331725458418364,2.2944622748229624,0.6651560901301496,0.011429891895545954,0.005196809770509117,0.296335916663972,0.2743691849742573,0.03399206089683538,0.03147230396116857,0.3362518068626449,0.16512327082634592,490.29880288748876,False,False,False,False,False,False,False,False,False,False,AA00_timing,AA00,timing,False
V00,470,0.07786497003099067,0.02956189564189803,0.4783222767988286,0.36841639484402416,0.022063361392117505,0.016993781089655217,3.529152636678888,1.739571404735437,0.2947179155572583,-0.039564140083013705,0.3987558421677041,0.35193147145876746,0.018393235439177372,0.01623338827541199,16.02316876396377,2.437207772756831,871.7454556161142,True,False,True,False,True,True,False,False,False,False,AA00_timing,AA00,timing,False
W68,4780,-0.04525071320329583,-0.012116990060331373,0.37651869460612264,0.40725593019236367,0.005445936786908941,0.005890517745052619,8.309077937164174,2.0570331140260634,0.2648679056004505,0.06425549904388822,0.3194585851221681,0.3653293305639513,0.004620623850910393,0.00528409470540719,57.32297502387346,12.160171727833694,922.4097525475556,True,False,True,True,True,True,False,False,True,False,AA00_timing,AA00,timing,False
W84,354,-0.022554279473724674,0.020548471854277203,0.2914969071379802,0.22358778723039852,0.015492885816885491,0.011883556815822255,1.4557829793816117,1.7291516481764218,0.14510178582194566,0.010434211735101536,0.26974797133787126,0.20471491361505154,0.014336942920961852,0.010880474900374432,10.12083165999038,0.9589849552194143,646.7304445115977,False,False,True,False,True,False,True,False,False,False,AA00_timing,AA00,timing,False
691,3214,-1.2469456157704422,-0.19334332661402898,3.4014683977270677,1.6492169369591407,0.05999892983057216,0.029090745438682872,20.782797614751242,6.6462142409363745,1.0242876064843045,0.0390367922874837,3.4851524470092445,1.6387039941106085,0.061475043324431045,0.028905306314596528,16.661844402104524,1.3505060926398484,716.8270511350477,True,True,True,False,False,False,False,False,False,True,AA00_trailing,AA00,trailing,False
703,11201,-0.923207533667192,-0.19772265646883655,2.7727195047695137,1.622623177655311,0.026198567107782136,0.01533166342189348,35.238855998080844,12.896360364035276,0.6386289151837615,0.00720751121212018,2.804856352562173,1.7138031621675924,0.026502218220734706,0.016193194831407662,24.097187256729832,0.44509507155072225,941.5147765161167,True,True,True,False,False,False,False,False,False,True,AA00_trailing,AA00,trailing,False
F51,11792,4.42911857589596,-0.0005903047253816682,32.04866928001067,0.19597715555343892,0.29513197646622646,0.0018047278267741005,15.007247364139168,0.32708795011867303,-1.9494736351199564,0.4581797111186401,26.496267126983707,18.458328327048264,0.2440006359652884,0.16998031568262592,7.9896252212936405,2.6954868819876636,711.6464864123344,True,False,True,False,False,True,False,False,False,False,AA00_trailing,AA00,trailing,True
F52,6019,-1.038470216833605,-0.047831083496150555,2.43421834156812,1.2174608841683614,0.03137598428474596,0.015692525570385633,33.097614003410804,3.048016922554241,0.5001397970502595,-0.005161420722094181,2.3430726850355197,1.6578058052993743,0.03020115759062638,0.021368374400106447,16.560285662874367,0.24154484685875166,654.8380885051354,True,True,True,False,False,False,False,False,False,True,AA00_trailing,AA00,trailing,False
G96,14710,-1.5209922050610913,-0.08847213918421279,3.1666939154890335,1.2972664581172044,0.026109571910894563,0.010696035922553608,58.25419927419175,8.27148859865559,0.9617474705037318,-0.05649188707410972,3.1565130224768962,1.7721359834997241,0.02602562986745382,0.01461136223831234,36.9538595377643,3.8662984431378193,768.1307070317077,True,True,True,True,False,False,False,False,False,False,AA00_trailing,AA00,trailing,False
T09,76,-1.2564777142843184,-0.043809778029709805,1.5914964502017652,0.4600528497740764,0.18255716303771594,0.05277168107508152,6.882653593958034,0.8301759037651072,1.0242007355742024,0.02000098602206242,1.5734410396395067,0.8984123804870846,0.1804860654054785,0.10305496779392143,5.67468038750383,0.19408075564157476,490.29880288748876,True,False,True,False,False,False,False,False,False,False,AA00_trailing,AA00,trailing,False
V00,470,-1.0569180303297363,0.23341594274980018,3.070231827780976,1.465615735230721,0.14161923385057576,0.06760381273642699,7.463096654264517,3.452703823966848,0.526775096032585,-0.3595655899858879,3.0835045938587267,1.6830812068050847,0.14223146089675537,0.07763474694623042,3.703646807192444,4.631503342632415,871.7454556161142,True,True,True,True,False,True,False,False,False,False,AA00_trailing,AA00,trailing,False
W68,4780,-1.2638812763378364,-0.26410663014962377,3.5033267182695034,1.4522286048739768,0.0506718421286979,0.02100492032821372,24.942477384733554,12.573560195554604,0.5249287337047521,0.010571985447667043,3.445548727586775,1.9754081600583713,0.049836145815499125,0.028572148268164777,10.533092499731358,0.370010170339428,922.4097525475556,True,True,True,False,False,False,False,False,False,True,AA00_trailing,AA00,trailing,False
W84,354,-0.5618733272504538,-0.5676377804441407,1.8031038025912718,1.9680491695925573,0.0958338858680083,0.10460063321385767,5.862992219936904,5.426714571446199,0.0027622378009591127,0.6518751030078735,2.409803325848509,1.237262136769115,0.1280796017188937,0.06575974063919009,0.02156657081915051,9.912981661296014,646.7304445115977,True,True,False,True,False,True,False,True,False,False,AA00_trailing,AA00,trailing,False
691,3214,0.15095899671534227,0.016311422840451634,0.4335865312866445,0.36887706250263036,0.007648087479963697,0.006506669003302256,19.738136770901427,2.5068776100602754,-0.07568982185298041,-0.009612457119460282,0.4500548490807484,0.37250086783761943,0.007938574213403955,0.006570589762395285,9.534435254781807,1.4629519521176277,716.8270511350477,True,False,True,False,False,False,False,False,False,False,AA01_clean,AA01,clean,False
703,11201,0.12127532056768006,0.01016446149263685,0.492397860864545,0.3930707406815465,0.0046525147528979835,0.003714003583895571,26.066617089637262,2.736793668350604,0.21378975286111193,0.002400487943767065,0.46390013972397687,0.38839306146929603,0.004383248619617726,0.003669805643014779,48.77427027622199,0.6541185493940879,941.5147765161167,True,False,True,False,True,False,False,False,False,False,AA01_clean,AA01,clean,False
F51,11792,0.03271014202269598,-0.0005903047253816682,0.28706249883295515,0.19597715555343892,0.002643520762428226,0.0018047278267741005,12.373703466830287,0.32708795011867303,0.14733112439663107,0.004930001378860443,0.25720032747960553,0.18433303961927805,0.002368523957534857,0.001697498695984754,62.20377206991491,2.904274030090166,711.6464864123344,True,False,True,False,True,True,False,False,False,False,AA01_clean,AA01,clean,False
F52,6019,-0.013459296796133755,0.005806559771619916,0.2886615054450705,0.19089485820759303,0.003720717531288139,0.002460549232120982,3.617392796672219,2.359863275978708,0.18810555027721954,-0.0047634444632805055,0.2324106985334149,0.17479763005074173,0.002995669821505694,0.002253063170146782,62.792484314133546,2.114208126250707,654.8380885051354,True,False,True,False,True,False,False,False,False,False,AA01_clean,AA01,clean,False
G96,14710,0.06918514463702595,0.005511613198013135,0.3269040817103938,0.1974300554124622,0.002695342795094349,0.0016278220651355629,25.668402832821922,3.385881857765661,0.17042889701907646,-0.0037483229565456115,0.2970567538764879,0.18264020769986083,0.0024492498750885126,0.0015058789273682646,69.58411991872303,2.4891263755820883,768.1307070317077,True,True,True,False,True,False,False,False,False,True,AA01_clean,AA01,clean,True
T09,76,0.08360045162626162,0.016982938794605756,0.30935687163603115,0.24884044913848544,0.03548566686714063,0.028543957127892917,2.3558934918502206,0.5949749265146622,0.010551059037390339,0.0070960821519297675,0.29775877958053276,0.27599566274128084,0.03415527446693538,0.0316588737564415,0.30891448545098005,0.22414196432006547,490.29880288748876,False,False,False,False,False,False,False,False,False,False,AA01_clean,AA01,clean,False
V00,470,0.08086898018861256,0.03281055202839717,0.4770323026229331,0.36958649247487724,0.022003859320376757,0.017047753668700347,3.6752180156743477,1.9246261217768124,0.29357590953685203,-0.03935260456348319,0.39890915496302315,0.3531791779133119,0.018400307231090974,0.016290940682550808,15.954946069639382,2.4156127832221306,871.7454556161142,True,False,True,False,True,True,False,False,False,False,AA01_clean,AA01,clean,False
W68,4780,-0.04357551223087655,-0.011913695261866229,0.3762656113969746,0.4073218712474821,0.005442276211275931,0.005891471511287819,8.006854216732295,2.0221934773069976,0.26397264229041467,0.0648059962601282,0.31973552111662634,0.36524029003266856,0.004624629431354193,0.005282806830165442,57.079739297753356,12.26734165066919,922.4097525475556,True,False,True,True,True,True,False,False,True,False,AA01_clean,AA01,clean,False
W84,354,-0.023686315279862043,0.019282192859809227,0.2926125716628743,0.22379993508064022,0.015552182717370105,0.011894832346847142,1.5230219262667863,1.6210562955029952,0.1438594453814012,0.012474278598294315,0.27042388330302064,0.20640911421159608,0.014372867236595735,0.01097052064614538,10.009098603172989,1.1370726149334853,646.7304445115977,False,False,True,False,True,False,True,False,False,False,AA01_clean,AA01,clean,False
691,3214,-0.19689861950684892,0.017773300455773782,0.3755890349062058,0.3582491139986254,0.006625062330588778,0.006319201279962292,29.720266720773672,2.812586538765836,0.2496400026276789,-0.005701053044508525,0.35472124976108516,0.3468536690251479,0.006256972837980763,0.006118195589652573,39.89788817882134,0.931819351141774,716.8270511350477,True,False,True,False,True,False,False,False,False,False,AA01_constant,AA01,constant,False
703,11201,-0.08078895134315152,0.009169661799441177,0.48319880674330173,0.38077039190444295,0.004565595742046381,0.00359778140118587,17.695160918242067,2.5486989833286566,0.33871487282755763,-0.0008749177758131413,0.3764039672854784,0.3586548776900629,0.0035565244084737554,0.003388818762782708,95.23760669842092,0.25817780089682574,941.5147765161167,True,False,True,False,True,False,False,False,False,False,AA01_constant,AA01,constant,False
F51,11792,-0.13176121531718918,0.0006617633036750227,0.27891901999638763,0.19039712607802436,0.0025685285378416627,0.001753342069898196,51.298326405946135,0.3774296613515049,0.2642085416069766,0.009852416320543915,0.18860224240801307,0.16098011818763144,0.0017368132224621564,0.0014824447167332301,152.1225991315445,6.646059855948668,711.6464864123344,True,False,True,True,True,True,False,False,True,False,AA01_constant,AA01,constant,False
F52,6019,-0.11034917115940505,0.006181145841853368,0.2902685595244236,0.1890567366570352,0.0037414317386694033,0.0024368566685169287,29.493835212572783,2.5365241713683613,0.25521697526145354,-0.003853487376679708,0.2046331968635402,0.15867998361074936,0.002637630264831397,0.0020453139256469987,96.75995103042524,1.8840566860467278,654.8380885051354,True,False,True,False,True,False,False,False,False,False,AA01_constant,AA01,constant,False
G96,14710,0.5691851461559727,0.005511613198013135,0.3269040812046745,0.1974300554124622,0.0026953427909246646,0.0016278220651355629,211.1735650368642,3.385881857765661,-0.0385046842141338,-0.015967821180583697,0.6203838061917997,0.28853990003358276,0.005115099858843735,0.0023790279294883267,7.527650539912969,6.711909928698484,768.1307070317077,True,True,True,True,False,True,False,False,False,False,AA01_constant,AA01,constant,True
T09,76,-0.15659640389895757,0.019075667954703588,0.28309678769339264,0.24427138704168103,0.03247342865253914,0.028019849760873638,4.8222934995412965,0.6807912289858339,0.17483455871955916,0.02903935101819612,0.26072638786674757,0.2553878863569738,0.02990736780593531,0.029294999685118384,5.845869146828164,0.9912733002331408,490.29880288748876,True,False,True,False,True,True,False,False,False,False,AA01_constant,AA01,constant,False
V00,470,0.013001306858542621,0.02009773406562739,0.48505532716642746,0.36958000682501535,0.02237393384658452,0.017047454507980248,0.5810916822982977,1.1789287401364965,0.34047368027129227,-0.03617937912965435,0.36869081674478904,0.34500445438114824,0.017006439228036324,0.015913868803779353,20.020280301240085,2.27344962910981,871.7454556161142,False,False,True,False,True,True,True,False,False,False,AA01_constant,AA01,constant,False
W68,4780,-0.053806044854863434,-0.003815176138409622,0.4493105566134449,0.39567779374485457,0.006498792554158351,0.005723052490055647,8.2793910417151,0.6666330852353454,0.2701513678579551,0.08139177734915314,0.3234304092454593,0.42085731249294095,0.004678072002659648,0.006087247068947182,57.74844160251587,13.37086805041252,922.4097525475556,True,False,True,True,True,True,False,False,True,False,AA01_constant,AA01,constant,False
W84,354,-0.20738276229423627,0.08299287581417748,0.30644903765758147,0.22022933008620588,0.016287582587886557,0.011705056832523118,12.732568579481617,7.090343686634429,0.31299707931791393,0.0488672607628469,0.22497886595543326,0.2029625128066528,0.01195749181589092,0.010787335848243467,26.175813802519702,4.530058343442056,646.7304445115977,True,True,True,True,True,False,False,False,False,False,AA01_constant,AA01,constant,False
691,3214,0.13010157795686178,0.018199465164264066,0.43994958102984383,0.3693330288262893,0.0077603261164613255,0.0065147118507609,16.764962709606788,2.7935948022226675,-0.0597061730974668,-0.0042652694213692385,0.45395896170246647,0.3708944036237281,0.008007439348060988,0.006542253137627876,7.4563378506169675,0.651957258706098,716.8270511350477,True,False,True,False,False,False,False,False,False,False,AA01_dcr,AA01,dcr,False
703,11201,0.07855481968522336,0.014979089487686595,0.48015988596347514,0.3797500438418296,0.004536881921608154,0.0035881404486316397,17.314715490188167,4.17461069379237,0.22912732702548408,-0.0007697795443720466,0.43965873922782467,0.3679005265602101,0.004154199140724311,0.0034761780329731766,55.15559540208616,0.22144422324470356,941.5147765161167,True,True,True,False,True,False,False,False,False,True,AA01_dcr,AA01,dcr,False
F51,11792,0.021424968849860483,0.008719315987278377,0.29396465821518303,0.19387183955515305,0.0027070818395688724,0.001785340248892743,7.914414901203211,4.883839925014877,0.15811510623385644,0.004319355050311696,0.2580840208579279,0.18136747909425172,0.0023766617735251475,0.001670189239500483,66.52823215957002,2.586147095285754,711.6464864123344,True,True,True,False,True,False,False,False,False,True,AA01_dcr,AA01,dcr,False
F52,6019,-0.02428113199760372,0.012163124015014348,0.2897329021680486,0.19197323182546966,0.0037345273552340194,0.0024744489851175784,6.5017951906479405,4.915487887674675,0.19527663444394142,-0.00658598512949139,0.23052506637129339,0.17381606590630627,0.0029713648673956932,0.002240411247907778,65.71950708130139,2.93963223744826,654.8380885051354,True,True,True,False,True,False,False,False,False,True,AA01_dcr,AA01,dcr,False
G96,14710,0.08431927293556415,-0.16803984358550272,0.3663543948869643,0.21920094586378763,0.003020612876851496,0.001807324298370917,27.9146240757119,92.97713959634704,0.1564286111041164,0.05710013831017533,0.35087159722403755,0.25840090957224604,0.002892956327228958,0.0021305302344875416,54.07223387086277,26.800904951207922,768.1307070317077,True,True,True,True,True,False,False,False,False,False,AA01_dcr,AA01,dcr,True
T09,76,0.03584735694451951,0.014568278502340522,0.30086609432472744,0.24899764898983756,0.0345117079131385,0.02856198918752406,1.0387013310017188,0.5100582598324062,0.03199438307248539,0.007203337081035689,0.2816821737118273,0.27129826988599626,0.03231116130017696,0.031120045841854776,0.9901960123082968,0.2314693595774718,490.29880288748876,False,False,False,False,False,False,False,False,False,False,AA01_dcr,AA01,dcr,False
V00,470,0.06517685264123924,0.04023788789920923,0.4767092533230901,0.36998423760854876,0.021988958167334906,0.017066100283633028,2.9640718830445056,2.357766990142366,0.29824999242686706,-0.03564891627800086,0.39483349259784867,0.35172418555271967,0.018212310944827857,0.01622382688954631,16.376284883910767,2.1973185809182265,871.7454556161142,False,False,True,False,True,False,True,False,False,False,AA01_dcr,AA01,dcr,False
W68,4780,-0.038283890936746924,-0.009083614230202904,0.39279953767637216,0.3834157868648328,0.0056814216206458575,0.0055456957869068225,6.73843511237155,1.637957540269153,0.2590724980301771,0.06629663616358922,0.30730979080845794,0.3699723770970447,0.004444904645416929,0.005351251365302538,58.28527689504042,12.3889968229592,922.4097525475556,True,False,True,True,True,True,False,False,True,False,AA01_dcr,AA01,dcr,False
W84,354,-0.037424947443354215,0.02970619291411252,0.28947229239842387,0.2284760514364189,0.015385278757547869,0.012143365127101503,2.4325166955453374,2.4462900195444495,0.15060422233150997,0.013602140072097658,0.27174301426326875,0.20373849059973745,0.014442978256109807,0.010828578602627165,10.427504608878015,1.256133475246473,646.7304445115977,False,False,True,False,True,False,True,False,False,False,AA01_dcr,AA01,dcr,False
691,3214,-0.09218635265272623,0.021784300122242365,0.40153472478984126,0.3581159808539887,0.007082721624961248,0.0063168529276423,13.015667921754671,3.448600176666315,0.15183544686945374,-0.005504404447025942,0.3890396281104473,0.35214988952239523,0.006862319039597194,0.006211616290604526,22.125967328730642,0.8861468882667,716.8270511350477,True,True,True,False,True,False,False,False,False,True,AA01_epoch,AA01,epoch,False
703,11201,-0.04260937867067056,0.007514801306506155,0.47933299344887326,0.3791688354177903,0.004529068870559372,0.0035826487903969683,9.407977641419262,2.0975545598131298,0.3083369386956999,0.0002233077483042184,0.3894450469367535,0.358676413545177,0.003679745527600359,0.0033890222484019563,83.79300589754993,0.06589149670218775,941.5147765161167,True,False,True,False,True,False,False,False,False,False,AA01_epoch,AA01,epoch,False
F51,11792,-0.10679053319212546,0.00043105689085266727,0.27655255825194885,0.19013962185657488,0.0025467361031615886,0.0017509707474210976,41.93231213063369,0.24618166322169902,0.24669367848605825,0.010175177730968215,0.1921496200535933,0.16166818017906093,0.0017694805562183569,0.001488780989034824,139.41587412143105,6.83456989705704,711.6464864123344,True,False,True,True,True,True,False,False,True,False,AA01_epoch,AA01,epoch,False
F52,6019,-0.09268615915265928,0.00581239645339271,0.28851224367364103,0.18807246698441252,0.0037187936138996652,0.0024241698732312324,24.92371687587823,2.3976852932526675,0.24356954713580956,-0.0038034418568175295,0.2059048039319834,0.15965359217952962,0.0026540207104683087,0.0020578633040786247,91.77379293804798,1.8482480586923433,654.8380885051354,True,False,True,False,True,False,False,False,False,False,AA01_epoch,AA01,epoch,False
G96,14710,0.31918511203536026,0.15551161319806284,0.3269040436084166,0.1974300554125109,0.002695342480941374,0.0016278220651359645,118.42098519661288,95.5335454216697,0.06962794856009771,-0.07253814911206406,0.44547406056174854,0.2517117166629774,0.003672959032063247,0.002075377457505803,18.95690857215604,34.95178616772715,768.1307070317077,True,True,True,True,False,False,False,False,False,False,AA01_epoch,AA01,epoch,True
T09,76,-0.019433423339339756,0.01721714566627729,0.31313690800444793,0.24332370983105162,0.0359192667758995,0.027911143729499162,0.5410306246111589,0.6168556126949598,0.06264965731631013,0.006088947735194187,0.2868883579933727,0.26762738016183596,0.032908351593985016,0.030698965911841708,1.9037616374489332,0.19834374072012173,490.29880288748876,False,False,False,False,True,False,False,False,False,False,AA01_epoch,AA01,epoch,False
V00,470,0.02269207574665966,0.022395734912237515,0.48168075151744355,0.3691615102533223,0.02221827627908242,0.017028150700588253,1.0213247626245112,1.31521827038234,0.33099305071024354,-0.03476567737833584,0.3719101372342957,0.34640562743168624,0.017154935409047164,0.015978500097127868,19.294333835596056,2.175778525331358,871.7454556161142,False,False,True,False,True,True,True,False,False,False,AA01_epoch,AA01,epoch,False
W68,4780,-0.046784178406534795,-0.0011472102756061968,0.4472738380355855,0.39157808947182393,0.006469333616828962,0.005663754689877887,7.231684309004107,0.2025529597276628,0.26565618856850937,0.07983844572102008,0.32318662899738426,0.41733048511436993,0.004674545984323952,0.006036235315116127,56.830372288428656,13.226529708191823,922.4097525475556,True,False,True,True,True,True,False,False,True,False,AA01_epoch,AA01,epoch,False
W84,354,-0.14394861201429443,0.06029511742619122,0.2986479168985922,0.22166361846002627,0.015872957697525215,0.011781288399513869,9.068795794544187,5.11787127023214,0.25186288118221717,0.036041458396624544,0.24113750621489483,0.1992146193783611,0.012816313856076296,0.010588137559971773,19.651741055233863,3.4039469351889142,646.7304445115977,True,True,True,True,True,False,False,False,False,False,AA01_epoch,AA01,epoch,False
691,496,0.12731169585945282,0.03316344944423961,0.41932217503362945,0.36215943671137607,0.0188281214733598,0.016261438753098344,6.761784283131385,2.0393920825683933,-0.06321061154737875,-0.05067202550502839,0.42357743242760315,0.3719398557210027,0.019019188170721377,0.016700592530641444,3.3235178589108645,3.034145370115329,656.1362970357915,True,False,True,True,False,True,False,False,True,False,AA01_mag_dep,AA01,mag_dep,False
703,757,-0.07041659772580405,0.008415707659187126,0.3987817963478677,0.36340276004526423,0.014493970918854777,0.013208097972789485,4.858337174818061,0.6371627221818503,0.1330528519611844,-0.017038206138377036,0.39291226184945854,0.35163805342897364,0.01428063905890963,0.012780502437770059,9.317009652881977,1.3331405569803139,747.4485925416338,True,False,True,False,True,True,False,False,False,False,AA01_mag_dep,AA01,mag_dep,False
F51,1657,-0.03352119813751773,-0.0034820449150947787,0.2599132769832432,0.17871533755627544,0.006385092756290875,0.004390364434296372,5.249915610778116,0.7931106784425365,0.169256417580886,0.012996572976338498,0.20889998889707356,0.16780140684555908,0.005131887918068697,0.004122250158902321,32.98131609323668,3.1527860938452226,633.0133720216047,True,False,True,True,True,True,False,False,True,False,AA01_mag_dep,AA01,mag_dep,False
F52,759,-0.07038871935575221,0.00036352538452304276,0.24944417813244243,0.1704146172018148,0.00905425005236567,0.006185658724430777,7.7741081755701265,0.05876906578878476,0.17868545085039841,0.011592979268634264,0.19953418893191044,0.15590285719536218,0.007242632215798838,0.005658915206975025,24.671341237046374,2.0486221907592945,561.2535397898052,True,False,True,False,True,True,False,False,False,False,AA01_mag_dep,AA01,mag_dep,False
G96,14710,0.14022383113581488,0.03314671611137052,0.3454237103455057,0.19853134904669922,0.0028480381892549314,0.001636902293950062,49.23523556139481,20.249660736550805,0.14600883817133534,-0.014124737518692464,0.3471731863258465,0.19351046674023104,0.0028624627184750335,0.0015955048330222271,51.00811871852815,8.852832800222355,768.1307070317077,True,True,True,True,True,False,False,False,False,False,AA01_mag_dep,AA01,mag_dep,True
T09,26,0.06822212070467565,-0.004681021600646455,0.34470613591634786,0.28604981203898905,0.06760243513433171,0.056098983594090525,1.0091666161006267,0.08344218202804578,-0.06744875204593777,0.03517941042848748,0.3217175110639952,0.30982167873240923,0.06309399487614671,0.060761030215024214,1.0690201528424286,0.5789798215071864,553.1866053962841,False,False,False,False,True,True,False,False,False,False,AA01_mag_dep,AA01,mag_dep,False
V00,56,-0.11056974372364858,0.06859632286017285,0.47167016142417245,0.36588600827773343,0.063029576557629,0.048893574485343316,1.7542517300993257,1.4029721406590097,0.23989626264279934,-0.12161427818450206,0.408112398855199,0.36520270772638086,0.05453631327894959,0.04880226460836635,4.39883534876562,2.4919802218287486,736.0853949311144,False,False,True,False,True,True,True,False,False,False,AA01_mag_dep,AA01,mag_dep,False
W68,107,-0.2636730928898788,-0.0073020165314236305,0.25433168811941836,0.2732726468895129,0.02458717232256232,0.026418263920618308,10.72401044864847,0.27640031734730014,0.31216156398934564,0.022730063629627036,0.25335040116684904,0.21569344657964612,0.024492307732235,0.020851872525656547,12.745289966224833,1.0900730187017749,815.5983311997802,True,False,True,False,True,True,False,False,False,False,AA01_mag_dep,AA01,mag_dep,False
W84,15,-0.20372740371895312,0.07556772932417744,0.376507066984813,0.17170621423358673,0.09721370667743874,0.044334353877800284,2.095665422931908,1.7044960107564975,0.32960774121328235,0.09334095347956091,0.2689856664317325,0.15407451714284623,0.06945180043057356,0.039781869264612836,4.745848763744718,2.3463189439062,818.6014513742844,False,False,True,False,True,True,True,False,False,False,AA01_mag_dep,AA01,mag_dep,False
691,3214,0.114504684487127,0.02386096893106432,0.44728558123020723,0.3704473610563911,0.007889726748715556,0.006534367697431855,14.513136910067045,3.6516109952677116,-0.04409677387415757,-0.006833588495319054,0.45989676949813946,0.3707879222369759,0.008112177088243454,0.006540374899024725,5.435874167252177,1.0448313133147844,716.8270511350477,True,True,True,False,False,False,False,False,False,True,AA01_seasonal,AA01,seasonal,False
703,11201,0.06454650634685757,0.010973220538891182,0.4947468429540725,0.3920815674855858,0.004674709556520062,0.003704657192992698,13.807597149395344,2.9620070001744994,0.24246624507764156,0.003904013112115843,0.44307644039192956,0.38426035473281267,0.004186491939598531,0.0036307569781259216,57.91632913089836,1.0752614773272342,941.5147765161167,True,False,True,False,True,False,False,False,False,False,AA01_seasonal,AA01,seasonal,False
F51,11792,-0.008520143819121686,0.0010648372908585136,0.28882329558504943,0.19565350321984443,0.0026597357079244195,0.0018017473550400924,3.20337986730665,0.5910025553137659,0.17461050278579954,0.008847062455524616,0.24504897398448958,0.1764200531343926,0.002256623742820165,0.0016246290451224826,77.37687921672932,5.445589245179121,711.6464864123344,True,False,True,True,True,True,False,False,True,False,AA01_seasonal,AA01,seasonal,False
F52,6019,-0.03505847669296358,0.007289483056729755,0.28913308105055424,0.19129684133973823,0.003726795929652846,0.0024657306146705833,9.407136144486802,2.9563176988430326,0.2001791415592261,-0.004326877701117228,0.22786283566381174,0.17162844248358652,0.002937049905827167,0.0022122137616921497,68.15653392952792,1.9559039800057776,654.8380885051354,True,False,True,False,True,False,False,False,False,False,AA01_seasonal,AA01,seasonal,False
G96,14710,0.13347575754495294,0.026941821097789247,0.37273437067638776,0.2138503458595754,0.003073216141047301,0.001763208296223347,43.43194601973769,15.279999053711636,0.1498730057396544,-0.048920494139172425,0.366676377864241,0.2095170474630141,0.003023267644859914,0.0017274800038415083,49.57318482684285,28.318993001588893,768.1307070317077,True,True,True,True,True,True,False,False,False,False,AA01_seasonal,AA01,seasonal,True
T09,76,0.08788275239614866,0.027689743569311205,0.3201120819464081,0.24449328476877247,0.03671937410028431,0.028045303175826087,2.3933619390170437,0.987321955327573,0.005676125672699603,-0.006515107327420267,0.3065927608257902,0.2770870461720978,0.035168601612125136,0.03178406402179902,0.16139753679437274,0.20498031098074485,490.29880288748876,False,False,False,False,False,False,False,False,False,False,AA01_seasonal,AA01,seasonal,False
V00,470,0.06505468535934283,0.02627596136034148,0.4788603800195191,0.36597562862559846,0.022088182242828894,0.016881196939255196,2.9452258517317946,1.5565224109932565,0.2990132261451068,-0.030942573687432116,0.39350110574711983,0.3503945020405805,0.018150852522279624,0.016162493162708815,16.47378412546061,1.9144678593785822,871.7454556161142,False,False,True,False,True,True,True,False,False,False,AA01_seasonal,AA01,seasonal,False
W68,4780,-0.05306739368249862,-0.01216684727142531,0.3760218298275659,0.40691716965029245,0.005438750173828568,0.0058856179392144286,9.75727731306,2.0672166282423112,0.27048184144999937,0.06453147539298862,0.3170483418862105,0.3634256885352344,0.0045857622823026745,0.005256560576818594,58.98296178453036,12.276368634953453,922.4097525475556,True,False,True,True,True,True,False,False,True,False,AA01_seasonal,AA01,seasonal,False
W84,354,-0.03327799436030055,0.020219310467866333,0.2977718487658657,0.2228255553253844,0.015826395201609198,0.01184304464714672,2.1026894587414895,1.7072730087813746,0.1561447390718013,0.011157278411374713,0.2702818668419375,0.20545673430247854,0.01436531914685001,0.010919902225074897,10.869562832235461,1.0217379406341882,646.7304445115977,False,False,True,False,True,False,True,False,False,False,AA01_seasonal,AA01,seasonal,False
691,3214,0.13960822153508504,0.02274290331124046,0.4347937998802982,0.37300306147884377,0.0076693826428661915,0.006579448019335526,18.203319359080883,3.456658255282837,-0.06827768642626589,-0.013239706934826652,0.4524661428770742,0.372325940976411,0.00798110732862658,0.006567504205440488,8.554913950520119,2.0159419043628395,716.8270511350477,True,True,True,False,False,False,False,False,False,True,AA01_step,AA01,step,False
703,11201,0.09378700520723852,0.016455357126420635,0.4784002136392917,0.3820918685423724,0.004520255323283468,0.0036102676243038624,20.74816542422931,4.557932773638515,0.22195111179773006,0.002005366534642636,0.44515287793302133,0.36944875208791284,0.004206111554266308,0.003490806736062591,52.76871736143147,0.5744707989490596,941.5147765161167,True,True,True,False,True,False,False,False,False,True,AA01_step,AA01,step,False
F51,11792,0.011237769116345015,0.0014060277962062748,0.28934262110685866,0.1949274437285915,0.0026645181082899944,0.0017950611687646706,4.217561547576446,0.7832757015037423,0.16103096040795797,0.006891502512903772,0.24922878030741463,0.18363733736442608,0.002295115029012204,0.001691092065503078,70.16247916657328,4.075178787414888,711.6464864123344,True,False,True,True,True,True,False,False,True,False,AA01_step,AA01,step,False
F52,6019,-0.038364206500307724,0.012923285257272208,0.28888497459561985,0.19314945359611438,0.0037235979485605044,0.00248960995698313,10.302993779212613,5.19088752076347,0.19896574511082543,-0.006249037560874824,0.22755945370050293,0.17602280567767656,0.002933139448186411,0.0022688551352964643,67.83371490702493,2.7542690864916244,654.8380885051354,True,True,True,False,True,False,False,False,False,True,AA01_step,AA01,step,False
G96,14710,0.16460324163427154,-0.04219742827037953,0.3381237860344522,0.21416344179875754,0.0027878498970391034,0.0017657897900958995,59.043078972469786,23.897198017034523,0.1345610181581043,0.0101151954989806,0.3516638863639195,0.2172389835165811,0.0028994887963668136,0.0017911478069391755,46.408531851102566,5.647325954783192,768.1307070317077,True,True,True,True,False,False,False,False,False,False,AA01_step,AA01,step,True
T09,76,0.043372297021381324,-0.006542346667125366,0.2950632495612736,0.25300506838294057,0.03384607596816615,0.029021671718021985,1.2814571787339555,0.22542969718256015,0.028061787224608316,0.028925016158063133,0.2745984874420889,0.2756327128450045,0.03149860675813653,0.03161724054803526,0.890889792049598,0.9148494826459665,490.29880288748876,False,False,False,False,False,True,False,False,False,False,AA01_step,AA01,step,False
V00,470,0.06085901130318299,0.04342722171778956,0.4757625334212913,0.37213053593045486,0.021945289234601335,0.017165101642817947,2.7732152742478346,2.529971719448568,0.29649246559000886,-0.04157676138977523,0.3945954674317985,0.3534114750340067,0.018201331662628984,0.016301655749719618,16.289602930469524,2.550462482345717,871.7454556161142,False,False,True,False,True,True,True,False,False,False,AA01_step,AA01,step,False
W68,4780,-0.03688515130260521,-0.003677019256615556,0.4040996887638056,0.3582941865149723,0.005844866117257267,0.005182338935172149,6.310692248997785,0.7095289024150659,0.257606574328102,0.06512059490371311,0.3065080022250052,0.35844363172791294,0.004433307638403726,0.005184500498978781,58.107082868911135,12.560630463154602,922.4097525475556,True,False,True,True,True,True,False,False,True,False,AA01_step,AA01,step,False
W84,354,-0.03167643638560973,0.009458878304908694,0.28219912351108245,0.23184766478541718,0.014998714192575773,0.01232256435479688,2.1119434625462277,0.7676063222365382,0.1386917609842811,0.02395300084857627,0.2663009148069217,0.20905550292241445,0.014153733933385624,0.011111174619205877,9.798952109530402,2.1557577546457645,646.7304445115977,False,False,True,False,True,True,True,False,False,False,AA01_step,AA01,step,False
691,3214,0.1375447320298586,0.01750135081522754,0.43365457350171643,0.3690013334532714,0.007649287685172232,0.006508861034265258,17.981377834237076,2.688849972843698,-0.06258543471644834,-0.009796424162039671,0.4493428882205208,0.3708448739540692,0.007926015846046066,0.006541379477541431,7.896203582241058,1.4976082943473636,716.8270511350477,True,False,True,False,False,False,False,False,False,False,AA01_timing,AA01,timing,False
703,11201,0.11584567998400644,0.00923329623119834,0.4925376459280134,0.39297353016648184,0.004653835538631861,0.0037130850718722222,24.89251694056702,2.4866912695169416,0.21794654336535174,0.0024269894230587313,0.46171080102642115,0.38708678749451775,0.004362562236919832,0.003657463065148352,49.958380311665636,0.6635718200917196,941.5147765161167,True,False,True,False,True,False,False,False,False,False,AA01_timing,AA01,timing,False
F51,11792,0.027529860282598892,-0.0005612961045459451,0.28663678657002756,0.19482197721457117,0.0026396004342403067,0.0017940899415208225,10.4295559000096,0.3128583977624572,0.15040892125894295,0.004853434509025362,0.25460065690481287,0.18271722332715779,0.0023445839334360033,0.001682618856459023,64.15164717030099,2.884452703233781,711.6464864123344,True,False,True,False,True,True,False,False,False,False,AA01_timing,AA01,timing,False
F52,6019,-0.01941694671940167,0.0050556086966271575,0.2888651809098977,0.19120076539935926,0.003723342816815932,0.0024644922388256576,5.214923168424857,2.0513794350742933,0.19130113051981099,-0.005353721479332662,0.23137757499518657,0.17388794199255087,0.002982353321771011,0.0022413376984705517,64.14435510485076,2.3886277748265887,654.8380885051354,True,False,True,False,True,True,False,False,False,False,AA01_timing,AA01,timing,False
G96,14710,0.08064401650057249,0.005511613198013135,0.3314243646775977,0.1974300554124622,0.002732612785923752,0.0016278220651355629,29.51168819672744,3.385881857765661,0.16689028266008593,-0.003592207662378305,0.30540415540166177,0.18497608707752244,0.002518074676666148,0.0015251383860383687,66.276939364262,2.3553322736235516,768.1307070317077,True,True,True,False,True,False,False,False,False,True,AA01_timing,AA01,timing,True
T09,76,0.08239284014944082,0.0175899273281409,0.3095808451481605,0.24832403837259584,0.03551135839096699,0.028484720750475305,2.3201827213233006,0.6175214944962165,0.01166511331755243,0.006542471664872149,0.29755923790220995,0.2756356095653187,0.03413238546665028,0.03161757282464361,0.34176085726413874,0.20692517104832178,490.29880288748876,False,False,False,False,False,False,False,False,False,False,AA01_timing,AA01,timing,False
V00,470,0.07389776456714306,0.029594913023189173,0.47763952779092494,0.3690150841411764,0.02203186852876541,0.017021396567682007,3.354130607245596,1.7386888852222684,0.2946435343759564,-0.04045238278953584,0.39817730339195806,0.3513928465429906,0.018366549435393346,0.016208543360700687,16.04240009330017,2.4957444903788755,871.7454556161142,True,False,True,False,True,True,False,False,False,False,AA01_timing,AA01,timing,False
W68,4780,-0.04620304031817113,-0.012347181577162473,0.37616494559459884,0.40721095334716667,0.0054408201890273795,0.00588986720350096,8.491925612860687,2.0963429480758515,0.26489549385160904,0.06450695974417565,0.3191979391432461,0.3652051899139603,0.004616853887970157,0.005282299144808947,57.37575853154686,12.211909620372092,922.4097525475556,True,False,True,True,True,True,False,False,True,False,AA01_timing,AA01,timing,False
W84,354,-0.022205380128823393,0.02041288985813235,0.2918702366230897,0.2236601738886962,0.01551272805515027,0.011887404123303776,1.4314297298244163,1.7171864981115113,0.14560070516388962,0.010191430097255386,0.27027424894588586,0.20423638444366943,0.014364914260242972,0.010855041361867752,10.135856192811476,0.9388660768310344,646.7304445115977,False,False,True,False,True,False,True,False,False,False,AA01_timing,AA01,timing,False
691,3214,-1.7829534918798835,-0.05082047922658272,2.255633794225985,0.9451556611779846,0.03978740882427901,0.01667171984660496,44.81200320820823,3.0483045357154217,1.510316105969961,-0.009868654719274516,2.330155354928423,1.2050780167979243,0.04110190402712672,0.02125652304120725,36.7456482058148,0.46426476710906306,716.8270511350477,True,True,True,False,False,False,False,False,False,True,AA01_trailing,AA01,trailing,False
703,11201,-1.1931702898742629,-0.02287164864498408,1.8174402167210473,0.8360885972123026,0.017172429234274988,0.007899941982749807,69.48174155190443,2.895166660075006,0.8225486220477812,-0.10142130848342394,1.8187867096911312,1.1964151924015667,0.0171851518289609,0.011304556285980347,47.86391358274759,8.971719536591129,941.5147765161167,True,False,True,True,False,True,False,False,True,False,AA01_trailing,AA01,trailing,False
F51,11792,-1.482145847359711,-0.13179925692442349,2.509451911684817,0.9884537020142412,0.023109212306809505,0.009102540020367558,64.13658015175933,14.479393293466835,1.0059988085506122,-0.03697335569309018,2.590720330448743,1.327884959128732,0.02385760247691377,0.012228317783911011,42.16680236516157,3.023584792810717,711.6464864123344,True,True,True,True,False,False,False,False,False,False,AA01_trailing,AA01,trailing,False
F52,6019,-0.9218203213217379,-0.0614306696802937,1.5557863182557414,0.7773619639661168,0.020053388900425753,0.010019847582467814,45.968306199964374,6.130898616440209,0.5479605765347386,-0.011497596269200371,1.3766564522402875,1.2972297639928045,0.01774448514883834,0.016720710707702115,30.880612874282882,0.6876260507218869,654.8380885051354,True,True,True,False,False,False,False,False,False,True,AA01_trailing,AA01,trailing,False
G96,14710,4.194379015721215,0.005511613198013135,18.228606976846667,0.1974300554124622,0.15029590399295434,0.0016278220651355629,27.907473885102295,3.385881857765661,-1.1034722725035824,0.05245318299825426,16.140956137544826,9.389578388402695,0.13308310377662108,0.07741760924409452,8.291603074991034,0.6775355569670402,768.1307070317077,True,True,True,False,False,False,False,False,False,True,AA01_trailing,AA01,trailing,True
T09,76,-0.7132309902298145,0.16851770610946035,0.8706109191637283,0.29499349816288084,0.09986592146783552,0.03383807493404076,7.14188563773008,4.980120956583534,0.5921972843777171,-0.02799318801546741,0.834808879366933,0.5798007970207423,0.09575914585081309,0.0665077126736251,6.184237329145818,0.420901379556369,490.29880288748876,True,True,True,False,False,False,False,False,False,True,AA01_trailing,AA01,trailing,False
V00,470,-0.4791765910290254,0.020589226644480995,1.1417619919286484,0.7203242105503928,0.0526655534847701,0.03322607820657534,9.098482011920645,0.619670685070694,0.3506768032602703,-0.12800222378569662,1.1427155661024198,0.779459568614775,0.052709538581493826,0.035953788872193096,6.653004611643327,3.5601873349346613,871.7454556161142,True,False,True,True,False,True,False,False,True,False,AA01_trailing,AA01,trailing,False
W68,4780,-0.8935009826390222,-0.12032133067898294,1.7898461114568742,0.6984901485830629,0.025888193390996656,0.010102906575306441,34.51384069734902,11.909575703003405,0.5706988943092598,0.025319375457226945,1.6276440484848038,1.2364453759137637,0.023542115508791667,0.01788384867512691,24.241614739173954,1.4157677084598386,922.4097525475556,True,True,True,False,False,False,False,False,False,True,AA01_trailing,AA01,trailing,False
W84,354,-0.28767911363293486,-0.4509360315819627,2.1798764749824673,1.3551970836347407,0.11585912747208649,0.07202791234484977,2.483007769087889,6.260573393034154,0.14258698982795626,0.17126427850966583,2.28695173069815,1.263084414945706,0.12155011310519184,0.06713217923982474,1.173071634286006,2.5511502896075644,646.7304445115977,False,True,False,False,False,False,False,False,False,True,AA01_trailing,AA01,trailing,False
691,3214,0.15095899671534227,0.016311422840451634,0.4335865312866445,0.36887706250263036,0.007648087479963697,0.006506669003302256,19.738136770901427,2.5068776100602754,-0.07568982185298041,-0.009612457119460282,0.4500548490807484,0.37250086783761943,0.007938574213403955,0.006570589762395285,9.534435254781807,1.4629519521176277,716.8270511350477,True,False,True,False,False,False,False,False,False,False,AA02_clean,AA02,clean,False
703,11201,0.12127532056768006,0.01016446149263685,0.492397860864545,0.3930707406815465,0.0046525147528979835,0.003714003583895571,26.066617089637262,2.736793668350604,0.21378975286111193,0.002400487943767065,0.46390013972397687,0.38839306146929603,0.004383248619617726,0.003669805643014779,48.77427027622199,0.6541185493940879,941.5147765161167,True,False,True,False,True,False,False,False,False,False,AA02_clean,AA02,clean,False
F51,11792,0.03271014202269598,-0.0005903047253816682,0.28706249883295515,0.19597715555343892,0.002643520762428226,0.0018047278267741005,12.373703466830287,0.32708795011867303,0.14733112439663107,0.004930001378860443,0.25720032747960553,0.18433303961927805,0.002368523957534857,0.001697498695984754,62.20377206991491,2.904274030090166,711.6464864123344,True,False,True,False,True,True,False,False,False,False,AA02_clean,AA02,clean,False
F52,6019,-0.013459296796133755,0.005806559771619916,0.2886615054450705,0.19089485820759303,0.003720717531288139,0.002460549232120982,3.617392796672219,2.359863275978708,0.18810555027721954,-0.0047634444632805055,0.2324106985334149,0.17479763005074173,0.002995669821505694,0.002253063170146782,62.792484314133546,2.114208126250707,654.8380885051354,True,False,True,False,True,False,False,False,False,False,AA02_clean,AA02,clean,True
G96,14710,0.06918514463702595,0.005511613198013135,0.3269040817103938,0.1974300554124622,0.002695342795094349,0.0016278220651355629,25.668402832821922,3.385881857765661,0.17042889701907646,-0.0037483229565456115,0.2970567538764879,0.18264020769986083,0.0024492498750885126,0.0015058789273682646,69.58411991872303,2.4891263755820883,768.1307070317077,True,True,True,False,True,False,False,False,False,True,AA02_clean,AA02,clean,False
T09,76,0.08360045162626162,0.016982938794605756,0.30935687163603115,0.24884044913848544,0.03548566686714063,0.028543957127892917,2.3558934918502206,0.5949749265146622,0.010551059037390339,0.0070960821519297675,0.29775877958053276,0.27599566274128084,0.03415527446693538,0.0316588737564415,0.30891448545098005,0.22414196432006547,490.29880288748876,False,False,False,False,False,False,False,False,False,False,AA02_clean,AA02,clean,False
V00,470,0.08086898018861256,0.03281055202839717,0.4770323026229331,0.36958649247487724,0.022003859320376757,0.017047753668700347,3.6752180156743477,1.9246261217768124,0.29357590953685203,-0.03935260456348319,0.39890915496302315,0.3531791779133119,0.018400307231090974,0.016290940682550808,15.954946069639382,2.4156127832221306,871.7454556161142,True,False,True,False,True,True,False,False,False,False,AA02_clean,AA02,clean,False
W68,4780,-0.04357551223087655,-0.011913695261866229,0.3762656113969746,0.4073218712474821,0.005442276211275931,0.005891471511287819,8.006854216732295,2.0221934773069976,0.26397264229041467,0.0648059962601282,0.31973552111662634,0.36524029003266856,0.004624629431354193,0.005282806830165442,57.079739297753356,12.26734165066919,922.4097525475556,True,False,True,True,True,True,False,False,True,False,AA02_clean,AA02,clean,False
W84,354,-0.023686315279862043,0.019282192859809227,0.2926125716628743,0.22379993508064022,0.015552182717370105,0.011894832346847142,1.5230219262667863,1.6210562955029952,0.1438594453814012,0.012474278598294315,0.27042388330302064,0.20640911421159608,0.014372867236595735,0.01097052064614538,10.009098603172989,1.1370726149334853,646.7304445115977,False,False,True,False,True,False,True,False,False,False,AA02_clean,AA02,clean,False
691,3214,0.05531077610624731,0.019088591227700034,0.41910012042332606,0.3683504728257799,0.007392559852699578,0.006497380421614427,7.481951747208268,2.937890347962268,0.004155365893055654,-0.006581428109818493,0.4285302339706213,0.36201234931718107,0.007558898814248235,0.006385581462110928,0.5497316467873532,1.0306701353462684,716.8270511350477,True,False,False,False,False,False,False,True,False,False,AA02_constant,AA02,constant,False
703,11201,0.03625735025659262,0.011349401977290327,0.48008250513609685,0.38142569359291334,0.0045361507741569105,0.003603973143708582,7.992977319703712,3.149136113043145,0.2552746417123799,-0.0007993395629225359,0.42374342431327594,0.3642427368069193,0.004003820263555865,0.00344161671144285,63.75776755914261,0.2322569972027547,941.5147765161167,True,True,True,False,True,False,False,False,False,True,AA02_constant,AA02,constant,False
F51,11792,-0.04864516665890772,-0.00040278304244321353,0.2834561529462394,0.19348854927967157,0.002610310397902073,0.0017818105792027229,18.635778602423766,0.22605267200929974,0.2026783057615263,0.0078099177353742,0.22092697167436673,0.17372965826616757,0.002034487399001678,0.001599853552948488,99.62131289728335,4.881645398718356,711.6464864123344,True,False,True,True,True,True,False,False,True,False,AA02_constant,AA02,constant,False
F52,6019,0.48654070145693523,0.005806559771619916,0.2886615050926445,0.19089485820759303,0.0037207175267455254,0.002460549232120982,130.76528867336714,2.359863275978708,-0.012564951401137461,-0.016741198802044038,0.5121140880812302,0.30636932810393286,0.006600921250672465,0.0039489634351061245,1.9035148161868187,4.239390684961896,654.8380885051354,True,False,False,True,False,True,False,True,True,False,AA02_constant,AA02,constant,True
G96,14710,-0.01883019351771741,0.0055890299013329715,0.3245393093437027,0.195824963273244,0.0026758451120821015,0.001614587988918867,7.037101449816522,3.4615827317502856,0.22828190821194336,-0.003311798859573168,0.25046723745248395,0.17087434243948216,0.0020651166554500494,0.0014088686973592452,110.5418948655925,2.350679567074445,768.1307070317077,True,True,True,False,True,False,False,False,False,True,AA02_constant,AA02,constant,False
T09,76,-0.02853173916629764,0.0006657678014355041,0.29986043818043273,0.2525326964700842,0.03439635124195609,0.028967486943498093,0.8294990060310554,0.0229832778636995,0.07629754674233025,0.03187337254501558,0.2746183259547389,0.26864622294750695,0.031500882391605776,0.030815835194528424,2.4220764927734755,1.0343179843678203,490.29880288748876,False,False,False,False,True,True,False,False,False,False,AA02_constant,AA02,constant,False
V00,470,0.04275999951993519,0.03406095779253149,0.47926006797776555,0.366590524458885,0.02210661847357668,0.016909559969049887,1.934262337364931,2.0143018419683516,0.3065858000154577,-0.04166344492220377,0.38468662920088287,0.35093467949806206,0.01774427103746251,0.01618740969082884,17.278016063222875,2.573817906505985,871.7454556161142,False,False,True,False,True,True,True,False,False,False,AA02_constant,AA02,constant,False
W68,4780,-0.06286913183772759,-0.012590003755578462,0.37790946027821676,0.40665332082818323,0.005466052712211271,0.005881801650602225,11.501742692176514,2.1405012449356224,0.2753299104739968,0.06545679157297912,0.3168462030799719,0.36303574634245134,0.0045828385625067474,0.005250920483609765,60.07846593736334,12.465774672706642,922.4097525475556,True,False,True,True,True,True,False,False,True,False,AA02_constant,AA02,constant,False
W84,354,-0.09274957569878697,0.0360188073927566,0.2923956676931422,0.2227830963139681,0.015540654401446334,0.01184078797615069,5.968189839557527,3.041926556349497,0.19591835441701966,0.03274087770071841,0.2532250938109366,0.20338320862984952,0.01345876188842688,0.010809695578974134,14.556937409338435,3.028843639630562,646.7304445115977,True,True,True,True,True,False,False,False,False,False,AA02_constant,AA02,constant,False
691,3214,0.14579941062851923,0.01563346692205408,0.4369394655515998,0.370313559423922,0.007707230310108467,0.006532007553570723,18.917225094116503,2.3933632644849046,-0.07051671698763178,-0.006299594445001222,0.4541929407008731,0.3718221547658799,0.008011566533107483,0.006558617856969497,8.80186374240596,0.9605064027792037,716.8270511350477,True,False,True,False,False,False,False,False,False,False,AA02_dcr,AA02,dcr,False
703,11201,0.12206838541697532,0.010730115731569283,0.49355481290367964,0.39472862799593356,0.0046634464340816065,0.003729668447214199,26.1755736111537,2.8769623582986115,0.2139526094629571,0.003311361962224191,0.46538665794997747,0.3899289468293492,0.004397294269541502,0.0036843177476853007,48.65551321978403,0.8987720899763811,941.5147765161167,True,False,True,False,True,False,False,False,False,False,AA02_dcr,AA02,dcr,False
F51,11792,0.0397841514495681,0.005273440487025054,0.2875870963421139,0.19835770288644486,0.0026483517118312903,0.0018266499737850423,15.022231100135123,2.8869463568314844,0.14215508320589043,0.0032824639974370125,0.2608472711224929,0.1881103249566899,0.0024021081814532465,0.0017322832194096493,59.179301042090586,1.8948772121429742,711.6464864123344,True,False,True,False,True,False,False,False,False,False,AA02_dcr,AA02,dcr,False
F52,6019,-0.05695029302695304,-0.10726856825134896,0.31356546010157194,0.21788706075123013,0.0040417183538466635,0.0028084666347457034,14.090613952046212,38.19470985492472,0.19561267543564173,0.03912752447624756,0.2680748181755871,0.22109816546348846,0.0034553643519072844,0.00284985633642858,56.611302170686535,13.729648044392968,654.8380885051354,True,True,True,True,True,False,False,False,False,False,AA02_dcr,AA02,dcr,True
G96,14710,0.0827388570488325,0.0028644137486213937,0.32908072715760583,0.19797117022767782,0.002713289360927734,0.0016322835876435699,30.493930444831822,1.7548505482166714,0.16396312711924002,-0.0007288455388700142,0.30573901854670604,0.18433253928974525,0.002520835642392288,0.0015198322978304496,65.04316440227655,0.47955655364768623,768.1307070317077,True,False,True,False,True,False,False,False,False,False,AA02_dcr,AA02,dcr,False
T09,76,0.09951745127228567,0.012205723190625222,0.3082141214096601,0.2416535003115576,0.03535458442623379,0.027719557558183006,2.814838666253471,0.4403289325598203,-0.004665616884986901,0.010631147592174383,0.3015948554866088,0.26922677122866634,0.03459530255152319,0.030882428649513162,0.13486272819953932,0.3442458400156289,490.29880288748876,False,False,False,False,False,False,False,False,False,False,AA02_dcr,AA02,dcr,False
V00,470,0.0793026294025074,0.03213313378797251,0.476751014230333,0.36976583225391296,0.02199088445434526,0.01705602599585042,3.606159159589313,1.883975422867567,0.2917023129118416,-0.03532199788497198,0.4009743346295554,0.35221153746010586,0.018495566865719106,0.016246306756739118,15.771471889974986,2.174155542786368,871.7454556161142,True,False,True,False,True,True,False,False,False,False,AA02_dcr,AA02,dcr,False
W68,4780,-0.04417167646929753,-0.01139925688989569,0.37702229799960124,0.4080322303772656,0.005453220866785576,0.0059017460898737545,8.100107725021362,1.931505814771427,0.2663733488746009,0.0637372956797187,0.3193690205735637,0.3656339116189814,0.004619328396323317,0.005288500141832914,57.664951703069356,12.052055208535613,922.4097525475556,True,False,True,True,True,True,False,False,True,False,AA02_dcr,AA02,dcr,False
W84,354,-0.014009256943128807,0.036070553119889166,0.29447001082326507,0.22665946044329932,0.015650904494922704,0.012046814405144574,0.8951084550847229,2.994198458348067,0.13981979192529415,-0.00023274000903256498,0.27676808524073365,0.20828610457692365,0.014710057765254504,0.011070281558516396,9.505047101551954,0.021023856331234637,646.7304445115977,False,False,True,False,True,False,True,False,False,False,AA02_dcr,AA02,dcr,False
691,3214,0.10712780382708126,0.0164372643507321,0.43429686198635853,0.3690154335360919,0.007660617092714803,0.006509109747403477,13.98422640507109,2.5252707341874245,-0.0372859333499877,-0.0077330328450874,0.444886117402992,0.3703541698034984,0.007847402303809268,0.006532723885175105,4.751372735394036,1.183737898770862,716.8270511350477,True,False,True,False,False,False,False,False,False,False,AA02_epoch,AA02,epoch,False
703,11201,0.06731709273875272,0.009170037197041573,0.4823055054587143,0.3840965096453307,0.004557155215115519,0.0036292088566833116,14.771735778379956,2.526731736630323,0.23683203438474745,0.0007824151837525102,0.4381888807880691,0.36967005675857967,0.004140310903956532,0.0034928977752952855,57.201509712332914,0.22400174127236397,941.5147765161167,True,False,True,False,True,False,False,False,False,False,AA02_epoch,AA02,epoch,False
F51,11792,-0.013157193879637213,-0.0046160252035201,0.28540145118747423,0.1938285630422742,0.002628224393323718,0.0017849417211826246,5.00611512207993,2.586092951237491,0.17686057717283535,0.010878047509647864,0.23780801152835,0.1767597111240349,0.0021899426727723945,0.0016277569108360272,80.76036846614608,6.6828452315160645,711.6464864123344,True,False,True,True,True,True,False,False,True,False,AA02_epoch,AA02,epoch,False
F52,6019,0.23654069096645966,0.1558065597716314,0.28866148066344666,0.1908948582074735,0.003720717211864106,0.002460549232119441,63.57395026211925,63.321862345922035,0.09136361520498902,-0.070953469644717,0.35602585152176475,0.2446803536453786,0.004589013783830938,0.003153820181068028,19.909204789687532,22.497626868723028,654.8380885051354,True,True,True,True,False,False,False,False,False,False,AA02_epoch,AA02,epoch,True
G96,14710,0.022198086258993718,0.002019723648550363,0.3262478980581194,0.1992463977688156,0.002689932523463102,0.0016427979114388798,8.252283678259415,1.2294413296285145,0.20029315360782413,-0.001451731991503887,0.27360986177439045,0.1779020719190847,0.0022559289126701547,0.0014668127276681105,88.78522389730527,0.9897187037719544,768.1307070317077,True,False,True,False,True,False,False,False,False,False,AA02_epoch,AA02,epoch,False
T09,76,0.024698644261812806,0.012654013548370932,0.30447088528915295,0.24709324643324246,0.034925205795415325,0.02834353923247094,0.7071867924413212,0.4464514274164546,0.04224802349938611,0.012198211169672407,0.27948208186413054,0.27288880455301295,0.03205879345726596,0.03130249268079488,1.3178294921080633,0.3896881725702444,490.29880288748876,False,False,False,False,True,False,False,False,False,False,AA02_epoch,AA02,epoch,False
V00,470,0.054001597455210784,0.027810752579339182,0.4770795742122898,0.3661093516963579,0.02200603979619849,0.01688736512455565,2.4539443696061785,1.6468378799307186,0.30309712363400393,-0.039030701731966405,0.3886951363907905,0.347367464528478,0.01792916968647741,0.016022866334069383,16.905251550081914,2.435937548138657,871.7454556161142,False,False,True,False,True,True,True,False,False,False,AA02_epoch,AA02,epoch,False
W68,4780,-0.05737661513789382,-0.012469854616346157,0.37696782870236273,0.40703463255353456,0.005452433027154137,0.005887316913408877,10.523121485793139,2.1180878827747454,0.27253344854469885,0.06489790308419621,0.3174084623371773,0.3632897701608751,0.004590971036183248,0.005254594664141365,59.36292047951415,12.350696339543624,922.4097525475556,True,False,True,True,True,True,False,False,True,False,AA02_epoch,AA02,epoch,False
W84,354,-0.06363865092741255,0.029816881014948966,0.299041291407509,0.22262396390846573,0.01589386531678526,0.01183233018422274,4.003975726420984,2.519950047937884,0.1778797527743582,0.021704340919823546,0.26211707576535914,0.20744016710878782,0.01393136539718543,0.011025320489355377,12.76829282004874,1.9685904768735247,646.7304445115977,True,False,True,False,True,False,False,False,False,False,AA02_epoch,AA02,epoch,False
691,3214,0.13861180233727957,0.018214271789882285,0.4339572409359613,0.3702059971248788,0.007654626474196817,0.00653011024861942,18.10823856716324,2.7892747743015676,-0.06433967833143404,-0.009409139254755955,0.4505828906398776,0.3710364650801337,0.007947888405026311,0.006544758977564594,8.095191458745834,1.4376601624308005,716.8270511350477,True,False,True,False,False,False,False,False,False,False,AA02_mag_dep,AA02,mag_dep,False
703,11201,0.11437074614188508,0.00927126514817358,0.4936884728181352,0.3939042595215116,0.004664709345181147,0.00372187924503867,24.518300643969418,2.491017181853049,0.21946101011210725,0.0026460548931536766,0.46181132352663984,0.38808289191214,0.004363512042864246,0.003666874947016152,50.29458105220473,0.7216103443360817,941.5147765161167,True,False,True,False,True,False,False,False,False,False,AA02_mag_dep,AA02,mag_dep,False
F51,11792,0.015695302821796927,-0.0014536424106360469,0.2863355080626207,0.19558930159643612,0.0026368260001263374,0.0018011561307417201,5.952346806746036,0.8070607460539435,0.15895321432850573,0.0073631115834809765,0.249931718143487,0.1807893110893056,0.002301588291008836,0.0016648649664538105,69.06240136407415,4.422647921509529,711.6464864123344,True,False,True,True,True,True,False,False,True,False,AA02_mag_dep,AA02,mag_dep,False
F52,6019,0.0637010265264441,0.03667069002583153,0.31317694442428773,0.19174018612457935,0.0040367105607589686,0.0024714451304000714,15.780429527369249,14.837752040198186,0.16557826632411893,-0.015534419366861396,0.2771012392796783,0.1892098899318691,0.0035717108775550287,0.002438830745641518,46.35825014970515,6.369617651664946,654.8380885051354,True,True,True,True,True,False,False,False,False,False,AA02_mag_dep,AA02,mag_dep,True
G96,14710,0.054981774848852354,0.004043989727041541,0.32756834520318023,0.19710393994551187,0.0027008196854713625,0.0016251332245141353,20.357440055927547,2.4884050526076527,0.18161214979363458,-0.002118708055209986,0.2884906614033281,0.1815873721000748,0.0023786219541740913,0.0014971982378110872,76.35183450440077,1.4151152477360311,768.1307070317077,True,False,True,False,True,False,False,False,False,False,AA02_mag_dep,AA02,mag_dep,False
T09,76,0.03721022798753535,0.008813258524767881,0.30096075583794824,0.2477522903499806,0.03452256633340092,0.028419136754376646,1.077852313416633,0.3101170384216758,0.03687543411186417,0.017464589316831026,0.27902849054947537,0.2718389964592028,0.0320067629651015,0.03118207143366252,1.1521138251959817,0.5600843213378434,490.29880288748876,False,False,False,False,True,True,False,False,False,False,AA02_mag_dep,AA02,mag_dep,False
V00,470,0.06623422492434758,0.03019730889360879,0.478775293018846,0.36765094739078336,0.022084257472152972,0.01695847363146917,2.9991601487106947,1.7806619599049784,0.2975268332006257,-0.03818034212841572,0.3965992690359414,0.34962888669565706,0.01829376013835499,0.016127177960256932,16.26384247691245,2.3674533897068404,871.7454556161142,False,False,True,False,True,True,True,False,False,False,AA02_mag_dep,AA02,mag_dep,False
W68,4780,-0.047675228073091644,-0.010307325594780118,0.37683117957243306,0.4076780911676094,0.0054504565448858094,0.005896623848197093,8.747015535391352,1.7480045972292446,0.26824578656407977,0.06281783694112877,0.3184987278541355,0.3649981170050046,0.004606740550874976,0.00527930405853937,58.22897634491937,11.89888596007646,922.4097525475556,True,False,True,True,True,True,False,False,True,False,AA02_mag_dep,AA02,mag_dep,False
W84,354,-0.025124834088728384,0.01851404691369645,0.2890387091639379,0.22386642444552657,0.015362234068635176,0.01189836621672019,1.6354935080715474,1.556015891297712,0.14450369961870765,0.010513009550131354,0.26921341588430464,0.20275395200262458,0.01430853161915349,0.01077625096657384,10.099128510522638,0.975572078150461,646.7304445115977,False,False,True,False,True,False,True,False,False,False,AA02_mag_dep,AA02,mag_dep,False
691,3214,0.15073491406952078,0.019753057921959513,0.436952700354292,0.3727661247625441,0.007707463760461433,0.006575268662730289,19.557005878221155,3.0041446114473036,-0.0766772704149966,-0.00938912499124335,0.4560961356259144,0.3728371427922865,0.008045137228292467,0.006576521358708904,9.53088409049685,1.4276734582196526,716.8270511350477,True,True,True,False,False,False,False,False,False,True,AA02_seasonal,AA02,seasonal,False
703,11201,0.11884841459835763,0.011746782061158432,0.4938656113605461,0.394394492771846,0.00466638307235865,0.0037265113070576584,25.46906517434391,3.1522196213147513,0.2145327019149549,0.004388080789724503,0.4655046164334972,0.38853945073921325,0.004398408822687289,0.003671188829848207,48.775070841159824,1.195275152846316,941.5147765161167,True,True,True,False,True,False,False,False,False,True,AA02_seasonal,AA02,seasonal,False
F51,11792,0.03026080298463063,1.9621248149159262e-05,0.28945537564915347,0.19931236652398662,0.002665556450026815,0.001835441345549856,11.35252753110001,0.010690207124696314,0.1487327281908938,0.00932894927558497,0.25967272375335865,0.1864445502456124,0.0023912919293500117,0.0017169433193803402,62.197645701636084,5.433463743550876,711.6464864123344,True,False,True,True,True,True,False,False,True,False,AA02_seasonal,AA02,seasonal,False
F52,6019,-0.016555316767657705,0.004774554067619871,0.35762492252383155,0.20986185873078345,0.004609625092921116,0.0027050253747011184,3.5914670789781327,1.765068125524485,0.19964344173746806,-0.0318230368623495,0.3003029467016485,0.20291783692389526,0.0038707704955932565,0.002615520043414566,51.57718391332048,12.16700171825274,654.8380885051354,True,False,True,True,True,True,False,False,True,False,AA02_seasonal,AA02,seasonal,True
G96,14710,0.07803673710923174,0.008073858968210015,0.33095900239312204,0.20013456915982142,0.0027287758473514114,0.0016501209352048458,28.597708816931707,4.892889239786372,0.1662095098283076,0.0005528756722662981,0.30527322109088395,0.18687835753071347,0.002516995115807381,0.0015408227144000793,66.0348956517511,0.3588184851503573,768.1307070317077,True,True,True,False,True,False,False,False,False,True,AA02_seasonal,AA02,seasonal,False
T09,76,0.09322311295892464,0.022750226293548195,0.31833002660414644,0.24867753633039322,0.03651495833321285,0.02852526974718022,2.5530116208329847,0.7975464034234804,0.00510815005944276,0.0023766789000197936,0.30832968934893756,0.27821944054318337,0.035367840978034415,0.03191395856463577,0.14442923057178506,0.07447145408822518,490.29880288748876,False,False,False,False,False,False,False,False,False,False,AA02_seasonal,AA02,seasonal,False
V00,470,0.07497206551787583,0.025044551548034005,0.4793437372805935,0.365774785008249,0.022110477850727322,0.016871932714008282,3.3907935425018247,1.4843913837589118,0.2952581001508029,-0.03403449282140884,0.398834831028726,0.3496136584333951,0.018396878923646342,0.016126475532897897,16.049358229525243,2.1104731007081314,871.7454556161142,True,False,True,False,True,True,False,False,False,False,AA02_seasonal,AA02,seasonal,False
W68,4780,-0.04298717320732754,-0.011007675697296207,0.3761847766500119,0.4071981753899733,0.005441107023853231,0.005889682384133057,7.900446181057711,1.868976114391354,0.26451490626517515,0.06434091682682536,0.3195332451104654,0.36478750979354546,0.004621703727109379,0.005276257852396342,57.23320270696249,12.194422377898636,922.4097525475556,True,False,True,True,True,True,False,False,True,False,AA02_seasonal,AA02,seasonal,False
W84,354,-0.019119622643361617,0.024024467415791464,0.29669358642672783,0.22525484808384813,0.015769086204869127,0.011972160100522183,1.212474990304633,2.0066944656665258,0.13607041388998933,0.01277538948996387,0.27803326416307594,0.20899392128952435,0.014777301266306477,0.011107901592345485,9.208069283952518,1.1501172731641285,646.7304445115977,False,False,True,False,True,False,True,False,False,False,AA02_seasonal,AA02,seasonal,False
691,3214,0.1316116814136031,0.017658491599800034,0.4335616745684332,0.3736998264070845,0.007647649029177921,0.006591738343733617,17.209430102174892,2.6788823644049735,-0.06185552810781186,-0.010161388507331408,0.44920184199942315,0.37356840483995934,0.007923527913972916,0.0065894201821451,7.806564043111578,1.542076271727978,716.8270511350477,True,False,True,False,False,False,False,False,False,False,AA02_step,AA02,step,False
703,11201,0.10016783574587819,0.01372941810812488,0.4800890125354235,0.38518221784065526,0.004536212260555972,0.003639467376871074,22.081822893711177,3.7723701537691343,0.22059083060847637,0.0012789605964662492,0.4503750980915532,0.3708899339026072,0.004255454693750691,0.0035044240162894003,51.83719402122246,0.3649560071844431,941.5147765161167,True,True,True,False,True,False,False,False,False,True,AA02_step,AA02,step,False
F51,11792,0.004465678468029065,0.005340165910679854,0.2884767965418607,0.19788556583996966,0.002656544843849332,0.001822302125876859,1.6810100075548884,2.9304503544439764,0.16575110374586063,0.004049835479086789,0.2478886122216234,0.18293676430065445,0.0022827735975318266,0.001684640580383261,72.60952375000024,2.403975973418282,711.6464864123344,False,False,True,False,True,False,True,False,False,False,AA02_step,AA02,step,False
F52,6019,0.17653906291359298,-0.08919260952557004,0.34773065561343175,0.21078533551475398,0.004482092423485309,0.0027169285768775184,39.387644482421194,32.828470459122755,0.11914552224021745,0.015838918348493915,0.3567755375241396,0.25047398675689414,0.004598676900662872,0.0032284975172602254,25.90865260028234,4.905971977310106,654.8380885051354,True,True,True,True,False,False,False,False,False,False,AA02_step,AA02,step,True
G96,14710,0.0471860235988328,0.011551154252214061,0.33022584125400123,0.20223548391542287,0.0027227308919515487,0.0016674430971674314,17.33040299293467,6.927465334101405,0.18139285471147804,-0.006075797618518448,0.29223562667141023,0.18429385122417305,0.002409499406362486,0.0015195133125236568,75.28238198876286,3.998515556555123,768.1307070317077,True,True,True,True,True,False,False,False,False,False,AA02_step,AA02,step,False
T09,76,0.0665438728240899,-0.012291585135126917,0.3029741163924578,0.26109846279417015,0.03475351462798035,0.029950047727200054,1.9147379347501983,0.4104028563521766,0.019798648062959737,0.03362865145774091,0.2898050891517091,0.28120416217184463,0.033242923603581456,0.032256329616055096,0.5955748146299236,1.0425442652037744,490.29880288748876,False,False,False,False,False,True,False,False,False,False,AA02_step,AA02,step,False
V00,470,0.059422610148172565,0.04208553936955337,0.4758361354276698,0.3710631830440351,0.021948684241994216,0.01711586832543285,2.7073427041462392,2.4588608985158835,0.3000198439518516,-0.03940833636692404,0.392380786464644,0.35170814394720007,0.018099176047227602,0.016223086945460374,16.576436583023796,2.4291515233450363,871.7454556161142,False,False,True,False,True,False,True,False,False,False,AA02_step,AA02,step,False
W68,4780,-0.05219536812167371,-0.012481330963073219,0.3767785664586759,0.40670341326140363,0.005449695552946263,0.00588252618361673,9.577666791579832,2.1217637752016554,0.2694823419990456,0.06524949399481585,0.31790412949714675,0.36372124752176693,0.0045981403270025645,0.005260835518755123,58.6068111963681,12.402876646152187,922.4097525475556,True,False,True,True,True,True,False,False,True,False,AA02_step,AA02,step,False
W84,354,-0.04553870043026543,0.011861847410753638,0.2906608805458657,0.23832347899311132,0.015448451504841901,0.012666749996683227,2.947784146261685,0.9364554770449917,0.14884764078535997,0.030672483757878646,0.2702374396117037,0.21751426144949929,0.014362957866204082,0.011560752562585904,10.363299967313642,2.653156322811033,646.7304445115977,False,False,True,False,True,True,True,False,False,False,AA02_step,AA02,step,False
691,3214,0.1501296754794448,0.016333241671423606,0.4334781397274028,0.36899997161167275,0.007646175547587223,0.006508837012569636,19.63461007991358,2.50939478740694,-0.07511590189929933,-0.009591391826966675,0.4498639432979136,0.3725094939941124,0.007935206802236411,0.006570741920257011,9.466155548476584,1.4597121517430582,716.8270511350477,True,False,True,False,False,False,False,False,False,False,AA02_timing,AA02,timing,False
703,11201,0.12020567377222047,0.010446134031511591,0.49201436550636274,0.3932294869638142,0.0046488912241351285,0.0037155035283082485,25.856848004565503,2.81149888620021,0.21399840022467484,0.002743607837685646,0.46328994076408214,0.38835398665683446,0.0043774830387962975,0.003669436437224313,48.88617461862725,0.7476918825608557,941.5147765161167,True,False,True,False,True,False,False,False,False,False,AA02_timing,AA02,timing,False
F51,11792,0.0319490631111747,-0.0006967071522271849,0.2868604215371614,0.19619181653004045,0.0026416598592130104,0.0018067046114493412,12.094313732235308,0.3856231659630765,0.14775473641313733,0.0049708573392297705,0.2568593883142256,0.18424905011613468,0.0023653842936426006,0.001696725247706807,62.46542551679868,2.9296772391099184,711.6464864123344,True,False,True,False,True,True,False,False,False,False,AA02_timing,AA02,timing,False
F52,6019,-0.002256040115545484,0.005806559771619916,0.30046339499613367,0.19089485820759303,0.0038728386022541562,0.002460549232120982,0.5825288237502004,2.359863275978708,0.185529245121652,-0.00461090615239861,0.2464959834525984,0.17762194850662807,0.0031772228361731355,0.002289467370203019,58.3935262611659,2.0139645632904286,654.8380885051354,False,False,True,False,True,False,True,False,False,False,AA02_timing,AA02,timing,True
G96,14710,0.07014871226875617,0.005223109180417081,0.32663638042185356,0.1976748867058721,0.002693135582704925,0.0016298407131109976,26.047226407480153,3.2046746276495606,0.1704566222951154,-0.0034992047776931244,0.29675676415983365,0.18325088587743366,0.002446776442768072,0.0015109140037656906,69.66579345609338,2.3159523103048647,768.1307070317077,True,True,True,False,True,False,False,False,False,True,AA02_timing,AA02,timing,False
T09,76,0.0820544420950315,0.016470854989098897,0.30926919100520456,0.24871335401903355,0.03547560920900697,0.028529378317842705,2.3129819029069285,0.5773296146028452,0.0116817318874165,0.007840339414826255,0.2972471133570201,0.27576612520919536,0.03409658232585341,0.03163254399575439,0.3426071204373741,0.2478567457577411,490.29880288748876,False,False,False,False,False,False,False,False,False,False,AA02_timing,AA02,timing,False
V00,470,0.07943460412220815,0.03319129473592319,0.4773686136381317,0.3694617093678655,0.022019372190732987,0.017041997853177688,3.607487235973003,1.9476175869682009,0.29415049629474976,-0.03912154530623205,0.39887906500313963,0.3527928575465866,0.018398919284738927,0.016273121052820746,15.987379027133095,2.404059134031379,871.7454556161142,True,False,True,False,True,True,False,False,False,False,AA02_timing,AA02,timing,False
W68,4780,-0.044470244182317785,-0.011991736522189449,0.3763147571115917,0.40729484655862946,0.005442987051027014,0.005891080628313651,8.170191067040456,2.0355750122574947,0.26441881529890193,0.06471746624541133,0.31954463180881615,0.36523115715604604,0.0046218684234188,0.005282674732956243,57.21037274862773,12.250889845946416,922.4097525475556,True,False,True,True,True,True,False,False,True,False,AA02_timing,AA02,timing,False
W84,354,-0.021385216486081264,0.018299691281225258,0.2912362893414768,0.22477902887278403,0.015479034137282027,0.011946870594781365,1.381560134593534,1.5317560474136995,0.1424236728297378,0.011552376888934767,0.2715645709352374,0.20473280396142496,0.014433494100229326,0.010881425761556148,9.867581047299899,1.0616602219305742,646.7304445115977,False,False,True,False,True,False,True,False,False,False,AA02_timing,AA02,timing,False
691,3214,-0.1336486837279614,-0.05166034005776407,1.0110651831834847,0.581918333955826,0.017834306213309715,0.0102645308448168,7.49390989082713,5.032898321295472,0.14892073206829806,0.04539297137535436,0.9928163188944621,0.6094991470775012,0.017512412195803528,0.01075103228409617,8.503724695560997,4.222196545954332,716.8270511350477,True,True,True,True,True,False,False,False,False,False,AA02_trailing,AA02,trailing,False
703,11201,-0.09360798594313831,-0.010507440657072759,1.1451333593413062,1.0449175572907243,0.010820010141832601,0.009873102093338663,8.651376913338437,1.0642491648255192,0.27467947085678934,0.06427852291594588,1.1028790157171628,1.056442441569888,0.010420761947008644,0.009981997152387267,26.358866295342068,6.4394451265269295,941.5147765161167,True,False,True,True,True,True,False,False,True,False,AA02_trailing,AA02,trailing,False
F51,11792,-0.4289177423258851,-0.044185829530090606,1.0958568410388008,0.6003120372578565,0.010091601388939445,0.005528194525158742,42.50244592458693,7.992813807293044,0.3553495235246835,0.03369872388847081,0.9671290803081328,0.827310003896811,0.008906164386280193,0.00761858891759471,39.89927741195682,4.423223808630161,711.6464864123344,True,True,True,True,False,False,False,False,False,False,AA02_trailing,AA02,trailing,False
F52,6019,4.01971310819633,0.005806559771619916,25.90066129870653,0.19089485820759303,0.3338479248123775,0.002460549232120982,12.040551429083791,2.359863275978708,-0.7393643057409337,0.0501503475013179,24.178768734583457,10.093531854711543,0.31165350079158777,0.13010110532935923,2.3723921081039587,0.3854721093595562,654.8380885051354,True,False,False,False,False,False,False,True,False,False,AA02_trailing,AA02,trailing,True
G96,14710,-0.4003602216801556,-0.032224068242741134,1.3898744682584683,0.9233677102599578,0.011459594247051407,0.007613219425252632,34.93668388679378,4.232646721813333,0.31550659316298546,-0.012831824632005443,1.3697613902774208,0.9847509940633722,0.011293760772168662,0.00811932810053475,27.936362344462953,1.580404742008187,768.1307070317077,True,True,True,False,False,False,False,False,False,True,AA02_trailing,AA02,trailing,False
T09,76,-0.22525667372646674,-0.05495739876953441,0.3104580381322581,0.2956363570620265,0.03561197932706341,0.03391181590710212,6.325306202659799,1.620597343418131,0.17650376873616325,0.07496401637597337,0.32650162570773966,0.3072392239792302,0.037452305035836284,0.035242756021508496,4.712761165628534,2.127075882777816,490.29880288748876,True,False,True,False,False,True,False,False,False,False,AA02_trailing,AA02,trailing,False
V00,470,-0.14310280143529416,0.19359695537547575,1.240500830289679,0.9032026530359246,0.057220036476398624,0.041661631730006275,2.500921185087314,4.646888451947981,0.16385646194267764,-0.15430708395045395,1.2415195150521432,0.9058480969643348,0.05726702490062446,0.04178365695915872,2.861270726513521,3.693000928599448,871.7454556161142,False,True,False,True,True,False,False,False,False,False,AA02_trailing,AA02,trailing,False
W68,4780,-0.5612016245550574,-0.19693474031305747,1.2216761171692736,0.8378952910129635,0.017670227278196976,0.012119251591687285,31.759728707480495,16.249744369374834,0.371358698707535,0.10784376293242234,1.1677043865738566,1.0174788654878408,0.016889584411552073,0.01471673428927399,21.987438509945488,7.327968339485629,922.4097525475556,True,True,True,True,False,False,False,False,False,False,AA02_trailing,AA02,trailing,False
W84,354,-0.18444646060687767,-0.13157413510325744,0.8054131469464786,0.4531964150410822,0.0428072257904049,0.024087117698061156,4.308769307078544,5.462427541251572,0.22380673931713582,0.1219497639828048,0.6436605815563822,0.6527716469501433,0.03421017393561165,0.03469442159779663,6.542110535256896,3.514967489486828,646.7304445115977,True,True,True,True,True,False,False,False,False,False,AA02_trailing,AA02,trailing,False
691,3214,0.15095899671534227,0.016311422840451634,0.4335865312866445,0.36887706250263036,0.007648087479963697,0.006506669003302256,19.738136770901427,2.5068776100602754,-0.07568982185298041,-0.009612457119460282,0.4500548490807484,0.37250086783761943,0.007938574213403955,0.006570589762395285,9.534435254781807,1.4629519521176277,716.8270511350477,True,False,True,False,False,False,False,False,False,False,AA03_clean,AA03,clean,False
703,11201,0.12127532056768006,0.01016446149263685,0.492397860864545,0.3930707406815465,0.0046525147528979835,0.003714003583895571,26.066617089637262,2.736793668350604,0.21378975286111193,0.002400487943767065,0.46390013972397687,0.38839306146929603,0.004383248619617726,0.003669805643014779,48.77427027622199,0.6541185493940879,941.5147765161167,True,False,True,False,True,False,False,False,False,False,AA03_clean,AA03,clean,True
F51,11792,0.03271014202269598,-0.0005903047253816682,0.28706249883295515,0.19597715555343892,0.002643520762428226,0.0018047278267741005,12.373703466830287,0.32708795011867303,0.14733112439663107,0.004930001378860443,0.25720032747960553,0.18433303961927805,0.002368523957534857,0.001697498695984754,62.20377206991491,2.904274030090166,711.6464864123344,True,False,True,False,True,True,False,False,False,False,AA03_clean,AA03,clean,False
F52,6019,-0.013459296796133755,0.005806559771619916,0.2886615054450705,0.19089485820759303,0.003720717531288139,0.002460549232120982,3.617392796672219,2.359863275978708,0.18810555027721954,-0.0047634444632805055,0.2324106985334149,0.17479763005074173,0.002995669821505694,0.002253063170146782,62.792484314133546,2.114208126250707,654.8380885051354,True,False,True,False,True,False,False,False,False,False,AA03_clean,AA03,clean,False
G96,14710,0.06918514463702595,0.005511613198013135,0.3269040817103938,0.1974300554124622,0.002695342795094349,0.0016278220651355629,25.668402832821922,3.385881857765661,0.17042889701907646,-0.0037483229565456115,0.2970567538764879,0.18264020769986083,0.0024492498750885126,0.0015058789273682646,69.58411991872303,2.4891263755820883,768.1307070317077,True,True,True,False,True,False,False,False,False,True,AA03_clean,AA03,clean,False
T09,76,0.08360045162626162,0.016982938794605756,0.30935687163603115,0.24884044913848544,0.03548566686714063,0.028543957127892917,2.3558934918502206,0.5949749265146622,0.010551059037390339,0.0070960821519297675,0.29775877958053276,0.27599566274128084,0.03415527446693538,0.0316588737564415,0.30891448545098005,0.22414196432006547,490.29880288748876,False,False,False,False,False,False,False,False,False,False,AA03_clean,AA03,clean,False
V00,470,0.08086898018861256,0.03281055202839717,0.4770323026229331,0.36958649247487724,0.022003859320376757,0.017047753668700347,3.6752180156743477,1.9246261217768124,0.29357590953685203,-0.03935260456348319,0.39890915496302315,0.3531791779133119,0.018400307231090974,0.016290940682550808,15.954946069639382,2.4156127832221306,871.7454556161142,True,False,True,False,True,True,False,False,False,False,AA03_clean,AA03,clean,False
W68,4780,-0.04357551223087655,-0.011913695261866229,0.3762656113969746,0.4073218712474821,0.005442276211275931,0.005891471511287819,8.006854216732295,2.0221934773069976,0.26397264229041467,0.0648059962601282,0.31973552111662634,0.36524029003266856,0.004624629431354193,0.005282806830165442,57.079739297753356,12.26734165066919,922.4097525475556,True,False,True,True,True,True,False,False,True,False,AA03_clean,AA03,clean,False
W84,354,-0.023686315279862043,0.019282192859809227,0.2926125716628743,0.22379993508064022,0.015552182717370105,0.011894832346847142,1.5230219262667863,1.6210562955029952,0.1438594453814012,0.012474278598294315,0.27042388330302064,0.20640911421159608,0.014372867236595735,0.01097052064614538,10.009098603172989,1.1370726149334853,646.7304445115977,False,False,True,False,True,False,True,False,False,False,AA03_clean,AA03,clean,False
691,3214,0.05441018712300417,0.021221808472323776,0.4288268680358631,0.36505634269791737,0.007564131179916456,0.006439274845056237,7.193183966384506,3.2956829740878124,0.008164347672699456,-0.008442513253290465,0.4346615351838896,0.362631887156912,0.007667049609213965,0.0063965095681601395,1.064861725022342,1.3198625224160851,716.8270511350477,True,True,False,False,False,False,False,True,False,True,AA03_constant,AA03,constant,False
703,11201,0.6212753223753701,0.01016446149263685,0.492397861766308,0.3930707406815465,0.004652514761418463,0.003714003583895571,133.53537908732073,2.736793668350604,0.03014593373187435,-0.0016392218147936203,0.7533155106006997,0.46332829591805025,0.007117844745513182,0.00437784544475674,4.235261488511279,0.3744357436731542,941.5147765161167,True,False,True,False,False,False,False,False,False,False,AA03_constant,AA03,constant,True
F51,11792,-0.027297667491816138,-0.0008498322931833347,0.2830141109782947,0.1924833888009708,0.002606239691610318,0.0017725541886751534,10.473966603950277,0.47943938674084674,0.18361942157613584,0.0064791574485032685,0.23284686715315603,0.17290013591161027,0.0021442561473134876,0.0015922145907848978,85.63315619087318,4.069274007412094,711.6464864123344,True,False,True,True,True,True,False,False,True,False,AA03_constant,AA03,constant,False
F52,6019,-0.03886955800775207,0.005118713391276902,0.2885077653573568,0.18869805812783988,0.003718735890408326,0.0024322334629058584,10.452357777815756,2.104532097490933,0.20270872596482434,-0.005290607750627824,0.22551227127333365,0.16852166549439127,0.002906752183508464,0.0021721687976375263,69.73718885115068,2.435633803589272,654.8380885051354,True,False,True,False,True,True,False,False,False,False,AA03_constant,AA03,constant,False
G96,14710,-0.00111407410540376,0.010194682238535745,0.32449875227006386,0.19197577160077922,0.002675510716697221,0.0015828511840829266,0.4163968017212903,6.440707971193355,0.2095276374875848,-0.004567291501025262,0.26304476591047565,0.17070761833677148,0.0021688190948077044,0.0014074940476251133,96.60908924548282,3.244981041825168,768.1307070317077,False,True,True,True,True,False,True,False,False,False,AA03_constant,AA03,constant,False
T09,76,0.002856415591277382,0.013653135790376332,0.30224470929735564,0.2498532539437678,0.034669845895973724,0.02866013380672866,0.08238904781544192,0.47638074136174924,0.04897220688484172,0.009446978184042018,0.278571877408784,0.2717585214270368,0.03195438584571817,0.031172840314381216,1.5325660496586857,0.30305156953194823,490.29880288748876,False,False,False,False,True,False,False,False,False,False,AA03_constant,AA03,constant,False
V00,470,0.0643018043039655,0.033771300299450205,0.4749157077410405,0.3694468145874165,0.021906228078711752,0.017041310808187642,2.935320680170099,1.9817313749846341,0.29321609004811816,-0.040228548019436546,0.39638591359303865,0.3498853772155676,0.01828391878563096,0.016139008985715984,16.036829603430093,2.4926281443328575,871.7454556161142,False,False,True,False,True,True,True,False,False,False,AA03_constant,AA03,constant,False
W68,4780,-0.06342809894208201,-0.013050841584979926,0.37497700453042854,0.40111197701571016,0.005423637902902616,0.0058016520895058585,11.694751765809558,2.249504345251337,0.27701975951599794,0.06298996465737859,0.315592737101276,0.35407562921090996,0.00456470852917159,0.005121322054100919,60.687283261494876,12.29955155953122,922.4097525475556,True,False,True,True,True,True,False,False,True,False,AA03_constant,AA03,constant,False
W84,354,-0.06109831264579558,0.03531733501668338,0.2919954806420022,0.2237040856270843,0.015519384699652302,0.011889738005867222,3.936903029871051,2.970404814576684,0.1689002737659377,0.02245535448178115,0.26265486670275795,0.20542136789498833,0.013959948663019299,0.010918022521724425,12.098917971909463,2.056723590476207,646.7304445115977,True,False,True,False,True,False,False,False,False,False,AA03_constant,AA03,constant,False
691,3214,0.14859768447079302,0.017312342568135446,0.43492528703307154,0.3692244376768152,0.007671701961328224,0.006512796397787157,19.369585161134946,2.65820417386572,-0.07448004691534094,-0.009529686821600946,0.45122508031237235,0.37233147231612923,0.007959216069608959,0.006567601773439016,9.357711395690277,1.451014715925884,716.8270511350477,True,False,True,False,False,False,False,False,False,False,AA03_dcr,AA03,dcr,False
703,11201,0.13707039483380187,-0.16795090766269366,0.5332426312501415,0.40252695798169924,0.005038444327133064,0.003803352449908765,27.2049041200375,44.15864947428747,0.2135511165509473,0.04941271089488398,0.5086962123556709,0.4319187366996085,0.004806512823944112,0.004081066256095676,44.42953225613413,12.107794334649379,941.5147765161167,True,True,True,True,True,False,False,False,False,False,AA03_dcr,AA03,dcr,True
F51,11792,0.03386775810916154,-0.0003097755384385169,0.28734033111089724,0.19536415656676304,0.00264607928330155,0.0017990827998018797,12.799222730357597,0.17218525932915946,0.14603960907177183,0.005240541055606064,0.25822249721476886,0.18391528964631684,0.002377936984066067,0.0016936516914769677,61.41441512131944,3.0942259745485163,711.6464864123344,True,False,True,True,True,True,False,False,True,False,AA03_dcr,AA03,dcr,False
F52,6019,-0.01350603569581105,0.005221473065419305,0.2884443767307939,0.19049852850767926,0.003717918839399834,0.0024554407197810157,3.6326870701651104,2.1264911929476242,0.18874373863424812,-0.004461245288373328,0.23157345834003135,0.17442267154366942,0.002984878170361846,0.0022482301229116873,63.233314012064824,1.9843365867705571,654.8380885051354,True,False,True,False,True,False,False,False,False,False,AA03_dcr,AA03,dcr,False
G96,14710,0.07401604493182734,0.005703681031888925,0.3273381223655175,0.19684945286663574,0.0026989214850465966,0.0016230349640369197,27.424304612755144,3.514207123241728,0.1686826676864855,-0.004408269847294539,0.2995419968540434,0.18223780102400539,0.0024697408451570583,0.001502561061378981,68.29974408742406,2.9338374064138417,768.1307070317077,True,True,True,False,True,False,False,False,False,True,AA03_dcr,AA03,dcr,False
T09,76,0.08497185002915995,0.01694742783193798,0.31004108218838383,0.24777431541951137,0.03556415120013561,0.02842166320312162,2.389255673528796,0.5962855766328483,0.009612069961011237,0.005170838717155904,0.2978057537824571,0.2762537400066777,0.03416066277743911,0.03168847724905966,0.28137832171568355,0.16317725451163312,490.29880288748876,False,False,False,False,False,False,False,False,False,False,AA03_dcr,AA03,dcr,False
V00,470,0.0790690619918267,0.03416886294921523,0.4769853261355963,0.36960095551023575,0.022001692456596167,0.0170484207987744,3.593771804046901,2.004224517479743,0.293582802750415,-0.038815859698429225,0.398794292508484,0.35303499257445553,0.018395009021143816,0.016284289908809046,15.95991621493425,2.3836384586491333,871.7454556161142,True,False,True,False,True,True,False,False,False,False,AA03_dcr,AA03,dcr,False
W68,4780,-0.044741129405177334,-0.01550201642717832,0.3725326433306947,0.3995186701432005,0.005388282854750096,0.005778606624209873,8.303411422756943,2.682656466393048,0.26493985126079267,0.06417465878237488,0.3175740960488566,0.35420039635060313,0.004593366749162468,0.0051231266761969435,57.678793296681675,12.526463395984917,922.4097525475556,True,False,True,True,True,True,False,False,True,False,AA03_dcr,AA03,dcr,False
W84,354,-0.023269604758791786,0.018956499992989113,0.29268821300203135,0.22402774539508194,0.015556203009187617,0.011906940328452187,1.4958409031463895,1.592054673163321,0.14351903118657863,0.013348783234061449,0.2702829932511092,0.20705202734495362,0.01436537901482203,0.011004691093657433,9.990619185090583,1.2130084452579533,646.7304445115977,False,False,True,False,True,False,True,False,False,False,AA03_dcr,AA03,dcr,False
691,3214,0.0882439543331857,0.01927329349262835,0.43160004489040193,0.36735318422352026,0.007613047596019109,0.006479789122248604,11.591147069582068,2.9743704816647134,-0.022084323778017886,-0.009777562871207042,0.4410693462462114,0.3664181864876442,0.0077800777962618636,0.00646329657932683,2.8385736436503066,1.5127826413661807,716.8270511350477,True,False,False,False,False,False,False,True,False,False,AA03_epoch,AA03,epoch,False
703,11201,0.37127527760017187,0.1601644614926423,0.4923977836765993,0.39307074068154674,0.0046525140235730116,0.003714003583895573,79.80100129070476,43.12447682795388,0.12317974168963493,-0.05471251920780004,0.5946704657912132,0.4343535192318794,0.005618856894196454,0.004104071761504654,21.922562544147286,13.331277420875574,941.5147765161167,True,True,True,True,False,False,False,False,False,False,AA03_epoch,AA03,epoch,True
F51,11792,0.0005708655508242213,-0.0009068214325308265,0.28361498654754014,0.19460271871804197,0.002611773075627366,0.0017920708188897921,0.21857394738901484,0.5060187482393205,0.16744830668941274,0.0062237232273946504,0.2425050034198755,0.17720062430534544,0.002233196652782615,0.001631817222280264,74.9814426243064,3.8139830505635683,711.6464864123344,False,False,True,True,True,True,True,False,True,False,AA03_epoch,AA03,epoch,False
F52,6019,-0.029118747426940726,0.004797103331715064,0.28881937699618593,0.19034882265293665,0.0037227524248809687,0.0024535110783575134,7.821832908448584,1.955199376937989,0.19717030580282732,-0.005815003114210199,0.22862596238357147,0.17127207934388347,0.0029468862674869125,0.0022076204004147127,66.908013376089,2.6340593306339355,654.8380885051354,True,False,True,False,True,True,False,False,False,False,AA03_epoch,AA03,epoch,False
G96,14710,0.026817445501190033,0.0050522494474469085,0.32409634059452314,0.1938590447524954,0.0026721928094852474,0.0015983788786106741,10.035744952983373,3.1608584892202596,0.19279076191635472,-0.0036666242954105643,0.27471819513108153,0.1752432078125071,0.0022650671843977206,0.0014448902414901993,85.11480950513952,2.5376490131381617,768.1307070317077,True,True,True,False,True,False,False,False,False,True,AA03_epoch,AA03,epoch,False
T09,76,0.044728665791416454,0.015872793010077088,0.3022135137559822,0.2484437883152482,0.03466626752196488,0.02849845701096258,1.2902648305900235,0.556970259967803,0.031001267539792998,0.010304010238880843,0.28215426972788443,0.2732168451016679,0.032365314427167516,0.031340121512399365,0.95785466906419,0.3287801623488977,490.29880288748876,False,False,False,False,False,False,False,False,False,False,AA03_epoch,AA03,epoch,False
V00,470,0.06697245778643816,0.03303034056556631,0.4752898766129841,0.36993126448413993,0.021923487201783796,0.01706365681561033,3.0548268699237306,1.9357128968597863,0.2935999898967577,-0.03949345733569738,0.39715820321662765,0.35022187528083204,0.018319541849600846,0.016154530484048375,16.026601118474737,2.4447295063570427,871.7454556161142,True,False,True,False,True,True,False,False,False,False,AA03_epoch,AA03,epoch,False
W68,4780,-0.05785177771108126,-0.013848229622534113,0.3736330192459939,0.39981962175371183,0.00540419860544828,0.005782959564635521,10.704968846399835,2.39466132656712,0.273287359177919,0.06257596597970931,0.315714006396756,0.3531333908717628,0.004566462558724008,0.0051076935928672336,59.84662212018285,12.251315557983956,922.4097525475556,True,False,True,True,True,True,False,False,True,False,AA03_epoch,AA03,epoch,False
W84,354,-0.034911389455545346,0.02355053596780409,0.29463437064442305,0.22478361521666385,0.015659640120858107,0.011947114356208354,2.2293864473325007,1.9712321541114222,0.15358854899585264,0.01567156342235826,0.26922587768707706,0.20671334722849574,0.014309193956498064,0.01098669044855883,10.733557002776198,1.4264134860024171,646.7304445115977,False,False,True,False,True,False,True,False,False,False,AA03_epoch,AA03,epoch,False
691,1540,0.20299398080501918,0.020283985598518184,0.4208228128163923,0.37344126995690446,0.010723558232237798,0.009516164720021826,18.92972243063563,2.131529475928582,-0.17236713746308388,-0.0013285829948188742,0.42633036475547065,0.38302242643104717,0.010863903651110205,0.009760315194410387,15.866040697578288,0.13612091088817885,722.8723251405834,True,False,True,False,False,False,False,False,False,False,AA03_mag_dep,AA03,mag_dep,False
703,11201,0.14323086470851035,0.018861153181453576,0.4990882654301346,0.393252061096489,0.0047157303117341025,0.003715716824290321,30.372997444767034,5.076046984569643,0.20717702528882398,-0.00038930191167292323,0.47901967845313703,0.3901524615043013,0.004526108454286629,0.0036864296685634253,45.77376511882052,0.10560405234168793,941.5147765161167,True,True,True,False,True,False,False,False,False,True,AA03_mag_dep,AA03,mag_dep,True
F51,6053,0.056567675766990795,-0.006831628598484509,0.26733992022493935,0.1975760417986798,0.0034362003455054584,0.0025395042480785886,16.46227521075166,2.690142614903432,0.0998605014302614,0.007990478386142648,0.2598233686290047,0.1901850116329197,0.003339587848691558,0.0024445051159330522,29.90204359181223,3.268750936155326,656.9265035754826,True,False,True,True,True,True,False,False,True,False,AA03_mag_dep,AA03,mag_dep,False
F52,2919,-0.007227757730052904,-0.01126841185643082,0.25590465332979756,0.18185805030768706,0.004736539196654048,0.0033660106305270715,1.525957546209833,3.347705367961461,0.13785402930592852,0.0005705358090367347,0.21913474484655351,0.17806800121589036,0.0040559649651108025,0.0032958606123583796,33.987973390239226,0.173106777300416,593.244820176748,False,True,True,False,True,False,True,False,False,True,AA03_mag_dep,AA03,mag_dep,False
G96,6884,0.05002470383327184,0.00222112493819931,0.29381394972270786,0.18704950753911298,0.003541212435045208,0.0022544267986313246,14.12643402530953,0.985228236085451,0.09966733640561405,0.0007479094784462636,0.2851621412994212,0.18046854731539544,0.0034369359308047296,0.0021751093319121286,28.998892738241352,0.3438491424193283,703.6335504201762,True,False,True,False,True,False,False,False,False,False,AA03_mag_dep,AA03,mag_dep,False
T09,62,0.10931392078479771,-0.0017784254673091835,0.31775992955774285,0.24952050812229576,0.04035555140940493,0.031689136220683624,2.7087703418004074,0.05612098275333861,-0.003604340261956938,0.008370279950551536,0.2991593093168793,0.2929160152493921,0.037993270276532945,0.03720037113706253,0.09486786043219889,0.22500528071915582,500.7298327600413,False,False,False,False,False,True,False,False,False,False,AA03_mag_dep,AA03,mag_dep,False
V00,228,0.006842701843110501,0.0593694932964102,0.4531877118095692,0.3459202038819672,0.03001308940580212,0.022909125150210128,0.2279905860603498,2.5915216276107187,0.22006820839589736,-0.05947024178319664,0.4004021568007312,0.34074864805270255,0.02651728062605999,0.022566630498598656,8.299048891899732,2.635317744352203,713.9593655755077,False,False,True,False,True,True,True,False,False,False,AA03_mag_dep,AA03,mag_dep,False
W68,581,-0.0740106869769606,0.010213991253733188,0.3649147444841077,0.2852363693048124,0.015139214604228223,0.011833598595587889,4.888674142731961,0.8631348419694947,0.22995753317803952,0.06329153189821078,0.2876794772842365,0.28349645848012267,0.01193495579356599,0.01176141493141604,19.26756471959513,5.381285522811725,744.1418539379446,True,False,True,True,True,True,False,False,True,False,AA03_mag_dep,AA03,mag_dep,False
W84,186,-0.018153161886510817,-0.025991384281162207,0.2757834056755076,0.2085460012053557,0.02022142040653835,0.01529133471300254,0.8977194243309048,1.6997459521346552,0.06495526871669184,0.0335195953694039,0.26483148712285265,0.21225243747265493,0.01941838677669051,0.015563103805807513,3.345039393007817,2.153786017728402,614.5416015183139,False,False,True,False,True,True,True,False,False,False,AA03_mag_dep,AA03,mag_dep,False
691,3214,0.1417368064776535,0.016766908375653308,0.4343170118228602,0.3690998691271543,0.00766097251822079,0.006510599117437531,18.50115062291999,2.5753249544647896,-0.06877337414095082,-0.010343818697541545,0.45044666617907153,0.37081301981166537,0.007945485524590741,0.006540817598308281,8.655654072756393,1.5814259520425815,716.8270511350477,True,False,True,False,False,False,False,False,False,False,AA03_seasonal,AA03,seasonal,False
703,11201,0.17647062693359586,0.02856290117879171,0.5289522071334473,0.4028371838051172,0.004997905439608124,0.0038062836775498592,35.308916718406856,7.504144093952009,0.20674118458743285,-0.044198416069529504,0.5169954293147548,0.40253961041461994,0.00488492955238368,0.003803471998825408,42.32224484927324,11.620544619016231,941.5147765161167,True,True,True,True,True,True,False,False,False,False,AA03_seasonal,AA03,seasonal,True
F51,11792,0.03407835895806669,0.0008619742747141995,0.2893564618070704,0.1953107187282539,0.0026646455654762346,0.0017985906977816836,12.78907761677343,0.47924982364099133,0.14580481156590766,0.005276898391339413,0.2606855562180851,0.18376685833166376,0.00240061897018694,0.0016922848070400414,60.73634065907327,3.118209399143152,711.6464864123344,True,False,True,True,True,True,False,False,True,False,AA03_seasonal,AA03,seasonal,False
F52,6019,-0.015295591904534812,0.005024774842759482,0.28839073081619,0.19000055791970302,0.003717227367585326,0.002449022101912685,4.114785132035299,2.05174744598472,0.18957177893548718,-0.004642159243960387,0.23089536824869675,0.1739281945615469,0.0029761378927597756,0.0022418565360582377,63.697243127299146,2.0706763208507986,654.8380885051354,True,False,True,False,True,True,False,False,False,False,AA03_seasonal,AA03,seasonal,False
G96,14710,0.06523821039182046,0.005738724949577481,0.32713602207374637,0.19666353861995417,0.002697255156616368,0.0016215020904714484,24.186888745690634,3.53914125877504,0.17193649035140812,-0.0028839625568912552,0.2953759428153652,0.1821107934547212,0.0024353914920429154,0.001501513876727748,70.59911760108027,1.9207032326442963,768.1307070317077,True,True,True,False,True,False,False,False,False,True,AA03_seasonal,AA03,seasonal,False
T09,76,0.08495551594814992,0.016024044066929862,0.3095664583224484,0.24898107813911396,0.03550970810887758,0.028560088380584252,2.392458864704401,0.5610642324840753,0.009128849616003484,0.007268137819882631,0.29807126190080285,0.2764278944200197,0.03419111864734855,0.031708454130331486,0.26699476288446644,0.22921766510623165,490.29880288748876,False,False,False,False,False,False,False,False,False,False,AA03_seasonal,AA03,seasonal,False
V00,470,0.07647485233771395,0.03389804836075588,0.47574608286991704,0.3710396052266909,0.021944530427249732,0.017114780761816988,3.484916325334121,1.9806300082080104,0.2926695872236188,-0.040591958530892244,0.39900282359770667,0.3525968371655867,0.018404627843026423,0.01626407930687664,15.901956275334973,2.4958042668747624,871.7454556161142,True,False,True,False,True,True,False,False,False,False,AA03_seasonal,AA03,seasonal,False
W68,4780,-0.04463764558446613,-0.01200741125826398,0.3763675518649266,0.4068389882856928,0.005443750670187128,0.0058844871301055495,8.199796112802447,2.0405195886712058,0.2658822570837636,0.06525957029532965,0.31840282316432084,0.3646360011231081,0.004605353392984063,0.005274066442902762,57.73330174592395,12.373672383886735,922.4097525475556,True,False,True,True,True,True,False,False,True,False,AA03_seasonal,AA03,seasonal,False
W84,354,-0.024629322648001495,0.019836639658347765,0.29493208072667343,0.22437919455132568,0.015675463233206455,0.011925619640358395,1.5712022210499936,1.6633634357427505,0.14559031387094037,0.013773834585645364,0.2719176223668709,0.20723862685970781,0.014452258572111687,0.011014608745971337,10.073879673858306,1.2505060237099417,646.7304445115977,False,False,True,False,True,False,True,False,False,False,AA03_seasonal,AA03,seasonal,False
691,3214,0.14945430621811764,0.016406560277134725,0.43372808065693097,0.36899151711479566,0.00765058428714881,0.006508687882633511,19.53501858272,2.5207170128576495,-0.07444844547853702,-0.009387983771786797,0.45010228327923923,0.3723748985586756,0.007939410911210327,0.006568367774405272,9.377074232726379,1.4292719430797745,716.8270511350477,True,False,True,False,False,False,False,False,False,False,AA03_step,AA03,step,False
703,11201,0.153093915699555,-0.00574483232040985,0.4934802828906012,0.3952399927724129,0.0046627422230909816,0.0037345001744733416,32.83345044068668,1.538313576654208,0.19849500005231932,0.006995370861756432,0.476828148186709,0.3954595948836313,0.0045054013641338065,0.0037365751267495703,44.05711811437721,1.8721344077033648,941.5147765161167,True,False,True,False,True,True,False,False,False,False,AA03_step,AA03,step,True
F51,11792,0.031298621115862964,-0.000534253071666789,0.28687322373705704,0.19586641434767132,0.002641777752986549,0.00180370802558832,11.847560257663478,0.29619709181730247,0.14797549526250534,0.005066505277757434,0.25661051063739265,0.18397720132105452,0.002363092411879265,0.0016942218279394842,62.61942805056314,2.990461576049535,711.6464864123344,True,False,True,False,True,True,False,False,False,False,AA03_step,AA03,step,False
F52,6019,-0.013476444788762096,0.005952835532899469,0.2883734819465421,0.19096202247480346,0.0037170050373802823,0.0024614149494465417,3.625619188899511,2.418460785832956,0.188065352124158,-0.004832410380155232,0.23218690511587767,0.17474059980688905,0.0029927852245770744,0.0022523280758438924,62.83957518225668,2.1455179784786216,654.8380885051354,True,False,True,False,True,False,False,False,False,False,AA03_step,AA03,step,False
G96,14710,0.06820927890493017,0.005454144195617433,0.32704896720162935,0.1971752368142152,0.0026965373842315426,0.00162572107126223,25.29513564462167,3.3549077341925377,0.17080996835336426,-0.003798830334106177,0.2968077037363614,0.18230304104448708,0.002447196442481324,0.0015030989690681023,69.79822518055487,2.5273321399863593,768.1307070317077,True,True,True,False,True,False,False,False,False,True,AA03_step,AA03,step,False
T09,76,0.08365716609053964,0.016960509924336818,0.30931227778602655,0.24882710277409492,0.035480551601728166,0.028542426194902337,2.35783160954197,0.5942210311247457,0.010479914101106392,0.007123479675216479,0.2977295947635104,0.2759831816300932,0.034151926738827845,0.03165744207480019,0.3068615771300428,0.22501753800528562,490.29880288748876,False,False,False,False,False,False,False,False,False,False,AA03_step,AA03,step,False
V00,470,0.07852709922646835,0.028716478289636076,0.4782090058380949,0.36852262205690517,0.022058136592305492,0.01699868098560645,3.5600060276107293,1.6893356792772107,0.2945004179958352,-0.03899893863858073,0.39889455307121646,0.35205450848705305,0.018399633696046577,0.016239063550328822,16.005776139940917,2.4015509587553185,871.7454556161142,True,False,True,False,True,True,False,False,False,False,AA03_step,AA03,step,False
W68,4780,-0.043658474931409924,-0.011641537820978237,0.37621919659416514,0.40728883616816447,0.005441604871218456,0.005890993694498662,8.023088034621328,1.9761585947460363,0.26409684640305814,0.06460579993082667,0.31958983246937245,0.36522994457610697,0.004622522202218214,0.005282657194295369,57.13262908208981,12.229792234217491,922.4097525475556,True,False,True,True,True,True,False,False,True,False,AA03_step,AA03,step,False
W84,354,-0.02383709903735534,0.019306020442522918,0.2925318473225382,0.2238291482110743,0.015547892267087972,0.011896385007211921,1.5331402242742636,1.6228476491656136,0.14383700774425562,0.012598372577112937,0.27038686812010365,0.20640262438131465,0.014370899901820028,0.010970175715557579,10.008907495489488,1.1484203082769493,646.7304445115977,False,False,True,False,True,False,True,False,False,False,AA03_step,AA03,step,False
691,3214,0.1450377991693442,0.017599879915367732,0.43561644394254195,0.36939536486079655,0.007683893365176321,0.0065158114039311765,18.875561161046388,2.7011033353036,-0.06949569817365756,-0.009428710029406998,0.45184352651325616,0.37213482557315936,0.007970124920102942,0.006564133096751988,8.719524332469302,1.436398362195373,716.8270511350477,True,False,True,False,False,False,False,False,False,False,AA03_timing,AA03,timing,False
703,11201,0.13402344143112682,0.01016446149263685,0.4980043903334616,0.3930707406815465,0.0047054891119272715,0.003714003583895571,28.48236139605763,2.736793668350604,0.21078455422345677,0.0031743373947856505,0.4725552265653329,0.3909263188110817,0.004465027852261671,0.003693741606373456,47.207892357645214,0.8593826350247167,941.5147765161167,True,False,True,False,True,False,False,False,False,False,AA03_timing,AA03,timing,True
F51,11792,0.03226202504935151,-0.0005678017472374142,0.2870252440688359,0.19588457815751328,0.002643177688209723,0.0018038752937220442,12.205772314612425,0.3147677387752425,0.14743124969191643,0.004910705154341383,0.25697887159030924,0.1843268255949157,0.0023664845994031025,0.0016974414718524242,62.29968694032615,2.89300410987503,711.6464864123344,True,False,True,False,True,True,False,False,False,False,AA03_timing,AA03,timing,False
F52,6019,-0.014526545900342466,0.005264470570137173,0.28870731510586795,0.1911191701715693,0.0037213079973004624,0.0024634405128809754,3.9036128992495156,2.1370398605568166,0.1892987992697556,-0.004897274387890886,0.23185180854107712,0.17463673030848093,0.002988465979797232,0.0022509892445262305,63.34313341676372,2.1756098567772693,654.8380885051354,True,False,True,False,True,True,False,False,False,False,AA03_timing,AA03,timing,False
G96,14710,0.068083126989699,0.00569741315628538,0.32679710145238444,0.19727466920639736,0.002694460736766615,0.0016265408970058087,25.267811870734313,3.5027789136893945,0.1708888911076994,-0.00359718053289125,0.29637562706377946,0.18255212755224842,0.0024436339456771275,0.0015051527015285142,69.93227910015234,2.389910690947329,768.1307070317077,True,True,True,False,True,False,False,False,False,True,AA03_timing,AA03,timing,False
T09,76,0.08347518120108183,0.016996860403067183,0.30932893224336017,0.24876708599522973,0.03548246199900387,0.028535541798218385,2.3525757937379117,0.5956382578349496,0.010619578572421856,0.00691584540871232,0.2976444229064035,0.275985982036061,0.0341421568567762,0.0316577633033953,0.3110400616156207,0.21845653915703497,490.29880288748876,False,False,False,False,False,False,False,False,False,False,AA03_timing,AA03,timing,False
V00,470,0.08009454408834306,0.032625346833026626,0.4774054559184909,0.36948678772326976,0.0220210715984033,0.017043154631453013,3.637177406668554,1.914278637877098,0.2941294128750187,-0.03899896143823664,0.39903968538477536,0.35281517547359675,0.01840632815047415,0.016274150502029013,15.979798386211097,2.396374633095249,871.7454556161142,True,False,True,False,True,True,False,False,False,False,AA03_timing,AA03,timing,False
W68,4780,-0.04401159355430089,-0.011891364487251255,0.3763632511180891,0.40734129694363613,0.005443688464523109,0.005891752483029228,8.08488469557497,2.0183068656572862,0.2642316469435284,0.06454036368769256,0.3196850011716911,0.3653180614493416,0.004623898714843866,0.005283931709819752,57.14477397510439,12.214458329911722,922.4097525475556,True,False,True,True,True,True,False,False,True,False,AA03_timing,AA03,timing,False
W84,354,-0.02384030697886322,0.01972629207508478,0.2928353343037655,0.22402134140420052,0.015564022418152803,0.011906599960177023,1.5317574299467425,1.6567527372265471,0.14431445459194023,0.012945998924685122,0.27061368013848247,0.20642866876421664,0.014382954824587962,0.010971559958891182,10.033713958777904,1.1799597298097875,646.7304445115977,False,False,True,False,True,False,True,False,False,False,AA03_timing,AA03,timing,False
691,3214,-0.22965357538513193,0.014899525325321565,0.6509982632367237,0.4386964287703483,0.01148304042508956,0.007738221605793304,19.999370104398178,1.9254456752914484,0.2344990425313123,-0.008943165838985223,0.6288952938107659,0.4675856374769101,0.011093163361253986,0.00824780199972082,21.139059697828536,1.0843089879325352,716.8270511350477,True,False,True,False,True,False,False,False,False,False,AA03_trailing,AA03,trailing,False
703,11201,4.7105988313918825,0.01016446149263685,23.947712675688944,0.3930707406815465,0.22627451371575896,0.003714003583895571,20.818070732036716,2.736793668350604,-0.8680817564939235,0.28098629031087663,19.995002839703584,13.9716332829597,0.18892658374393112,0.13201363193763427,4.594810001278122,2.128464206208794,941.5147765161167,True,False,True,False,False,False,False,False,False,False,AA03_trailing,AA03,trailing,True
F51,11792,-0.20399831432064877,-0.018356189931748593,0.5473861092048635,0.33078407354221084,0.005040806620964802,0.003046146988354138,40.469379141071634,6.0260355136922055,0.27271922688711675,0.0056885106533801945,0.49095468844171974,0.36816086574365836,0.004521137095871237,0.003390344947402033,60.32093721204951,1.6778560121851933,711.6464864123344,True,True,True,False,True,False,False,False,False,True,AA03_trailing,AA03,trailing,False
F52,6019,-0.12460182440043475,-0.01573008073733953,0.39338214473777977,0.26257762844006055,0.005070519673777931,0.003384508038072661,24.5737779196105,4.647671259867112,0.24322189728199425,0.015008716352386918,0.32939323945526233,0.2675448884062715,0.004245731341417819,0.003448533794504059,57.2862194339345,4.352202195700203,654.8380885051354,True,True,True,True,True,False,False,False,False,False,AA03_trailing,AA03,trailing,False
G96,14710,-0.22337797635947262,-0.013671232254980912,0.6173108584508131,0.3368549847326636,0.005089763229487399,0.0027773885579536776,43.88769502387432,4.922333324889044,0.2909236636683752,0.002665217716833186,0.5473405898373711,0.40050074574865957,0.00451285437478202,0.0033021514868691263,64.46555539085557,0.807115520723782,768.1307070317077,True,True,True,False,True,False,False,False,False,True,AA03_trailing,AA03,trailing,False
T09,76,-0.05940813153625355,0.050143290601549484,0.3311143402271411,0.2440130399360928,0.03798141967913822,0.02799021531546271,1.5641366762518418,1.7914578375482768,0.0835526884782236,-0.009717455731685415,0.31268537874305047,0.2652571610158635,0.03586747281746574,0.030427083129438044,2.3294835658880726,0.31936862598189136,490.29880288748876,False,False,False,False,True,False,False,False,False,False,AA03_trailing,AA03,trailing,False
V00,470,0.019914638034396335,0.025929049485586407,0.5165907316532039,0.4013340472295722,0.023828553586427787,0.018512159170690944,0.8357468262672589,1.4006496620144735,0.31775644152504817,-0.0161865188648568,0.4335128688609961,0.3736653280033055,0.019996457530320116,0.017235896322069948,15.890636681184265,0.9391167457958391,871.7454556161142,False,False,True,False,True,False,True,False,False,False,AA03_trailing,AA03,trailing,False
W68,4780,-0.10975680334029059,-0.002388275522746002,0.4803889667665942,0.5379267240324365,0.006948308234405608,0.007780529830356058,15.796190905408173,0.30695538412153456,0.28040429906247377,0.08273196288605739,0.42332801397619557,0.5172019535074364,0.006122983100888975,0.0074807683794129295,45.79537366708767,11.059286785798061,922.4097525475556,True,False,True,True,True,True,False,False,True,False,AA03_trailing,AA03,trailing,False
W84,354,-0.18022745966388762,0.007654940949599846,0.3323728461485431,0.2913431898202803,0.017665417463846877,0.015484715833627056,10.202275719367048,0.49435462890291826,0.24860429615839816,0.09057618358575906,0.2766453981049588,0.28503708623460206,0.014703537017557992,0.01514955020953308,16.907788640347647,5.978803484790106,646.7304445115977,True,False,True,True,True,True,False,False,True,False,AA03_trailing,AA03,trailing,False
691,3214,0.15095899671534227,0.016311422840451634,0.4335865312866445,0.36887706250263036,0.007648087479963697,0.006506669003302256,19.738136770901427,2.5068776100602754,-0.07568982185298041,-0.009612457119460282,0.4500548490807484,0.37250086783761943,0.007938574213403955,0.006570589762395285,9.534435254781807,1.4629519521176277,716.8270511350477,True,False,True,False,False,False,False,False,False,False,AA04_clean,AA04,clean,True
703,11201,0.12127532056768006,0.01016446149263685,0.492397860864545,0.3930707406815465,0.0046525147528979835,0.003714003583895571,26.066617089637262,2.736793668350604,0.21378975286111193,0.002400487943767065,0.46390013972397687,0.38839306146929603,0.004383248619617726,0.003669805643014779,48.77427027622199,0.6541185493940879,941.5147765161167,True,False,True,False,True,False,False,False,False,False,AA04_clean,AA04,clean,False
F51,11792,0.03271014202269598,-0.0005903047253816682,0.28706249883295515,0.19597715555343892,0.002643520762428226,0.0018047278267741005,12.373703466830287,0.32708795011867303,0.14733112439663107,0.004930001378860443,0.25720032747960553,0.18433303961927805,0.002368523957534857,0.001697498695984754,62.20377206991491,2.904274030090166,711.6464864123344,True,False,True,False,True,True,False,False,False,False,AA04_clean,AA04,clean,False
F52,6019,-0.013459296796133755,0.005806559771619916,0.2886615054450705,0.19089485820759303,0.003720717531288139,0.002460549232120982,3.617392796672219,2.359863275978708,0.18810555027721954,-0.0047634444632805055,0.2324106985334149,0.17479763005074173,0.002995669821505694,0.002253063170146782,62.792484314133546,2.114208126250707,654.8380885051354,True,False,True,False,True,False,False,False,False,False,AA04_clean,AA04,clean,False
G96,14710,0.06918514463702595,0.005511613198013135,0.3269040817103938,0.1974300554124622,0.002695342795094349,0.0016278220651355629,25.668402832821922,3.385881857765661,0.17042889701907646,-0.0037483229565456115,0.2970567538764879,0.18264020769986083,0.0024492498750885126,0.0015058789273682646,69.58411991872303,2.4891263755820883,768.1307070317077,True,True,True,False,True,False,False,False,False,True,AA04_clean,AA04,clean,False
T09,76,0.08360045162626162,0.016982938794605756,0.30935687163603115,0.24884044913848544,0.03548566686714063,0.028543957127892917,2.3558934918502206,0.5949749265146622,0.010551059037390339,0.0070960821519297675,0.29775877958053276,0.27599566274128084,0.03415527446693538,0.0316588737564415,0.30891448545098005,0.22414196432006547,490.29880288748876,False,False,False,False,False,False,False,False,False,False,AA04_clean,AA04,clean,False
V00,470,0.08086898018861256,0.03281055202839717,0.4770323026229331,0.36958649247487724,0.022003859320376757,0.017047753668700347,3.6752180156743477,1.9246261217768124,0.29357590953685203,-0.03935260456348319,0.39890915496302315,0.3531791779133119,0.018400307231090974,0.016290940682550808,15.954946069639382,2.4156127832221306,871.7454556161142,True,False,True,False,True,True,False,False,False,False,AA04_clean,AA04,clean,False
W68,4780,-0.04357551223087655,-0.011913695261866229,0.3762656113969746,0.4073218712474821,0.005442276211275931,0.005891471511287819,8.006854216732295,2.0221934773069976,0.26397264229041467,0.0648059962601282,0.31973552111662634,0.36524029003266856,0.004624629431354193,0.005282806830165442,57.079739297753356,12.26734165066919,922.4097525475556,True,False,True,True,True,True,False,False,True,False,AA04_clean,AA04,clean,False
W84,354,-0.023686315279862043,0.019282192859809227,0.2926125716628743,0.22379993508064022,0.015552182717370105,0.011894832346847142,1.5230219262667863,1.6210562955029952,0.1438594453814012,0.012474278598294315,0.27042388330302064,0.20640911421159608,0.014372867236595735,0.01097052064614538,10.009098603172989,1.1370726149334853,646.7304445115977,False,False,True,False,True,False,True,False,False,False,AA04_clean,AA04,clean,False
691,3214,0.6509589894107274,0.016311422840451634,0.43358652907885376,0.36887706250263036,0.007648087441020198,0.006506669003302256,85.11395749992815,2.5068776100602754,-0.4804244369507234,-0.029658135381927672,0.5635358621123773,0.44596096261822704,0.009940280106816543,0.007866361634047556,48.33107636687949,3.770248147956984,716.8270511350477,True,False,True,True,False,True,False,False,True,False,AA04_constant,AA04,constant,True
703,11201,0.07505927686913229,0.009619003803854019,0.494303139301977,0.3931523889559578,0.0046705171382515,0.003714775053130998,16.07087066534825,2.5893906538827007,0.23622951729584782,0.0038196812378943484,0.44642029466101546,0.3866670482806459,0.004218086982052914,0.0036534970794280244,56.00394641005637,1.0454863258005782,941.5147765161167,True,False,True,False,True,False,False,False,False,False,AA04_constant,AA04,constant,False
F51,11792,-0.0005298743137108192,0.001645931645230384,0.28672037719442983,0.19244726534227413,0.002640370209296436,0.0017722215324993604,0.200681825542946,0.9287392208293114,0.16965123191218898,0.006292301478220632,0.24323721387501382,0.1767556993455249,0.0022399394824747358,0.001627719966895845,75.73920333095538,3.865714991639754,711.6464864123344,False,False,True,True,True,True,True,False,True,False,AA04_constant,AA04,constant,False
F52,6019,-0.03264206865919201,0.0052279900768179705,0.28801566757533503,0.18985495312117678,0.0037123929703786764,0.0024471453212671986,8.792729896765861,2.136362737179325,0.19902314268745394,-0.005458935425622434,0.22704761411374003,0.16998155438459114,0.0029265420651347993,0.0021909861116369265,68.00624705125732,2.491542687846598,654.8380885051354,True,False,True,False,True,True,False,False,False,False,AA04_constant,AA04,constant,False
G96,14710,0.022149099929360778,0.006273567268720382,0.3228775044789102,0.19344240546795222,0.002662143436209057,0.0015949436639511594,8.320024994934728,3.933409944511051,0.2014861024445982,-0.0036101597867765093,0.266368950956105,0.17502845995847413,0.002196227190067387,0.0014431196331879067,91.74192148965061,2.5016358337538014,768.1307070317077,True,True,True,False,True,False,False,False,False,True,AA04_constant,AA04,constant,False
T09,76,0.08107931252794918,0.018632639111631828,0.3145993559824883,0.24791563784683526,0.036087021063964324,0.028437873997310063,2.2467721118968487,0.6552050660817432,0.01310341995482931,0.004075829206693579,0.3006226967269663,0.27727856069976675,0.03448378829388214,0.03180603224475505,0.37998783205480996,0.1281464212615109,490.29880288748876,False,False,False,False,False,False,False,False,False,False,AA04_constant,AA04,constant,False
V00,470,0.06646040409778627,0.031844556172764084,0.4762243908843154,0.36838389981038694,0.021966593130766373,0.0169922822055234,3.025521695701731,1.8740599872107173,0.29515854210479747,-0.037645861551236524,0.3954476475981468,0.3504791231573053,0.01824063980254496,0.01616639644376066,16.18137002319494,2.3286489158049664,871.7454556161142,True,False,True,False,True,True,False,False,False,False,AA04_constant,AA04,constant,False
W68,4780,-0.051604041335359285,-0.01090384767859572,0.37661831990199524,0.4079640471291656,0.005447377759353262,0.00590075989273561,9.473189416091818,1.8478717786872472,0.2709695746454703,0.06301372517749967,0.3172345457603117,0.36470437875959505,0.004588455520493393,0.005275055451659248,59.0546368893063,11.945604317330721,922.4097525475556,True,False,True,True,True,True,False,False,True,False,AA04_constant,AA04,constant,False
W84,354,-0.038294137872937895,0.02506632637332869,0.29280350489804596,0.2247230578444555,0.015562330704325463,0.011943895768188996,2.460694262350706,2.098672565453022,0.15900206128780614,0.014288881432115132,0.26427608057077984,0.20720803287954231,0.014046115207936104,0.011012982694271365,11.320002643718132,1.2974579029846105,646.7304445115977,False,False,True,False,True,False,True,False,False,False,AA04_constant,AA04,constant,False
691,3214,0.09491349760269166,-0.16639462652756776,0.4641472006743836,0.38219761545061,0.008187150979538036,0.00674163191583859,11.59298244772899,24.681654027513005,-0.05726479796705235,0.13213020982385348,0.4685717133803971,0.397380487224812,0.008265195516879606,0.007009444504900315,6.928426296764939,18.85031113827651,716.8270511350477,True,True,True,True,False,False,False,False,False,False,AA04_dcr,AA04,dcr,True
703,11201,0.12368706192469299,0.010327445841593562,0.4932997280563507,0.39335362571851484,0.0046610362164308744,0.003716676476920651,26.53638722837573,2.778677645397342,0.21333952033269363,0.0022018755508836454,0.4659372099631848,0.38839967037240264,0.004402496264853154,0.003669868088491593,48.458762369855094,0.5999876556295164,941.5147765161167,True,False,True,False,True,False,False,False,False,False,AA04_dcr,AA04,dcr,False
F51,11792,0.03713800429475968,-0.0006019065102881222,0.28675986177302587,0.19510079259754962,0.0026407338175829195,0.001796657515679009,14.063516757153634,0.3350146063094525,0.1440991969484929,0.005289369043472477,0.2591813112735091,0.1835402542435401,0.00238676657651333,0.0016901980398230018,60.374231131976856,3.1294374498424937,711.6464864123344,True,False,True,True,True,True,False,False,True,False,AA04_dcr,AA04,dcr,False
F52,6019,-0.012488395988272144,0.005548893105605711,0.28865434167423815,0.19209371133485187,0.003720625193490326,0.002476001912038084,3.3565315877885444,2.241069798301659,0.188834921502516,-0.0045693114810298145,0.23259755881099908,0.17498869916000148,0.0029980783668004224,0.002255525965396929,62.98531872735615,2.025829696101815,654.8380885051354,True,False,True,False,True,False,False,False,False,False,AA04_dcr,AA04,dcr,False
G96,14710,0.07528701391420736,0.004242923145959583,0.32842946975271464,0.19675151093126775,0.0027079197064870763,0.0016222274271947656,27.80252816723119,2.6154921775035276,0.16897008189996257,-0.00272087523048577,0.30058139861967187,0.18263128594080474,0.002478310771985555,0.0015058053669560923,68.17953737278411,1.8069235840126394,768.1307070317077,True,False,True,False,True,False,False,False,False,False,AA04_dcr,AA04,dcr,False
T09,76,0.10092239562290778,0.011550712153484147,0.2996246209324902,0.2530080060242435,0.034369301148458056,0.029022008688589666,2.9364110485393318,0.39799837004478056,-0.007211102721680651,0.005256859688385378,0.29649867810904074,0.2761378900084953,0.03401073091501852,0.03167518834288371,0.2120243384271509,0.1659614342771985,490.29880288748876,False,False,False,False,False,False,False,False,False,False,AA04_dcr,AA04,dcr,False
V00,470,0.08207699755610791,0.03721052145329039,0.476442435997825,0.37093104862977444,0.02197665080186491,0.017109773419392346,3.7347363934609614,2.1748108838843945,0.2914431041662098,-0.042413731697061405,0.39908487332560555,0.355716353344688,0.01840841251475627,0.016407971858335237,15.832060691414188,2.5849466383327115,871.7454556161142,True,False,True,False,True,True,False,False,False,False,AA04_dcr,AA04,dcr,False
W68,4780,-0.04227102418558155,-0.012117674891241286,0.3765234414133043,0.4074581124951176,0.005446005444354697,0.005893442093978723,7.761840236388211,2.056128608376725,0.26468810084972993,0.06451944269428801,0.31950081644767997,0.3652495662079471,0.004621234681481251,0.005282941000035132,57.27648974643484,12.212788803406843,922.4097525475556,True,False,True,True,True,True,False,False,True,False,AA04_dcr,AA04,dcr,False
W84,354,-0.01654487201674645,0.014890819065129075,0.2908599156088696,0.2237438824546375,0.015459030099088243,0.011891853183387318,1.0702399769389315,1.2521865882040364,0.13575476841048584,0.01240499696475476,0.27237416206996323,0.20575256819874535,0.014476523383564853,0.010935625619263282,9.377580846835626,1.1343655495030076,646.7304445115977,False,False,True,False,True,False,True,False,False,False,AA04_dcr,AA04,dcr,False
691,3214,0.40095895450181157,0.16631142284043757,0.433586494689206,0.36887706250265634,0.0076480868344168665,0.0065066690033027145,52.426046301863536,25.560148019826997,-0.2720433986217104,-0.14105569215334246,0.5059522945364897,0.4032771798808426,0.008924556299801796,0.00711345700995197,30.482568486654305,19.82941514315764,716.8270511350477,True,True,True,True,False,False,False,False,False,False,AA04_epoch,AA04,epoch,True
703,11201,0.09044685266847553,0.008648882834973526,0.4934073992677863,0.3938657741963842,0.004662053568331606,0.003721515609131294,19.400646376708934,2.324021646920465,0.2284417149567143,0.00474582758034789,0.45256374089301377,0.38704735641845406,0.0042761345011420974,0.003657090493133545,53.42248119082799,1.2977058099214467,941.5147765161167,True,False,True,False,True,False,False,False,False,False,AA04_epoch,AA04,epoch,False
F51,11792,0.017742019170486758,6.57175839176051e-05,0.286023170924936,0.19421834247394484,0.002633949728541914,0.001788531148657749,6.73589893468023,0.036743885599602004,0.15701340015005885,0.005473390232206597,0.25022467247442637,0.1803596562587639,0.002304286068877523,0.0016609083316797381,68.13971679590291,3.2954198180649468,711.6464864123344,True,False,True,True,True,True,False,False,True,False,AA04_epoch,AA04,epoch,False
F52,6019,-0.02486408818381021,0.004806505154304757,0.28801966199190226,0.1902327573773761,0.0037124444566193726,0.0024520150489341025,6.697497693056923,1.9602266129623298,0.19430661009757402,-0.0048792603792135285,0.22928940208593104,0.17154149979261143,0.0029554377081361114,0.002211093109341814,65.74545948394095,2.206718640024146,654.8380885051354,True,False,True,False,True,True,False,False,False,False,AA04_epoch,AA04,epoch,False
G96,14710,0.052271205361271604,0.003756048248515537,0.3264945612765589,0.19658175971535374,0.0026919662757648698,0.001620827818739654,19.41748150110824,2.3173641302851142,0.18067218319780062,-0.0028098363084590335,0.28810350504748256,0.1798151216800297,0.0023754298279429244,0.0014825859320369325,76.05873306485302,1.8952266089551955,768.1307070317077,True,False,True,False,True,False,False,False,False,False,AA04_epoch,AA04,epoch,False
T09,76,0.0669969165706294,0.025354688892805097,0.32169740128626656,0.25016263111705744,0.03690122270017072,0.02869562180235518,1.8155744354324455,0.8835734268955316,0.029147398378442047,0.010084909963659437,0.3066357682716363,0.27619010131971394,0.035173534904500474,0.03168117739102349,0.8286741283632718,0.31832497382237074,490.29880288748876,False,False,False,False,False,False,False,False,False,False,AA04_epoch,AA04,epoch,False
V00,470,0.07199931480869771,0.0299330643174851,0.4762259921363211,0.3699073965318198,0.021966666991013732,0.017062555869065976,3.2776622342457173,1.7543130435548089,0.2933870878544365,-0.04014688149982531,0.3974275626966262,0.35198315341015035,0.0183319664759247,0.016235772186064118,16.004125266088646,2.4727423518719456,871.7454556161142,True,False,True,False,True,True,False,False,False,False,AA04_epoch,AA04,epoch,False
W68,4780,-0.04785070801219301,-0.013235852833759216,0.37694812328641675,0.4074163647318387,0.005452148009567657,0.005892838257613972,8.776487345578769,2.2460913154467694,0.2682675396384223,0.06437435172463282,0.31858407874170847,0.3645820953822824,0.004607975059400283,0.005273286754506956,58.21809714250856,12.207633440304294,922.4097525475556,True,False,True,True,True,True,False,False,True,False,AA04_epoch,AA04,epoch,False
W84,354,-0.029589749413979065,0.025856739198295228,0.29233314518114484,0.22342596515834004,0.015537331367425595,0.011874956069729718,1.9044293202122675,2.1774176718182794,0.15440056498062402,0.008640203261475935,0.2666268046470744,0.20458382656377003,0.014171054782968356,0.01087350770220579,10.895488539511689,0.7946104879958095,646.7304445115977,False,False,True,False,True,False,True,False,False,False,AA04_epoch,AA04,epoch,False
691,3214,0.22491645284048686,0.044487517588477916,0.44593298334511144,0.3650485815660616,0.007865868104122218,0.006439137945473124,28.593977150801226,6.908924450011784,-0.13582595676310882,-0.034583311452418844,0.47116463679423565,0.3782255319771318,0.008310932419820378,0.006671567834759477,16.34304671268695,5.183685800545509,716.8270511350477,True,True,True,True,False,False,False,False,False,False,AA04_mag_dep,AA04,mag_dep,True
703,2752,0.13178437725423692,-0.006928656240247773,0.5599974232248953,0.4464945973998633,0.010674850803967385,0.008511223470588882,12.345313267072388,0.8140611351811196,0.238909918952294,0.014397898957018611,0.5113306067133705,0.459991464596219,0.009747148311386544,0.008768505089515542,24.510750356922472,1.6420015510094312,1152.968871452626,True,False,True,False,True,True,False,False,False,False,AA04_mag_dep,AA04,mag_dep,False
F51,2455,0.052457507422997623,-0.0015452535527932317,0.28814292240709266,0.2105515641449753,0.005815435032430111,0.004249450002217043,9.02039264998496,0.3636361298490475,0.13799861432172872,-6.615351493574734e-05,0.264082958893373,0.2032791523167891,0.005329845611986198,0.004102674790240321,25.89167198603014,0.016124484225051697,808.2349049222257,True,False,True,False,True,False,False,False,False,False,AA04_mag_dep,AA04,mag_dep,False
F52,1564,-0.02427164510904483,0.004992827065626516,0.28105243225926096,0.2021042148604087,0.007106716217472165,0.005110424733997718,3.415310864583555,0.9769886703175826,0.179588499412032,-0.012162514631734787,0.23020483279540538,0.18717923767928976,0.00582097940023669,0.004733030464445138,30.85193866254357,2.5697097711710213,716.4715656463682,True,False,True,False,True,True,False,False,False,False,AA04_mag_dep,AA04,mag_dep,False
G96,3347,0.08554783475383963,-0.010916688434332815,0.331368496646011,0.21815309187679327,0.005727740864220361,0.0037708001564601044,14.935702711034585,2.8950588685084337,0.17384714573968324,-0.012260796935228956,0.30614288031969294,0.20181670686724845,0.005291713315072426,0.0034884239470741986,32.8527143079564,3.514709542546369,842.4066019222986,True,False,True,True,True,True,False,False,True,False,AA04_mag_dep,AA04,mag_dep,False
T09,37,0.08605475679455886,0.011224468727493825,0.2971021715343958,0.21746360473572118,0.04884329612647722,0.03575079639432507,1.7618540028855643,0.31396415911102754,0.048361936567755275,0.005329182922132807,0.2859850942638919,0.24306424350848663,0.04701565988141097,0.03995951548293797,1.0286346440683818,0.13336455304139705,513.5960375072281,False,False,False,False,False,False,False,False,False,False,AA04_mag_dep,AA04,mag_dep,False
V00,72,0.040676576767499376,0.0721878936296827,0.44667202617802204,0.3514266066046726,0.05264080311280241,0.04141602276992353,0.772719532419267,1.742994348605241,0.2301668027359529,-0.12026900119797206,0.3862353140607329,0.3352759282399547,0.04551826828434336,0.03951264707118105,5.056580828122628,3.0438102762720614,762.6979556933921,False,False,True,True,True,True,True,False,True,False,AA04_mag_dep,AA04,mag_dep,False
W68,1306,0.010744117281872554,-0.048542881505147524,0.42467675346635725,0.629060540961686,0.011751326696295476,0.017406876802769825,0.9142897274109112,2.78871862282746,0.3324821018120402,0.17114627779993072,0.3901943115351831,0.535114099909208,0.010797155230323378,0.014807263539856928,30.793490944566354,11.55826512706104,1450.2156077739394,False,False,True,True,True,True,True,False,True,False,AA04_mag_dep,AA04,mag_dep,False
W84,74,-0.0020056385108072443,0.0028020943521824705,0.29743481466798327,0.22231182722578374,0.03457609488535856,0.025843224979821278,0.05800650760177498,0.10842665164159589,0.1879783713171732,0.03886486471592591,0.2604927996316729,0.18081610980837975,0.03028167286694881,0.02101944581206729,6.20766138459754,1.8489956901534266,652.6674430309745,False,False,True,False,True,True,True,False,False,False,AA04_mag_dep,AA04,mag_dep,False
691,3214,0.1995948463448205,0.032523374761957026,0.4522565322737588,0.3675011793010506,0.007977409980772792,0.006482399626076288,25.020006095447687,5.017181389300277,-0.10706401068378486,-0.07646479966987754,0.4652238367793486,0.38308421395708053,0.008206141899506018,0.006757270738652044,13.046814446412357,11.315929556069692,716.8270511350477,True,True,True,True,False,True,False,False,False,False,AA04_seasonal,AA04,seasonal,True
703,11201,0.11932827134093846,0.011210845744620121,0.49251181404740196,0.39318457048944483,0.004653591461199378,0.003715079126465225,25.64218890632565,3.0176600182636943,0.21395719069049388,0.002230835046943047,0.4637172680267781,0.38820592943494847,0.004381520721637807,0.003668037490429767,48.831719460753106,0.6081821826422146,941.5147765161167,True,True,True,False,True,False,False,False,False,True,AA04_seasonal,AA04,seasonal,False
F51,11792,0.030850176131919538,5.076433428966936e-05,0.28731140707897507,0.19595043856859398,0.0026458129256991805,0.0018044817935777262,11.659999024219406,0.028132361584551912,0.14740785196768044,0.005958848835379752,0.2572360409733923,0.18423025110584734,0.0023688528383977634,0.0016965521300957998,62.22752615877298,3.5123287576452316,711.6464864123344,True,False,True,True,True,True,False,False,True,False,AA04_seasonal,AA04,seasonal,False
F52,6019,-0.01483452499427457,0.005536692658841674,0.2883741556071686,0.19115775056847875,0.0037170137205640662,0.0024639377969193294,3.9909793478038047,2.247091085564019,0.18904951598448777,-0.004755854929091256,0.23171668742005563,0.17461613769178358,0.0029867243290597817,0.00225072381491918,63.29660697008498,2.1130335483929783,654.8380885051354,True,False,True,False,True,False,False,False,False,False,AA04_seasonal,AA04,seasonal,False
G96,14710,0.06600016121596144,0.005965762913637278,0.32825190180989666,0.19752715453495515,0.0027064556486729,0.0016286226529375017,24.386197220089073,3.66307253732287,0.1722175383529099,-0.0034575602694582423,0.29727116837414863,0.1819758171280499,0.002451017734848507,0.0015004009892174474,70.26368512325529,2.304424146815296,768.1307070317077,True,True,True,False,True,False,False,False,False,True,AA04_seasonal,AA04,seasonal,False
T09,76,0.0991040072847194,0.008459752290205923,0.29910549122761454,0.2542484913282264,0.034309752887349027,0.029164302111774107,2.8885083378511256,0.2900721662319697,-0.0073194289490393855,0.00932516541566912,0.29587998569665763,0.2764852589080468,0.03393976202810501,0.03171503428839091,0.21565940689207766,0.29402980715308696,490.29880288748876,False,False,False,False,False,True,False,False,False,False,AA04_seasonal,AA04,seasonal,False
V00,470,0.07779265517130186,0.036743779138936165,0.47684005679819946,0.3708874341540131,0.021994991681730254,0.017107761633641763,3.5368349439258457,2.1477841418295727,0.2930124528098631,-0.04192984462785008,0.3985088596509562,0.3545997482792169,0.018381842985200503,0.016356466707338226,15.940319642909136,2.5635025814614667,871.7454556161142,True,False,True,False,True,True,False,False,False,False,AA04_seasonal,AA04,seasonal,False
W68,4780,-0.04391450588138706,-0.011862387159315885,0.3765450038353703,0.4073546728742335,0.005446317321531651,0.005891945951437418,8.063155943516916,2.0133224671590715,0.2643017437112317,0.0645107201955035,0.31981255773348827,0.36535051340988295,0.004625743682921824,0.005284401092424789,57.137135524181716,12.207763768722984,922.4097525475556,True,False,True,True,True,True,False,False,True,False,AA04_seasonal,AA04,seasonal,False
W84,354,-0.019927265016992383,0.023356816987424596,0.29410955877824707,0.22605269005503648,0.01563174668487677,0.012014564922861135,1.2747945203251916,1.9440418473232928,0.1384287913059176,0.010433419874921508,0.2763388373960192,0.20701793561636914,0.014687243499708432,0.011002879138726433,9.425103581122329,0.9482445224904252,646.7304445115977,False,False,True,False,True,False,True,False,False,False,AA04_seasonal,AA04,seasonal,False
691,3214,0.15095899671534227,0.016311422840451634,0.4335865312866445,0.36887706250263036,0.007648087479963697,0.006506669003302256,19.738136770901427,2.5068776100602754,-0.07568982185298041,-0.009612457119460282,0.4500548490807484,0.37250086783761943,0.007938574213403955,0.006570589762395285,9.534435254781807,1.4629519521176277,716.8270511350477,True,False,True,False,False,False,False,False,False,False,AA04_step,AA04,step,True
703,11201,0.12127532056768006,0.01016446149263685,0.492397860864545,0.3930707406815465,0.0046525147528979835,0.003714003583895571,26.066617089637262,2.736793668350604,0.21378975286111193,0.002400487943767065,0.46390013972397687,0.38839306146929603,0.004383248619617726,0.003669805643014779,48.77427027622199,0.6541185493940879,941.5147765161167,True,False,True,False,True,False,False,False,False,False,AA04_step,AA04,step,False
F51,11792,0.03271014202269598,-0.0005903047253816682,0.28706249883295515,0.19597715555343892,0.002643520762428226,0.0018047278267741005,12.373703466830287,0.32708795011867303,0.14733112439663107,0.004930001378860443,0.25720032747960553,0.18433303961927805,0.002368523957534857,0.001697498695984754,62.20377206991491,2.904274030090166,711.6464864123344,True,False,True,False,True,True,False,False,False,False,AA04_step,AA04,step,False
F52,6019,-0.013459296796133755,0.005806559771619916,0.2886615054450705,0.19089485820759303,0.003720717531288139,0.002460549232120982,3.617392796672219,2.359863275978708,0.18810555027721954,-0.0047634444632805055,0.2324106985334149,0.17479763005074173,0.002995669821505694,0.002253063170146782,62.792484314133546,2.114208126250707,654.8380885051354,True,False,True,False,True,False,False,False,False,False,AA04_step,AA04,step,False
G96,14710,0.06918514463702595,0.005511613198013135,0.3269040817103938,0.1974300554124622,0.002695342795094349,0.0016278220651355629,25.668402832821922,3.385881857765661,0.17042889701907646,-0.0037483229565456115,0.2970567538764879,0.18264020769986083,0.0024492498750885126,0.0015058789273682646,69.58411991872303,2.4891263755820883,768.1307070317077,True,True,True,False,True,False,False,False,False,True,AA04_step,AA04,step,False
T09,76,0.08360045162626162,0.016982938794605756,0.30935687163603115,0.24884044913848544,0.03548566686714063,0.028543957127892917,2.3558934918502206,0.5949749265146622,0.010551059037390339,0.0070960821519297675,0.29775877958053276,0.27599566274128084,0.03415527446693538,0.0316588737564415,0.30891448545098005,0.22414196432006547,490.29880288748876,False,False,False,False,False,False,False,False,False,False,AA04_step,AA04,step,False
V00,470,0.08086898018861256,0.03281055202839717,0.4770323026229331,0.36958649247487724,0.022003859320376757,0.017047753668700347,3.6752180156743477,1.9246261217768124,0.29357590953685203,-0.03935260456348319,0.39890915496302315,0.3531791779133119,0.018400307231090974,0.016290940682550808,15.954946069639382,2.4156127832221306,871.7454556161142,True,False,True,False,True,True,False,False,False,False,AA04_step,AA04,step,False
W68,4780,-0.04357551223087655,-0.011913695261866229,0.3762656113969746,0.4073218712474821,0.005442276211275931,0.005891471511287819,8.006854216732295,2.0221934773069976,0.26397264229041467,0.0648059962601282,0.31973552111662634,0.36524029003266856,0.004624629431354193,0.005282806830165442,57.079739297753356,12.26734165066919,922.4097525475556,True,False,True,True,True,True,False,False,True,False,AA04_step,AA04,step,False
W84,354,-0.023686315279862043,0.019282192859809227,0.2926125716628743,0.22379993508064022,0.015552182717370105,0.011894832346847142,1.5230219262667863,1.6210562955029952,0.1438594453814012,0.012474278598294315,0.27042388330302064,0.20640911421159608,0.014372867236595735,0.01097052064614538,10.009098603172989,1.1370726149334853,646.7304445115977,False,False,True,False,True,False,True,False,False,False,AA04_step,AA04,step,False
691,3214,0.16231107776408898,0.016311422840451634,0.4447363838495425,0.36887706250263036,0.007844761134785706,0.006506669003302256,20.69037858200163,2.5068776100602754,-0.08036979600852737,-0.009260808477850706,0.45963504465740745,0.3777148277413693,0.008107560490786751,0.006662559458369396,9.912944356056029,1.3899776108140294,716.8270511350477,True,False,True,False,False,False,False,False,False,False,AA04_timing,AA04,timing,True
703,11201,0.1209731468327814,0.010103610613543154,0.49244531731112745,0.3931709612585345,0.004652963154151103,0.003714950537060968,25.999162861381397,2.719716053483847,0.21394907017041842,0.002479962218894631,0.46379677623631194,0.3884940092053333,0.004382271970063588,0.0036707594668806266,48.82149524994314,0.6755992162575767,941.5147765161167,True,False,True,False,True,False,False,False,False,False,AA04_timing,AA04,timing,False
F51,11792,0.032320412305295955,-0.0005766169548255826,0.2870974433528876,0.1960726724251519,0.0026438425619121366,0.0018056074290717255,12.224787047047345,0.3193479078240308,0.14759807443400924,0.004907587608344724,0.25703512536780626,0.18443769649573089,0.0023670026330347435,0.001698462467382825,62.3565315788319,2.8894295297009815,711.6464864123344,True,False,True,False,True,True,False,False,False,False,AA04_timing,AA04,timing,False
F52,6019,-0.013733214777205495,0.005786478450404198,0.2886832029205184,0.19109498132343988,0.0037209972020296853,0.0024631287294612984,3.6907350453567833,2.3492391531114722,0.188182827201844,-0.004704494889676457,0.23239975920620132,0.175005599913829,0.0029955288184769693,0.0022557438085449477,62.82123745266543,2.0855625855451465,654.8380885051354,True,False,True,False,True,False,False,False,False,False,AA04_timing,AA04,timing,False
G96,14710,0.06745330860311065,0.005376258250252864,0.32679750723875267,0.19763972437660007,0.0026944640824983607,0.0016295507977010515,25.03403516908884,3.2992271599250644,0.17131263032533822,-0.0037506580619903625,0.2961511433407998,0.18266815550033444,0.002441783064580191,0.001506109358576866,70.15882484007298,2.490295967309032,768.1307070317077,True,True,True,False,True,False,False,False,False,True,AA04_timing,AA04,timing,False
T09,76,0.08086578193355395,0.01910380564461717,0.3087066849529825,0.24982482829152117,0.03541108533961839,0.0286568731607932,2.2836290149819343,0.6666395715061465,0.011834686908790689,0.010079496708847547,0.29843201647523376,0.2745942498267267,0.03423250003506866,0.03149812067031744,0.345714946225573,0.32000311429202377,490.29880288748876,False,False,False,False,False,False,False,False,False,False,AA04_timing,AA04,timing,False
V00,470,0.07999205218700967,0.03277706124555997,0.47733259367037995,0.36947069035928537,0.022017710713514826,0.017042412115420884,3.6330776268174536,1.9232642083512073,0.2940376363306557,-0.03898042353730821,0.3989725151171008,0.35284520101838224,0.01840322981706508,0.016275535477134145,15.977501734939938,2.3950317083006367,871.7454556161142,True,False,True,False,True,True,False,False,False,False,AA04_timing,AA04,timing,False
W68,4780,-0.043927970178183964,-0.011901965068503415,0.376325675959798,0.40732690623792145,0.005443144980388741,0.00589154433699355,8.070328888253623,2.020177459035635,0.26418598250031966,0.064615983484798,0.319681179580111,0.36527658893092524,0.0046238434396438065,0.005283331854575046,57.135581242921795,12.230158025913981,922.4097525475556,True,False,True,True,True,True,False,False,True,False,AA04_timing,AA04,timing,False
W84,354,-0.023981851114938613,0.01923530102390517,0.29276634348302694,0.22372966274756273,0.01556035559740122,0.01189109741448321,1.541214849803554,1.6176220203592657,0.14408133382369157,0.012567118189947766,0.27050984859423916,0.20630729478070128,0.014377436240274507,0.010965109004449823,10.021350915129542,1.146100616496181,646.7304445115977,False,False,True,False,True,False,True,False,False,False,AA04_timing,AA04,timing,False
691,3214,4.237708174070677,0.016311422840451634,36.74152037989327,0.36887706250263036,0.6480883093357016,0.006506669003302256,6.5387820039747035,2.5068776100602754,-1.760480517722834,0.1169810537877381,31.55639320455707,19.212483412600992,0.5566271974925123,0.3388914166934362,3.1627641007364105,0.34518741999759783,716.8270511350477,True,False,True,False,False,False,False,False,False,False,AA04_trailing,AA04,trailing,True
703,11201,-0.08101898129022522,-0.009474240292575023,0.7080448825410017,0.44840127184231404,0.006690096614051168,0.004236804621371988,12.110285690054395,2.2361758776374767,0.3253022374172907,0.023608098120902147,0.6344203199635037,0.44738657434505036,0.005994440944536185,0.004227217059258174,54.26731874200834,5.584784928230084,941.5147765161167,True,False,True,True,True,True,False,False,True,False,AA04_trailing,AA04,trailing,False
F51,11792,-0.14542214577330392,-0.014551469641582136,0.6174557880974784,0.25302032575316913,0.005686069069812549,0.002330030871897605,25.575163436784987,6.245183193530497,0.2792398344865218,0.02335929158768993,0.5484074067486496,0.2955316408790996,0.005050211615600436,0.0027215119766410057,55.29269974033,8.583203670674585,711.6464864123344,True,True,True,True,True,True,False,False,False,False,AA04_trailing,AA04,trailing,False
F52,6019,-0.08749900964569089,-0.0043775311536935315,0.3249359580794071,0.24565833895751127,0.004188278980627772,0.00316642597376139,20.891399558244295,1.382483339249985,0.2327741000488976,0.007926300981919848,0.2642738405449704,0.22251208156952446,0.003406371452474905,0.0028680810818285164,68.33491393892912,2.7636251402162295,654.8380885051354,True,False,True,False,True,True,False,False,False,False,AA04_trailing,AA04,trailing,False
G96,14710,-0.1413353822346864,-0.005549300403654392,0.5557688240244426,0.2423310991128941,0.004582345646266406,0.001998033730884635,30.843457291320515,2.777380740813331,0.31484584964444895,0.0026060091238844806,0.48766151468036734,0.22506887737037393,0.004020796996970423,0.0018557057282558949,78.30433863775714,1.4043224010165483,768.1307070317077,True,False,True,False,True,False,False,False,False,False,AA04_trailing,AA04,trailing,False
T09,76,-0.3417282664538187,0.027710139551052896,0.8797847117185984,0.23895242365796487,0.10091822764351142,0.027409722816820695,3.38618973433577,1.0109602251814032,0.050066437088811394,0.28977301180879017,0.34188602221738795,0.8635500223896837,0.03921701634354462,0.09905598106023465,1.2766508459038513,2.9253459377943365,490.29880288748876,True,False,False,False,False,True,False,True,False,False,AA04_trailing,AA04,trailing,False
V00,470,0.031147065570284335,0.01909903637876455,0.4838779442886228,0.3695052206146932,0.022319625224155835,0.01704400487733263,1.3955012800382882,1.1205721024032897,0.3251606485585372,-0.04380170057096427,0.3800584137954464,0.3459592045896307,0.017530787380012753,0.01595790814693921,18.54797742452003,2.744827214672595,871.7454556161142,False,False,True,False,True,True,True,False,False,False,AA04_trailing,AA04,trailing,False
W68,4780,-0.06052705359934557,-0.003829879596885289,0.38152361940252866,0.43214534349444167,0.005518327625544386,0.006250516261588863,10.968368989033076,0.612730122857363,0.2778408497415836,0.06582789757829574,0.3288068360471716,0.3825297201376263,0.0047558362170825146,0.005532879787450547,58.4210298797939,11.897583194849798,922.4097525475556,True,False,True,True,True,True,False,False,True,False,AA04_trailing,AA04,trailing,False
W84,354,-0.1453822629232686,0.11071315302689468,0.29772457865482416,0.3268804381524199,0.015823882823553084,0.01737349927240134,9.187521453765706,6.372530443695242,0.26679837444458493,0.026121029544786484,0.24044488854231902,0.3147979416047194,0.012779501642110351,0.016731321826217227,20.877056235545584,1.561205373735386,646.7304445115977,True,True,True,False,True,False,False,False,False,True,AA04_trailing,AA04,trailing,False
691,3214,0.15095899671534227,0.016311422840451634,0.4335865312866445,0.36887706250263036,0.007648087479963697,0.006506669003302256,19.738136770901427,2.5068776100602754,-0.07568982185298041,-0.009612457119460282,0.4500548490807484,0.37250086783761943,0.007938574213403955,0.006570589762395285,9.534435254781807,1.4629519521176277,716.8270511350477,True,False,True,False,False,False,False,False,False,False,AA05_clean,AA05,clean,False
703,11201,0.12127532056768006,0.01016446149263685,0.492397860864545,0.3930707406815465,0.0046525147528979835,0.003714003583895571,26.066617089637262,2.736793668350604,0.21378975286111193,0.002400487943767065,0.46390013972397687,0.38839306146929603,0.004383248619617726,0.003669805643014779,48.77427027622199,0.6541185493940879,941.5147765161167,True,False,True,False,True,False,False,False,False,False,AA05_clean,AA05,clean,False
F51,11792,0.03271014202269598,-0.0005903047253816682,0.28706249883295515,0.19597715555343892,0.002643520762428226,0.0018047278267741005,12.373703466830287,0.32708795011867303,0.14733112439663107,0.004930001378860443,0.25720032747960553,0.18433303961927805,0.002368523957534857,0.001697498695984754,62.20377206991491,2.904274030090166,711.6464864123344,True,False,True,False,True,True,False,False,False,False,AA05_clean,AA05,clean,False
F52,6019,-0.013459296796133755,0.005806559771619916,0.2886615054450705,0.19089485820759303,0.003720717531288139,0.002460549232120982,3.617392796672219,2.359863275978708,0.18810555027721954,-0.0047634444632805055,0.2324106985334149,0.17479763005074173,0.002995669821505694,0.002253063170146782,62.792484314133546,2.114208126250707,654.8380885051354,True,False,True,False,True,False,False,False,False,False,AA05_clean,AA05,clean,False
G96,14710,0.06918514463702595,0.005511613198013135,0.3269040817103938,0.1974300554124622,0.002695342795094349,0.0016278220651355629,25.668402832821922,3.385881857765661,0.17042889701907646,-0.0037483229565456115,0.2970567538764879,0.18264020769986083,0.0024492498750885126,0.0015058789273682646,69.58411991872303,2.4891263755820883,768.1307070317077,True,True,True,False,True,False,False,False,False,True,AA05_clean,AA05,clean,False
T09,76,0.08360045162626162,0.016982938794605756,0.30935687163603115,0.24884044913848544,0.03548566686714063,0.028543957127892917,2.3558934918502206,0.5949749265146622,0.010551059037390339,0.0070960821519297675,0.29775877958053276,0.27599566274128084,0.03415527446693538,0.0316588737564415,0.30891448545098005,0.22414196432006547,490.29880288748876,False,False,False,False,False,False,False,False,False,False,AA05_clean,AA05,clean,False
V00,470,0.08086898018861256,0.03281055202839717,0.4770323026229331,0.36958649247487724,0.022003859320376757,0.017047753668700347,3.6752180156743477,1.9246261217768124,0.29357590953685203,-0.03935260456348319,0.39890915496302315,0.3531791779133119,0.018400307231090974,0.016290940682550808,15.954946069639382,2.4156127832221306,871.7454556161142,True,False,True,False,True,True,False,False,False,False,AA05_clean,AA05,clean,False
W68,4780,-0.04357551223087655,-0.011913695261866229,0.3762656113969746,0.4073218712474821,0.005442276211275931,0.005891471511287819,8.006854216732295,2.0221934773069976,0.26397264229041467,0.0648059962601282,0.31973552111662634,0.36524029003266856,0.004624629431354193,0.005282806830165442,57.079739297753356,12.26734165066919,922.4097525475556,True,False,True,True,True,True,False,False,True,False,AA05_clean,AA05,clean,False
W84,354,-0.023686315279862043,0.019282192859809227,0.2926125716628743,0.22379993508064022,0.015552182717370105,0.011894832346847142,1.5230219262667863,1.6210562955029952,0.1438594453814012,0.012474278598294315,0.27042388330302064,0.20640911421159608,0.014372867236595735,0.01097052064614538,10.009098603172989,1.1370726149334853,646.7304445115977,False,False,True,False,True,False,True,False,False,False,AA05_clean,AA05,clean,True
691,3214,0.14529326561667627,0.016197516658341248,0.435820803421735,0.3683024492497873,0.007687498087789799,0.006496533327704009,18.899941692011392,2.493255378105747,-0.07043445989829496,-0.009100063356023898,0.45168966888504336,0.3713443956615531,0.007967411006004782,0.006550190603905622,8.840319627694713,1.389282221894106,716.8270511350477,True,False,True,False,False,False,False,False,False,False,AA05_constant,AA05,constant,False
703,11201,0.10827019288475627,0.009710272578818823,0.49314757542987164,0.3931168255663283,0.0046595985734278296,0.0037144390256863952,23.235948586255017,2.61419625188879,0.21797685876811979,0.0027176034634730285,0.46002822005923316,0.3878111082145685,0.004346664050930473,0.0036643069471058182,50.14808050819073,0.741641871901445,941.5147765161167,True,False,True,False,True,False,False,False,False,False,AA05_constant,AA05,constant,False
F51,11792,0.026945780369026,-0.00042720034053126576,0.28703195467092335,0.19553065260460945,0.0026432394852609533,0.001800616039896627,10.194225880507298,0.2372523242410921,0.15086798373814655,0.005304006969519752,0.2548457753467459,0.1832737979462836,0.002346841196900017,0.001687744278858261,64.28555282625457,3.1426603164715505,711.6464864123344,True,False,True,True,True,True,False,False,True,False,AA05_constant,AA05,constant,False
F52,6019,-0.01906658414804935,0.005234615928971122,0.28888703492940687,0.1903289301132067,0.0037236245053403213,0.002453254672429051,5.120436854120111,2.133743384981776,0.19086002106554503,-0.004306045011600267,0.23124051758326755,0.17363035036459518,0.002980586713111038,0.0022380174577457967,64.03437961592859,1.9240444245405728,654.8380885051354,True,False,True,False,True,False,False,False,False,False,AA05_constant,AA05,constant,False
G96,14710,0.061117396077475135,0.0045723642830639444,0.32647890314908773,0.19696958226872846,0.00269183717361098,0.0016240254378074384,22.704715083300844,2.8154511478816455,0.17492112934922485,-0.0034396003814777094,0.29260860868789,0.18141355329977654,0.002412574664357304,0.0014957650918907774,72.50392368512368,2.2995592022606672,768.1307070317077,True,False,True,False,True,False,False,False,False,False,AA05_constant,AA05,constant,False
T09,76,0.08309953695745105,0.017402055412864777,0.309247037532716,0.24908987858216647,0.035473068031432596,0.02857256864732842,2.3426092404473375,0.6090476368316258,0.010779161798678332,0.007715206311963961,0.29793099653047544,0.2757590209645295,0.034175029105913406,0.031631729083002574,0.3154104643268082,0.24390719494716953,490.29880288748876,False,False,False,False,False,False,False,False,False,False,AA05_constant,AA05,constant,False
V00,470,0.08024009085925139,0.033044874121040506,0.47707660801806956,0.3695437606194627,0.02200590297586163,0.017045782595190503,3.6462984930573903,1.9385953057012573,0.29368430031810167,-0.03977976400333853,0.3986824753643922,0.3531901501686378,0.018389851280892947,0.016291446794948837,15.969911655742406,2.4417575985745015,871.7454556161142,True,False,True,False,True,True,False,False,False,False,AA05_constant,AA05,constant,False
W68,4780,-0.04563486384409497,-0.012030728809516293,0.37669924141501854,0.4072222988822104,0.005448548201753439,0.005890031304427546,8.375600647051057,2.0425577026174335,0.2652387829089377,0.06439312763677686,0.3193741927534974,0.3653033178072341,0.004619403206327103,0.005283718458939844,57.41840905891166,12.187085314477008,922.4097525475556,True,False,True,True,True,True,False,False,True,False,AA05_constant,AA05,constant,False
W84,354,0.47631368022855475,0.019282192859809227,0.2926125676266621,0.22379993508064022,0.015552182502847848,0.011894832346847142,30.626806246733167,1.6210562955029952,-0.14091845923501595,-0.1519344489925014,0.47340820127937155,0.31051529030137875,0.025161362016533084,0.016503701477556768,5.600589472955436,9.206083204977723,646.7304445115977,True,False,True,True,False,True,False,False,True,False,AA05_constant,AA05,constant,True
691,3214,0.15120240689874997,0.016585667544149987,0.43363622331269913,0.368772370606892,0.0076489640038750716,0.006504822329756668,19.767697536836195,2.549749509418257,-0.07596661456356799,-0.009965218357263548,0.4500624906908576,0.3724910524982182,0.007938709004727913,0.006570416628386339,9.569139581552356,1.5166798273050996,716.8270511350477,True,False,True,False,False,False,False,False,False,False,AA05_dcr,AA05,dcr,False
703,11201,0.11923305701436654,0.010140023168525365,0.492329742671945,0.39303819123128964,0.004651871125211511,0.003713696034229833,25.63120383283302,2.7304397223313024,0.2146273937673827,0.0023352734066626746,0.4629347791941493,0.3883309545563218,0.004374127227215651,0.0036692188140461024,49.06747852051018,0.6364497526620752,941.5147765161167,True,False,True,False,True,False,False,False,False,False,AA05_dcr,AA05,dcr,False
F51,11792,0.03302058999717452,-0.0009235062012252429,0.28721405133712924,0.19575336737208354,0.0026449163894885735,0.0018026669908718003,12.484549654728196,0.5122999455260562,0.14713992921191052,0.005193921777723112,0.2575075331705148,0.1841044891776454,0.002371352974301437,0.0016953940050544712,62.0489361164192,3.0635485098086312,711.6464864123344,True,False,True,True,True,True,False,False,True,False,AA05_dcr,AA05,dcr,False
F52,6019,-0.013917142023538644,0.005880806102406318,0.28862020649607895,0.19067747014816913,0.00372018520633092,0.0024577471973898733,3.740980959726089,2.3927628149273175,0.1884656887576835,-0.004838584971150384,0.2320870478896263,0.1745703246903331,0.0029914981096506614,0.002250133305847335,63.000437188874564,2.1503548072358822,654.8380885051354,True,False,True,False,True,False,False,False,False,False,AA05_dcr,AA05,dcr,False
G96,14710,0.06941163470983452,0.005807966279222392,0.3269085328607166,0.1973126189444634,0.002695379495082583,0.0016268537947602107,25.75208234553548,3.5700603815344416,0.1701780791022986,-0.003914639918340896,0.29721782854115175,0.18258473442298387,0.0024505779448837947,0.0015054215470371034,69.44405888316618,2.6003612915236247,768.1307070317077,True,True,True,False,True,False,False,False,False,True,AA05_dcr,AA05,dcr,False
T09,76,0.08379683858161154,0.01687748595586167,0.30941361440832504,0.24878415338421295,0.035492175709514455,0.028537499562002806,2.360994695491377,0.5914143220288912,0.01049959612584828,0.007119954422564888,0.2977222710624391,0.2761030444369278,0.034151086652699884,0.031671191281697056,0.30744544771368826,0.22480854475087417,490.29880288748876,False,False,False,False,False,False,False,False,False,False,AA05_dcr,AA05,dcr,False
V00,470,0.07974429563129236,0.0334628359460441,0.47666627515722204,0.3695894461330998,0.021986975732371048,0.017047889910794756,3.626887872254582,1.9628725972036791,0.29322781626874767,-0.04004800909063457,0.39860855530231387,0.3530439493186496,0.01838644160268461,0.016284703052611114,15.94804598981966,2.459240979786439,871.7454556161142,True,False,True,False,True,True,False,False,False,False,AA05_dcr,AA05,dcr,False
W68,4780,-0.04372740035631589,-0.011897881437373397,0.3762937060442845,0.4073274103045904,0.005442682570045075,0.005891551627774206,8.034163262979666,2.019481825684747,0.26407571215881187,0.06475716625220182,0.3197105545885838,0.36524904728103447,0.004624268317456115,0.0052829334943170795,57.10648561675249,12.257804555340693,922.4097525475556,True,False,True,True,True,True,False,False,True,False,AA05_dcr,AA05,dcr,False
W84,354,0.03508342136228218,0.16452421763463723,0.33669959662518234,0.23261748354808015,0.017895381657123878,0.012363479760406958,1.9604734916796818,13.307274393857359,0.11808532365301153,-0.0783229473372426,0.33556881520489357,0.25122660396420937,0.017835281302713953,0.01335254335147721,6.620883721920482,5.865769934278298,646.7304445115977,False,True,True,True,True,False,True,False,False,False,AA05_dcr,AA05,dcr,True
691,3214,0.150591817291761,0.016568116118411785,0.4337977588471531,0.3688198415062202,0.0076518133495292375,0.006505659674933737,19.68053981622877,2.5467234602278115,-0.0754124226559801,-0.00986372493645182,0.4502510768942316,0.37236534947096167,0.007942035500540961,0.006568199336843401,9.495351997714375,1.5017395834993355,716.8270511350477,True,False,True,False,False,False,False,False,False,False,AA05_epoch,AA05,epoch,False
703,11201,0.12070666096975306,0.010403346484216362,0.4924009750641796,0.3930413311978268,0.0046525441780049855,0.00371372570280031,25.94422671801736,2.8013233385469984,0.21405569632666346,0.0024194309994812974,0.4637633400651908,0.3882131294778733,0.004381956042047271,0.003668105521403481,48.84934816157024,0.6595859866527453,941.5147765161167,True,False,True,False,True,False,False,False,False,False,AA05_epoch,AA05,epoch,False
F51,11792,0.032005475299250415,-0.0007424047149177772,0.28707088067703307,0.19568197608650498,0.0026435979497269413,0.00180200955792096,12.106786246583479,0.4119871127511193,0.14786550225190156,0.005182627345307395,0.25687295187599973,0.1839305525810888,0.0023655091986974513,0.0016937922458340477,62.50895254743567,3.0597774656568903,711.6464864123344,True,False,True,True,True,True,False,False,True,False,AA05_epoch,AA05,epoch,False
F52,6019,-0.015000588637614736,0.005720766688738877,0.28864778048578965,0.19083194814050294,0.0037205406227095814,0.002459738349529776,4.031830359828235,2.325762286802784,0.18875396365270372,-0.0047194311663175895,0.23193527602668187,0.17476250521666709,0.0029895418383066768,0.0022526104267658327,63.13809067131736,2.0950942560864707,654.8380885051354,True,False,True,False,True,False,False,False,False,False,AA05_epoch,AA05,epoch,False
G96,14710,0.06532784904945094,0.005858802223651588,0.3264342289789485,0.19731887040924495,0.0026914688325306805,0.0016269053384438184,24.2721922913838,3.601194295210624,0.1723711265654248,-0.003810419820367138,0.29505129609883507,0.18169418126990652,0.0024327147613524562,0.0014980788855070402,70.8554612747102,2.5435374980787224,768.1307070317077,True,True,True,False,True,False,False,False,False,True,AA05_epoch,AA05,epoch,False
T09,76,0.08360785603158993,0.016647494866721107,0.3093577072252571,0.24864370855005632,0.03548576271579837,0.02852138943465462,2.3560957869553545,0.5836845678525654,0.010245105477821906,0.006980052816496528,0.29755363131580986,0.2760367736165328,0.03413174234708354,0.03166358949724949,0.30016356544708656,0.22044414190952236,490.29880288748876,False,False,False,False,False,False,False,False,False,False,AA05_epoch,AA05,epoch,False
V00,470,0.08044329369303413,0.03321967179049253,0.47710075954759434,0.3694965710614952,0.022007017002847042,0.017043605903194595,3.6553474595228965,1.9490987986448307,0.29387367291465266,-0.03987148109605818,0.3987045381096162,0.35304300365418123,0.018390868959443144,0.016284659432361893,15.979325042374226,2.448407426735808,871.7454556161142,True,False,True,False,True,True,False,False,False,False,AA05_epoch,AA05,epoch,False
W68,4780,-0.04384077385237139,-0.011726090566115514,0.37630299674434486,0.40728269605900524,0.005442816950000068,0.005890904884442681,8.05479483420269,1.9905414866030178,0.2640503962892506,0.06467380093040814,0.31973746821350585,0.3652263133814581,0.004624657594010326,0.005282604672981549,57.0962046209082,12.242786453657846,922.4097525475556,True,False,True,True,True,True,False,False,True,False,AA05_epoch,AA05,epoch,False
W84,354,0.22631372049218892,0.16928219285995583,0.2926126085876913,0.2237999350808959,0.015552184679901986,0.01189483234686073,14.551892557233652,14.23157451266075,0.05079310282895387,-0.15516346954250496,0.34776643999379475,0.2610297558370172,0.01848357774588069,0.013873574995010591,2.7480125074959463,11.18410140128316,646.7304445115977,True,True,False,True,False,False,False,True,False,False,AA05_epoch,AA05,epoch,True
691,2442,0.17810374732905862,0.01702449727573832,0.4336356522369895,0.37059991481887894,0.00877510156113715,0.007499503037418924,20.29648843243456,2.2700833896318517,-0.0959702294526992,-0.018341897290762563,0.4553639552444939,0.37483478362505557,0.00921479803133838,0.007585200335785853,10.414794673341337,2.418116394926078,738.7919970128083,True,False,True,False,False,True,False,False,False,False,AA05_mag_dep,AA05,mag_dep,False
703,8474,0.12211153765120973,0.0028133917444055994,0.49617660260200774,0.3999750343026971,0.005390040783437278,0.004344988731718843,22.655030371280066,0.6475026560753919,0.20457150218645972,0.002341205783252079,0.47092181761701907,0.39681145952240937,0.005115694269852848,0.004310622344836062,39.9890007876378,0.5431247731680187,967.6704973508477,True,False,True,False,True,False,False,False,False,False,AA05_mag_dep,AA05,mag_dep,False
F51,9545,0.03320357050298306,-0.0021564042061611773,0.2848652238593091,0.1973939359476944,0.0029157579454545486,0.002020439453179071,11.387629262828547,1.067294643632192,0.14078644030438084,0.004902478829827611,0.2576440603694866,0.18699972453970887,0.002637133820492327,0.0019140487744961007,53.38615705064879,2.5613134289737496,726.4650349824591,True,False,True,False,True,True,False,False,False,False,AA05_mag_dep,AA05,mag_dep,False
F52,4698,-0.015466343726637556,0.006848469343030411,0.2886187365583209,0.19298345732864755,0.004210832972661457,0.0028155521536401325,3.6729891275792053,2.4323716874419303,0.18227891432274937,-0.005009820609088333,0.23672750222600197,0.17757215371129367,0.003453760430787594,0.0025907073421164795,52.77694211152409,1.9337655502977644,672.5448595537521,True,False,True,False,True,False,False,False,False,False,AA05_mag_dep,AA05,mag_dep,False
G96,11538,0.06302244508636597,0.003466844373721765,0.32304922295291527,0.1995995407982463,0.0030074847471414784,0.0018582077647487862,20.955200237097415,1.8656925449832316,0.16336143523786237,-0.004118931861527356,0.2949101398552547,0.18575990067041379,0.002745518900447288,0.0017293651499611013,59.50111478425744,2.3817594922737992,778.7725052393674,True,False,True,False,True,True,False,False,False,False,AA05_mag_dep,AA05,mag_dep,False
T09,73,0.07952122232485455,0.013428817443721344,0.3137957093177905,0.24321661430073888,0.03672700980377772,0.028466351554917297,2.165197296205558,0.4717435396599548,0.016693613133452825,0.0009765061916437803,0.294721435977804,0.2776186601846711,0.03449453497013313,0.03249280647106664,0.483949505274006,0.030052996268983855,496.62991327266616,False,False,False,False,False,False,False,False,False,False,AA05_mag_dep,AA05,mag_dep,False
V00,387,0.04546780932518846,0.046357413813930895,0.4727678299642119,0.36815392562096183,0.02403213938959675,0.018714315773177587,1.891958455636745,2.477109736513742,0.28423339739326475,-0.04434534059985177,0.3951115791858022,0.352407865501661,0.02008465031589752,0.01791389855432271,14.151772270004955,2.475471236223509,845.0142741946358,False,False,True,False,True,False,True,False,False,False,AA05_mag_dep,AA05,mag_dep,False
W68,3683,-0.028386749687517216,-0.018208503303945568,0.3834360301039244,0.4380529545180486,0.0063181809553278555,0.0072181475327472286,4.49286747059371,2.522600600962697,0.2679938602513624,0.07267420391790838,0.3307145703943935,0.39186213105456497,0.005449447459981682,0.00645702453385014,49.17817122183306,11.255060831335392,996.3090922551378,True,False,True,True,True,True,False,False,True,False,AA05_mag_dep,AA05,mag_dep,False
W84,354,0.08471291710428305,0.025893210655814146,0.38032445363589334,0.240937839433276,0.020214016647391465,0.012805701686364385,4.190800798376452,2.022006391370607,0.2243858047477058,0.010443957054431229,0.3285330967269878,0.22771106286071308,0.017461337084615104,0.012102706443031755,12.850436576555666,0.8629439294088169,646.7304445115977,True,False,True,False,True,False,False,False,False,False,AA05_mag_dep,AA05,mag_dep,True
691,3214,0.15083466911718238,0.016256124066128676,0.433614604020695,0.36884224800803017,0.007648582658458248,0.006506054906043554,19.72060391481559,2.4986146444949555,-0.07559407587114439,-0.009620338816424724,0.4500410059480066,0.37248224293490884,0.007938330032640563,0.00657026123538866,9.522667306639958,1.4642247045837042,716.8270511350477,True,False,True,False,False,False,False,False,False,False,AA05_seasonal,AA05,seasonal,False
703,11201,0.12091448485735118,0.010254824128664363,0.49236628396205157,0.39309111054109896,0.004652216392534591,0.0037141960523841945,25.990726710688392,2.7609808378536314,0.2138833681146854,0.0025849448826293572,0.4638790299322155,0.38823595971718017,0.004383049159739027,0.0036683212372577313,48.79784832881508,0.7046669894596646,941.5147765161167,True,False,True,False,True,False,False,False,False,False,AA05_seasonal,AA05,seasonal,False
F51,11792,0.032507355860378805,-0.000569591921976081,0.28697370933368443,0.19600524091762944,0.0026427031116178206,0.0018049864611957328,12.300797512013494,0.31556575864771236,0.14745157466028583,0.004882163503084334,0.2570558022912378,0.18429525890120477,0.0023671930441006846,0.0016971507783255257,62.289628227723966,2.8766822402787713,711.6464864123344,True,False,True,False,True,True,False,False,False,False,AA05_seasonal,AA05,seasonal,False
F52,6019,-0.013702941726836582,0.005786243725782718,0.2886602498403672,0.1909873389099496,0.0037207013471058223,0.0024617412669578867,3.682892134703455,2.3504678592535875,0.18825622788207466,-0.00475523139920902,0.23232066506677113,0.17487248969246116,0.0029945093304411595,0.0022540280774034738,62.86713685221353,2.1096593458085073,654.8380885051354,True,False,True,False,True,False,False,False,False,False,AA05_seasonal,AA05,seasonal,False
G96,14710,0.06698907753522486,0.005665650856383041,0.32653814040973606,0.19749684703025705,0.0026923255882029735,0.0016283727658330095,24.881491981784254,3.479332850107404,0.1712182381145597,-0.0039032390693574683,0.2960631253714716,0.18211484421939303,0.0024410573514039397,0.0015015472755134582,70.1410141044355,2.5994779738271943,768.1307070317077,True,True,True,False,True,False,False,False,False,True,AA05_seasonal,AA05,seasonal,False
T09,76,0.08346028252184012,0.01707534073078133,0.30932159934709874,0.24889648264769812,0.035481620858115265,0.0285503846122116,2.3522116663041706,0.5980774326759103,0.01062368550482531,0.007190972881403991,0.2977949216893567,0.27592512920093165,0.034159420251145114,0.031650783004480654,0.31100309743896126,0.2271973138985534,490.29880288748876,False,False,False,False,False,False,False,False,False,False,AA05_seasonal,AA05,seasonal,False
V00,470,0.08047307072837472,0.03322398812591608,0.47709659793172565,0.36955558747261286,0.022006825041821308,0.017046328127246692,3.6567324262107497,1.9490407481251735,0.29393664130889624,-0.03966712048089289,0.39867235333257506,0.35311323550273466,0.018389384386380946,0.0162878989859663,15.984039222464876,2.43537367926153,871.7454556161142,True,False,True,False,True,True,False,False,False,False,AA05_seasonal,AA05,seasonal,False
W68,4780,-0.04367905571932666,-0.011910250148783488,0.37630299086190666,0.40731585433190826,0.005442816864916944,0.005891384483094168,8.02508274729416,2.0216385779880723,0.2640386321330359,0.0648031379603799,0.31972681044360324,0.36524477124608035,0.004624503440864651,0.005282871646083798,57.095563990686145,12.26665009141734,922.4097525475556,True,False,True,True,True,True,False,False,True,False,AA05_seasonal,AA05,seasonal,False
W84,354,0.04094208876722246,0.04082499192259542,0.3133745474449171,0.22805936665205437,0.016655669280168768,0.012121218580679528,2.458147317800705,3.3680600387545137,0.10466191600900465,-0.046126930637974885,0.299512135675551,0.22525695906938975,0.0159188904072877,0.011972272298137857,6.574699198952347,3.8528133581750703,646.7304445115977,False,True,True,True,True,True,True,False,False,False,AA05_seasonal,AA05,seasonal,True
691,3214,0.15106393397076925,0.016305893480122725,0.43370206207507583,0.36886620779929225,0.007650125342103764,0.006506477535821814,19.746595933450035,2.5061015565410965,-0.07579002917517709,-0.009547666433124345,0.45020784454160634,0.3724633291568048,0.007941272919623465,0.006569927612872556,9.543813686077252,1.4532376908411382,716.8270511350477,True,False,True,False,False,False,False,False,False,False,AA05_step,AA05,step,False
703,11201,0.12095885843202353,0.010285323689708215,0.49239420025929115,0.39307864567431483,0.004652480164973661,0.0037140782757218343,25.998790783175387,2.769280269869717,0.21396018696406996,0.0025974303363804517,0.46388343523449965,0.3882256957993439,0.004383090784074745,0.003668224256679725,48.814911099140325,0.7080892973352461,941.5147765161167,True,False,True,False,True,False,False,False,False,False,AA05_step,AA05,step,False
F51,11792,0.03232810012862648,-0.0005713878492937249,0.2870705759842921,0.19594791629908606,0.0026435951438516002,0.0018044585663298629,12.228839277381136,0.31665334962824115,0.14772463033079952,0.004994484176595061,0.2569656820080853,0.18425760911184644,0.002366363138276698,0.0016968040663715978,62.42686422100873,2.943465468747454,711.6464864123344,True,False,True,False,True,True,False,False,False,False,AA05_step,AA05,step,False
F52,6019,-0.013863874463303618,0.005884927894505035,0.2886244522122764,0.1906615379810637,0.003720239931711308,0.002457541838890931,3.7266076161185238,2.394639961515714,0.18833755449261186,-0.00465316471998138,0.23211627397759538,0.17466031258190054,0.0029918748208359984,0.002251293209469546,62.94967729966257,2.0668852464036735,654.8380885051354,True,False,True,False,True,False,False,False,False,False,AA05_step,AA05,step,False
G96,14710,0.06895476022867995,0.005390121841274921,0.32696902203271144,0.19721338828746382,0.0026958782317550176,0.0016260356323347161,25.57784673523269,3.3148854392173464,0.17054374797506328,-0.0036857046819865655,0.29701472368215465,0.18239386151548345,0.0024489033337395036,0.0015038477890304178,69.64086561744395,2.4508495533067647,768.1307070317077,True,True,True,False,True,False,False,False,False,True,AA05_step,AA05,step,False
T09,76,0.08313630929182657,0.017421223503956782,0.30925329467581514,0.2491054389139751,0.03547378577497061,0.028574353539798994,2.3435984481387213,0.6096804072817296,0.010843647818454392,0.0076633221719297874,0.29795269625488335,0.27576801051201194,0.03417751823501332,0.031632760254819,0.3172742896043741,0.24225904126600337,490.29880288748876,False,False,False,False,False,False,False,False,False,False,AA05_step,AA05,step,False
V00,470,0.0809004022831485,0.03274111035643048,0.4770425747081718,0.36950839777252575,0.022004333136336967,0.0170441514286953,3.6765668735287966,1.920958663938411,0.2935732544620565,-0.03942985261858517,0.39889803201118207,0.3531182271631753,0.018399794167581033,0.01628812923409312,15.95524666136261,2.4207723337590847,871.7454556161142,True,False,True,False,True,True,False,False,False,False,AA05_step,AA05,step,False
W68,4780,-0.04362593307644847,-0.011915453210752134,0.37624541493154084,0.4073114622338957,0.005441984091188278,0.005891320956133938,8.016549174976104,2.0225435516878396,0.26399066887377387,0.06486534519194678,0.3197081529212382,0.36521434124075414,0.004624233579928512,0.0052824315088799735,57.08852381930392,12.279448409866859,922.4097525475556,True,False,True,True,True,True,False,False,True,False,AA05_step,AA05,step,False
W84,354,0.041850387609966476,-0.013486168722163768,0.355047735810349,0.24214368089774274,0.018870574252267097,0.012869791437112258,2.21775909150929,1.0478933390695113,0.15077120433638244,0.00676324595741919,0.33738909340269285,0.2235120611903891,0.01793202799738856,0.011879532022205234,8.40792822531502,0.5693192244254507,646.7304445115977,False,False,True,False,True,False,True,False,False,False,AA05_step,AA05,step,True
691,3214,0.1509172472381315,0.016309337542645297,0.43358523014933714,0.3688731340342305,0.007648064529038721,0.006506599708552958,19.73273717358399,2.5065838184584477,-0.07565492006517005,-0.009615059538570713,0.4500497152521874,0.37249167726781074,0.007938483657154837,0.006570427648775936,9.530147485657842,1.4633841284839335,716.8270511350477,True,False,True,False,False,False,False,False,False,False,AA05_timing,AA05,timing,False
703,11201,0.12125005879590348,0.010168687636011142,0.4923983628023233,0.393069811496965,0.004652519495552459,0.0037139948043184907,26.061160820886737,2.737938034858687,0.2138073807839136,0.0023993646537236084,0.4638874832500995,0.3883903994624083,0.0043831290325193365,0.0036697804905368703,48.779622775791594,0.6538169407981657,941.5147765161167,True,False,True,False,True,False,False,False,False,False,AA05_timing,AA05,timing,False
F51,11792,0.032663919440642224,-0.0005862897300613643,0.28705117092527066,0.19596965880644063,0.002643416445217582,0.001804658790217876,12.35670584547401,0.32487566804281137,0.1473668737794024,0.004936052592561834,0.25716722326488956,0.18431666442849598,0.0023682191051794246,0.0016973478990084958,62.22687480947308,2.9080971528849355,711.6464864123344,True,False,True,False,True,True,False,False,False,False,AA05_timing,AA05,timing,False
F52,6019,-0.013490906179672413,0.005807517251505175,0.2886599790274019,0.19089422361422362,0.0037206978564479805,0.0024605410524966456,3.625907477623487,2.360260254797392,0.18812518636576148,-0.00476076227389547,0.23239342149649983,0.17479879335975393,0.0029954471282371913,0.002253078164678974,62.803707864632685,2.1130036003761097,654.8380885051354,True,False,True,False,True,False,False,False,False,False,AA05_timing,AA05,timing,False
G96,14710,0.06831243508327668,0.005521502217139393,0.3266863480293228,0.19764790714363686,0.002693547568477864,0.0016296182650818844,25.361510553118002,3.388218170751756,0.17076584606773154,-0.0038382851643714256,0.29650750912844587,0.18273386982401893,0.0024447213208207506,0.001506651176922941,69.85084337154692,2.5475605921009663,768.1307070317077,True,True,True,False,True,False,False,False,False,True,AA05_timing,AA05,timing,False
T09,76,0.08359132752122427,0.01698407105327744,0.3093539146947783,0.24884118319366721,0.03548532768271686,0.02854404132979703,2.3556588872064284,0.5950128384780549,0.01055453939135112,0.007087194429796048,0.2977585904173182,0.2759905809931737,0.034155252768426535,0.031658290839955826,0.30901657976040053,0.22386535222714307,490.29880288748876,False,False,False,False,False,False,False,False,False,False,AA05_timing,AA05,timing,False
V00,470,0.08086700644439315,0.032811765682054746,0.4770326079862237,0.36958038290343714,0.022003873405735026,0.01704747185518429,3.6751259632004705,1.9247291305588161,0.29358166297998994,-0.03936029432865068,0.39890418115459286,0.3531728233844065,0.018400077806415987,0.01629064756998943,15.95545769255497,2.4161282821660244,871.7454556161142,True,False,True,False,True,True,False,False,False,False,AA05_timing,AA05,timing,False
W68,4780,-0.04357654429892334,-0.011911305258807042,0.37626607613083235,0.4073217019261101,0.005442282933149899,0.005891469062236811,8.007033966112084,2.0217886460876504,0.26397216696294945,0.06480754086323164,0.31973661299178635,0.36523973879843,0.004624645224150635,0.005282798857156768,57.079441593583155,12.267652548503696,922.4097525475556,True,False,True,True,True,True,False,False,True,False,AA05_timing,AA05,timing,False
W84,354,-0.01467503107476147,0.019282192859809227,0.293178810311019,0.22379993508064022,0.015582277961971315,0.011894832346847142,0.9417770052989691,1.6210562955029952,0.13930169485470176,0.009192569487107621,0.27275691815977404,0.2066108315642986,0.0144968666402168,0.010981241802480755,9.609089902796988,0.8371156607289116,646.7304445115977,False,False,True,False,True,False,True,False,False,False,AA05_timing,AA05,timing,True
691,3214,0.11727176216134531,0.013365135455934813,0.4454279514971419,0.3683209803768019,0.007856959783695435,0.006496860200589312,14.925844778371491,2.0571683926217927,-0.045161819621311765,-0.010783802812807315,0.457876222692668,0.3690458601212451,0.00807653640844708,0.006509646445774336,5.591731075969393,1.6565880962410025,716.8270511350477,True,False,True,False,False,False,False,False,False,False,AA05_trailing,AA05,trailing,False
703,11201,0.09363060014576254,0.008691185465341832,0.4973909154543392,0.3935583472021497,0.004699692577960536,0.003718610826759568,19.922707409597027,2.3372129728658404,0.2266059348966333,0.0023792811280261375,0.45771505995963,0.38763532877432133,0.004324807718187022,0.0036626460616633627,52.396765281307694,0.6496071659584833,941.5147765161167,True,False,True,False,True,False,False,False,False,False,AA05_trailing,AA05,trailing,False
F51,11792,0.010404169829774752,4.170098180276958e-05,0.29016926662175274,0.1948413472778599,0.002672130578015837,0.001794268317883745,3.893585858180726,0.023241218376944827,0.16178748936081574,0.0060859111525916835,0.25090292439388995,0.1818896663349234,0.0023105320015177947,0.0016749979930583414,70.0217479154312,3.6333841460189182,711.6464864123344,True,False,True,True,True,True,False,False,True,False,AA05_trailing,AA05,trailing,False
F52,6019,-0.027235772375138145,0.0037115772611199262,0.29030888683835787,0.19213033386533834,0.0037419515396858696,0.002476473960055055,7.278494145711075,1.4987346206690635,0.19471053748325987,-0.003281971586602907,0.23103209245004613,0.1750540189369634,0.0029779002064847307,0.00225636790806922,65.38517881131631,1.454537433751794,654.8380885051354,True,False,True,False,True,False,False,False,False,False,AA05_trailing,AA05,trailing,False
G96,14710,0.037219893328198195,0.004681695062070902,0.3286862968744191,0.19639862312149595,0.00271003726075085,0.0016193178470801078,13.734089146023754,2.8911526359774,0.18979803351684515,-0.003018803130906512,0.28186825359194556,0.18036037965835355,0.00232401982413278,0.0014870816151610266,81.6679924783642,2.0300184604055,768.1307070317077,True,False,True,False,True,False,False,False,False,False,AA05_trailing,AA05,trailing,False
T09,76,0.07941849333001873,0.01657911422257275,0.3109985712326168,0.24849596450300607,0.03567398272601348,0.028504442030165097,2.2262300775322945,0.581632652378452,0.008407896504001743,-0.00687681246153615,0.2971329700619102,0.27700672140039845,0.03408348919194639,0.031774850138575325,0.24668532193553852,0.2164231280885746,490.29880288748876,False,False,False,False,False,False,False,False,False,False,AA05_trailing,AA05,trailing,False
V00,470,0.07689074759914874,0.034970786398800295,0.4776280968977195,0.37011095361477486,0.022031341260979526,0.017071945257148044,3.4900620297381812,2.048435949860956,0.2968757312198875,-0.038955211161191966,0.39660428202434367,0.35372623804215403,0.01829399137026732,0.016316174684627066,16.22804587643956,2.387521089602894,871.7454556161142,True,False,True,False,True,True,False,False,False,False,AA05_trailing,AA05,trailing,False
W68,4780,-0.04798562608917717,-0.012018145092272293,0.3772623064696357,0.4072035612301123,0.005456692330420331,0.00588976028450125,8.79390355612753,2.0405151503190595,0.2656222761894626,0.06415795389011968,0.3197126662213617,0.36563083270064517,0.004624298859946543,0.005288455608600246,57.44055136447933,12.13169942956202,922.4097525475556,True,False,True,True,True,True,False,False,True,False,AA05_trailing,AA05,trailing,False
W84,354,3.220375997642416,0.019282192859809227,1.1259933299061977,0.22379993508064022,0.059845870277292,0.011894832346847142,53.81116495960391,1.6210562955029952,-1.496930742970563,-1.168941001507428,2.4465354249059432,1.4544902350323334,0.13003189075721952,0.07730528380002427,11.512027812972885,15.121100965508143,646.7304445115977,True,False,True,True,False,True,False,False,True,False,AA05_trailing,AA05,trailing,True
691,3214,0.15095899671534227,0.016311422840451634,0.4335865312866445,0.36887706250263036,0.007648087479963697,0.006506669003302256,19.738136770901427,2.5068776100602754,-0.07568982185298041,-0.009612457119460282,0.4500548490807484,0.37250086783761943,0.007938574213403955,0.006570589762395285,9.534435254781807,1.4629519521176277,716.8270511350477,True,False,True,False,False,False,False,False,False,False,AA06_clean,AA06,clean,False
703,11201,0.12127532056768006,0.01016446149263685,0.492397860864545,0.3930707406815465,0.0046525147528979835,0.003714003583895571,26.066617089637262,2.736793668350604,0.21378975286111193,0.002400487943767065,0.46390013972397687,0.38839306146929603,0.004383248619617726,0.003669805643014779,48.77427027622199,0.6541185493940879,941.5147765161167,True,False,True,False,True,False,False,False,False,False,AA06_clean,AA06,clean,False
F51,11792,0.03271014202269598,-0.0005903047253816682,0.28706249883295515,0.19597715555343892,0.002643520762428226,0.0018047278267741005,12.373703466830287,0.32708795011867303,0.14733112439663107,0.004930001378860443,0.25720032747960553,0.18433303961927805,0.002368523957534857,0.001697498695984754,62.20377206991491,2.904274030090166,711.6464864123344,True,False,True,False,True,True,False,False,False,False,AA06_clean,AA06,clean,False
F52,6019,-0.013459296796133755,0.005806559771619916,0.2886615054450705,0.19089485820759303,0.003720717531288139,0.002460549232120982,3.617392796672219,2.359863275978708,0.18810555027721954,-0.0047634444632805055,0.2324106985334149,0.17479763005074173,0.002995669821505694,0.002253063170146782,62.792484314133546,2.114208126250707,654.8380885051354,True,False,True,False,True,False,False,False,False,False,AA06_clean,AA06,clean,False
G96,14710,0.06918514463702595,0.005511613198013135,0.3269040817103938,0.1974300554124622,0.002695342795094349,0.0016278220651355629,25.668402832821922,3.385881857765661,0.17042889701907646,-0.0037483229565456115,0.2970567538764879,0.18264020769986083,0.0024492498750885126,0.0015058789273682646,69.58411991872303,2.4891263755820883,768.1307070317077,True,True,True,False,True,False,False,False,False,True,AA06_clean,AA06,clean,False
T09,76,0.08360045162626162,0.016982938794605756,0.30935687163603115,0.24884044913848544,0.03548566686714063,0.028543957127892917,2.3558934918502206,0.5949749265146622,0.010551059037390339,0.0070960821519297675,0.29775877958053276,0.27599566274128084,0.03415527446693538,0.0316588737564415,0.30891448545098005,0.22414196432006547,490.29880288748876,False,False,False,False,False,False,False,False,False,False,AA06_clean,AA06,clean,False
V00,470,0.08086898018861256,0.03281055202839717,0.4770323026229331,0.36958649247487724,0.022003859320376757,0.017047753668700347,3.6752180156743477,1.9246261217768124,0.29357590953685203,-0.03935260456348319,0.39890915496302315,0.3531791779133119,0.018400307231090974,0.016290940682550808,15.954946069639382,2.4156127832221306,871.7454556161142,True,False,True,False,True,True,False,False,False,False,AA06_clean,AA06,clean,False
W68,4780,-0.04357551223087655,-0.011913695261866229,0.3762656113969746,0.4073218712474821,0.005442276211275931,0.005891471511287819,8.006854216732295,2.0221934773069976,0.26397264229041467,0.0648059962601282,0.31973552111662634,0.36524029003266856,0.004624629431354193,0.005282806830165442,57.079739297753356,12.26734165066919,922.4097525475556,True,False,True,True,True,True,False,False,True,False,AA06_clean,AA06,clean,True
W84,354,-0.023686315279862043,0.019282192859809227,0.2926125716628743,0.22379993508064022,0.015552182717370105,0.011894832346847142,1.5230219262667863,1.6210562955029952,0.1438594453814012,0.012474278598294315,0.27042388330302064,0.20640911421159608,0.014372867236595735,0.01097052064614538,10.009098603172989,1.1370726149334853,646.7304445115977,False,False,True,False,True,False,True,False,False,False,AA06_clean,AA06,clean,False
691,3214,0.14127270512649268,0.017464524888780687,0.43389865440305886,0.3682253163270271,0.007653593058957981,0.0064951727703566565,18.458350743007315,2.6888468569284405,-0.06764481843594568,-0.00965455849279916,0.4486663797235245,0.37169236454240334,0.007914082827392066,0.006556328470857233,8.547398341828668,1.4725556438658476,716.8270511350477,True,False,True,False,False,False,False,False,False,False,AA06_constant,AA06,constant,False
703,11201,0.09280320223101282,0.011025780221753684,0.49597962058690215,0.38969168535615584,0.004686357690233949,0.0036820759375718526,19.802842285045458,2.9944467220914084,0.22232393829187322,0.003477202338341996,0.45630822296280876,0.3859071804822579,0.004311514951498025,0.0036463173241462997,51.56515535557341,0.9536203323050337,941.5147765161167,True,False,True,False,True,False,False,False,False,False,AA06_constant,AA06,constant,False
F51,11792,0.02745740836773602,-0.002469460886686865,0.2875116584200148,0.19451380384656067,0.002647657013937438,0.0017912520135432038,10.370455169683401,1.3786228113162724,0.1506770252374448,0.006625468120104753,0.25428334444166323,0.18392988896536033,0.002341661844734332,0.0016937861346841636,64.34619310054119,3.9116320439948513,711.6464864123344,True,False,True,True,True,True,False,False,True,False,AA06_constant,AA06,constant,False
F52,6019,-0.020604750185781895,0.006969934153394221,0.28916380771021577,0.18954826326742938,0.0037271919825352844,0.0024431922264000917,5.528223467514082,2.8527981049055775,0.1923056267898848,-0.004908206365886123,0.23031775620466124,0.1730881381791305,0.002968692732189396,0.0022310285854989552,64.77788176079117,2.1999746654023413,654.8380885051354,True,False,True,False,True,False,False,False,False,False,AA06_constant,AA06,constant,False
G96,14710,0.0597900432192599,0.005309576527880959,0.3272090554557137,0.19697090859083616,0.0026978573210153472,0.0016240363734088485,22.16204791614322,3.269370449342936,0.17386694634202804,-0.0036372490466703546,0.2933369798701688,0.18214007295104057,0.002418580126289862,0.0015017552878445364,71.88802407334032,2.4219984947686677,768.1307070317077,True,True,True,False,True,False,False,False,False,True,AA06_constant,AA06,constant,False
T09,76,0.08345930195885867,0.017214611333356788,0.3092738234931689,0.2489439807893201,0.035476140591819964,0.028555833022720446,2.35254739006482,0.6028404536355141,0.010590386471714338,0.0067647033026500955,0.2978612998603474,0.2758634596154151,0.03416703434955052,0.03164370901787126,0.3099591952689818,0.21377719340136858,490.29880288748876,False,False,False,False,False,False,False,False,False,False,AA06_constant,AA06,constant,False
V00,470,0.07664286064520273,0.03383488549021074,0.47631515217033416,0.36928896402445494,0.02197077963670803,0.017034029704660794,3.488399679597644,1.9863112884529581,0.2940362831599823,-0.038012537113554075,0.39769838959878473,0.3521798313747133,0.018344458789385454,0.016244844264076165,16.02861586356087,2.3399754713324628,871.7454556161142,True,False,True,False,True,True,False,False,False,False,AA06_constant,AA06,constant,False
W68,4780,0.45642448399013996,-0.011913695261866229,0.3762656074376859,0.4073218712474821,0.00544227615400909,0.005891471511287819,83.86646893210514,2.0221934773069976,0.08206508404108953,0.06618355809369554,0.5437188805777031,0.45743665429642943,0.00786430712709401,0.006616327791955974,10.435132137497524,10.003065170706998,922.4097525475556,True,False,True,True,False,True,False,False,True,False,AA06_constant,AA06,constant,True
W84,354,-0.030219382968976628,0.02369811658572023,0.2928654565765397,0.2241416845824258,0.015565623398887786,0.011912996127935341,1.9414180977252669,1.98926586823523,0.14648601359594335,0.013971494353568035,0.26995423144788905,0.2071199588120922,0.014347905522124447,0.011008301610400423,10.209574726433914,1.269178012016681,646.7304445115977,False,False,True,False,True,False,True,False,False,False,AA06_constant,AA06,constant,False
691,3214,0.1494226992834383,0.01775450761437912,0.4350016160741902,0.36925058410512046,0.00767304833890597,0.006513257597931852,19.473707538866243,2.7259028753932117,-0.07348735186508977,-0.01014988618897408,0.45151372529276396,0.3726285610393454,0.007964307514802463,0.006572842158876556,9.227086187782952,1.5442157203283458,716.8270511350477,True,False,True,False,False,False,False,False,False,False,AA06_dcr,AA06,dcr,False
703,11201,0.11496420601143861,0.00799136231162643,0.48127475369505973,0.3879739985281995,0.004547415961215109,0.003665846047186273,25.281216187823553,2.1799503330916514,0.2163584248282259,0.000702041873168158,0.45751638365068725,0.3732156963578928,0.004322930487329876,0.003526399424785192,50.049017781422386,0.19908177962878448,941.5147765161167,True,False,True,False,True,False,False,False,False,False,AA06_dcr,AA06,dcr,False
F51,11792,0.03375829407882707,-0.0007855142532733432,0.2870204099213479,0.19651105122976514,0.0026431331711818805,0.001809644401774586,12.772074614663477,0.4340710542375324,0.14678050317394103,0.004329837921438324,0.2578163639778278,0.1846191888926202,0.0023741969565510466,0.0017001338069738555,61.82322101329219,2.5467630275202846,711.6464864123344,True,False,True,False,True,True,False,False,False,False,AA06_dcr,AA06,dcr,False
F52,6019,-0.014843362349996612,0.005236193834790593,0.2887990397249928,0.19088339944929486,0.003722490286563114,0.002460401533858198,3.987481821934083,2.1281867055982633,0.1888574575051752,-0.005162959549876067,0.23230996901679768,0.1744175838226885,0.002994371463147111,0.0022481645444667234,63.07081797616531,2.296522095139059,654.8380885051354,True,False,True,False,True,True,False,False,False,False,AA06_dcr,AA06,dcr,False
G96,14710,0.07112817841577766,0.00451342811541945,0.32749257849930746,0.19684381485972216,0.0027001949846774077,0.0016229884783484153,26.341867464906557,2.780936633642897,0.1698840921651169,-0.00414096113794079,0.2984728816162288,0.181969870847972,0.0024609259290560045,0.0015003519617991243,69.03259060311635,2.759993150523974,768.1307070317077,True,False,True,False,True,False,False,False,False,False,AA06_dcr,AA06,dcr,False
T09,76,0.08366077506116901,0.01707992078021643,0.30918491922110314,0.24885060572585227,0.03546594257240986,0.028545122168365106,2.358904599542534,0.5983481408653809,0.010432598423211488,0.007031671916469567,0.29770572666755707,0.27590017195335426,0.034149188880453235,0.031647920211846474,0.30550062139786394,0.22218432899857557,490.29880288748876,False,False,False,False,False,False,False,False,False,False,AA06_dcr,AA06,dcr,False
V00,470,0.0774412681043738,0.0333975158483293,0.4774755309623704,0.36990134593771856,0.022024303919147444,0.0170622767759717,3.516173241554666,1.9573891741905178,0.2948478993603538,-0.040907901632963414,0.39863562561530647,0.35246214606011533,0.01838769026311195,0.016257866469464578,16.03506993762323,2.5161912671503592,871.7454556161142,True,False,True,False,True,True,False,False,False,False,AA06_dcr,AA06,dcr,False
W68,4780,-0.045903137814939175,0.1450867965525464,0.3896993363877956,0.44112580489612063,0.0056365805530278375,0.0063804089490209735,8.143791680628267,22.739419637797493,0.2654279085933954,0.001452529777916772,0.3552720510294943,0.4158516725655971,0.005138627005190545,0.006014845886714094,51.65346858709257,0.24149077221166973,922.4097525475556,True,True,True,False,True,False,False,False,False,True,AA06_dcr,AA06,dcr,True
W84,354,-0.021009511823767514,0.018907152133877083,0.291188773379644,0.22362090100953105,0.015476508692403785,0.011885316793326316,1.3575097744156892,1.590799173690816,0.14226962547067448,0.010140016645064958,0.2708264839359552,0.20457338861483992,0.014394265218814836,0.01087295293147932,9.883771301136855,0.9325908710326181,646.7304445115977,False,False,True,False,True,False,True,False,False,False,AA06_dcr,AA06,dcr,False
691,3214,0.14333381766058798,0.018269485120545194,0.4353404907689345,0.3690117316536664,0.007679025792362515,0.006509044449432743,18.665625241569888,2.8067845076918108,-0.06791534860015562,-0.009940295968722085,0.4511085850748412,0.37197329278817254,0.00795716119542965,0.006561283799596019,8.535122882663746,1.514992533829144,716.8270511350477,True,False,True,False,False,False,False,False,False,False,AA06_epoch,AA06,epoch,False
703,11201,0.09944555775640442,0.011610525878023055,0.4915413229000929,0.3915529190915701,0.004644421591183118,0.003699662158189063,21.411828320062497,3.138266517747734,0.21942106745430506,0.002236431858009037,0.45646774811557483,0.38526585306642297,0.004313022255216606,0.0036402576201939488,50.874086538485855,0.6143608753409828,941.5147765161167,True,True,True,False,True,False,False,False,False,True,AA06_epoch,AA06,epoch,False
F51,11792,0.030085997902099045,-0.0018893152187505764,0.28701390040323765,0.19514377946943126,0.0026430732258865258,0.0017970533761233127,11.382960414200314,1.0513406245207337,0.14918989783937758,0.005717627789110008,0.25537637821559267,0.1839525900145467,0.002351727448869894,0.0016939951856577216,63.43843029559813,3.3752326084032194,711.6464864123344,True,False,True,True,True,True,False,False,True,False,AA06_epoch,AA06,epoch,False
F52,6019,-0.01644885462436638,0.005730079267104272,0.2887856509160954,0.19018221424894133,0.0037223177108124585,0.002451363570643766,4.418981909197681,2.3375069025764565,0.1902482985265679,-0.004923004791378273,0.2312971396847295,0.17362845259998208,0.0029813165466412938,0.002237992996409827,63.81351847421193,2.199740928267302,654.8380885051354,True,False,True,False,True,False,False,False,False,False,AA06_epoch,AA06,epoch,False
G96,14710,0.06564380743198635,0.00620523833570312,0.32690363253293947,0.1965554045049668,0.002695339091600624,0.001620610518527133,24.354563637855247,3.8289510433035168,0.17207126989506788,-0.004535835324662068,0.29538603364525906,0.18155964052039195,0.00243547469151081,0.001496969589355235,70.6520459830055,3.030011669519428,768.1307070317077,True,True,True,True,True,False,False,False,False,False,AA06_epoch,AA06,epoch,False
T09,76,0.08312782789017699,0.017641077151540754,0.3091711145699658,0.24920870677797988,0.035464359070324115,0.028586199176201945,2.3439822421529883,0.6171186677460422,0.010961625913678304,0.007350265318799448,0.29804967555154144,0.2756798355247466,0.03418864252326985,0.03162264589011275,0.3206218528921551,0.23243675890819773,490.29880288748876,False,False,False,False,False,False,False,False,False,False,AA06_epoch,AA06,epoch,False
V00,470,0.07600230390524519,0.033833735998323324,0.4773123895246061,0.36979370404363276,0.02201677876576443,0.017057311625642425,3.452017423340193,1.9835327360415187,0.29517790570829666,-0.04082521747133032,0.3983185458499183,0.35194692693432905,0.0183730644641617,0.016234101183339015,16.065796007196703,2.514781509014435,871.7454556161142,True,False,True,False,True,True,False,False,False,False,AA06_epoch,AA06,epoch,False
W68,4780,0.20642456059787864,0.13808630473811273,0.37626579463156784,0.40732187124759517,0.0054422788615666766,0.005891471511289454,37.92980217453519,23.43833870256466,0.17260561140883604,0.010922534103288724,0.40717897035139694,0.4164923963706794,0.005889404603965497,0.006024113265440126,29.307820232390885,1.8131355806256935,922.4097525475556,True,True,True,False,False,False,False,False,False,True,AA06_epoch,AA06,epoch,True
W84,354,-0.022248790551282052,0.019435737343666576,0.29137533928200343,0.22344764127579145,0.015486424558239065,0.011876108142374074,1.4366641226715746,1.6365409535401305,0.14275931737643707,0.009952466947739044,0.2708679074031152,0.2044430316745662,0.014396466851254614,0.010866024538272928,9.916274517312974,0.9159253149745705,646.7304445115977,False,False,True,False,True,False,True,False,False,False,AA06_epoch,AA06,epoch,False
691,3214,0.15180646604484554,0.016235259524902648,0.4335999888401977,0.36906438524291885,0.007648324859447178,0.006509973212730675,19.848328730092426,2.493905734228452,-0.07650224802207332,-0.009524099658977285,0.4501899658485224,0.37271618497379044,0.007940957555102506,0.0065743877685014345,9.633881996122293,1.4486671602499965,716.8270511350477,True,False,True,False,False,False,False,False,False,False,AA06_mag_dep,AA06,mag_dep,False
703,11201,0.12213091652445435,0.010632064568547862,0.49192916830955946,0.39280207811621576,0.004648086222232121,0.0037114650745962855,26.275527321393835,2.8646543493890655,0.21347038073702107,0.0020026556525079542,0.464015224117152,0.38784806389447146,0.004384336016374763,0.0036646561298696303,48.6893294537063,0.5464784638822847,941.5147765161167,True,False,True,False,True,False,False,False,False,False,AA06_mag_dep,AA06,mag_dep,False
F51,11792,0.0326083893666815,-0.0005657452838140934,0.28691703788277434,0.19595210618998551,0.002642181231686702,0.0018044971504835928,12.341465822109836,0.3135196326923972,0.14739910236029816,0.004884940889508856,0.2569921822650102,0.18429898852119161,0.002366607175654187,0.001697185123905012,62.28287646408978,2.8782604918603187,711.6464864123344,True,False,True,False,True,True,False,False,False,False,AA06_mag_dep,AA06,mag_dep,False
F52,6019,-0.013477494782981169,0.005837317313999833,0.28870445105585546,0.19088844889074014,0.003721271080978435,0.0024604666188970904,3.621744960175685,2.3724432061656757,0.18820325226781404,-0.004874585800218548,0.23240048522274687,0.174769310747678,0.002995538176505103,0.002252698147012781,62.827859696113414,2.163887694710698,654.8380885051354,True,False,True,False,True,False,False,False,False,False,AA06_mag_dep,AA06,mag_dep,False
G96,14710,0.0687742984048205,0.005936769265575919,0.3268861581906691,0.19759957162727204,0.002695195014652147,0.00162921973599317,25.517373708001156,3.6439340467213728,0.17056191076238014,-0.004050246255673114,0.29698835210838065,0.18263021201673862,0.002448685898609923,0.0015057965123909276,69.6544668547343,2.6897699804351842,768.1307070317077,True,True,True,False,True,False,False,False,False,True,AA06_mag_dep,AA06,mag_dep,False
T09,76,0.08368518446410078,0.01699689929188435,0.3092989291854332,0.24882974096005042,0.03547902041222754,0.028542728815585873,2.3587230845657565,0.5954896394700399,0.01047906322018051,0.007051113348867815,0.2977306484979569,0.27598225532626314,0.03415204761045852,0.031657335820463706,0.30683557658696464,0.22273236727361895,490.29880288748876,False,False,False,False,False,False,False,False,False,False,AA06_mag_dep,AA06,mag_dep,False
V00,470,0.08005255250901828,0.03261462663263328,0.4774305520105104,0.36952549583698624,0.022022229194807678,0.01704494010359838,3.6350794372757136,1.9134491781375025,0.29425581617744717,-0.0391423062220431,0.3989846387867722,0.35281985134862587,0.018403789040246466,0.016274366184060973,15.988871396751593,2.405150884485988,871.7454556161142,True,False,True,False,True,True,False,False,False,False,AA06_mag_dep,AA06,mag_dep,False
W68,4780,-0.04712383993740381,-0.01333302580585292,0.3802530766161323,0.40858120247587887,0.005499950594605681,0.005909686379133368,8.568047862761276,2.2561308588101685,0.2668901169629926,0.06380858895133441,0.3242124299658644,0.36537460489382523,0.004689383088856402,0.00528474954975382,56.91369459603671,12.07409894274116,922.4097525475556,True,False,True,True,True,True,False,False,True,False,AA06_mag_dep,AA06,mag_dep,True
W84,354,-0.023788588395430993,0.019277257258956352,0.29245249136140045,0.223829406721028,0.01554367454533968,0.011896398746860944,1.530435311550145,1.6204279689299224,0.1437850575912449,0.012523928159177924,0.2703522014070124,0.20636839089394496,0.014369057386807285,0.010968356226232151,10.00657549904831,1.1418236152127732,646.7304445115977,False,False,True,False,True,False,True,False,False,False,AA06_mag_dep,AA06,mag_dep,False
691,3214,0.14894551649926197,0.016342394528728973,0.43263743783227515,0.36902437260744764,0.007631346300886622,0.006509267424809912,19.51759370190778,2.510634985811205,-0.07426944119119204,-0.009507936943971422,0.4490012096844262,0.3722939521332207,0.007919988935278512,0.006566939950203186,9.377467796750187,1.4478489244716237,716.8270511350477,True,False,True,False,False,False,False,False,False,False,AA06_seasonal,AA06,seasonal,False
703,11201,0.11294522865465885,0.010615834886744861,0.4852376961869226,0.3887939666128075,0.004584860576380386,0.0036735936714424916,24.6343867546406,2.889768394711001,0.2143520301793576,0.0023553975546826886,0.4582159783355463,0.3788988293765567,0.004329540740645439,0.0035800975870103305,49.50918423449284,0.6579143437957609,941.5147765161167,True,False,True,False,True,False,False,False,False,False,AA06_seasonal,AA06,seasonal,False
F51,11792,0.03328740657475336,-0.00020703800984385025,0.2868101762486491,0.1960183428066219,0.0026411971569654633,0.0018051071147667126,12.60315099422494,0.11469569210058059,0.14657089078665228,0.004735437654352289,0.2573163916201018,0.18453570449737514,0.002369592776925835,0.001699365010168051,61.85488587486513,2.7865924189435907,711.6464864123344,True,False,True,False,True,True,False,False,False,False,AA06_seasonal,AA06,seasonal,False
F52,6019,-0.012809838929233073,0.005908201560625408,0.28833658171150056,0.19084432695867667,0.0037165294098759636,0.0024598979069523175,3.446720721540205,2.4018076294659543,0.1876206580713569,-0.005045003132885536,0.23224024911351665,0.1749006091238991,0.002993472804817115,0.002254390524281729,62.67658679558958,2.237856785923514,654.8380885051354,True,False,True,False,True,False,False,False,False,False,AA06_seasonal,AA06,seasonal,False
G96,14710,0.07107473524084247,0.005139475443911445,0.3275457091424968,0.19827021605941209,0.002700633049860228,0.001634749237579021,26.317805465841044,3.143892240942557,0.1691826848242956,-0.004082857818613463,0.29905753899072096,0.18329985901503282,0.002465746462448219,0.001511317790077842,68.61317146788707,2.701521708682574,768.1307070317077,True,True,True,False,True,False,False,False,False,True,AA06_seasonal,AA06,seasonal,False
T09,76,0.08364559370071502,0.01743249575837416,0.3090351212069868,0.249021663734296,0.035448759561739436,0.028564743867635883,2.3596197648336164,0.6102801355108715,0.01052571028261015,0.0071275047833960796,0.29783127315963476,0.2757627573967857,0.034163590050760674,0.03163215768117663,0.30809731257666195,0.22532464763342555,490.29880288748876,False,False,False,False,False,False,False,False,False,False,AA06_seasonal,AA06,seasonal,False
V00,470,0.07980398659349842,0.03281325730254549,0.47744119730950724,0.3698590573198552,0.02202272022583485,0.01706032614748553,3.623711593079241,1.9233663541292692,0.29451246064236214,-0.03923057327148611,0.39892555160113236,0.35298815017714597,0.018401063551609097,0.016282129230140198,16.005186864136896,2.4094252488099377,871.7454556161142,True,False,True,False,True,True,False,False,False,False,AA06_seasonal,AA06,seasonal,False
W68,4780,-0.05080821524580463,-0.014324605921304906,0.4317163021094186,0.42236919721655264,0.006244310640738489,0.006109114850685073,8.13672127621693,2.344792375232322,0.2766341572241957,0.027418196364561893,0.38025981779329576,0.3816674502838731,0.005500048098462004,0.005520407984100358,50.29667964204746,4.966697469377372,922.4097525475556,True,False,True,True,True,True,False,False,True,False,AA06_seasonal,AA06,seasonal,True
W84,354,-0.02323138370102772,0.018735537778858776,0.29236710452659614,0.22367319633888463,0.01553913628627245,0.011888096258722317,1.4950241295940456,1.575991426307007,0.14245561929188957,0.013218697759583304,0.27038703181756385,0.20679940773926284,0.014370908602241874,0.010991264513099508,9.912777489216401,1.202654866856231,646.7304445115977,False,False,True,False,True,False,True,False,False,False,AA06_seasonal,AA06,seasonal,False
691,3214,0.14731208852954727,0.016050344009594122,0.43423808461979824,0.3690952536815128,0.007659580311337021,0.006510517705010072,19.232396886224848,2.465294579760196,-0.07287820315092934,-0.00840685486326111,0.4499905873767295,0.37267171636473334,0.007937440693106427,0.006573603381100904,9.181574511066671,1.2788807562425808,716.8270511350477,True,False,True,False,False,False,False,False,False,False,AA06_step,AA06,step,False
703,11201,0.09893783993452712,0.009528677442730504,0.48424531138674104,0.387216891460114,0.004575483840024769,0.0036586923771894002,21.62347052109609,2.6043942645023397,0.21971682351524954,0.00276291135221709,0.45153497871979303,0.3770084372579198,0.00426641404626496,0.00356223585786862,51.49917967000906,0.7756115716240679,941.5147765161167,True,False,True,False,True,False,False,False,False,False,AA06_step,AA06,step,False
F51,11792,0.028279429946783036,-0.0009256899223661179,0.2871160594641114,0.1947493271295285,0.0026440139952297447,0.0017934209164514273,10.69564306308665,0.5161587633302196,0.15027173457846435,0.006128613655644279,0.25475897348695725,0.1833612436253648,0.002346041849999946,0.0016885495546054435,64.05330517802477,3.6295136491130857,711.6464864123344,True,False,True,True,True,True,False,False,True,False,AA06_step,AA06,step,False
F52,6019,-0.01567816658009771,0.007022774415632938,0.28881633790328887,0.18963902520349296,0.0037227132523345503,0.0024443621071092107,4.2114891793682405,2.873049944281095,0.1899012031607417,-0.004745993894642803,0.23091473868760112,0.17395518413731229,0.002976387569042414,0.002242204419602867,63.80257905116777,2.1166642314813564,654.8380885051354,True,False,True,False,True,False,False,False,False,False,AA06_step,AA06,step,False
G96,14710,0.06677180505399927,0.004366958300093355,0.3266372242017158,0.19775528603053025,0.002693142539718005,0.0016305036101274986,24.793268113090978,2.6782880289065276,0.17095221854479498,-0.0026481706450817376,0.2954968529288761,0.18364320519455676,0.002436388402823596,0.001514148698907004,70.16624210929335,1.7489501836862742,768.1307070317077,True,False,True,False,True,False,False,False,False,False,AA06_step,AA06,step,False
T09,76,0.08381292198823186,0.016800464249976107,0.3093190899850061,0.2486982019729659,0.03548133301454225,0.02852764025895858,2.3621694808895874,0.5889188203956067,0.010233408236260153,0.006574568633612905,0.29763692793976043,0.2760357228692525,0.03414129712513982,0.031663468968270284,0.2997369490312897,0.20763892421898653,490.29880288748876,False,False,False,False,False,False,False,False,False,False,AA06_step,AA06,step,False
V00,470,0.07770593302173405,0.03315017738853504,0.47613985361299993,0.36909320234503457,0.021962693717214866,0.017024999891730723,3.538087541640047,1.9471469955566072,0.29312320869110003,-0.03680397352068201,0.3982429217170935,0.3521818488319229,0.018369576183031148,0.016244937322438,15.95699355121061,2.2655657445872226,871.7454556161142,True,False,True,False,True,True,False,False,False,False,AA06_step,AA06,step,False
W68,4780,0.2586837870928427,-0.1630434023748543,0.405500481165574,0.41451480901578786,0.005865127068389039,0.00599550959746928,44.10540199325891,27.19425258591452,0.14698218966211504,0.11281831642397055,0.4500262165432477,0.43921597043982635,0.0065091438030988776,0.0063527852536469104,22.58087916142514,17.758874559659564,922.4097525475556,True,True,True,True,False,False,False,False,False,False,AA06_step,AA06,step,True
W84,354,-0.02537278871857281,0.01949925854983506,0.29274167753403757,0.22399662405269585,0.015559044617003488,0.011905286247766426,1.630742075952691,1.6378655787040277,0.14447432686107434,0.012322357199110371,0.2703510895884693,0.20670059135234847,0.014368998294318428,0.010986012481390724,10.054585845291678,1.121640560665964,646.7304445115977,False,False,True,False,True,False,True,False,False,False,AA06_step,AA06,step,False
691,3214,0.15312847168342864,0.015836779026922126,0.43293250189489685,0.3690769576406148,0.0076365509730807225,0.006510194978838414,20.052046037958135,2.4326120920187577,-0.07812990236983805,-0.009318039319667215,0.449984888384501,0.3723914957588494,0.007937340167864137,0.006568660534511253,9.84333551510897,1.4185600352934866,716.8270511350477,True,False,True,False,False,False,False,False,False,False,AA06_timing,AA06,timing,False
703,11201,0.12029271977543288,0.009621681023309863,0.49276080381160553,0.39290542679273266,0.004655944088299024,0.0037124415842044777,25.83637550067315,2.5917393728827247,0.21422904162834788,0.0027887000921569933,0.46360542879218763,0.38847388314568665,0.0043804639873782966,0.003670569301981739,48.90555937581483,0.7597459311424457,941.5147765161167,True,False,True,False,True,False,False,False,False,False,AA06_timing,AA06,timing,False
F51,11792,0.032610001804366615,-0.0006609518383434494,0.287101349131039,0.1959054566527466,0.002643878529708971,0.0018040675610361725,12.334152812972166,0.3663675643964405,0.147358586765654,0.00504828238188638,0.2571984779302709,0.18427724373039106,0.002368506925278512,0.0016969848789890455,62.21581418780363,2.9748540746537597,711.6464864123344,True,False,True,False,True,True,False,False,False,False,AA06_timing,AA06,timing,False
F52,6019,-0.013838653274437436,0.005164937773326047,0.2884562010337851,0.19074031470585265,0.003718071249370006,0.002458557235594166,3.7219978710150516,2.1008002980568494,0.18811537935329914,-0.004500672022833658,0.23226850767205137,0.1744845937394313,0.0029938370449813408,0.0022490282722838796,62.83420791677443,2.0011629370329094,654.8380885051354,True,False,True,False,True,False,False,False,False,False,AA06_timing,AA06,timing,False
G96,14710,0.06725631581477631,0.004924842403644168,0.32671401415800316,0.1976163260252085,0.002693775677286468,0.0016293578769595596,24.967303841174292,3.022566419130769,0.17129853615208604,-0.003764995983165258,0.2960139608923665,0.18264339577704775,0.0024406519874701606,0.0015059052132464677,70.18556395237825,2.5001546910436594,768.1307070317077,True,True,True,False,True,False,False,False,False,True,AA06_timing,AA06,timing,False
T09,76,0.0835943503344855,0.016981714176766388,0.3093522526338593,0.24883844827480803,0.035485137031254124,0.028543727613088453,2.3557567288202494,0.5949368073768888,0.01054286590991185,0.007088511027080702,0.29775531174318515,0.2759909880637664,0.03415487667871035,0.03165833753415521,0.3086782016251137,0.2239066097337905,490.29880288748876,False,False,False,False,False,False,False,False,False,False,AA06_timing,AA06,timing,False
V00,470,0.08060822319041842,0.03289010313744942,0.4767906307399618,0.3695511198090385,0.02199271182766955,0.017046122049292976,3.6652243626001284,1.9294771586370052,0.29348730248278737,-0.03924527086572085,0.3987395138408889,0.35304080915869535,0.01839248226962428,0.016284558207833314,15.956916428158815,2.409968410861942,871.7454556161142,True,False,True,False,True,True,False,False,False,False,AA06_timing,AA06,timing,False
W68,4780,-0.02055830470196668,-0.011913695261866229,0.5025723884395524,0.4073218712474821,0.007269167500835009,0.005891471511287819,2.828151187822422,2.0221934773069976,0.2700443323032051,0.06652645718056227,0.43882559238339425,0.3861619010265366,0.006347138856140541,0.005585415366169464,42.54583654522552,11.910744827235078,922.4097525475556,False,False,True,True,True,True,True,False,True,False,AA06_timing,AA06,timing,True
W84,354,-0.020892863679643447,0.01909382861449582,0.29164967316778717,0.22395911924775574,0.015501005239762859,0.011903292889873794,1.347839276000598,1.6040795426229544,0.14242283517743035,0.00978132523693526,0.2713388581279093,0.20483682919038462,0.01442149759986959,0.010886954640096135,9.875731295667812,0.8984445660231839,646.7304445115977,False,False,True,False,True,False,True,False,False,False,AA06_timing,AA06,timing,False
691,3214,0.3381534526282739,-0.11151339110960497,1.3030545067564836,1.2124189137570633,0.02298474269775249,0.021386010048006773,14.712083449223883,5.214314912378819,-0.327360139230619,0.07049185308118057,1.5744273230890866,0.8388939536679124,0.027771522012222858,0.014797356193297495,11.787619673366862,4.76381403274661,716.8270511350477,True,True,True,True,False,False,False,False,False,False,AA06_trailing,AA06,trailing,False
703,11201,0.004679123978770701,-0.21840561145652007,1.9626843949139674,1.9006251833791283,0.018544796450957513,0.01795841819839544,0.25231465824630855,12.161739917385058,0.20920017914944639,0.052742959029115605,2.0691993654145837,1.7844025310877802,0.019551223389507794,0.016860266383809917,10.700106841483594,3.1282399594683787,941.5147765161167,False,True,True,True,True,False,True,False,False,False,AA06_trailing,AA06,trailing,False
F51,11792,-0.21557414572639197,-0.05677602972896662,1.7694047452038577,1.2782054098923081,0.016294215371570664,0.011770825354880832,13.230102880714036,4.823453582668623,0.20655044209842058,-0.04657047581048423,1.5061804733675248,1.5814132355603017,0.01387021770345549,0.014563026306738643,14.891651055120974,3.1978570133417263,711.6464864123344,True,True,True,True,True,False,False,False,False,False,AA06_trailing,AA06,trailing,False
F52,6019,-0.3133416973170929,-0.0806524897351197,1.528895604625093,0.7243048956573552,0.019706779644438756,0.009335965732995761,15.900197950684335,8.638901645715404,0.2906810149186129,0.00348251729058392,1.372276820381867,0.9995895639172251,0.017688033655553534,0.012884261823636927,16.433766498818677,0.2702923410167775,654.8380885051354,True,True,True,False,True,False,False,False,False,True,AA06_trailing,AA06,trailing,False
G96,14710,-0.1256663910640952,-0.17743463190648834,1.724275190796588,1.6457171710980598,0.01421674727325912,0.013569031921148923,8.839320883228078,13.076440009691163,0.22245797688993368,-0.023808268839985013,1.782699993049886,1.581363712738885,0.014698463099455949,0.013038433987283202,15.134778063848579,1.8260067783604974,768.1307070317077,True,True,True,False,True,False,False,False,False,True,AA06_trailing,AA06,trailing,False
T09,76,0.07498942615857311,0.018667421018825056,0.3136393650403026,0.25090451401985586,0.03597690255070901,0.02878072160765094,2.084376943036617,0.6486085120903499,0.010239000947923871,-0.0065819017549312965,0.3007236083219216,0.2771090320358702,0.0344953636476885,0.03178658597333508,0.2968225252673913,0.20706538791088414,490.29880288748876,False,False,False,False,False,False,False,False,False,False,AA06_trailing,AA06,trailing,False
V00,470,-0.0833700866506624,-0.042698943325645354,0.8187855425136108,0.81527779131861,0.03776776078258337,0.03760596028521393,2.207440550436566,1.1354302084511296,0.25357765636989504,0.06673320974644559,0.6586444419023132,0.9171510623536947,0.030381002632482588,0.042305023874906464,8.346586168909921,1.577429903922803,871.7454556161142,False,False,True,False,True,True,True,False,False,False,AA06_trailing,AA06,trailing,False
W68,4780,4.825762151949464,-0.011913695261866229,118.08387851405497,0.4073218712474821,1.707955931944637,0.005891471511287819,2.8254605764066576,2.0221934773069976,0.4429160756990831,-1.0131386826665347,109.6403400573475,44.10254213715833,1.5858292557614888,0.6378957009616877,0.27929619414569457,1.5882513099541713,922.4097525475556,False,False,False,False,False,False,False,False,False,False,AA06_trailing,AA06,trailing,True
W84,354,0.2944491766484622,-0.36807321105655977,1.831832686004786,1.1363356242091442,0.09736080879402585,0.060395557017687944,3.024309065379599,6.094375633438777,-0.48971091849745396,0.03502370231036964,1.7788458207271576,1.209817551018798,0.09454458867834412,0.0643010773638363,5.17968215149287,0.5446829780501841,646.7304445115977,True,True,True,False,True,False,False,False,False,True,AA06_trailing,AA06,trailing,False
691,3214,0.15095899671534227,0.016311422840451634,0.4335865312866445,0.36887706250263036,0.007648087479963697,0.006506669003302256,19.738136770901427,2.5068776100602754,-0.07568982185298041,-0.009612457119460282,0.4500548490807484,0.37250086783761943,0.007938574213403955,0.006570589762395285,9.534435254781807,1.4629519521176277,716.8270511350477,True,False,True,False,False,False,False,False,False,False,AA07_clean,AA07,clean,False
703,11201,0.12127532056768006,0.01016446149263685,0.492397860864545,0.3930707406815465,0.0046525147528979835,0.003714003583895571,26.066617089637262,2.736793668350604,0.21378975286111193,0.002400487943767065,0.46390013972397687,0.38839306146929603,0.004383248619617726,0.003669805643014779,48.77427027622199,0.6541185493940879,941.5147765161167,True,False,True,False,True,False,False,False,False,False,AA07_clean,AA07,clean,False
F51,11792,0.03271014202269598,-0.0005903047253816682,0.28706249883295515,0.19597715555343892,0.002643520762428226,0.0018047278267741005,12.373703466830287,0.32708795011867303,0.14733112439663107,0.004930001378860443,0.25720032747960553,0.18433303961927805,0.002368523957534857,0.001697498695984754,62.20377206991491,2.904274030090166,711.6464864123344,True,False,True,False,True,True,False,False,False,False,AA07_clean,AA07,clean,False
F52,6019,-0.013459296796133755,0.005806559771619916,0.2886615054450705,0.19089485820759303,0.003720717531288139,0.002460549232120982,3.617392796672219,2.359863275978708,0.18810555027721954,-0.0047634444632805055,0.2324106985334149,0.17479763005074173,0.002995669821505694,0.002253063170146782,62.792484314133546,2.114208126250707,654.8380885051354,True,False,True,False,True,False,False,False,False,False,AA07_clean,AA07,clean,False
G96,14710,0.06918514463702595,0.005511613198013135,0.3269040817103938,0.1974300554124622,0.002695342795094349,0.0016278220651355629,25.668402832821922,3.385881857765661,0.17042889701907646,-0.0037483229565456115,0.2970567538764879,0.18264020769986083,0.0024492498750885126,0.0015058789273682646,69.58411991872303,2.4891263755820883,768.1307070317077,True,True,True,False,True,False,False,False,False,True,AA07_clean,AA07,clean,False
T09,76,0.08360045162626162,0.016982938794605756,0.30935687163603115,0.24884044913848544,0.03548566686714063,0.028543957127892917,2.3558934918502206,0.5949749265146622,0.010551059037390339,0.0070960821519297675,0.29775877958053276,0.27599566274128084,0.03415527446693538,0.0316588737564415,0.30891448545098005,0.22414196432006547,490.29880288748876,False,False,False,False,False,False,False,False,False,False,AA07_clean,AA07,clean,True
V00,470,0.08086898018861256,0.03281055202839717,0.4770323026229331,0.36958649247487724,0.022003859320376757,0.017047753668700347,3.6752180156743477,1.9246261217768124,0.29357590953685203,-0.03935260456348319,0.39890915496302315,0.3531791779133119,0.018400307231090974,0.016290940682550808,15.954946069639382,2.4156127832221306,871.7454556161142,True,False,True,False,True,True,False,False,False,False,AA07_clean,AA07,clean,False
W68,4780,-0.04357551223087655,-0.011913695261866229,0.3762656113969746,0.4073218712474821,0.005442276211275931,0.005891471511287819,8.006854216732295,2.0221934773069976,0.26397264229041467,0.0648059962601282,0.31973552111662634,0.36524029003266856,0.004624629431354193,0.005282806830165442,57.079739297753356,12.26734165066919,922.4097525475556,True,False,True,True,True,True,False,False,True,False,AA07_clean,AA07,clean,False
W84,354,-0.023686315279862043,0.019282192859809227,0.2926125716628743,0.22379993508064022,0.015552182717370105,0.011894832346847142,1.5230219262667863,1.6210562955029952,0.1438594453814012,0.012474278598294315,0.27042388330302064,0.20640911421159608,0.014372867236595735,0.01097052064614538,10.009098603172989,1.1370726149334853,646.7304445115977,False,False,True,False,True,False,True,False,False,False,AA07_clean,AA07,clean,False
691,3214,0.15060452184186573,0.01638159857012231,0.4333777803951156,0.3688887424342408,0.00764440529667448,0.006506875027088215,19.701273807052424,2.5175830950994875,-0.07539640384431137,-0.009678540383187544,0.44977307417224427,0.37252720433598274,0.007933603950274462,0.006571054315209692,9.50342420883047,1.472905247607695,716.8270511350477,True,False,True,False,False,False,False,False,False,False,AA07_constant,AA07,constant,False
703,11201,0.12073408844590773,0.010386448694160607,0.4926657899773044,0.3931363220829778,0.0046550463320312796,0.0037146232422286493,25.9361733126347,2.7960974819963402,0.21457299970476948,0.0020254730351361946,0.46361227422846674,0.3885503062843676,0.004380528667783737,0.0036712914005293477,48.983357027846935,0.5517058751708324,941.5147765161167,True,False,True,False,True,False,False,False,False,False,AA07_constant,AA07,constant,False
F51,11792,0.03253100618986935,-0.0006522105041545642,0.28704618713159136,0.1958697033416923,0.002643370550117663,0.0018037383135012912,12.306638654357904,0.36158820781964685,0.14745320778649645,0.004852492142455999,0.25709511379403027,0.184213101583502,0.002367555058554877,0.0016963942024021096,62.28079353580054,2.860474372987615,711.6464864123344,True,False,True,False,True,True,False,False,False,False,AA07_constant,AA07,constant,False
F52,6019,-0.014600635814223942,0.005317234579547901,0.2887691922789394,0.19112951929619407,0.0037221055663503376,0.0024635739084626464,3.9226818138155086,2.1583418144195377,0.18928237562318406,-0.005048261635040817,0.23190694365425696,0.17469842691786358,0.002989176646714463,0.002251784486191021,63.32257942374625,2.2418937806877524,654.8380885051354,True,False,True,False,True,True,False,False,False,False,AA07_constant,AA07,constant,False
G96,14710,0.06759855603033409,0.005706416111744366,0.32705763481314554,0.1974304083757444,0.0026966088491827554,0.0016278249753379523,25.067987168706637,3.5055464796266924,0.17155935929876126,-0.0035069467256572027,0.29648901889995427,0.18219563904036348,0.00244456886783245,0.001502213433419607,70.17980207318908,2.3345196146156564,768.1307070317077,True,True,True,False,True,False,False,False,False,True,AA07_constant,AA07,constant,False
T09,76,0.5836004477293574,0.016982938794605756,0.30935687303386405,0.24884044913848544,0.035485667027483056,0.028543957127892917,16.446089269714687,0.5949749265146622,-0.2964642314738189,-0.08863375863946747,0.49680922412097694,0.399002719526589,0.05698792637268916,0.045768750858271166,5.202228793780013,1.9365562087095916,490.29880288748876,True,False,True,False,False,True,False,False,False,False,AA07_constant,AA07,constant,True
V00,470,0.07926694095290203,0.033754297449670595,0.4766695556403355,0.3704182756854572,0.021987127049773524,0.01708612096720407,3.605152268118563,1.9755389485103279,0.2936388100586236,-0.03937496974755416,0.39908690745460745,0.35303022647014426,0.018408506342130544,0.01628407006481065,15.951256696290912,2.4180054243712816,871.7454556161142,True,False,True,False,True,True,False,False,False,False,AA07_constant,AA07,constant,False
W68,4780,-0.04358664161359126,-0.011885459086059527,0.37626265994599944,0.4073190384795746,0.005442233521721147,0.005891430538355592,8.008962026276054,2.0174147872372235,0.2639936614924188,0.06481621321177097,0.3197188346657907,0.3652320970296087,0.004624388079841637,0.005282688327213535,57.087263641043585,12.269550879591575,922.4097525475556,True,False,True,True,True,True,False,False,True,False,AA07_constant,AA07,constant,False
W84,354,-0.02376411907535586,0.019500759455916967,0.2926082177508877,0.2237205032162245,0.01555195130955886,0.011890610590885139,1.5280474200526508,1.6400132951007125,0.14395021750801315,0.01232693010949171,0.27043417749953164,0.2062782779897395,0.014373414366967333,0.010963566779410261,10.0150328817373,1.124353995147078,646.7304445115977,False,False,True,False,True,False,True,False,False,False,AA07_constant,AA07,constant,False
691,3214,0.15109126701324332,0.016298341009285764,0.43376891283110086,0.36879872704647865,0.007651304531015984,0.006505287234316828,19.747125003424816,2.5053991349234224,-0.07569516406652405,-0.00968246884860858,0.4501187860464934,0.37260853899967417,0.007939702005602135,0.006572488987594971,9.533753787373213,1.4731814487454356,716.8270511350477,True,False,True,False,False,False,False,False,False,False,AA07_dcr,AA07,dcr,False
703,11201,0.1213039284812477,0.010229669063422741,0.49239215677766895,0.393059420249438,0.0046524608567492555,0.0037138966206417064,26.07306804210376,2.7544302139608847,0.2138549852930158,0.002333408537606095,0.46384387256800913,0.38841671450668547,0.0043827169687027856,0.0036700291332330587,48.795070916092826,0.6358010939140728,941.5147765161167,True,False,True,False,True,False,False,False,False,False,AA07_dcr,AA07,dcr,False
F51,11792,0.032728453486580225,-0.0006013234940074945,0.2870770603519706,0.19585891516672382,0.00264365485753994,0.0018036389666181776,12.380002402066877,0.3333946012127781,0.14735077882698774,0.004888930462835895,0.2571838249311052,0.18424171666686645,0.002368371987738137,0.0016966577149378818,62.21606216838933,2.881506634951935,711.6464864123344,True,False,True,False,True,True,False,False,False,False,AA07_dcr,AA07,dcr,False
F52,6019,-0.014393663344620904,0.0052961209426282034,0.2887495449870309,0.1910637052308051,0.0037218523215564623,0.0024627255946338923,3.8673386531901772,2.1505119994562456,0.18924859946726516,-0.004980038506325932,0.23190183149490995,0.17462146672632103,0.0029891107532699045,0.002250792503787818,63.312675604354496,2.2125711268120516,654.8380885051354,True,False,True,False,True,True,False,False,False,False,AA07_dcr,AA07,dcr,False
G96,14710,0.06940416041132659,0.005673009347657464,0.3268858127250867,0.19736616840015375,0.0026951921662687205,0.0016272953130759841,25.751099042192283,3.4861584753993395,0.17050122644436042,-0.0037137704464609866,0.29706210611644324,0.1825509700145626,0.002449294004612151,0.0015051431575642872,69.61239692878746,2.4673868580519827,768.1307070317077,True,True,True,False,True,False,False,False,False,True,AA07_dcr,AA07,dcr,False
T09,76,0.11844936416824349,-0.11402567384533002,0.40958711212412624,0.25188716158937985,0.046982863955940236,0.028893439014300176,2.521118429036667,3.9464209777484607,-0.027029699686750293,0.08492027036890992,0.3675525625281576,0.33979176202916733,0.0421611704342014,0.03897678822454635,0.6411041109243882,2.178739558520879,490.29880288748876,False,True,False,False,False,False,False,False,False,True,AA07_dcr,AA07,dcr,True
V00,470,0.07952267040562065,0.03366003728693499,0.47654587716478225,0.37048796406813156,0.02198142218710056,0.017089335452596777,3.617721807476462,1.9696516216387014,0.29360690371416887,-0.03915481026541673,0.3991132852208347,0.3530063099595233,0.01840972305775768,0.016282966878438904,15.948469338350298,2.4046484008552262,871.7454556161142,True,False,True,False,True,True,False,False,False,False,AA07_dcr,AA07,dcr,False
W68,4780,-0.043574339187997524,-0.011910945009815946,0.37626544028590575,0.4073217240752053,0.0054422737363388875,0.005891469382599582,8.006642315149465,2.0217273885857487,0.263973860902966,0.06480570480095668,0.31973439632550565,0.36523987538612557,0.004624613162463884,0.005282800832750454,57.08020360395441,12.267300406102198,922.4097525475556,True,False,True,True,True,True,False,False,True,False,AA07_dcr,AA07,dcr,False
W84,354,-0.023684638868249633,0.019310119324908965,0.29261582127914,0.22379307478994634,0.015552355432525979,0.011894467726510568,1.5228972210033156,1.6234538416435635,0.1438690384284211,0.012448464104517986,0.27042451316985483,0.20640274042976411,0.014372900713640271,0.01097018188346308,10.009742730072956,1.1347545771582266,646.7304445115977,False,False,True,False,True,False,True,False,False,False,AA07_dcr,AA07,dcr,False
691,3214,0.15091248192040904,0.016395174491446732,0.4335415107625682,0.36890206864276903,0.007647293357264573,0.006507110089760244,19.734103933262766,2.5195784711321543,-0.07555850034450792,-0.009775618530431093,0.4499505447330411,0.37260646754719384,0.007936734375866937,0.006572452448983559,9.520099422031445,1.4873623820500839,716.8270511350477,True,False,True,False,False,False,False,False,False,False,AA07_epoch,AA07,epoch,False
703,11201,0.12126685336967616,0.010224516016369003,0.4923978920016976,0.39307468457468225,0.004652515047103286,0.003714040848519275,26.06479552283843,2.7529358004894706,0.21384782372393382,0.0023392002040021056,0.4638544985167443,0.38841893737377314,0.004382817369998533,0.0036700501364151216,48.792319111395095,0.6373755444897053,941.5147765161167,True,False,True,False,True,False,False,False,False,False,AA07_epoch,AA07,epoch,False
F51,11792,0.03253814317375637,-0.0006292283214707383,0.28701456864091773,0.19604401466116433,0.0026430793795993537,0.0018053435234957138,12.310694648409918,0.34853661548709247,0.14745994264405204,0.004929382392149655,0.2570983452278346,0.18433845420466022,0.0023675848164033905,0.0016975485581887544,62.2828553479487,2.9038240870171004,711.6464864123344,True,False,True,False,True,True,False,False,False,False,AA07_epoch,AA07,epoch,False
F52,6019,-0.014471322479582596,0.005218764373304115,0.2887811747152783,0.1912084743849745,0.0037222600145885433,0.0024645916041978536,3.8877785063014327,2.1174966125889476,0.18930798048018257,-0.004900880858724284,0.23189868683013035,0.17477829225096578,0.002989070219949199,0.002252813914567892,63.33340020476333,2.175448592106336,654.8380885051354,True,False,True,False,True,True,False,False,False,False,AA07_epoch,AA07,epoch,False
G96,14710,0.0681539499146022,0.005749750642854429,0.3268535557017414,0.19746411444499568,0.002694926205271813,0.0016281028838009853,25.289727704335462,3.5315646818529083,0.17114485354170503,-0.003572279587825424,0.29656710083360444,0.18233568589866797,0.0024452126578279427,0.0015033681277523653,69.99180745846917,2.3761841972572735,768.1307070317077,True,True,True,False,True,False,False,False,False,True,AA07_epoch,AA07,epoch,False
T09,76,0.33360045262694005,0.1669829387948259,0.30935687675704476,0.24884044913858802,0.03548566745456117,0.02854395712790468,9.400991345424462,5.85002766247791,-0.1142376321008076,-0.13287342697706062,0.42144398942040373,0.2998689983276609,0.04834294105910959,0.034397333158185286,2.3630674840640675,3.862899090636091,490.29880288748876,True,True,False,True,False,False,False,True,False,False,AA07_epoch,AA07,epoch,True
V00,470,0.07948227098526639,0.03366801470361287,0.4765248277405962,0.37058979665613595,0.021980451249564426,0.017094032639618197,3.6160436418174737,1.9695770689931749,0.2935742573176377,-0.03911371234188142,0.3991268687128206,0.35309283603392333,0.018410349617521228,0.016286958028636014,15.94615330054577,2.4015357731696128,871.7454556161142,True,False,True,False,True,True,False,False,False,False,AA07_epoch,AA07,epoch,False
W68,4780,-0.043580093003849726,-0.011914305655179236,0.3762640787038423,0.4073219140826213,0.005442254042523006,0.005891472130851904,8.007728537355485,2.0222968708936984,0.26397296579789575,0.06480670801517706,0.3197345242734941,0.3652398378900466,0.004624615013093527,0.005282800290410118,57.07998720985799,12.267491567459187,922.4097525475556,True,False,True,True,True,True,False,False,True,False,AA07_epoch,AA07,epoch,False
W84,354,-0.02369780501371558,0.019268551017604205,0.2926091043840476,0.2238131710041945,0.015551998433579635,0.011895535828247069,1.5237787680422887,1.6198136255324638,0.1438678190739111,0.01250172888558788,0.2704241111972283,0.20641077853184064,0.014372879349036216,0.01097060910376836,10.009672771904139,1.1395656127510356,646.7304445115977,False,False,True,False,True,False,True,False,False,False,AA07_epoch,AA07,epoch,False
691,3214,0.15088722096720567,0.016340878062132976,0.4335331996776396,0.3688977579032307,0.007647146756989885,0.0065070340520821494,19.73117893013979,2.511263646592436,-0.0756240933991146,-0.009651021258936687,0.450003993735731,0.3725052868232106,0.007937677169562759,0.006570667709439151,9.527232184384781,1.4688037328493155,716.8270511350477,True,False,True,False,False,False,False,False,False,False,AA07_mag_dep,AA07,mag_dep,False
703,11201,0.12127492722929821,0.010179124058242155,0.49239796583867507,0.39307335992921416,0.004652515744765998,0.003714028332354863,26.066526989345594,2.740723319088987,0.21381424593781279,0.0024008214588131208,0.46388600485253534,0.3883995028941173,0.00438311506359903,0.0036698665060411898,48.78134450849832,0.6541985804826914,941.5147765161167,True,False,True,False,True,False,False,False,False,False,AA07_mag_dep,AA07,mag_dep,False
F51,11792,0.03257611094096978,-0.0006069135763346416,0.2870341230755269,0.19600944081374433,0.0026432594538134953,0.0018050251374861744,12.3242199678777,0.3362355258829686,0.14742361146670113,0.0049015887847427605,0.2571322340706976,0.1843213007851986,0.0023678968942961393,0.0016973905946070333,62.25930352872185,2.887720009947114,711.6464864123344,True,False,True,False,True,True,False,False,False,False,AA07_mag_dep,AA07,mag_dep,False
F52,6019,-0.01443566870629349,0.005245574695275888,0.2887518041346864,0.1911464698667389,0.0037218814409580065,0.0024637923937258417,3.8785944515679605,2.129065220200363,0.1892757194765541,-0.004900441806875136,0.2318890221720953,0.17470756476673382,0.002988945646835339,0.0022519022689706726,63.32524637139422,2.1761343173720817,654.8380885051354,True,False,True,False,True,True,False,False,False,False,AA07_mag_dep,AA07,mag_dep,False
G96,14710,0.06911715949923297,0.005541369998461543,0.326908591608915,0.19740837852316032,0.002695379979464829,0.001627643337947165,25.64282588199541,3.404535790654538,0.1705567022396706,-0.003726168181840185,0.2969827819670968,0.18260144072511694,0.0024486399724774057,0.0015055592914508516,69.65364616959603,2.4749395145038857,768.1307070317077,True,True,True,False,True,False,False,False,False,True,AA07_mag_dep,AA07,mag_dep,False
T09,76,0.20103466191000066,0.06395662300529716,0.31764539181509355,0.24597168324467827,0.03643642533693091,0.02821488711147761,5.517409022729728,2.266768700955747,-0.0512569308149027,-0.05222947172353633,0.3490842505258076,0.2814481244683386,0.04004270975851659,0.032284314010698555,1.2800564977748785,1.6177971663337258,490.29880288748876,True,False,False,False,False,False,False,True,False,False,AA07_mag_dep,AA07,mag_dep,True
V00,470,0.07946371622654098,0.033792649402688224,0.4765675672290572,0.37063160210755025,0.02198242267516045,0.01709596098129797,3.6148752756143145,1.9766452110914094,0.2935392654747128,-0.03924299970782823,0.3991585719967313,0.35318107338096816,0.01841181198096146,0.016291028113954144,15.942986262201893,2.408871891529945,871.7454556161142,True,False,True,False,True,True,False,False,False,False,AA07_mag_dep,AA07,mag_dep,False
W68,4780,-0.04357594647843872,-0.011912977068109419,0.37626558017592426,0.40732177719286794,0.005442275759697113,0.005891470150889277,8.0069346726495,2.022072040254882,0.2639732190151537,0.06480660239705403,0.31973513897287625,0.36523999141928987,0.004624623904057046,0.005282802511045018,57.0799322261812,12.267466417977891,922.4097525475556,True,False,True,True,True,True,False,False,True,False,AA07_mag_dep,AA07,mag_dep,False
W84,354,-0.023694081973404186,0.01928368283671041,0.2926103833239081,0.2237991636355499,0.0155520664084663,0.011894791345003193,1.5235327159164842,1.6211871463227616,0.14386295356851936,0.012478901073102915,0.27042437557012106,0.20640283177408555,0.014372893400296932,0.010970186738358988,10.009324466676087,1.137528591876059,646.7304445115977,False,False,True,False,True,False,True,False,False,False,AA07_mag_dep,AA07,mag_dep,False
691,3214,0.15093884307627298,0.016380868399284626,0.4335001229375039,0.3689122062885499,0.007646563312201231,0.006507288908972048,19.73943547102102,2.5173107615829373,-0.07567877769082597,-0.009681287752502338,0.45000203522732346,0.372494249414477,0.007937642623186083,0.006570473019195207,9.534162884804877,1.4734536956805224,716.8270511350477,True,False,True,False,False,False,False,False,False,False,AA07_seasonal,AA07,seasonal,False
703,11201,0.1214376932310327,0.010186772741430448,0.4924608837586125,0.3930650118381093,0.004653110236688073,0.0037139494538297704,26.098176714907996,2.742840975104278,0.21389844944002812,0.0023854524741454977,0.4639440983351558,0.3884062249789779,0.0043836639709083835,0.0036699300209373136,48.794444752047006,0.6499994442772085,941.5147765161167,True,False,True,False,True,False,False,False,False,False,AA07_seasonal,AA07,seasonal,False
F51,11792,0.03274533832646255,-0.0006144111798394249,0.28706901586574085,0.1959611773549207,0.002643580776925238,0.0018045806856473393,12.386736434265048,0.3404730997766516,0.14730418648180033,0.004934194245784679,0.2572342156386015,0.18430665919229802,0.0023688360291299645,0.0016972557621054527,62.18420552135168,2.907160108659046,711.6464864123344,True,False,True,False,True,True,False,False,False,False,AA07_seasonal,AA07,seasonal,False
F52,6019,-0.014405477328093157,0.005280931587845743,0.2887528246467818,0.1911380535145042,0.0037218945949018915,0.0024636839107147076,3.870468913285515,2.1435101982355196,0.18922870205663317,-0.0049594130901686115,0.2319081191407281,0.17472254301569135,0.0029891917982086467,0.0022520953318918902,63.30430257771801,2.2021328404434897,654.8380885051354,True,False,True,False,True,True,False,False,False,False,AA07_seasonal,AA07,seasonal,False
G96,14710,0.06935043661037256,0.005655247745562102,0.3268992079405396,0.1974220051083016,0.002695302610583979,0.001627755689918698,25.73011146802055,3.4742607754880996,0.17043921670159806,-0.0037744442102610647,0.2970841800378693,0.1826350878738401,0.002449476005353053,0.0015058367141107705,69.58190908142085,2.506542824259639,768.1307070317077,True,True,True,False,True,False,False,False,False,True,AA07_seasonal,AA07,seasonal,False
T09,76,0.22060768462516753,0.06265201752087653,0.3565023901753585,0.24926410176175515,0.04089362873434461,0.02859255341662972,5.394671283839618,2.1912005062282223,-0.08747459309022987,-0.06980807181175246,0.37330653337428593,0.3007840986208636,0.04282119615636858,0.03450230236085042,2.042787239543756,2.023287347077548,490.29880288748876,True,False,False,False,False,False,False,True,False,False,AA07_seasonal,AA07,seasonal,True
V00,470,0.07944551895305034,0.03378495987819533,0.47659672222125643,0.3705723416528296,0.021983767494669133,0.01709322750035388,3.6138263822302146,1.9765114503680412,0.29358077774350316,-0.03925853627856364,0.39913780430388035,0.3531405517034312,0.018410854038722772,0.016289158988347666,15.946070569351487,2.410102099601763,871.7454556161142,True,False,True,False,True,True,False,False,False,False,AA07_seasonal,AA07,seasonal,False
W68,4780,-0.04357468494267778,-0.011916031660887573,0.37626619695540187,0.4073222986335903,0.0054422846807469704,0.005891477692966876,8.006689744994564,2.022587928171685,0.26397114889104667,0.06480526849507667,0.3197372239536442,0.3652410654354225,0.004624654061054897,0.005282818045529892,57.079112384642684,12.267177846473869,922.4097525475556,True,False,True,True,True,True,False,False,True,False,AA07_seasonal,AA07,seasonal,False
W84,354,-0.02369420303485056,0.019265377975806533,0.29260660687329704,0.22381007157488939,0.015551865692380889,0.011895371095438088,1.5235601633608973,1.6195693115614413,0.1438590492466145,0.012500043322020163,0.27042357041506837,0.20641010618581704,0.014372850606788697,0.010970573368980382,10.009082622668176,1.1394156806210696,646.7304445115977,False,False,True,False,True,False,True,False,False,False,AA07_seasonal,AA07,seasonal,False
691,3214,0.15095899671534227,0.016311422840451634,0.4335865312866445,0.36887706250263036,0.007648087479963697,0.006506669003302256,19.738136770901427,2.5068776100602754,-0.07568982185298041,-0.009612457119460282,0.4500548490807484,0.37250086783761943,0.007938574213403955,0.006570589762395285,9.534435254781807,1.4629519521176277,716.8270511350477,True,False,True,False,False,False,False,False,False,False,AA07_step,AA07,step,False
703,11201,0.12127532056768006,0.01016446149263685,0.492397860864545,0.3930707406815465,0.0046525147528979835,0.003714003583895571,26.066617089637262,2.736793668350604,0.21378975286111193,0.002400487943767065,0.46390013972397687,0.38839306146929603,0.004383248619617726,0.003669805643014779,48.77427027622199,0.6541185493940879,941.5147765161167,True,False,True,False,True,False,False,False,False,False,AA07_step,AA07,step,False
F51,11792,0.03271014202269598,-0.0005903047253816682,0.28706249883295515,0.19597715555343892,0.002643520762428226,0.0018047278267741005,12.373703466830287,0.32708795011867303,0.14733112439663107,0.004930001378860443,0.25720032747960553,0.18433303961927805,0.002368523957534857,0.001697498695984754,62.20377206991491,2.904274030090166,711.6464864123344,True,False,True,False,True,True,False,False,False,False,AA07_step,AA07,step,False
F52,6019,-0.013459296796133755,0.005806559771619916,0.2886615054450705,0.19089485820759303,0.003720717531288139,0.002460549232120982,3.617392796672219,2.359863275978708,0.18810555027721954,-0.0047634444632805055,0.2324106985334149,0.17479763005074173,0.002995669821505694,0.002253063170146782,62.792484314133546,2.114208126250707,654.8380885051354,True,False,True,False,True,False,False,False,False,False,AA07_step,AA07,step,False
G96,14710,0.06918514463702595,0.005511613198013135,0.3269040817103938,0.1974300554124622,0.002695342795094349,0.0016278220651355629,25.668402832821922,3.385881857765661,0.17042889701907646,-0.0037483229565456115,0.2970567538764879,0.18264020769986083,0.0024492498750885126,0.0015058789273682646,69.58411991872303,2.4891263755820883,768.1307070317077,True,True,True,False,True,False,False,False,False,True,AA07_step,AA07,step,False
T09,76,0.08360045162626162,0.016982938794605756,0.30935687163603115,0.24884044913848544,0.03548566686714063,0.028543957127892917,2.3558934918502206,0.5949749265146622,0.010551059037390339,0.0070960821519297675,0.29775877958053276,0.27599566274128084,0.03415527446693538,0.0316588737564415,0.30891448545098005,0.22414196432006547,490.29880288748876,False,False,False,False,False,False,False,False,False,False,AA07_step,AA07,step,True
V00,470,0.08086898018861256,0.03281055202839717,0.4770323026229331,0.36958649247487724,0.022003859320376757,0.017047753668700347,3.6752180156743477,1.9246261217768124,0.29357590953685203,-0.03935260456348319,0.39890915496302315,0.3531791779133119,0.018400307231090974,0.016290940682550808,15.954946069639382,2.4156127832221306,871.7454556161142,True,False,True,False,True,True,False,False,False,False,AA07_step,AA07,step,False
W68,4780,-0.04357551223087655,-0.011913695261866229,0.3762656113969746,0.4073218712474821,0.005442276211275931,0.005891471511287819,8.006854216732295,2.0221934773069976,0.26397264229041467,0.0648059962601282,0.31973552111662634,0.36524029003266856,0.004624629431354193,0.005282806830165442,57.079739297753356,12.26734165066919,922.4097525475556,True,False,True,True,True,True,False,False,True,False,AA07_step,AA07,step,False
W84,354,-0.023686315279862043,0.019282192859809227,0.2926125716628743,0.22379993508064022,0.015552182717370105,0.011894832346847142,1.5230219262667863,1.6210562955029952,0.1438594453814012,0.012474278598294315,0.27042388330302064,0.20640911421159608,0.014372867236595735,0.01097052064614538,10.009098603172989,1.1370726149334853,646.7304445115977,False,False,True,False,True,False,True,False,False,False,AA07_step,AA07,step,False
691,3214,0.15095529906136612,0.01631282030831096,0.43358455305176,0.36887888381950706,0.007648052585629209,0.006506701129740226,19.73774334985786,2.507080006141643,-0.075686788561718,-0.009614512166494298,0.4500533687637378,0.37250128305236324,0.007938548101905607,0.00657059708642049,9.534084519000366,1.4632630855367306,716.8270511350477,True,False,True,False,False,False,False,False,False,False,AA07_timing,AA07,timing,False
703,11201,0.12127372841212693,0.010164715040962212,0.49239790327745253,0.39307081702491536,0.0046525151536444,0.003714004305240398,26.066272630435392,2.736861404985441,0.2137910720550985,0.002400424984413291,0.46389919621768905,0.38839310305567176,0.004383239704719283,0.003669806035951552,48.77467043951921,0.6541013233117318,941.5147765161167,True,False,True,False,True,False,False,False,False,False,AA07_timing,AA07,timing,False
F51,11792,0.03270373010083976,-0.0005906642847029788,0.28706083182876957,0.19597895791907607,0.0026435054112061277,0.001804744424521987,12.371349785101568,0.32728417202863774,0.1473357060503994,0.004929329846895707,0.2571967025995453,0.18433263658678284,0.002368490576491567,0.0016974949845115614,62.20658317697299,2.9038847783777553,711.6464864123344,True,False,True,False,True,True,False,False,False,False,AA07_timing,AA07,timing,False
F52,6019,-0.014386993036733745,0.005271555137441208,0.28874749654225573,0.19111436230131199,0.003721825918020684,0.002463378541586511,3.86557387519751,2.13996957773535,0.1892372740111707,-0.004923852411527176,0.23190281044803332,0.1746847783456299,0.0029891233715372513,0.002251608562207293,63.30861944779798,2.186815459033534,654.8380885051354,True,False,True,False,True,True,False,False,False,False,AA07_timing,AA07,timing,False
G96,14710,0.06918138497889488,0.005511701262480672,0.32690320278750673,0.19742905793971494,0.0026953355483250252,0.001627813840915882,25.667076970022002,3.385953064128966,0.17043233546643852,-0.0037477517836002447,0.2970532582442393,0.1826386230914691,0.002449221053401288,0.001505865862181714,69.58634265770145,2.4887686730413447,768.1307070317077,True,True,True,False,True,False,False,False,False,True,AA07_timing,AA07,timing,False
T09,76,0.08925194943405272,0.016982938794605756,0.30874192689903174,0.24884044913848544,0.035415127868076345,0.028543957127892917,2.5201645400384276,0.5949749265146622,0.006681982236677742,0.006173914727815277,0.29882858020682407,0.2760890164003674,0.03427798901482328,0.031669582155545925,0.19493507141822597,0.19494777978098807,490.29880288748876,False,False,False,False,False,False,False,False,False,False,AA07_timing,AA07,timing,True
V00,470,0.08086902521924733,0.03281197355311639,0.4770320914794823,0.3695873545868926,0.02200384958105562,0.017047793434962297,3.6752216888844815,1.9247050170038005,0.293575588413558,-0.03935302364835465,0.3989096330553406,0.3531796182733506,0.01840032928384513,0.01629096099484473,15.954909495631009,2.415635496322648,871.7454556161142,True,False,True,False,True,True,False,False,False,False,AA07_timing,AA07,timing,False
W68,4780,-0.043575579108428034,-0.01191364212812723,0.3762656126324268,0.4073218614360625,0.005442276229145414,0.005891471369376218,8.006866478967861,2.0221845072614912,0.2639727082508216,0.06480603298352614,0.31973548045071815,0.3652402680106967,0.004624628843165695,0.005282806511641373,57.07976082035688,12.267349341816201,922.4097525475556,True,False,True,True,True,True,False,False,True,False,AA07_timing,AA07,timing,False
W84,354,-0.023686833415146685,0.019282616482961604,0.2926122899903414,0.22379972065697817,0.015552167746643888,0.011894820950358084,1.5230567083008884,1.6210934627293498,0.14385963002360577,0.012474345093637488,0.27042389580907283,0.2064084322580652,0.01437286790128491,0.010970484400724151,10.009110986871656,1.137082433006702,646.7304445115977,False,False,True,False,True,False,True,False,False,False,AA07_timing,AA07,timing,False
691,3214,0.1486820192349349,0.015205834905202472,0.43035213640781533,0.3682518618954258,0.007591035580992974,0.006495641010983773,19.586526455918154,2.3409290752814447,-0.07319828572082061,-0.007470774713471437,0.44698355706191156,0.3714123326499202,0.007884399306340134,0.006551388953007046,9.283939445070875,1.1403344797659127,716.8270511350477,True,False,True,False,False,False,False,False,False,False,AA07_trailing,AA07,trailing,False
703,11201,0.1185909619274024,0.010086619400451361,0.49300870693679966,0.3930811327287846,0.004658286448083508,0.0037141017751285772,25.458065588944745,2.7157627903457695,0.21665405068760396,0.002617329574757335,0.4625510463841852,0.3883677408516805,0.004370501454844515,0.0036695663963478625,49.571897624573985,0.7132530909816029,941.5147765161167,True,False,True,False,True,False,False,False,False,False,AA07_trailing,AA07,trailing,False
F51,11792,0.026067482678106935,-0.0017154903540757835,0.2874288949516706,0.19553858889820286,0.0026468948560525595,0.0018006891241795833,9.848325715885297,0.9526854641593854,0.15224842101021613,0.004189760216147338,0.25457726353266313,0.18304509635865016,0.002344368506951414,0.0016856381960443539,64.9421882945348,2.4855631688812854,711.6464864123344,True,False,True,False,True,True,False,False,False,False,AA07_trailing,AA07,trailing,False
F52,6019,-0.017538101681759205,0.004741183914914681,0.28901791415789996,0.1910040176352066,0.0037253114799827656,0.0024619562482570646,4.707821554250369,1.9257791109290383,0.1916629301973288,-0.005108622010305341,0.2309333924586796,0.17391633357657396,0.0029766280077977284,0.0022417036532737487,64.38927863852611,2.278901585784896,654.8380885051354,True,False,True,False,True,True,False,False,False,False,AA07_trailing,AA07,trailing,False
G96,14710,0.06447995244310069,0.004801544528796167,0.32671560097241237,0.19738177745872443,0.0026937887606617583,0.0016274240106539909,23.936528871425125,2.950395531442746,0.17392331371140107,-0.002700310934040646,0.29451345004172613,0.18134721755979746,0.002428280189941437,0.0014952181499319178,71.62407140322452,1.8059645237476554,768.1307070317077,True,False,True,False,True,False,False,False,False,False,AA07_trailing,AA07,trailing,False
T09,76,2.1181396620434056,0.016982938794605756,0.5871588143994015,0.24884044913848544,0.06735173515200384,0.028543957127892917,31.448924920242195,0.5949749265146622,-1.3823165901162024,-0.32488419061243934,1.3873489893977267,0.9926401068141512,0.15913984326863082,0.11386362928706065,8.686175389671762,2.8532745060617777,490.29880288748876,True,False,True,False,False,True,False,False,False,False,AA07_trailing,AA07,trailing,True
V00,470,0.07838067645076505,0.029492170142284842,0.4770214624731526,0.3693120840838134,0.022003359301553144,0.017035096153475277,3.5622140863387353,1.7312593880644598,0.2967293872077897,-0.0368091353875818,0.39785481082861013,0.3508373497688985,0.01835167396269106,0.01618292020519772,16.169063803718412,2.274566945943368,871.7454556161142,True,False,True,False,True,True,False,False,False,False,AA07_trailing,AA07,trailing,False
W68,4780,-0.04351476796939305,-0.011845719764393288,0.3762617544392523,0.4073304439660147,0.005442220424542771,0.00589159550641446,7.995774624113824,2.0106132119043627,0.26399414159060575,0.06479098053115985,0.3197217482161914,0.36523560113194714,0.004624430221205493,0.005282739010274173,57.0868472358067,12.264656725450688,922.4097525475556,True,False,True,True,True,True,False,False,True,False,AA07_trailing,AA07,trailing,False
W84,354,-0.023765981699908605,0.019987661665080758,0.2926342017967196,0.22391034630443704,0.015553332346013372,0.01190070063718333,1.52803149647865,1.6795365478424014,0.14433254167884957,0.012113510254670001,0.2704401873387167,0.20630495726857379,0.01437373378631619,0.010964984767081947,10.041409130330095,1.1047448320253075,646.7304445115977,False,False,True,False,True,False,True,False,False,False,AA07_trailing,AA07,trailing,False
691,3214,0.15095899671534227,0.016311422840451634,0.4335865312866445,0.36887706250263036,0.007648087479963697,0.006506669003302256,19.738136770901427,2.5068776100602754,-0.07568982185298041,-0.009612457119460282,0.4500548490807484,0.37250086783761943,0.007938574213403955,0.006570589762395285,9.534435254781807,1.4629519521176277,716.8270511350477,True,False,True,False,False,False,False,False,False,False,AA08_clean,AA08,clean,False
703,11201,0.12127532056768006,0.01016446149263685,0.492397860864545,0.3930707406815465,0.0046525147528979835,0.003714003583895571,26.066617089637262,2.736793668350604,0.21378975286111193,0.002400487943767065,0.46390013972397687,0.38839306146929603,0.004383248619617726,0.003669805643014779,48.77427027622199,0.6541185493940879,941.5147765161167,True,False,True,False,True,False,False,False,False,False,AA08_clean,AA08,clean,False
F51,11792,0.03271014202269598,-0.0005903047253816682,0.28706249883295515,0.19597715555343892,0.002643520762428226,0.0018047278267741005,12.373703466830287,0.32708795011867303,0.14733112439663107,0.004930001378860443,0.25720032747960553,0.18433303961927805,0.002368523957534857,0.001697498695984754,62.20377206991491,2.904274030090166,711.6464864123344,True,False,True,False,True,True,False,False,False,False,AA08_clean,AA08,clean,False
F52,6019,-0.013459296796133755,0.005806559771619916,0.2886615054450705,0.19089485820759303,0.003720717531288139,0.002460549232120982,3.617392796672219,2.359863275978708,0.18810555027721954,-0.0047634444632805055,0.2324106985334149,0.17479763005074173,0.002995669821505694,0.002253063170146782,62.792484314133546,2.114208126250707,654.8380885051354,True,False,True,False,True,False,False,False,False,False,AA08_clean,AA08,clean,False
G96,14710,0.06918514463702595,0.005511613198013135,0.3269040817103938,0.1974300554124622,0.002695342795094349,0.0016278220651355629,25.668402832821922,3.385881857765661,0.17042889701907646,-0.0037483229565456115,0.2970567538764879,0.18264020769986083,0.0024492498750885126,0.0015058789273682646,69.58411991872303,2.4891263755820883,768.1307070317077,True,True,True,False,True,False,False,False,False,True,AA08_clean,AA08,clean,False
T09,76,0.08360045162626162,0.016982938794605756,0.30935687163603115,0.24884044913848544,0.03548566686714063,0.028543957127892917,2.3558934918502206,0.5949749265146622,0.010551059037390339,0.0070960821519297675,0.29775877958053276,0.27599566274128084,0.03415527446693538,0.0316588737564415,0.30891448545098005,0.22414196432006547,490.29880288748876,False,False,False,False,False,False,False,False,False,False,AA08_clean,AA08,clean,False
V00,470,0.08086898018861256,0.03281055202839717,0.4770323026229331,0.36958649247487724,0.022003859320376757,0.017047753668700347,3.6752180156743477,1.9246261217768124,0.29357590953685203,-0.03935260456348319,0.39890915496302315,0.3531791779133119,0.018400307231090974,0.016290940682550808,15.954946069639382,2.4156127832221306,871.7454556161142,True,False,True,False,True,True,False,False,False,False,AA08_clean,AA08,clean,True
W68,4780,-0.04357551223087655,-0.011913695261866229,0.3762656113969746,0.4073218712474821,0.005442276211275931,0.005891471511287819,8.006854216732295,2.0221934773069976,0.26397264229041467,0.0648059962601282,0.31973552111662634,0.36524029003266856,0.004624629431354193,0.005282806830165442,57.079739297753356,12.26734165066919,922.4097525475556,True,False,True,True,True,True,False,False,True,False,AA08_clean,AA08,clean,False
W84,354,-0.023686315279862043,0.019282192859809227,0.2926125716628743,0.22379993508064022,0.015552182717370105,0.011894832346847142,1.5230219262667863,1.6210562955029952,0.1438594453814012,0.012474278598294315,0.27042388330302064,0.20640911421159608,0.014372867236595735,0.01097052064614538,10.009098603172989,1.1370726149334853,646.7304445115977,False,False,True,False,True,False,True,False,False,False,AA08_clean,AA08,clean,False
691,3214,0.14772853447221337,0.01744279995669579,0.43480558108012457,0.36945378439282733,0.007669590452934976,0.0065168418734205865,19.261593611648593,2.6765725324466625,-0.07225537317488787,-0.00955691507040893,0.45123193342501156,0.37250874575291065,0.007959336952526654,0.006570728721936136,9.078064367151931,1.454468062043639,716.8270511350477,True,False,True,False,False,False,False,False,False,False,AA08_constant,AA08,constant,False
703,11201,0.12148086414058919,0.010277918157979462,0.4925063348105961,0.3928545093795467,0.004653539689589263,0.0037119604813507586,26.105045243809126,2.7688651885214557,0.21369506625812015,0.0023865217845678117,0.464067095750187,0.3882317655748058,0.004384826135356045,0.003668281608106544,48.73512875118098,0.6505830357445381,941.5147765161167,True,False,True,False,True,False,False,False,False,False,AA08_constant,AA08,constant,False
F51,11792,0.032231812687853495,-0.0005492191981145274,0.2873609210767185,0.19492529114934248,0.002646268893586305,0.001795041345945735,12.180097330990408,0.3059646505385456,0.14730083588025397,0.005063998056353809,0.2575022517038311,0.183193845480972,0.002371304337970007,0.0016870080071302652,62.11806452745463,3.0017629050665104,711.6464864123344,True,False,True,True,True,True,False,False,True,False,AA08_constant,AA08,constant,False
F52,6019,-0.013897607650656146,0.0053804331348296895,0.28855441441342644,0.19108370431059954,0.0037193371758497944,0.0024629833738160733,3.7365818137961155,2.184518658156188,0.18845649113658297,-0.004649616293188324,0.23205152838337112,0.1749499259513698,0.0029910402791220544,0.0022550261961018243,63.007005439558874,2.0618901462102452,654.8380885051354,True,False,True,False,True,False,False,False,False,False,AA08_constant,AA08,constant,False
G96,14710,0.06671288121071585,0.005662115223074768,0.3269322425420386,0.19774777728590118,0.002695574982757105,0.001630441700099853,24.749035599996613,3.4727492695556084,0.17187409234762166,-0.004027098644272879,0.2957467756375314,0.18288455804603646,0.002438449029808062,0.001507893609906327,70.48500511866365,2.6706782347350417,768.1307070317077,True,True,True,False,True,False,False,False,False,True,AA08_constant,AA08,constant,False
T09,76,0.08317823342049348,0.01628493087032121,0.30931052904709744,0.24887777353181867,0.03548035100761578,0.028548238529436824,2.3443464074704177,0.570435575334338,0.010433793246205992,0.007540040343490069,0.29750635072880177,0.27607027499403336,0.03412631889180039,0.03166743236880198,0.3057403665272829,0.2381007798699317,490.29880288748876,False,False,False,False,False,False,False,False,False,False,AA08_constant,AA08,constant,False
V00,470,0.5808689661755227,0.03281055202839717,0.47703230893013066,0.36958649247487724,0.022003859611306086,0.017047753668700347,26.39850355512444,1.9246261217768124,0.2265013114157951,-0.01672789829635251,0.6952445270694491,0.4102479749704227,0.032069238671642485,0.018923327997043392,7.0628839597642505,0.8839828966113202,871.7454556161142,True,False,True,False,False,False,False,False,False,False,AA08_constant,AA08,constant,True
W68,4780,-0.04365344107475413,-0.01198356372654442,0.37626152554629466,0.4073214047436484,0.005442217113853034,0.005891464763813058,8.021260482907845,2.0340550621893985,0.26398663488454294,0.06487127948350879,0.3197315994939596,0.36522888024431055,0.004624572709312363,0.005282641799883972,57.08346510650833,12.280082947311254,922.4097525475556,True,False,True,True,True,True,False,False,True,False,AA08_constant,AA08,constant,False
W84,354,-0.02415626118934988,0.018423140581991803,0.2924541001077299,0.22429463319237866,0.015543760049242397,0.011921125254837978,1.5540809374838014,1.545419596569971,0.14385477462402788,0.013423494713905157,0.2703642850770427,0.20671881261295263,0.014369699626623366,0.01098698093046537,10.010979934298827,1.2217637218868445,646.7304445115977,False,False,True,False,True,False,True,False,False,False,AA08_constant,AA08,constant,False
691,3214,0.15095880151125118,0.016528349053888086,0.433519748206542,0.36890145175062156,0.007646909484795606,0.006507099208321894,19.741151874676095,2.5400487259745588,-0.07578305744986262,-0.009838399104968667,0.45004161063386977,0.37244790525913657,0.007938340698770726,0.006569655548797368,9.546460693177082,1.4975517410147432,716.8270511350477,True,False,True,False,False,False,False,False,False,False,AA08_dcr,AA08,dcr,False
703,11201,0.12137029503556743,0.010278454298263217,0.49235029508429845,0.39305292159581906,0.0046520653185849635,0.0037138352168781257,26.089550924982518,2.767611834674602,0.21377981165851412,0.0024702552079962875,0.4639874893916501,0.38824806507923776,0.004384073959550757,0.003668435617071371,48.76282052514016,0.6733810991532055,941.5147765161167,True,False,True,False,True,False,False,False,False,False,AA08_dcr,AA08,dcr,False
F51,11792,0.03253101511775612,-0.00040309850918404005,0.2870533992388182,0.19577323920506223,0.0026434369654637024,0.001802849987965744,12.306332832131536,0.2235896008402111,0.14734873884415375,0.004817172890621068,0.257130617333573,0.18415604908121622,0.0023678820059767885,0.001695868813419034,62.22807490923522,2.8405339213174075,711.6464864123344,True,False,True,False,True,True,False,False,False,False,AA08_dcr,AA08,dcr,False
F52,6019,-0.014393022592783987,0.005062364793720348,0.28879241835222824,0.19151673882573395,0.003722404940033488,0.0024685649947863834,3.8665923843993455,2.050731823716239,0.1893501466025974,-0.004751459754497361,0.23195528762905554,0.17500650319698377,0.0029897997788992958,0.0022557554514602875,63.332049168960495,2.106371837169429,654.8380885051354,True,False,True,False,True,True,False,False,False,False,AA08_dcr,AA08,dcr,False
G96,14710,0.06828428583611028,0.005764127770890709,0.32672636401852473,0.1976225340435792,0.0026938775025907072,0.0016294090624250322,25.34795504637503,3.5375572063604572,0.17081383134843825,-0.004030340138884352,0.2965102306241828,0.18272153894624324,0.002444743759708292,0.001506549508132524,69.86983018981908,2.675212541724067,768.1307070317077,True,True,True,False,True,False,False,False,False,True,AA08_dcr,AA08,dcr,False
T09,76,0.08361686778290638,0.016749760794284852,0.309346453734496,0.24863537335960256,0.035484471851877586,0.028520433322737168,2.3564354608953257,0.5872898425050066,0.010379684750242198,0.006987755904145113,0.2975877943869792,0.2759835635415428,0.03413566112010533,0.031657485883047926,0.30407158993410377,0.22072996983904347,490.29880288748876,False,False,False,False,False,False,False,False,False,False,AA08_dcr,AA08,dcr,False
V00,470,0.1536305357642839,-0.13106849814359653,0.5119307937559917,0.3807999226939239,0.02361360667954505,0.01756499063500658,6.506017392818021,7.461916767685622,0.2768229146106956,-0.05833149312121172,0.45463199954737865,0.4013172982888522,0.020970610387551537,0.018511386599665162,13.200517748163485,3.1511141970459864,871.7454556161142,True,True,True,True,True,False,False,False,False,False,AA08_dcr,AA08,dcr,True
W68,4780,-0.04358386841759713,-0.011917796860623713,0.3762623546440208,0.40730701668687613,0.005442229105857339,0.005891256656091474,8.008458954932431,2.022963445040352,0.2640017151597544,0.06479218680088011,0.31971329087108014,0.36522239275462715,0.004624307894830943,0.005282547965343409,57.08999512226594,12.265328630417478,922.4097525475556,True,False,True,True,True,True,False,False,True,False,AA08_dcr,AA08,dcr,False
W84,354,-0.023916507539803854,0.018760281873572093,0.29259601556192005,0.22407055917582974,0.015551302770532332,0.011909215855225447,1.537910224802676,1.575274317102967,0.1439156122033717,0.013004738264842232,0.2704255725331987,0.20658325033613822,0.014372957018166746,0.010979775876743245,10.012943893276038,1.1844265685229651,646.7304445115977,False,False,True,False,True,False,True,False,False,False,AA08_dcr,AA08,dcr,False
691,3214,0.15090914933969304,0.01602442107996911,0.4336232244961521,0.36895181021949547,0.007648734716111467,0.006507987487702164,19.729949454491422,2.462269804643863,-0.07568379237295687,-0.009340615526244215,0.45007751977565147,0.37256568967230214,0.007938974104649044,0.006571733162908197,9.533195520644995,1.4213321348718153,716.8270511350477,True,False,True,False,False,False,False,False,False,False,AA08_epoch,AA08,epoch,False
703,11201,0.12118705831051603,0.010044863738269037,0.4924038346636683,0.39306640957321903,0.00465257119747413,0.0037139626605955495,26.047330210939748,2.7046216282256057,0.21385011071638516,0.002441451820900229,0.46386805960571537,0.3883704156963793,0.004382945504524529,0.0036695916701262677,48.79141447130177,0.665319752269936,941.5147765161167,True,False,True,False,True,False,False,False,False,False,AA08_epoch,AA08,epoch,False
F51,11792,0.03245413482220648,-0.0007335672064078443,0.28709786507097823,0.19558646537601437,0.0026438464454585178,0.0018011300123612205,12.275347865968069,0.40728165172605313,0.14739173172702,0.005016100148392304,0.25717853238031113,0.18390756293130214,0.0023683232493345936,0.0016935805371755533,62.234634469104385,2.9618314796873135,711.6464864123344,True,False,True,False,True,True,False,False,False,False,AA08_epoch,AA08,epoch,False
F52,6019,-0.013604592139000601,0.005249046789139088,0.28864581237910236,0.1910943105131661,0.0037205152546957777,0.0024631200830172845,3.6566419454482344,2.1310559827473314,0.18833248088918023,-0.004491078525730699,0.23231616480511996,0.1748717315718879,0.002994451324083869,0.0022540183055688003,62.89381943678754,1.9924765094564652,654.8380885051354,True,False,True,False,True,False,False,False,False,False,AA08_epoch,AA08,epoch,False
G96,14710,0.0682429943858242,0.005197027660838002,0.32677177822780057,0.1976196949862201,0.0026942519453358885,0.001629385654235212,25.32910647200681,3.189562671875457,0.17082959348487584,-0.0036577930143770563,0.296541654459042,0.1827093471033699,0.0024450028510186205,0.001506448985692805,69.86887291918943,2.428089533144638,768.1307070317077,True,True,True,False,True,False,False,False,False,True,AA08_epoch,AA08,epoch,False
T09,76,0.08311916218970436,0.017286228150619504,0.3096901622021192,0.24895882043389456,0.035523897917046236,0.028557535246695662,2.339809735513833,0.6053123282976481,0.010871825511525284,0.0070723846979327395,0.29793925495451834,0.2761411656499316,0.03417597641211961,0.0316755640847257,0.3181130915010193,0.2232757301185086,490.29880288748876,False,False,False,False,False,False,False,False,False,False,AA08_epoch,AA08,epoch,False
V00,470,0.33086892425473047,0.1828105520279576,0.47703223331902755,0.3695864924750563,0.022003856123625973,0.017047753668708608,15.036860920912403,10.723439321129383,0.2532511700760738,-0.048162635519849936,0.5330207600160257,0.3957826751248736,0.024586414282102932,0.018256093469992667,10.300451589657857,2.6381676670868446,871.7454556161142,True,True,True,False,False,False,False,False,False,True,AA08_epoch,AA08,epoch,True
W68,4780,-0.04361503348983812,-0.01191287731660265,0.3762709036318871,0.40733173142773077,0.005442352757745489,0.005891614128159467,8.014003397292788,2.022005694443573,0.26397190383817176,0.06482859515132408,0.3197481266103472,0.3652469172054237,0.0046248117562239935,0.005282902685070969,57.07732936003781,12.27139680890283,922.4097525475556,True,False,True,True,True,True,False,False,True,False,AA08_epoch,AA08,epoch,False
W84,354,-0.02375112899849281,0.019554147334341306,0.29252702693169474,0.22380700352931845,0.015547636066205215,0.011895208030655762,1.527636027583572,1.643867621646237,0.1438658319321525,0.012270279276669061,0.2703510744155201,0.20643182474704816,0.014368997487885275,0.010971727697486177,10.012238644585192,1.118354338987141,646.7304445115977,False,False,True,False,True,False,True,False,False,False,AA08_epoch,AA08,epoch,False
691,2781,0.15268856603870368,0.023497772671762902,0.4343277190040246,0.3692606072925112,0.008236013554622806,0.007002167335355334,18.53913486494942,3.355785651267998,-0.07901514800415611,-0.01371880711278926,0.45216894768668964,0.3714536605349387,0.008574330900792905,0.007043753482037524,9.21531358171041,1.947655770147831,708.1573131428089,True,True,True,False,False,False,False,False,False,True,AA08_mag_dep,AA08,mag_dep,False
703,9605,0.11736445967789472,0.011107081140770397,0.49430498165782605,0.3930362117574338,0.005043665809579771,0.004010364808623284,23.26967410389811,2.7695937080056665,0.20848917460739044,-0.0019094220342141036,0.4658046274886988,0.3902042582607238,0.004752861008459544,0.0039814688282959745,43.86603652753652,0.4795772908339748,950.5944110606065,True,False,True,False,True,False,False,False,False,False,AA08_mag_dep,AA08,mag_dep,False
F51,10004,0.02988702311915281,-0.0013011955573065143,0.2842357590569747,0.19534939046652675,0.0028417892895362612,0.0019531033230549126,10.516973664866596,0.6662195194421522,0.14507165463080776,0.0050092852577281475,0.2543931454616755,0.18448598619670187,0.0025434228209108584,0.0018444910006493328,57.03796216582434,2.715808998777811,714.8704003285825,True,False,True,False,True,True,False,False,False,False,AA08_mag_dep,AA08,mag_dep,False
F52,5094,-0.013209375399429481,0.003991481020880947,0.28179892445939136,0.19164384068497756,0.003948297427607143,0.0026851304867286305,3.345587722714951,1.4865128680371433,0.18214229039710972,-0.0022835758210529387,0.22975499399192587,0.1742227064607506,0.0032191075728854996,0.002441042190169407,56.58161036036565,0.9354921558707101,649.7214893908645,True,False,True,False,True,False,False,False,False,False,AA08_mag_dep,AA08,mag_dep,False
G96,12636,0.07172793279536445,0.0047851807433791005,0.3234406284974616,0.19538016865288874,0.0028773305948253097,0.0017381036498063129,24.928637996746858,2.753104364007487,0.16701127894097864,-0.004571859761691375,0.29503742803093336,0.18163835333343772,0.002624655480777479,0.0016158563433044154,63.63169572697836,2.8293726609024863,767.2570017942708,True,False,True,False,True,True,False,False,False,False,AA08_mag_dep,AA08,mag_dep,False
T09,57,0.058936351086871674,0.021306721596140034,0.3133118142033608,0.2576142632208215,0.041499163576310255,0.034121842727744926,1.4201816616977654,0.6244305668408481,0.06591587888180524,0.02073933533322593,0.29214758385626705,0.27985085786432645,0.03869589278559989,0.03706715163937108,1.7034334689477655,0.5595071219661111,476.7255617246076,False,False,False,False,True,False,False,False,False,False,AA08_mag_dep,AA08,mag_dep,False
V00,470,0.17826138228754218,0.07070811072322039,0.4951261702606216,0.3728909601972533,0.022838467198862334,0.01720017739869115,7.805312884413802,4.1108942706951925,0.2917463785971542,-0.037808307983071936,0.44942632075699573,0.3637764776896939,0.020730490330396423,0.016779757670778304,14.073298506083875,2.2532094160641267,871.7454556161142,True,True,True,False,True,False,False,False,False,True,AA08_mag_dep,AA08,mag_dep,True
W68,4159,-0.039204170923034166,-0.011808157900253653,0.3789425274870578,0.42042336082033643,0.005875960765409662,0.00651917109811946,6.671959274101946,1.8112974368259593,0.26645549674608177,0.06670010027573463,0.32385850796947663,0.37640421200288626,0.005021816630063382,0.005836601123476273,53.05958309009757,11.427901078840236,938.5558490609951,True,False,True,True,True,True,False,False,True,False,AA08_mag_dep,AA08,mag_dep,False
W84,296,-0.032719994819358,0.019265482521433685,0.30292235484591834,0.23152692781883907,0.017607004236777676,0.013457229332275363,1.8583510504877467,1.4316083976683078,0.17433026760409726,0.022530342370777685,0.2681875099175997,0.20948836563976245,0.01558808238425279,0.012176263924962115,11.183560832357875,1.8503493772493753,668.4719061732028,False,False,True,False,True,True,True,False,False,False,AA08_mag_dep,AA08,mag_dep,False
691,3214,0.1510038808149621,0.01619122269994655,0.43357139261448546,0.3689124202546951,0.007647820447017219,0.006507292683147854,19.7446948265968,2.4881657377848523,-0.07577486561534713,-0.00948575423931769,0.4500490830577441,0.37252413404376594,0.00793847250579736,0.006571000157938263,9.545270272084428,1.443578452491465,716.8270511350477,True,False,True,False,False,False,False,False,False,False,AA08_seasonal,AA08,seasonal,False
703,11201,0.12125100602252098,0.01015196355577882,0.4924157748558157,0.39306633296365096,0.004652684016648488,0.0037139619367354882,26.060442873114532,2.7334592353690708,0.2138048668704824,0.0023768933376961195,0.4639155504460035,0.38837681041059385,0.004383394230753112,0.0036696520917986353,48.77609806812848,0.6477162625329733,941.5147765161167,True,False,True,False,True,False,False,False,False,False,AA08_seasonal,AA08,seasonal,False
F51,11792,0.03264240507602468,-0.000655089342501851,0.28708430450968037,0.19592723594552838,0.002643721568034658,0.001804268123676342,12.347141798404678,0.36307760133070105,0.14733265108572635,0.005015638796831668,0.2572280815495386,0.1842598702966752,0.0023687795411112844,0.0016968248893250203,62.19770499056531,2.9558965267340214,711.6464864123344,True,False,True,False,True,True,False,False,False,False,AA08_seasonal,AA08,seasonal,False
F52,6019,-0.013497135505893954,0.0053835742091073845,0.2886832446555944,0.19124097802786877,0.0037209977399761244,0.002465010561598359,3.627289358681674,2.18399640674017,0.18820449346116083,-0.004467156902385374,0.23247020962562562,0.17502326613115146,0.0029964368928328987,0.002255971518174612,62.80943006386097,1.980147739631,654.8380885051354,True,False,True,False,True,False,False,False,False,False,AA08_seasonal,AA08,seasonal,False
G96,14710,0.06829204290222422,0.005361034777652123,0.3267294091781711,0.19774735816926745,0.002693902610105639,0.001630438244459308,25.350598290391133,3.2880943487865557,0.17071457266020662,-0.0037558072247157576,0.29658210308727423,0.18283459671267913,0.0024453363522649392,0.0015074816758637987,69.81230721167907,2.4914446953815546,768.1307070317077,True,True,True,False,True,False,False,False,False,True,AA08_seasonal,AA08,seasonal,False
T09,76,0.08308564102481285,0.01688792418876142,0.3090984871349242,0.24885789788002263,0.03545602813216951,0.02854595863581535,2.34334316057891,0.5916047313111736,0.010733155531007491,0.007205776903350327,0.2973973318300712,0.2759381712351265,0.03411381356647138,0.03165227902840364,0.31462784159542123,0.22765428349990588,490.29880288748876,False,False,False,False,False,False,False,False,False,False,AA08_seasonal,AA08,seasonal,False
V00,470,0.16028953566254672,0.05928407706762894,0.5311524179387418,0.3900146150678301,0.024500234088424534,0.017990032699372292,6.542367517144568,3.295384619823258,0.30401565599893493,-0.08043409821540139,0.4749801974735284,0.372547565727634,0.021909202768252624,0.01718433779294673,13.876162415159472,4.680663240245159,871.7454556161142,True,True,True,True,True,True,False,False,False,False,AA08_seasonal,AA08,seasonal,True
W68,4780,-0.04356379823211196,-0.011898756504517955,0.3762587451123243,0.40730775210224557,0.005442176897874758,0.0058912672930815395,8.004847885250514,2.0197278297814396,0.2639754220473914,0.06478643153408545,0.3197203338058304,0.36523034305461993,0.0046244097632852695,0.005282662957857242,57.08305179683259,12.263972176707668,922.4097525475556,True,False,True,True,True,True,False,False,True,False,AA08_seasonal,AA08,seasonal,False
W84,354,-0.023705518121942323,0.01948475070010164,0.29256119697407984,0.22383316240658505,0.015549452183467755,0.011896598359296186,1.5245243267892186,1.6378421891393813,0.14380983826397004,0.012314755654010141,0.2704334290467067,0.20642537149438994,0.0143733745871485,0.010971384710977116,10.005293982427277,1.1224431535692074,646.7304445115977,False,False,True,False,True,False,True,False,False,False,AA08_seasonal,AA08,seasonal,False
691,3214,0.15085166761172633,0.01659412928876006,0.43357809631357874,0.3690523356757033,0.007647938694410542,0.0065097606688956835,19.72448703360757,2.5491151107979353,-0.07587036186475035,-0.009858347442564206,0.45013504034338236,0.3724935917352186,0.007939988717193851,0.006570461418307867,9.555474770443306,1.5004041291673986,716.8270511350477,True,False,True,False,False,False,False,False,False,False,AA08_step,AA08,step,False
703,11201,0.12119500983392406,0.010328311651442003,0.4922922131260923,0.3931313703915797,0.0046515165201662274,0.003714576455231563,26.05494558785164,2.780481644655809,0.2137549106494661,0.0025146059882193285,0.4639337926949131,0.38827799715101596,0.004383566596108292,0.003668718435939203,48.7627839027783,0.6854180913928821,941.5147765161167,True,False,True,False,True,False,False,False,False,False,AA08_step,AA08,step,False
F51,11792,0.03249133608033147,-0.0004663859706879886,0.2870501718270186,0.19624149556975673,0.002643407244653301,0.0018071620991862675,12.291460631368933,0.25807644532717555,0.14731278082350888,0.004922941488927998,0.2571893723940848,0.18458597694317194,0.00236842307359444,0.001699827962503456,62.19867660719056,2.8961410198698205,711.6464864123344,True,False,True,False,True,True,False,False,False,False,AA08_step,AA08,step,False
F52,6019,-0.014857372696680034,0.005575157743348598,0.2887126987847069,0.19127767660613246,0.0037213773905096746,0.002465483589837121,3.9924391260530525,2.2612836549915603,0.18932096654644764,-0.0051006550854587876,0.23180668646513303,0.1748865135449115,0.002987884376445741,0.0022542088385811296,63.362882459212074,2.262725173533301,654.8380885051354,True,False,True,False,True,True,False,False,False,False,AA08_step,AA08,step,False
G96,14710,0.06797534925634484,0.005923219970208962,0.3267584265968654,0.19792750955655022,0.002694141860377464,0.0016319236029204147,25.230798071940104,3.62959390967141,0.1707873702019337,-0.004154665206002938,0.2965311324632452,0.18298670381396726,0.0024449160965632688,0.001508735807587681,69.85408229018715,2.7537393790937035,768.1307070317077,True,True,True,False,True,False,False,False,False,True,AA08_step,AA08,step,False
T09,76,0.08383728434415569,0.01608894804934538,0.3095145261681208,0.24857794641508926,0.035503751082229314,0.02851384600042744,2.3613641316373117,0.5642503662643124,0.010041738830217964,0.007452989018390261,0.29775766912673407,0.2759653074328035,0.0341551470891488,0.031655391763755904,0.29400367692775226,0.23544137674908264,490.29880288748876,False,False,False,False,False,False,False,False,False,False,AA08_step,AA08,step,False
V00,470,0.37789031455218436,-0.11570008626931878,0.4981767745311541,0.3704358950233112,0.022979181081007955,0.017086933686655825,16.444899111940355,6.7712609173216185,0.25715846042387364,-0.006607726821858049,0.551555562040031,0.4139984339618403,0.025441360947192022,0.019096323770244155,10.107889312904716,0.346020883462093,871.7454556161142,True,True,True,False,False,False,False,False,False,True,AA08_step,AA08,step,True
W68,4780,-0.043655895514138864,-0.011957585146723938,0.3762577890738109,0.4073049356305064,0.0054421630698088886,0.00589122655585581,8.021791143364604,2.0297276014344146,0.2640218903869428,0.06484189110497951,0.3197047538718315,0.3652093359973996,0.004624184416345216,0.005282359113433738,57.09588256335501,12.275176623277657,922.4097525475556,True,False,True,True,True,True,False,False,True,False,AA08_step,AA08,step,False
W84,354,-0.02429225266927866,0.01809364856018447,0.29248220430351923,0.2245754848836537,0.015545253770395787,0.011936052353815202,1.562679710995813,1.515882137899728,0.14395531881389426,0.01377672910968555,0.2703701354306737,0.2069490163999111,0.01437001056941066,0.010999216123699423,10.017760120534005,1.2525191754348357,646.7304445115977,False,False,True,False,True,False,True,False,False,False,AA08_step,AA08,step,False
691,3214,0.15095327186765253,0.016307951217627837,0.4335851815138212,0.3688792865528581,0.007648063671150725,0.0065067082336045705,19.73744968116095,2.5063289503905724,-0.07568855420198481,-0.009608690657676323,0.45005432928825645,0.3725000092455837,0.007938565044718668,0.006570574617582138,9.534286583988948,1.4623820924222546,716.8270511350477,True,False,True,False,False,False,False,False,False,False,AA08_timing,AA08,timing,False
703,11201,0.12126778560327316,0.010163166917556206,0.49239677233811296,0.3930704779202441,0.004652504467749151,0.0037140011011454754,26.065055164136503,2.73644693169899,0.21379300394373119,0.002400721851404148,0.46389655137015445,0.38839152350283546,0.004383214714374783,0.0036697911112464347,48.77538926911236,0.6541848782746518,941.5147765161167,True,False,True,False,True,False,False,False,False,False,AA08_timing,AA08,timing,False
F51,11792,0.03269882344227048,-0.0005860045115696348,0.2870623869475586,0.19596377817816535,0.002643519732090338,0.0018046046362862234,12.36942665694203,0.32472736675197716,0.147331596917353,0.0049280735933919404,0.257198549372999,0.1843187757005725,0.0023685075831851904,0.0016973673414351176,62.20440160855223,2.903363033499439,711.6464864123344,True,False,True,False,True,True,False,False,False,False,AA08_timing,AA08,timing,False
F52,6019,-0.013468715759426647,0.005805927137122334,0.2886582956305131,0.19089188798327017,0.003720676158215974,0.0024605109472596426,3.619964540500283,2.3596428796988684,0.1881101323343849,-0.004763035697217437,0.23240319933530515,0.1747948403587558,0.0029955731602004936,0.0022530272122664166,62.796040114671975,2.114060438899935,654.8380885051354,True,False,True,False,True,False,False,False,False,False,AA08_timing,AA08,timing,False
G96,14710,0.06917694134202729,0.005509404688066256,0.3269062446231563,0.1974289350421873,0.0026953606284334138,0.0016278128276187584,25.665189515747294,3.3845443374012927,0.17043411926290905,-0.0037475106873614567,0.297053963530271,0.18263937539329728,0.0024492268685248376,0.0015058720649531866,69.58690575102217,2.4885983175987505,768.1307070317077,True,True,True,False,True,False,False,False,False,True,AA08_timing,AA08,timing,False
T09,76,0.0835963276870489,0.0169782402007615,0.3093574372029843,0.24884293623521464,0.035485731742119435,0.028544242417453583,2.3557729707973043,0.5948043725406436,0.010548736034373027,0.007098120909810417,0.2977567173209549,0.2759992420541317,0.03415503790953813,0.031659284331783714,0.3088486115082656,0.22420345436186626,490.29880288748876,False,False,False,False,False,False,False,False,False,False,AA08_timing,AA08,timing,False
V00,470,0.09131506918564605,0.03281055202839717,0.47899494671319925,0.36958649247487724,0.022094389341552955,0.017047753668700347,4.132952840380596,1.9246261217768124,0.29416226108474913,-0.03943627989014797,0.4031532710841589,0.35306989268338973,0.018596073709703283,0.016285899730791815,15.818514471216448,2.421498384617071,871.7454556161142,True,False,True,False,True,True,False,False,False,False,AA08_timing,AA08,timing,True
W68,4780,-0.04358009582926204,-0.01191395838691065,0.3762647192723507,0.40732217613831134,0.005442263307655533,0.005891475921204795,8.007715423830874,2.022236625635613,0.26397335675907074,0.06480759232574462,0.3197350733796807,0.36523985879200427,0.004624622955322224,0.005282800592734389,57.07997372094482,12.267658259688366,922.4097525475556,True,False,True,True,True,True,False,False,True,False,AA08_timing,AA08,timing,False
W84,354,-0.023692767698576467,0.019274147199047312,0.2926112079908782,0.22380652952894428,0.015552110239021245,0.01189518283782011,1.5234439143268024,1.620332151412265,0.14386085561584205,0.012482505328996401,0.2704227786680472,0.20641428298686001,0.014372808525909298,0.010970795363451177,10.009237607006991,1.1377940172488707,646.7304445115977,False,False,True,False,True,False,True,False,False,False,AA08_timing,AA08,timing,False
691,3214,0.1433727139614402,0.018603433474395702,0.4346678702808352,0.3709588506048863,0.007667161354787542,0.0065433899260522186,18.699582195686432,2.8430880147195494,-0.07011368916443027,-0.009941029139182487,0.45150850756145416,0.37226161216941406,0.007964215478582183,0.0065663695015050726,8.803590178214534,1.513930816245402,716.8270511350477,True,False,True,False,False,False,False,False,False,False,AA08_trailing,AA08,trailing,False
703,11201,0.11032836311942729,0.010776181593424151,0.4919403531231402,0.39283183421235796,0.004648191904068556,0.003711746230724883,23.735759064262602,2.9032646424536477,0.21838841477135112,0.0020664653426752293,0.46028436115214016,0.38606193743125217,0.004349084248718255,0.0036477795745854975,50.21480437766036,0.5664995102973142,941.5147765161167,True,False,True,False,True,False,False,False,False,False,AA08_trailing,AA08,trailing,False
F51,11792,0.02407524260430208,-0.0022040500119803875,0.2882478308445579,0.19564898184273694,0.0026544363288842476,0.0018017057182735101,9.069813557902044,1.2233129914758916,0.1532950049711785,0.005694813884737601,0.2549141875671836,0.18279989686547396,0.0023474711960321435,0.0016833801861901119,65.30218783101076,3.3829635939973333,711.6464864123344,True,False,True,True,True,True,False,False,True,False,AA08_trailing,AA08,trailing,False
F52,6019,-0.02018206367561312,0.004952814057243161,0.2878505886656754,0.19198659433928233,0.0037102651771619487,0.002474621221936368,5.439520549593374,2.0014432969938043,0.19162952715354975,-0.004781310796487749,0.229260413357997,0.17560624155499968,0.0029550640564153263,0.002263485810308847,64.84784204170792,2.1123661454874996,654.8380885051354,True,False,True,False,True,True,False,False,False,False,AA08_trailing,AA08,trailing,False
G96,14710,0.0609520533505393,0.0052376727923331414,0.32734940230665505,0.19848834485953937,0.0026990144888045034,0.0016365477219746564,22.583077491198384,3.200440000621169,0.17529664079039234,-0.004533728374449028,0.2932599052579664,0.18315339249818532,0.0024179446417171473,0.0015101101652943215,72.49820271563465,3.002250086546104,768.1307070317077,True,True,True,True,True,False,False,False,False,False,AA08_trailing,AA08,trailing,False
T09,76,0.07898520096144761,0.014107801653569963,0.30772327082393297,0.25148944805667084,0.0352982800025611,0.02884781814331183,2.2376501335395598,0.4890422417211737,0.010825216047984173,0.00956247008068152,0.2947812693327476,0.27813068377098404,0.03381373061763401,0.03190377746462072,0.32014261219490453,0.2997284597814694,490.29880288748876,False,False,False,False,False,False,False,False,False,False,AA08_trailing,AA08,trailing,False
V00,470,3.8414610204082242,0.03281055202839717,3.5879870143020782,0.36958649247487724,0.16550149973480244,0.017047753668700347,23.211034501582972,1.9246261217768124,0.5046624664472004,-0.06947572237355809,4.910834077462151,1.8502041195989931,0.22651988469552867,0.08534355207768395,2.2278947701458107,0.8140711358055244,871.7454556161142,True,False,False,False,False,False,False,True,False,False,AA08_trailing,AA08,trailing,True
W68,4780,-0.046021645663258955,-0.011487181481578426,0.3761638270703663,0.407260890280943,0.005440804010780847,0.0058905894873837366,8.458611185418178,1.950090310346915,0.26499636120033565,0.06505968861592629,0.3193172397319684,0.36493309200357077,0.004618579442302864,0.005278363542032619,57.37616176375786,12.325730900845222,922.4097525475556,True,False,True,True,True,True,False,False,True,False,AA08_trailing,AA08,trailing,False
W84,354,-0.027031812251940582,0.010260728758952972,0.29246813544894185,0.22787147964376364,0.015544506019211455,0.01211123249885621,1.738994614465842,0.8472076446325343,0.1418512662782033,0.021635903046145034,0.2717288236417417,0.20932418693855867,0.01444222403308512,0.011125455013546302,9.821982123614884,1.944720734549846,646.7304445115977,False,False,True,False,True,True,True,False,False,False,AA08_trailing,AA08,trailing,False
