stn,n_obs,mean_ra_arcsec,mean_dec_arcsec,std_ra_arcsec,std_dec_arcsec,sem_ra_arcsec,sem_dec_arcsec,snr_ra,snr_dec,mean_at_arcsec,mean_ct_arcsec,std_at_arcsec,std_ct_arcsec,sem_at_arcsec,sem_ct_arcsec,snr_at,snr_ct,mean_speed_arcsec_per_day,detected_ra,detected_dec,detected_at,detected_ct,at_better_than_ra,ct_better_than_dec,at_gains_detection,at_loses_detection,ct_gains_detection,ct_loses_detection,scenario,target_station,applied_bias,is_target,corrected_snr_at,corrected_snr_ct,corrected_detected_at,corrected_detected_ct
691,1893,-0.04162937351777051,-0.025096912702431647,0.6726279545049784,0.5027214343180575,0.015459648158142577,0.011554524970395694,2.6927762580317443,2.172041928745097,0.3579260083004881,0.016304587716328763,0.5930883086075542,0.47665805926306076,0.0136315128093785,0.010955485627077743,26.25724769551876,1.4882578711098027,1519.620772395072,False,False,True,False,True,False,True,False,False,False,AA00_clean,AA00,clean,False,0.0,0.0,False,False
703,31422,0.27407254165781364,-0.019189290373710345,0.8566451003751722,0.7025954742309951,0.004832635313783031,0.003963587369595431,56.71285413905299,4.8413945712187045,0.6215654006339794,-0.1499503699860559,0.7479409392105024,0.5785415258336487,0.004219397033695425,0.0032637555587595587,147.31142759741695,45.94411783799363,2542.8973816739726,True,True,True,True,True,True,False,False,False,False,AA00_clean,AA00,clean,False,0.0,0.0,False,False
F51,7557,-0.02058349690075477,-0.023375197972438432,0.601211112094698,0.4782161492959624,0.006915957055701968,0.005501099838875056,2.976232607428409,4.249186282214163,0.4084891049844698,-0.03173266496117147,0.4882853946365146,0.429249943529635,0.005616930146994207,0.004937823197030078,72.72461901686012,6.4264481928509545,1799.3189798139633,False,True,True,True,True,True,True,False,False,False,AA00_clean,AA00,clean,True,0.0,0.0,False,False
F52,4365,-0.039398638628321714,0.010683068746737183,0.7125718352646283,0.5250125774750637,0.010785406758625452,0.007946531032004715,3.6529580673267885,1.344368845186792,0.46153407908628485,-0.10001641741624845,0.6346899956106602,0.398953763247704,0.009606596036382769,0.006038519067923702,48.04345653115119,16.563070562703103,1906.940637333893,True,False,True,True,True,True,False,False,True,False,AA00_clean,AA00,clean,False,0.0,0.0,False,False
G96,11617,0.12123263743502899,-0.006844909437192077,0.648100034515287,0.5637940825373056,0.006013053250615852,0.005230865082755928,20.161577219129473,1.3085616487714447,0.4965125227202397,-0.08141077875286626,0.5967940703921042,0.37855718288740486,0.005537038009268711,0.0035122425210292094,89.67114220438867,23.179145023564622,1802.8287117442244,True,False,True,True,True,True,False,False,True,False,AA00_clean,AA00,clean,False,0.0,0.0,False,False
T09,9,-0.23898510045092924,0.22887912727682647,0.1949285482694095,0.3552288658691421,0.06497618275646984,0.1184096219563807,3.6780415578834984,1.932943653524543,0.3025926191929982,-0.13366533781222711,0.18756234460994464,0.35928362411439596,0.06252078153664821,0.11976120803813199,4.839872627241959,1.1160987769066928,901.1708485849505,True,False,True,False,True,False,False,False,False,False,AA00_clean,AA00,clean,False,0.0,0.0,False,False
V00,459,0.19315805534776456,0.022035153868769346,0.7180887670340801,0.42603164258803167,0.03351751330140172,0.019885454142725335,5.762899341929599,1.1081041303163013,0.511453418364026,-0.08317276915305565,0.5446418453329644,0.4114720468382882,0.025421704298267126,0.019205870410729846,20.118769865436963,4.330590979442883,1726.9049535973586,True,False,True,True,True,True,False,False,True,False,AA00_clean,AA00,clean,False,0.0,0.0,False,False
W68,12957,0.1932509656030077,-0.011500083834932461,1.1281391207783844,0.8170578924567266,0.009910839207593228,0.007177952830716845,19.49895075030051,1.6021397891777418,0.666205866873658,0.1978452208072221,1.055694253504235,0.6166538190464781,0.009274402248936804,0.0054173787033474485,71.83275525385264,36.5204708109056,20366.87226506025,True,False,True,True,True,True,False,False,True,False,AA00_clean,AA00,clean,False,0.0,0.0,False,False
W84,137,-0.20900682791558817,0.04128092822110353,0.49195201887828566,0.2757757410119605,0.04203029745578839,0.023561111614608266,4.972765851477548,1.7520789721784051,0.42913043972116444,0.08377372962940242,0.33198427658405055,0.24698289727004402,0.028363330894114275,0.02110117296077342,15.129761780208053,3.9700982398057114,1288.9081084365298,True,False,True,True,True,True,False,False,True,False,AA00_clean,AA00,clean,False,0.0,0.0,False,False
691,1893,-0.07497824611894278,-0.027636433671780987,0.6736199655801061,0.48044863371132057,0.015482448492395324,0.011042608005645058,4.842789960242441,2.502708930503831,0.3781607626783422,0.036003569432997706,0.5872636850445202,0.4489240228966285,0.01349763994498885,0.010318047885517151,28.016806213499468,3.489378013406377,1519.620772395072,True,False,True,True,True,True,False,False,True,False,AA00_constant,AA00,constant,False,1.0548031456755618,1.308953649663551,False,False
703,31422,0.22478886161378706,-0.013953301917367447,0.903270212276622,0.693630387818119,0.005095663914758336,0.003913012174370469,44.113753452762346,3.5658723498891938,0.6515710541715583,-0.14921218860255703,0.7590463008613486,0.569887629095381,0.004282046271825319,0.003214935893578647,152.1634781152917,46.412181624083395,2542.8973816739726,True,True,True,True,True,True,False,False,False,False,AA00_constant,AA00,constant,False,4.991299534148752,0.1611307613595455,True,False
F51,7557,0.4794165031678016,-0.023375197972438432,0.6012111101491685,0.4782161492959624,0.006915957033321811,0.005501099838875056,69.32034147377179,4.249186282214163,0.28539168436031975,-0.014489843610344269,0.6948139256453861,0.5052481019391268,0.007992705348916267,0.005812058535164834,35.70651886961104,2.4930656707388663,1799.3189798139633,True,True,True,False,False,False,False,False,False,True,AA00_constant,AA00,constant,True,-12.600828813734616,2.260935670938301,True,False
F52,4365,-0.06743526022706195,0.008471199381447024,0.8392238556544294,0.5151684942009417,0.012702397424132796,0.007797532100215954,5.308860837478152,1.0863949352914382,0.47651451918384313,-0.09598855764834822,0.7413625161475055,0.43400826933305287,0.011221179250341034,0.0065691001099217935,42.465636503343525,14.612131957521802,1906.940637333893,True,False,True,True,True,True,False,False,True,False,AA00_constant,AA00,constant,False,1.0141347293266945,0.45141087074961006,False,False
G96,11617,0.07655046108907947,-0.0029563679554588025,0.6465658933382387,0.5307925346086013,0.005998819533442154,0.004924677681922872,12.76092082155944,0.6003170453796013,0.5085188094957727,-0.08410805615378826,0.5523790005749831,0.36721439514545484,0.005124956284662862,0.0034070044666078907,99.22402870392969,24.686805367628004,1802.8287117442244,True,False,True,True,True,True,False,False,True,False,AA00_constant,AA00,constant,False,1.5913332381808565,-0.551228357955444,False,False
T09,9,-0.2428739037679511,0.2148648827006383,0.1949112534925521,0.35523138805797977,0.0649704178308507,0.11841046268599326,3.7382229001554044,1.8145768357516487,0.30147993258920047,-0.11916424296229981,0.18753441721575959,0.3592812416522646,0.06251147240525319,0.1197604138840882,4.822793656734686,0.9950219700946809,901.1708485849505,True,False,True,False,True,False,False,False,False,False,AA00_constant,AA00,constant,False,-0.012585364430295782,0.08561918060396465,False,False
V00,459,0.1871736160923,0.022651845176578728,0.7172918112065497,0.4323401844813939,0.033480314588963694,0.020179911661809716,5.590557268957057,1.1224947639115348,0.5074118596598792,-0.08438381677217464,0.548434424517457,0.41364817928792563,0.025598726734905267,0.019307443575044325,19.821761641292703,4.370532869573901,1726.9049535973586,True,False,True,True,True,True,False,False,True,False,AA00_constant,AA00,constant,False,-0.11202556728016967,-0.04446966085342056,False,False
W68,12957,0.15342526918558846,-0.00015878126472340025,1.1302032953306345,0.8152198227351003,0.009928973231763618,0.007161805164947738,15.452279465792914,0.02217056469233884,0.6799106976278885,0.1907758386268915,1.0447258694279005,0.6126331643373004,0.009178043662530657,0.005382056763350883,74.08013326452372,35.446641872300496,20366.87226506025,True,False,True,True,True,True,False,False,True,False,AA00_constant,AA00,constant,False,1.050337356951399,-0.9257486387092003,False,False
W84,137,-0.22191457620689028,0.06294800442506086,0.502641140795078,0.2716309287840732,0.04294353077217635,0.023206996407938905,5.167590373138846,2.7124580587053875,0.45311229160747707,0.06981853371445451,0.3248706593909516,0.2505183525851356,0.027755573561815305,0.021403227292969812,16.325091989121987,3.262056359948454,1288.9081084365298,True,False,True,True,True,True,False,False,True,False,AA00_constant,AA00,constant,False,0.6043145675552122,-0.4643079044138787,False,False
691,1893,-0.0419008446787987,-0.020262375114203104,0.7202169783189339,0.5012192671464749,0.016553431964518372,0.01151999923325997,2.5312481888113294,1.7588868457302134,0.347359679959039,0.01911757311706365,0.6581992973175195,0.46655347074103753,0.015128020603833251,0.0107232422564491,22.96134365860279,1.7828164896271075,1519.620772395072,False,False,True,False,True,True,True,False,False,False,AA00_dcr,AA00,dcr,False,-0.518883782663294,0.18349480022823092,False,False
703,31422,0.2618667412418132,-0.02285341458895398,0.8823596231217281,0.7147351041679401,0.004977699950991204,0.004032071277696748,52.607980356402955,5.667909373370155,0.6370436609312787,-0.15711789443693805,0.760299258043967,0.5915438441838492,0.00428911464252484,0.003337106194621141,148.52567814701152,47.082078086153174,2542.8973816739726,True,True,True,True,True,True,False,False,False,False,AA00_dcr,AA00,dcr,False,2.5725804556250185,-1.5355244341613015,False,False
F51,7557,-0.015443343426185257,-0.125345275703642,0.6246716441199789,0.4980826300684661,0.00718583236027752,0.0057296314230499724,2.149137727113471,21.876673462691734,0.4135129776367849,0.009676866500610842,0.5193144829074939,0.46162656520124107,0.005973869394527405,0.005310263626997161,69.2202909584196,1.8222949330451417,1799.3189798139633,False,True,True,False,True,False,True,False,False,True,AA00_dcr,AA00,dcr,True,0.6126809742589798,5.710654757984968,False,True
F52,4365,-0.0267324534796843,0.033536182826201334,0.7124925187287454,0.52693793278838,0.010784206232503249,0.007975672992409711,2.478852212517371,4.204809156307819,0.44346325594015173,-0.11107984188763761,0.6461152155406596,0.40079638407153645,0.009779526873883573,0.006066408768447111,45.34608490359891,18.310642445558777,1906.940637333893,False,True,True,True,True,True,True,False,False,False,AA00_dcr,AA00,dcr,False,-1.3182102774251006,-1.2925317372966638,False,False
G96,11617,0.1119550531245233,-0.010374904910257502,0.6500889073103556,0.5349545902971861,0.006031505954501901,0.0049632931134221256,18.561708132105935,2.090326860245443,0.4975407167937905,-0.0861892865925942,0.5677459592059602,0.3796075333894141,0.005267530479427692,0.0035219876424055973,94.4542644294006,24.471774277358044,1802.8287117442244,True,False,True,True,True,True,False,False,True,False,AA00_dcr,AA00,dcr,False,0.13453881597370718,-0.9607055715716424,False,False
T09,9,-0.23898510045092924,0.22887912727682647,0.1949285482694095,0.3552288658691421,0.06497618275646984,0.1184096219563807,3.6780415578834984,1.932943653524543,0.3025926191929982,-0.13366533781222711,0.18756234460994464,0.35928362411439596,0.06252078153664821,0.11976120803813199,4.839872627241959,1.1160987769066928,901.1708485849505,True,False,True,False,True,False,False,False,False,False,AA00_dcr,AA00,dcr,False,0.0,0.0,False,False
V00,459,0.19337357111222753,0.024002727550539515,0.7250639084407757,0.4286155520991768,0.033843085021237555,0.020006060710304904,5.713828127396772,1.199772803757212,0.5135841255564606,-0.08661261871386622,0.5485380541640276,0.4180007708970262,0.025603563752578853,0.019510605153182023,20.05908749733057,4.439258446052884,1726.9049535973586,True,False,True,True,True,True,False,False,True,False,AA00_dcr,AA00,dcr,False,0.05905418992754696,-0.12564499093039366,False,False
W68,12957,0.19229358314458356,0.005326983151638453,1.1352841183348823,0.8236038163358448,0.009973608879007724,0.007235459567107941,19.280241031841513,0.7362328684489743,0.6687871503132405,0.18811744300103544,1.061300454902883,0.6286024150681043,0.0093236534091918,0.005522348570756283,71.73015994501804,34.064753535699545,20366.87226506025,True,False,True,True,True,True,False,False,True,False,AA00_dcr,AA00,dcr,False,0.1962825208992108,-1.2574830885945973,False,False
W84,137,-0.21333431312977488,0.04070374795638815,0.49382256736594093,0.2764502266324191,0.042190109198244265,0.02361873681009413,5.056500615519923,1.7233668457236146,0.4290589141505124,0.08695711691677124,0.33280335535312083,0.25294312952596754,0.028433309515977116,0.02161038996773529,15.090009620913722,4.023856906173365,1288.9081084365298,True,False,True,True,True,True,False,False,True,False,AA00_dcr,AA00,dcr,False,-0.0017809566651338369,0.10539697557756403,False,False
691,1893,-0.061106552806155255,-0.03321869432644611,0.6998511020680606,0.4936927673533868,0.016085343656320583,0.01134701052845791,3.7988963190192093,2.9275282897759523,0.35961203560623467,0.029519482307924352,0.624079648170914,0.4673858261649812,0.014343816249029133,0.01074237307298818,25.070875795036425,2.7479479727018075,1519.620772395072,True,False,True,False,True,False,False,False,False,False,AA00_epoch,AA00,epoch,False,0.08520472242944531,0.8612730891192087,False,False
703,31422,0.2523830126734959,-0.029626779119357353,0.894975527515748,0.7130466077680305,0.005048870690266021,0.004022545877591355,49.98801279661968,7.365181161612371,0.6454695330556474,-0.14845034648244831,0.7676455993741222,0.5882444179705001,0.004330557929276451,0.003318492974716108,149.0499708344722,44.73426570841182,2542.8973816739726,True,True,True,True,True,True,False,False,False,False,AA00_epoch,AA00,epoch,False,3.953551991449659,0.3222728867184473,True,False
F51,7557,0.22941646741956365,0.12662480202757725,0.601211024278391,0.47821614929593065,0.00691595604551803,0.005501099838874691,33.172054002315384,23.018088334401092,0.34176751615109163,-0.06004047452254263,0.570744438351509,0.460362195007274,0.006565487473554941,0.00529571910214046,52.055162320801536,11.337548945576637,1799.3189798139633,True,True,True,True,True,False,False,False,False,False,AA00_epoch,AA00,epoch,True,-7.7220994056183345,-3.9095776553669332,True,True
F52,4365,-0.05233504723742429,0.007698342612451982,0.7592917052282439,0.5139454781667798,0.011492553429782544,0.007779020667756855,4.553822399624428,0.9896287644999743,0.4658285823615401,-0.09532525707361665,0.672394460709149,0.40646453846203456,0.010177286558486518,0.006152201312646544,45.771392962606555,15.494495747020638,1906.940637333893,True,False,True,True,True,True,False,False,True,False,AA00_epoch,AA00,epoch,False,0.306856831119514,0.5441855712702998,False,False
G96,11617,0.09199542919798448,-0.01462654916854907,0.6489227123383243,0.5248907745485498,0.006020686031505493,0.004869921323917139,15.279891480237298,3.003446708002287,0.4999235223200276,-0.08094403238931,0.5578837067331742,0.3708868822669296,0.005176028788127472,0.003441077695195426,96.5843782528274,23.522872646068812,1802.8287117442244,True,True,True,True,True,True,False,False,False,False,AA00_epoch,AA00,epoch,False,0.45002476137613906,0.09492507876731003,False,False
T09,9,-0.23898510045092924,0.22887912727682647,0.1949285482694095,0.3552288658691421,0.06497618275646984,0.1184096219563807,3.6780415578834984,1.932943653524543,0.3025926191929982,-0.13366533781222711,0.18756234460994464,0.35928362411439596,0.06252078153664821,0.11976120803813199,4.839872627241959,1.1160987769066928,901.1708485849505,True,False,True,False,True,False,False,False,False,False,AA00_epoch,AA00,epoch,False,0.0,0.0,False,False
V00,459,0.19566983107600391,0.023538621444003083,0.7131177613642529,0.43115482735562144,0.03328548662683341,0.020124583929287055,5.878532985552413,1.169645122935815,0.5065502180207866,-0.08144136563329253,0.5489660675989788,0.4101130206374285,0.02562354170886747,0.019142436499971976,19.76893841515617,4.254493184993026,1726.9049535973586,True,False,True,True,True,True,False,False,True,False,AA00_epoch,AA00,epoch,False,-0.13584258594539278,0.06385082385468564,False,False
W68,12957,0.16672576738391934,-0.006765577818268398,1.1245343024801715,0.8141636449085898,0.009879170440977346,0.007152526514451203,16.876494679387793,0.9459004177892943,0.6771035020269512,0.19391855447104142,1.0452355017347992,0.6055213789376002,0.009182520844250216,0.0053195788647680325,73.73830275059278,36.453741809408726,20366.87226506025,True,False,True,True,True,True,False,False,True,False,AA00_epoch,AA00,epoch,False,0.8349925061864426,-0.5171776453712392,False,False
W84,137,-0.2081006995117687,0.052042397553266055,0.4943047817153212,0.2736209226305933,0.04223130755044966,0.023377013056097275,4.927640454020301,2.226221007293837,0.4398729617329411,0.08448892206376474,0.32374233707430056,0.2421722166535146,0.02765917448065495,0.02069016877841727,15.90332936511145,4.0835298623517495,1288.9081084365298,True,False,True,True,True,True,False,False,True,False,AA00_epoch,AA00,epoch,False,0.2711592475113702,0.024200848511902594,False,False
691,1893,-0.04369820943556708,-0.026238529778299238,0.674385243413366,0.5056343440520308,0.01550003760085593,0.011621475145900662,2.8192324793556636,2.2577624138837975,0.35963194503217866,0.017195958042487733,0.5926559079740773,0.4816178610035894,0.013621574534270932,0.011069481468804461,26.401642785668407,1.5534565093178614,1519.620772395072,False,False,True,False,True,False,True,False,False,False,AA00_mag_dep,AA00,mag_dep,False,0.08852423476552634,0.057233734543489345,False,False
703,31390,0.2867896895687043,-0.024784548087949453,0.8630140950611489,0.7061089448560437,0.004871046001158626,0.003985437980569324,58.87640755198957,6.218776508073764,0.6237570381830942,-0.1476388893808116,0.7569363727432827,0.5851602888657843,0.004272319435665108,0.0033027765148083052,145.9996256309867,44.70144701552131,2539.2630041269836,True,True,True,True,True,True,False,False,False,False,AA00_mag_dep,AA00,mag_dep,False,0.36498902975308734,0.4978075900103001,False,False
F51,7557,0.007106237721436508,-0.012176242882124525,0.5972963142664203,0.47874658666307224,0.006870923667067827,0.005507201658980958,1.034247805065356,2.210967318087566,0.3979552491868376,-0.03894353076636743,0.4956529093047343,0.42422299293535826,0.00570168143323563,0.004879996297740037,69.79612134538411,7.980237768705373,1799.3189798139633,False,False,True,True,True,True,True,False,True,False,AA00_mag_dep,AA00,mag_dep,True,-1.3161246878731776,-1.0386753737588847,False,False
F52,4341,-0.017967238532523102,0.007744509390617004,0.577027595552149,0.5113838263678034,0.008757934448796731,0.007761614979988096,2.0515383664457154,0.9977961301333298,0.4434409682758527,-0.10163245250233163,0.48424112087184307,0.39160049997037566,0.007349651951999546,0.00594358317573154,60.33496159708763,17.0995255719329,1693.4827970935396,False,False,True,True,True,True,True,False,True,False,AA00_mag_dep,AA00,mag_dep,False,-1.4958396378269365,-0.1907300537079854,False,False
G96,11605,0.1219922553484476,-0.005257720073833016,0.6466840679129416,0.5644598816788475,0.006003017219912153,0.005239749296133676,20.32182332307766,1.0034297018203906,0.4972609538154173,-0.08024545135799724,0.5954544611893072,0.37872234256524123,0.005527464741367552,0.003515591085028361,89.96184997688286,22.82559302750931,1803.8542853042895,True,False,True,True,True,True,False,False,True,False,AA00_mag_dep,AA00,mag_dep,False,0.09566096488705023,0.2344992371385807,False,False
T09,9,-0.23898510045092924,0.22887912727682647,0.1949285482694095,0.3552288658691421,0.06497618275646984,0.1184096219563807,3.6780415578834984,1.932943653524543,0.3025926191929982,-0.13366533781222711,0.18756234460994464,0.35928362411439596,0.06252078153664821,0.11976120803813199,4.839872627241959,1.1160987769066928,901.1708485849505,True,False,True,False,True,False,False,False,False,False,AA00_mag_dep,AA00,mag_dep,False,0.0,0.0,False,False
V00,455,0.19938362575491825,0.01846328390851481,0.7179824928588618,0.4263907156572441,0.03365953843394811,0.019989505070515598,5.923540102790752,0.9236488769173201,0.5179635727122802,-0.07767549094690693,0.5426424319157086,0.41000750958007176,0.025439469589613437,0.019221448523022207,20.360627838080287,4.041084148984519,1738.280348206385,True,False,True,True,True,True,False,False,True,False,AA00_mag_dep,AA00,mag_dep,False,0.1810172142528911,0.20231244261019013,False,False
W68,12957,0.18336325550264035,-0.02072275536616461,1.1367250594996572,0.8206782180174497,0.00998626772216692,0.007209757830517499,18.361540127311184,2.874265107553159,0.659435256725502,0.19219900781095095,1.064800032437403,0.6277578370921167,0.00935439762291537,0.0055149288506489685,70.49467889948255,34.8506776816049,20366.87226506025,True,False,True,True,True,True,False,False,True,False,AA00_mag_dep,AA00,mag_dep,False,-0.5139891180334171,-0.7303703345974266,False,False
W84,137,-0.20915193831416398,0.04086579465520967,0.4902092948882957,0.27683998615576544,0.04188140649717492,0.02365203621343803,4.993909130732564,1.7277918182786964,0.42664138065744006,0.08517725885652216,0.3324048738509765,0.2480548813725997,0.028399264943695567,0.021192758743470326,15.022972654514122,4.019168051104532,1288.9081084365298,True,False,True,True,True,True,False,False,True,False,AA00_mag_dep,AA00,mag_dep,False,-0.06201373154549619,0.046930737683353145,False,False
691,1893,-0.04988200011261019,-0.020610784487080307,0.664094918440632,0.503597821380411,0.015263525272687092,0.011574667807968219,3.2680523811802638,1.7806804332554111,0.3587549454294233,0.020006433376131914,0.5817399128347932,0.47942847249935217,0.013370681833456076,0.011019160670017708,26.831462291754477,1.8156041077219145,1519.620772395072,True,False,True,False,True,True,False,False,False,False,AA00_seasonal,AA00,seasonal,False,0.043412746891513226,0.23823720704153675,False,False
703,31422,0.2749718612615412,-0.011416780478967888,0.8785575645925242,0.7166482059016795,0.004956251205991373,0.0040428637552271515,55.47980718353036,2.8239340156360098,0.6423613344493456,-0.15153689700584372,0.7561425797117531,0.5948389228185623,0.004265665362901929,0.0033556948883110165,150.58877802180612,45.158127317741645,2542.8973816739726,True,False,True,True,True,True,False,False,True,False,AA00_seasonal,AA00,seasonal,False,3.4660268879512968,-0.33892113261557544,True,False
F51,7557,-0.0047902352154609185,-0.018110777776625123,0.6364564745124615,0.4945203343475695,0.007321397687104518,0.005688652998450343,0.6542787894035805,3.183667167176257,0.4017646330000588,-0.06662613582022925,0.5238258239084735,0.4571475998212976,0.006025765043158543,0.005258740407285304,66.67446044153502,12.669599687394221,1799.3189798139633,False,True,True,True,True,True,True,False,False,False,AA00_seasonal,AA00,seasonal,True,-0.8163042643924558,-4.837158814231762,False,True
F52,4365,-0.022905861700482314,0.026747828058033763,0.7144949847038409,0.5317459994744689,0.010814515331169337,0.008048447346328438,2.118066413430807,3.3233525557243855,0.44015377288497104,-0.10669859189090217,0.6525820272277676,0.4043106006650456,0.009877407804654561,0.006119599553604697,44.56166856627667,17.435551289961822,1906.940637333893,False,True,True,True,True,True,True,False,False,False,AA00_seasonal,AA00,seasonal,False,-1.5517035939020691,-0.7772429215627348,False,False
G96,11617,0.1160874158719574,0.002364715844922933,0.6532111376612183,0.5404288626944264,0.00606047391679258,0.005014083253338722,19.154841265845267,0.47161479485773244,0.49253683459518693,-0.08020075777568758,0.5786622218987376,0.38514294297428386,0.005368811246861185,0.0035733450113689933,91.74038943595625,22.444168564893673,1802.8287117442244,True,False,True,True,True,True,False,False,True,False,AA00_seasonal,AA00,seasonal,False,-0.5154851440063789,0.24149930334414585,False,False
T09,9,-0.23898510045092924,0.22887912727682647,0.1949285482694095,0.3552288658691421,0.06497618275646984,0.1184096219563807,3.6780415578834984,1.932943653524543,0.3025926191929982,-0.13366533781222711,0.18756234460994464,0.35928362411439596,0.06252078153664821,0.11976120803813199,4.839872627241959,1.1160987769066928,901.1708485849505,True,False,True,False,True,False,False,False,False,False,AA00_seasonal,AA00,seasonal,False,0.0,0.0,False,False
V00,459,0.20599191293525776,0.023695640281157334,0.7064900598433174,0.4295879794567504,0.03297613201207847,0.020051449732370715,6.24669724332154,1.181741998579958,0.5003534380434662,-0.08209609528009888,0.5525887600252242,0.40466412409151964,0.025792634510701823,0.018888103789533137,19.39908223938352,4.346444523753227,1726.9049535973586,True,False,True,True,True,True,False,False,True,False,AA00_seasonal,AA00,seasonal,False,-0.30650265856160713,0.0399694138731846,False,False
W68,12957,0.19413504455668004,-0.007465482994997113,1.118284441315128,0.8130316783622934,0.009824264651491214,0.007142582050845529,19.760771054474034,1.0452078732666934,0.6710973983191245,0.1922395198503113,1.0513504569291945,0.5971804715145923,0.009236241468397594,0.005246302979912789,72.6591439402411,36.642855089834505,20366.87226506025,True,False,True,True,True,True,False,False,True,False,AA00_seasonal,AA00,seasonal,False,0.37371230933409055,-0.7433303591488212,False,False
W84,137,-0.17277196407104606,-0.05596465644609966,0.5229593292902088,0.3748938636370599,0.04467943076535111,0.03202934432293453,3.866924020997839,1.74729322841699,0.3634002748616224,0.17727970140142893,0.42501258933561514,0.3192662049232161,0.03631127603249117,0.027276752702631833,10.007918051033332,6.499296427771766,1288.9081084365298,True,False,True,True,True,True,False,False,True,False,AA00_seasonal,AA00,seasonal,False,-1.4265632201808343,2.7114222496128995,False,False
691,1893,-0.05263406372553157,-0.02099932724947207,0.6589340700291785,0.5063166974446489,0.015144908584064184,0.011637158323054895,3.4753635806632945,1.80450644964324,0.3659583411608911,0.020747263594943638,0.5688550888459002,0.485404326649409,0.013074537666218067,0.011156509410856537,27.990155407670944,1.8596554559219232,1519.620772395072,True,False,True,False,True,True,False,False,False,False,AA00_step,AA00,step,False,0.4252581046392655,0.2841278160490063,False,False
703,31422,0.2667518864592908,-0.006685590243069526,0.8805645380794093,0.7073473343513661,0.00496757324698863,0.00399039427833022,53.69863174559072,1.6754209676410998,0.637926346125132,-0.15400205000992534,0.7616174878924047,0.5798242238307744,0.004296551239214008,0.0032709917078195525,148.47404595175536,47.08114962253552,2542.8973816739726,True,False,True,True,True,True,False,False,True,False,AA00_step,AA00,step,False,2.7168931410792236,-0.8768414589597253,False,False
F51,7557,0.07781535824021335,-0.07257461573084853,0.6192067797409598,0.487795673936841,0.007122967974373458,0.005611296705994704,10.924569437932655,12.93366213433609,0.3841335537637392,-0.015776317989624002,0.5265010983214985,0.45509337987265125,0.006056539728756478,0.005235109944271562,63.424590767541964,3.0135600126004984,1799.3189798139633,True,True,True,True,True,False,False,False,False,False,AA00_step,AA00,step,True,-2.948527998890032,2.2172614900595793,False,False
F52,4365,-0.04391525267711573,0.012050463341317185,0.7701273309585847,0.5207600274189275,0.011656560236117448,0.007882164915008509,3.7674281080833643,1.5288265941215944,0.4627578046831623,-0.1016444414986365,0.6889270792288188,0.4089168782706644,0.010427522403766038,0.006189319650809067,44.37850016184393,16.422554857923608,1906.940637333893,True,False,True,True,True,True,False,False,True,False,AA00_step,AA00,step,False,0.08631067365242359,-0.18827519103644447,False,False
G96,11617,0.11368218559677788,-0.0012213351219333133,0.6483226520018465,0.5626143609097053,0.006015118689174579,0.005219919659842984,18.89940855221559,0.23397584666466903,0.4994031945007961,-0.08336901017746089,0.5935515555834932,0.375638074712677,0.0055069540512811595,0.00348515912037475,90.68591999321531,23.921148876696464,1802.8287117442244,True,False,True,True,True,True,False,False,True,False,AA00_step,AA00,step,False,0.37015709962829224,-0.39576643411246465,False,False
T09,9,-0.23898510045092924,0.22887912727682647,0.1949285482694095,0.3552288658691421,0.06497618275646984,0.1184096219563807,3.6780415578834984,1.932943653524543,0.3025926191929982,-0.13366533781222711,0.18756234460994464,0.35928362411439596,0.06252078153664821,0.11976120803813199,4.839872627241959,1.1160987769066928,901.1708485849505,True,False,True,False,True,False,False,False,False,False,AA00_step,AA00,step,False,0.0,0.0,False,False
V00,459,0.1893382194068886,0.018244097419712977,0.722758899981159,0.43090078336262716,0.03373549643992031,0.020112726171158495,5.612433175367134,0.9070922193469169,0.510514912526542,-0.08317541271570215,0.5449961019004724,0.4232826336374186,0.025438239578804377,0.019757141393246726,20.06879882332395,4.2098910495286885,1726.9049535973586,True,False,True,True,True,True,False,False,True,False,AA00_step,AA00,step,False,-0.026096128159317382,-9.594196737297115e-05,False,False
W68,12957,0.18011489638404066,-0.007674912541377512,1.1290449139765095,0.816417038774258,0.009918796710862644,0.007172322853273852,18.158946254719233,1.0700734892147599,0.6671647758887974,0.19401467923422494,1.0535519463864031,0.6172701914246993,0.00925558182068726,0.00542279360955896,72.0824242942361,35.77762555672929,20366.87226506025,True,False,True,True,True,True,False,False,True,False,AA00_step,AA00,step,False,0.07318416625311422,-0.49973404587490927,False,False
W84,137,-0.2114864072778658,0.04189251883796325,0.48950341059581376,0.2765531038799156,0.041821098732100534,0.023627526206514475,5.056930919787997,1.7730387206771072,0.42811052297343644,0.08409337589907456,0.33327230174516,0.2451491177371058,0.028473374310086844,0.020944502602120416,15.035468515643261,4.015057196467438,1288.9081084365298,True,False,True,True,True,True,False,False,True,False,AA00_step,AA00,step,False,-0.02537756874704735,0.010751282872181418,False,False
691,1893,-0.04035162934834119,-0.025548661440226335,0.6734529327779727,0.5038270076898528,0.015478609418603406,0.011579935414946048,2.6069285849311137,2.206287040880303,0.3571589315008425,0.017157764101166883,0.5943800708056272,0.4778393983219753,0.013661202608847053,0.010982637466492045,26.1440329762436,1.5622626307674372,1519.620772395072,False,False,True,False,True,False,True,False,False,False,AA00_timing,AA00,timing,False,-0.039747227600884304,0.05499890238011294,False,False
703,31422,0.27838080655620207,-0.019410195092709328,0.8560545623199591,0.6979281896898573,0.00482930388159658,0.003937257581351619,57.64408564494158,4.9298768728374665,0.6236407176898775,-0.1473696019816784,0.7470317633458397,0.5736664624918235,0.004214268053925291,0.003236253617462847,147.98316331800504,45.53709918977641,2542.8973816739726,True,True,True,True,True,True,False,False,False,False,AA00_timing,AA00,timing,False,0.348003027560925,0.5614952757532805,False,False
F51,7557,-0.018575327132999298,-0.023910005883835284,0.6280311864263456,0.4836701544430345,0.007224478436256878,0.005563839306958585,2.571165143185545,4.29739332225708,0.41770989304023964,-0.030590384476637568,0.5110287441522501,0.4383155864960887,0.005878555432005358,0.005042108690390096,71.05655426264234,6.066982358976253,1799.3189798139633,False,True,True,True,True,True,True,False,False,False,AA00_timing,AA00,timing,True,1.1340788988771515,0.16185885659323454,False,False
F52,4365,-0.019200088531423826,0.002769546274718891,0.6026349834993616,0.5562843905631825,0.009121414996151747,0.008419857660343614,2.104946276375342,0.3289302962641611,0.44287015075081854,-0.09866344942163086,0.5374012681733478,0.42223441661290523,0.008134044854155954,0.006390892405914264,54.44648495201516,15.43813338655579,1906.940637333893,False,False,True,True,True,True,True,False,True,False,AA00_timing,AA00,timing,False,-1.4827153906921493,0.15387834260479194,False,False
G96,11617,0.12163165469956128,-0.007220691294249211,0.6476658657345232,0.5640956782014173,0.006009025045308873,0.0052336632785465135,20.241495713937272,1.3796629454263503,0.4963935710842921,-0.08145342245976848,0.5969918750921697,0.3782332130927891,0.0055388732355167785,0.0035092367387072375,89.61995517450734,23.21115060757485,1802.8287117442244,True,False,True,True,True,True,False,False,True,False,AA00_timing,AA00,timing,False,-0.015188187300931588,-0.008588974045822742,False,False
T09,9,-0.23898510045092924,0.22887912727682647,0.1949285482694095,0.3552288658691421,0.06497618275646984,0.1184096219563807,3.6780415578834984,1.932943653524543,0.3025926191929982,-0.13366533781222711,0.18756234460994464,0.35928362411439596,0.06252078153664821,0.11976120803813199,4.839872627241959,1.1160987769066928,901.1708485849505,True,False,True,False,True,False,False,False,False,False,AA00_timing,AA00,timing,False,0.0,0.0,False,False
V00,459,0.19283908084331347,0.021809362236289632,0.7179903323041509,0.42609817912609943,0.03351291876167184,0.01988855980236255,5.754171464881784,1.096578256697044,0.5111523173601776,-0.08293066836152387,0.5447166690369208,0.4115320659009363,0.025425196769682572,0.01920867186066612,20.104163676313576,4.317355669516236,1726.9049535973586,True,False,True,True,True,True,False,False,True,False,AA00_timing,AA00,timing,False,-0.008374573736815081,0.00891282836370012,False,False
W68,12957,0.19238892213443856,-0.010941134481742776,1.1286497598777179,0.8171168213475509,0.009915325234106619,0.007178470528180647,19.403188255758007,1.5241595600052926,0.6660621057242537,0.19770423398013381,1.0558335230593898,0.6173482582805762,0.00927562574889548,0.0054234794363703775,71.80778135680679,36.45339422775536,20366.87226506025,True,False,True,True,True,True,False,False,True,False,AA00_timing,AA00,timing,False,-0.010960035575763999,-0.01839203583726168,False,False
W84,137,-0.208558047576935,0.04361363295053579,0.4917161171883439,0.27516349491399167,0.042010143014261384,0.02350880390038758,4.964468878530949,1.8552042517916767,0.4304818138873692,0.08166195695798231,0.331188853781078,0.2452573025980741,0.02829537333783006,0.020953745458562146,15.213858772869697,3.8972486861347027,1288.9081084365298,True,False,True,True,True,True,False,False,True,False,AA00_timing,AA00,timing,False,0.033730568408014014,-0.07101379135103153,False,False
691,1893,0.1091052547574321,-0.12511536977629362,2.8347868094224675,1.3491747903802245,0.06515460201065812,0.031009367694901025,1.6745594538292852,4.034760431341099,0.15337454259999947,0.030352795842222665,2.778639920165368,1.4621455936896395,0.06386412464159343,0.033605883137961395,2.4015758997831735,0.9031988749593661,1519.620772395072,False,True,False,False,True,False,False,False,False,True,AA00_trailing,AA00,trailing,False,-3.132357764725398,0.39744221765836846,True,False
703,31422,0.1621641837529929,0.021552228647095873,4.131641701108529,2.1217582971668407,0.02330803921008962,0.011969582350625679,6.957435685228941,1.800583179576795,0.3872321844928367,-0.21005130036363306,3.9177225532779145,2.4609870979538444,0.022101246306414753,0.013883290934749458,17.52083023392418,15.129791729558947,2542.8973816739726,True,False,True,True,True,True,False,False,True,False,AA00_trailing,AA00,trailing,False,-10.414620348628155,-4.214130664769315,True,True
F51,7557,0.01561110664952436,-0.2159060460838507,50.64518439335245,6.2772648635216814,0.5825905631088251,0.07220973356950312,0.026796017028185678,2.989985358082472,3.193738842913133,-0.05213952797478567,43.640161686736214,26.26173909690045,0.5020091579442043,0.302098640807565,6.3619135076976026,0.1725910710336437,1799.3189798139633,False,False,True,False,True,False,True,False,False,False,AA00_trailing,AA00,trailing,True,5.547857774022781,-0.06754130883624268,True,False
F52,4365,0.21243944615790866,-0.023964813390153123,9.536296728543716,4.52266711834746,0.14434030942311474,0.0684545783192831,1.4717956959283647,0.35008342726731,0.06436915846640942,-0.17706640905539137,10.403737940515997,1.7798655262185878,0.1574698015631481,0.026939843431776054,0.40877144587367936,6.572659173161274,1906.940637333893,False,False,False,True,False,True,False,False,True,False,AA00_trailing,AA00,trailing,False,-2.517485280301741,-2.790825907377104,False,False
G96,11617,0.15027717395695556,-0.0033626646116373224,2.995087027246282,1.6110192977018365,0.02778833023597968,0.014946990138792223,5.407923854394827,0.2249726921883846,0.39032282643957755,-0.19077908461226778,2.7217266816930286,1.9979902435131054,0.025252100908900864,0.018537295307259942,15.457043667285383,10.291635400421717,1802.8287117442244,True,False,True,True,True,True,False,False,True,False,AA00_trailing,AA00,trailing,False,-4.1075962481834685,-5.796775952491315,True,True
T09,9,-0.23898510045092924,0.22887912727682647,0.1949285482694095,0.3552288658691421,0.06497618275646984,0.1184096219563807,3.6780415578834984,1.932943653524543,0.3025926191929982,-0.13366533781222711,0.18756234460994464,0.35928362411439596,0.06252078153664821,0.11976120803813199,4.839872627241959,1.1160987769066928,901.1708485849505,True,False,True,False,True,False,False,False,False,False,AA00_trailing,AA00,trailing,False,0.0,0.0,False,False
V00,459,0.1770825399263,0.01713397000325234,0.9452805607829937,0.5413657989069036,0.04412191810277516,0.025268791546108324,4.0134823584462875,0.6780684375818979,0.5379853415860815,-0.027510225985770895,0.6857315523894845,0.6762446157992682,0.03200720786002016,0.03156439558116295,16.808255938440443,0.8715587762494171,1726.9049535973586,True,False,True,False,True,True,False,False,False,False,AA00_trailing,AA00,trailing,False,0.6491070463982669,1.5064982753246683,False,False
W68,12957,-0.44461442012550473,0.011379152879643238,5.876253743320616,1.6639881755072725,0.051623602905362796,0.014618338241306898,8.612618939839958,0.7784163077776703,0.2472196539768763,-0.14106460690800945,4.974947730502539,3.558920269502044,0.04370552010391397,0.031265546858566966,5.65648580291662,4.511822791590061,20366.87226506025,True,False,True,True,False,True,False,False,True,False,AA00_trailing,AA00,trailing,False,-9.377760093521498,-10.680578718835353,True,True
W84,137,-0.1951452484004204,-0.1116369965105296,0.6460249187724206,0.44909868377630835,0.0551936336429066,0.03836908995548071,3.535647782550011,2.909555494802221,0.3380098660711031,0.16887329673209778,0.5958972074069059,0.4135720593952625,0.0509109342360123,0.03533384559620336,6.639239117164125,4.779363635138636,1288.9081084365298,True,False,True,True,True,True,False,False,True,False,AA00_trailing,AA00,trailing,False,-1.5635325117112833,2.067778237365848,False,False
691,1893,-0.04162937351777051,-0.025096912702431647,0.6726279545049784,0.5027214343180575,0.015459648158142577,0.011554524970395694,2.6927762580317443,2.172041928745097,0.3579260083004881,0.016304587716328763,0.5930883086075542,0.47665805926306076,0.0136315128093785,0.010955485627077743,26.25724769551876,1.4882578711098027,1519.620772395072,False,False,True,False,True,False,True,False,False,False,AA01_clean,AA01,clean,False,0.0,0.0,False,False
703,31422,0.27407254165781364,-0.019189290373710345,0.8566451003751722,0.7025954742309951,0.004832635313783031,0.003963587369595431,56.71285413905299,4.8413945712187045,0.6215654006339794,-0.1499503699860559,0.7479409392105024,0.5785415258336487,0.004219397033695425,0.0032637555587595587,147.31142759741695,45.94411783799363,2542.8973816739726,True,True,True,True,True,True,False,False,False,False,AA01_clean,AA01,clean,False,0.0,0.0,False,False
F51,7557,-0.02058349690075477,-0.023375197972438432,0.601211112094698,0.4782161492959624,0.006915957055701968,0.005501099838875056,2.976232607428409,4.249186282214163,0.4084891049844698,-0.03173266496117147,0.4882853946365146,0.429249943529635,0.005616930146994207,0.004937823197030078,72.72461901686012,6.4264481928509545,1799.3189798139633,False,True,True,True,True,True,True,False,False,False,AA01_clean,AA01,clean,False,0.0,0.0,False,False
F52,4365,-0.039398638628321714,0.010683068746737183,0.7125718352646283,0.5250125774750637,0.010785406758625452,0.007946531032004715,3.6529580673267885,1.344368845186792,0.46153407908628485,-0.10001641741624845,0.6346899956106602,0.398953763247704,0.009606596036382769,0.006038519067923702,48.04345653115119,16.563070562703103,1906.940637333893,True,False,True,True,True,True,False,False,True,False,AA01_clean,AA01,clean,False,0.0,0.0,False,False
G96,11617,0.12123263743502899,-0.006844909437192077,0.648100034515287,0.5637940825373056,0.006013053250615852,0.005230865082755928,20.161577219129473,1.3085616487714447,0.4965125227202397,-0.08141077875286626,0.5967940703921042,0.37855718288740486,0.005537038009268711,0.0035122425210292094,89.67114220438867,23.179145023564622,1802.8287117442244,True,False,True,True,True,True,False,False,True,False,AA01_clean,AA01,clean,True,0.0,0.0,False,False
T09,9,-0.23898510045092924,0.22887912727682647,0.1949285482694095,0.3552288658691421,0.06497618275646984,0.1184096219563807,3.6780415578834984,1.932943653524543,0.3025926191929982,-0.13366533781222711,0.18756234460994464,0.35928362411439596,0.06252078153664821,0.11976120803813199,4.839872627241959,1.1160987769066928,901.1708485849505,True,False,True,False,True,False,False,False,False,False,AA01_clean,AA01,clean,False,0.0,0.0,False,False
V00,459,0.19315805534776456,0.022035153868769346,0.7180887670340801,0.42603164258803167,0.03351751330140172,0.019885454142725335,5.762899341929599,1.1081041303163013,0.511453418364026,-0.08317276915305565,0.5446418453329644,0.4114720468382882,0.025421704298267126,0.019205870410729846,20.118769865436963,4.330590979442883,1726.9049535973586,True,False,True,True,True,True,False,False,True,False,AA01_clean,AA01,clean,False,0.0,0.0,False,False
W68,12957,0.1932509656030077,-0.011500083834932461,1.1281391207783844,0.8170578924567266,0.009910839207593228,0.007177952830716845,19.49895075030051,1.6021397891777418,0.666205866873658,0.1978452208072221,1.055694253504235,0.6166538190464781,0.009274402248936804,0.0054173787033474485,71.83275525385264,36.5204708109056,20366.87226506025,True,False,True,True,True,True,False,False,True,False,AA01_clean,AA01,clean,False,0.0,0.0,False,False
W84,137,-0.20900682791558817,0.04128092822110353,0.49195201887828566,0.2757757410119605,0.04203029745578839,0.023561111614608266,4.972765851477548,1.7520789721784051,0.42913043972116444,0.08377372962940242,0.33198427658405055,0.24698289727004402,0.028363330894114275,0.02110117296077342,15.129761780208053,3.9700982398057114,1288.9081084365298,True,False,True,True,True,True,False,False,True,False,AA01_clean,AA01,clean,False,0.0,0.0,False,False
691,1893,-0.10652786999977362,-0.0027537042288277316,0.6443405831449722,0.4854897821758515,0.014809492592029872,0.011158473516515721,7.193215387886042,0.24678144593451407,0.396579984173283,5.7179083079670804e-05,0.542380863290726,0.45887559846867754,0.012466055355007092,0.01054677441395332,31.81278863918998,0.005421475878352269,1519.620772395072,True,False,True,False,True,False,False,False,False,False,AA01_constant,AA01,constant,False,2.092553164482783,-1.0684065722520097,False,False
703,31422,0.19611737916129562,-0.007980210697043083,0.9689171971783932,0.7013320809144311,0.005466001569570978,0.003956460125005868,35.879495581024635,2.0170077404814606,0.6485914902226698,-0.16662995227325259,0.8208552591964047,0.5890161868639424,0.004630732273329698,0.0033228467935926707,140.06240308000022,50.14674543363218,2542.8973816739726,True,False,True,True,True,True,False,False,True,False,AA01_constant,AA01,constant,False,4.31399879753626,-3.581139562213322,True,True
F51,7557,-0.10591974548867818,-0.0063259563493042684,1.3709297509657363,0.8398349189732571,0.015770319432435585,0.009660936261243149,6.716398227852498,0.6547974418051132,0.4360424431774592,-0.0625950181419004,1.007694702671138,1.1772734023481914,0.011591890350546655,0.013542617775464165,37.616163541168774,4.622076704793877,1799.3189798139633,True,False,True,True,True,True,False,False,True,False,AA01_constant,AA01,constant,False,2.1390575212585583,-2.1410280876521592,False,False
F52,4365,-0.07049515662614389,0.0024643336608944503,0.8285935776549945,0.5084842379161634,0.012541498737843021,0.007696359952591764,5.620951538545397,0.32019469932205824,0.4761983000732625,-0.08798453767982717,0.7038870067698368,0.46913064563965323,0.010653954176149413,0.007100708427917572,44.69686017040592,12.39095205400941,1906.940637333893,True,False,True,True,True,True,False,False,True,False,AA01_constant,AA01,constant,False,1.0222173479685952,1.2908154262223985,False,False
G96,11617,0.6212326380819623,-0.006844909437192077,0.6481000355786456,0.5637940825373056,0.006013053260481661,0.005230865082755928,103.31400890205984,1.3085616487714447,0.4663629743859276,-0.07349073077548426,0.825142385195306,0.4691833747895223,0.007655647025586634,0.004353069690889682,60.91751263181982,16.88250728659118,1802.8287117442244,True,False,True,True,False,True,False,False,True,False,AA01_constant,AA01,constant,True,-3.191049830082717,1.415987089722236,True,False
T09,9,-0.2569795986715463,0.22350313133028266,0.1949182658892812,0.3552324704477989,0.06497275529642707,0.11841082348259963,3.9551901023609184,1.887522818918038,0.3176834355047722,-0.12248623922187314,0.18754936728508978,0.3592816556763869,0.0625164557616966,0.11976055189212897,5.081597023281903,1.0227594753587914,901.1708485849505,True,False,True,False,True,False,False,False,False,False,AA01_constant,AA01,constant,False,0.17068225069383222,0.06600499614785872,False,False
V00,459,0.16605642373255325,0.009230625185666792,0.7358062022299505,0.4246257813829269,0.03434449235622953,0.01981983416117814,4.835023386287826,0.46572666101047233,0.49737881629116204,-0.0896334464582699,0.5561332735309669,0.42915779132025966,0.025958078233023815,0.020031370269706944,19.16084895908811,4.474653768135914,1726.9049535973586,True,False,True,True,True,True,False,False,True,False,AA01_constant,AA01,constant,False,-0.38737821840998077,-0.23280831912094005,False,False
W68,12957,0.14449250661555474,-0.0022240214450509658,1.1427166798723583,0.8261285784236421,0.010038904834924615,0.00725763990872425,14.393253944680886,0.3064386595396553,0.6661386825880358,0.19108442243328122,1.0596299142638288,0.6372345383863477,0.009308977506762324,0.00559818282262426,71.5587380143665,34.1332944077926,20366.87226506025,True,False,True,True,True,True,False,False,True,False,AA01_constant,AA01,constant,False,-0.005112781673985379,-0.8678563573957373,False,False
W84,137,-0.18991401107212977,-0.033825376318833415,0.5261146188195103,0.3508464288768058,0.044949005342518326,0.029974833319347794,4.2250993014184814,1.1284591963685824,0.4052492596596187,0.14688282236438846,0.42105247951701563,0.270040749141951,0.035972941017599194,0.023071138192499663,11.265391380186482,6.366518250588065,1288.9081084365298,True,False,True,True,True,True,False,False,True,False,AA01_constant,AA01,constant,False,-0.5213124369793508,2.0184841929528945,False,False
691,1893,-0.056010225793293046,-0.006443101979556212,0.6481830974924306,0.5016371050457745,0.014897808754711575,0.011529602799194221,3.7596284604995533,0.5588312183665604,0.35247362535295407,0.010699985274022524,0.5768871318510395,0.46651328080581045,0.013259145751592557,0.010722318532934566,26.583433952418723,0.9979171240955542,1519.620772395072,True,False,True,False,True,True,False,False,False,False,AA01_dcr,AA01,dcr,False,-0.2867201900997324,-0.3656111233771396,False,False
703,31422,0.28694983114958483,-0.00761664687634397,0.8622359413721964,0.7004895719973395,0.004864175207753278,0.003951707236857519,58.99249490277398,1.9274319730225986,0.6144745360299764,-0.14896355241248244,0.7605880020209543,0.581602418482783,0.004290743548520123,0.0032810231272093486,143.20933634961906,45.4015551359988,2542.8973816739726,True,False,True,True,True,True,False,False,True,False,AA01_dcr,AA01,dcr,False,-1.178317137903586,0.2132334805850304,False,False
F51,7557,-0.02562656588974855,-0.010594014898606044,0.598960456588535,0.47749880681260737,0.0068900669207482565,0.005492847979071885,3.7193493451534607,1.928692535997709,0.41740620161301656,-0.03030653369158498,0.48066483698324963,0.4251478023448859,0.005529268012329304,0.0048906347274568765,75.49031819081179,6.196850793505148,1799.3189798139633,True,False,True,True,True,True,False,False,True,False,AA01_dcr,AA01,dcr,False,1.131353382916985,0.2052031919163727,False,False
F52,4365,-0.028698490857148366,0.03830311056663138,0.7045223742151144,0.529412043916634,0.010663571025987384,0.008013120858805317,2.6912645667393633,4.780049027282739,0.44088458590686924,-0.11315590993337533,0.6409471299647601,0.4010934648456704,0.00970130331474057,0.0060709053494662196,45.44591294625028,18.639050260160044,1906.940637333893,False,True,True,True,True,True,True,False,False,False,AA01_dcr,AA01,dcr,False,-1.5124608573567127,-1.534505805031746,False,False
G96,11617,0.13238464214714465,-0.14676716038695656,0.6782318389281736,0.5650060917973773,0.006292615254662551,0.005242110069382879,21.0380957343695,27.99772580972046,0.5047519341851894,-0.07332154238878316,0.6234869204503941,0.4115714611061239,0.005784693494939598,0.0038185480331223774,87.2564699627979,19.20141942769516,1802.8287117442244,True,True,True,True,True,False,False,False,False,False,AA01_dcr,AA01,dcr,True,1.0289504481702931,1.5591680790166187,False,False
T09,9,-0.23898510045092924,0.22887912727682647,0.1949285482694095,0.3552288658691421,0.06497618275646984,0.1184096219563807,3.6780415578834984,1.932943653524543,0.3025926191929982,-0.13366533781222711,0.18756234460994464,0.35928362411439596,0.06252078153664821,0.11976120803813199,4.839872627241959,1.1160987769066928,901.1708485849505,True,False,True,False,True,False,False,False,False,False,AA01_dcr,AA01,dcr,False,0.0,0.0,False,False
V00,459,0.19413318963699377,0.03221868677519399,0.7193970098293144,0.42602402701394965,0.03357857684577638,0.01988509867816815,5.781459724413915,1.6202427403876494,0.509582523854551,-0.0827595264400653,0.5505998606416682,0.40935705572307474,0.02569980063750419,0.019107151079512195,19.82826758239159,4.331337837633205,1726.9049535973586,True,False,True,True,True,True,False,False,True,False,AA01_dcr,AA01,dcr,False,-0.051755229908434446,0.015253600121852687,False,False
W68,12957,0.19102351565009384,0.0008054137875467017,1.1225048767333488,0.8153926928181399,0.009861341689283466,0.007163323849625233,19.370945827552376,0.11243576368375958,0.6665589028124654,0.19647142965715306,1.0544271241654606,0.6054917541205008,0.009263270363781407,0.00531931860715138,71.95718970037338,36.93545060320576,20366.87226506025,True,False,True,True,True,True,False,False,True,False,AA01_dcr,AA01,dcr,False,0.02693262164451738,-0.18094512629026868,False,False
W84,137,-0.21246983188309343,0.045589804319352216,0.4948378134228276,0.2764237478163484,0.042276847522561056,0.0236164745721664,5.025678221861477,1.9304237887005735,0.4251495078850918,0.08085590939800065,0.33870005095954886,0.25584954917771524,0.028937098220634772,0.0218587021563362,14.692195625265622,3.6990260821392305,1288.9081084365298,True,False,True,True,True,True,False,False,True,False,AA01_dcr,AA01,dcr,False,-0.09824717994377996,-0.09603797853646202,False,False
691,1893,-0.08450064450727619,-0.02309911254829105,0.6537474715490933,0.4939881437237155,0.015025700057117538,0.011353799444572573,5.62374093626666,2.0344830522202906,0.3824964443666825,0.013212924576394383,0.5663882819420277,0.4599629351767078,0.013017840696440753,0.010571765707911584,29.382480035361166,1.2498313849791656,1519.620772395072,True,False,True,False,True,False,False,False,False,False,AA01_epoch,AA01,epoch,False,1.3035451180204498,-0.2030717925831995,False,False
703,31422,0.24685359906207194,-0.023418449055343054,0.8844226171398076,0.7079935504341643,0.004989338023443294,0.003994039809788578,49.47622267767514,5.863348932564269,0.649527283869119,-0.1552662107750791,0.7466597052014333,0.5843262059173108,0.004212169143505268,0.0032963889669690954,154.20256446031453,47.1019082793013,2542.8973816739726,True,True,True,True,True,True,False,False,False,False,AA01_epoch,AA01,epoch,False,4.690001731566626,-1.1459566319096162,True,False
F51,7557,-0.06949377920035717,-0.02241067335495866,0.8192057724809314,0.5718553760288204,0.009423631447066266,0.006578267006589648,7.374416072053809,3.4067746615497994,0.4271742648405876,-0.043169411837210396,0.6154803861902962,0.6631225623075748,0.007080101870852446,0.00762814770273885,60.33448001633849,5.659226003412417,1799.3189798139633,True,True,True,True,True,True,False,False,False,False,AA01_epoch,AA01,epoch,False,2.0674972637708224,-1.2586049433363378,False,False
F52,4365,-0.054240762522954955,-0.000766887338850837,0.7031920855701352,0.5055986669127571,0.010643435927415668,0.0076526842760319775,5.096170343191529,0.10021154815607768,0.45897168767629654,-0.0987364972335217,0.608686222130533,0.4026153448675576,0.009213005860119102,0.006093940353463794,49.81780047086208,16.202406243999402,1906.940637333893,True,False,True,True,True,True,False,False,True,False,AA01_epoch,AA01,epoch,False,-0.19251079093161735,0.14919164641868096,False,False
G96,11617,0.37123255588598364,0.1431550905627623,0.6480998914318865,0.563794082537288,0.006013051923092228,0.005230865082755766,61.737793159630044,27.36738346295565,0.47906165934232975,-0.08649561694491276,0.6903963557670968,0.427280658436395,0.006405477287720711,0.00396429750857488,74.78937756296321,21.81864927085327,1802.8287117442244,True,True,True,True,True,False,False,False,False,False,AA01_epoch,AA01,epoch,True,-2.0610611242980026,-0.9600615469012657,False,False
T09,9,-0.2433791763187411,0.2144741070732259,0.19491015497295439,0.3552316100839728,0.06497005165765146,0.1184105366946576,3.746020975959599,1.811275525473591,0.3018220581495364,-0.11862483790803559,0.18753335340307134,0.35928106780271996,0.06251111780102378,0.11976035593423999,4.828294050192032,0.9905184147346062,901.1708485849505,True,False,True,False,True,False,False,False,False,False,AA01_epoch,AA01,epoch,False,-0.00871567880531087,0.08880402497579623,False,False
V00,459,0.19779086557205672,0.005341660410779106,0.7151213907920372,0.4277719144214786,0.0333790080396167,0.01996668307569769,5.925606457127298,0.26752868218160236,0.48906200129501276,-0.07725807911345199,0.5639208336552352,0.41222594832932086,0.0263215704111966,0.019241059518836916,18.580274415806773,4.015271562245139,1726.9049535973586,True,False,True,True,True,True,False,False,True,False,AA01_epoch,AA01,epoch,False,-0.6118951360809736,0.217563050755975,False,False
W68,12957,0.1581735117683318,-0.009107224003789167,1.133864517095334,0.8224189786451626,0.00996113750968374,0.007225050624076744,15.879061162900634,1.2605066009420436,0.670464007032666,0.19180566806125163,1.0569025054075503,0.6194623618969065,0.009285016888670035,0.005442052093433439,72.20923936614419,35.24509959996354,20366.87226506025,True,False,True,True,True,True,False,False,True,False,AA01_epoch,AA01,epoch,False,0.3244669746298753,-0.7865233010609124,False,False
W84,137,-0.17889351146149013,-0.028094507562461648,0.5279219855342043,0.35548029131675934,0.045103419101818455,0.030370730905385834,3.9662960153341813,0.9250520723384853,0.39685653115551345,0.1517646507223136,0.4155457942408894,0.28908102253035506,0.03550247314416973,0.024697858529940032,11.178278469332096,6.144850596594703,1288.9081084365298,True,False,True,True,True,True,False,False,True,False,AA01_epoch,AA01,epoch,False,-0.7102342585432629,2.0930255860240394,False,False
691,118,-0.014782612596966168,0.09492391586709671,0.623732963896206,0.45800942187412247,0.05741927349093386,0.04216318485356023,0.25745035940415106,2.2513459596750884,0.42850108279448584,-0.038942414057192225,0.5289802022015517,0.3762862584160012,0.048696574751747136,0.03463995785617001,8.799409095587613,1.1242050067984095,1468.2512973038245,False,False,True,False,True,False,True,False,False,False,AA01_mag_dep,AA01,mag_dep,False,1.395632774914736,-1.520652854572576,False,False
703,4134,0.3500032479136621,-0.04531788325347681,0.9418758734514575,0.6736892742804096,0.014649015423438393,0.01047790356214848,23.8926124245632,4.325090700127081,0.7160636606152881,-0.12859662244665276,0.7586720949169286,0.6004813505606276,0.011799643172772264,0.009339299172847008,60.68519616488138,13.769408182204227,2761.876478377647,True,True,True,True,True,True,False,False,False,False,AA01_mag_dep,AA01,mag_dep,False,7.54094431878063,2.158435538118426,True,False
F51,805,-0.1139926084771303,0.003959598163110697,1.3508631712776427,0.8739224342854125,0.04761167072744607,0.030801718536135378,2.394215677279699,0.12855120919520935,0.4706227896545048,-0.03186149986252142,0.9883432755412325,1.1840598656034365,0.034834523289467276,0.041732626694808386,13.51024056634082,0.7634673967571047,2731.342892485941,False,False,True,False,True,True,True,False,False,False,AA01_mag_dep,AA01,mag_dep,False,1.7609356843652784,-0.0030657651936520426,False,False
F52,427,-0.24051471035664285,0.07098956411454811,1.3625782316960997,0.6129119757984346,0.06593978229218088,0.02966088941411561,3.647490209945128,2.3933727382013097,0.49364361075446295,-0.08864848071687605,1.3439376615989782,0.4868403352569903,0.06503770187917125,0.023559855112273754,7.59011460262798,3.7626921003726244,3713.051263621257,True,False,True,True,True,True,False,False,True,False,AA01_mag_dep,AA01,mag_dep,False,0.48840722140116866,0.4674047061282625,False,False
G96,11617,0.13832846024805537,0.0018699052580164327,0.6569778223280927,0.5688106233836918,0.006095421107463744,0.005277408402670686,22.693831617092776,0.3543226362905983,0.49800463024187114,-0.0815039126033774,0.6122371894178114,0.38052165366543006,0.005680318817958416,0.0035304688237116012,87.67195050169047,23.08586102105609,1802.8287117442244,True,False,True,True,True,True,False,False,True,False,AA01_mag_dep,AA01,mag_dep,True,0.1881001565558634,-0.018701705492586977,False,False
V00,48,0.09626870592689167,0.05048014270458978,0.588070726443273,0.6258519062395506,0.08488069805364061,0.09033394163506124,1.1341648706288252,0.5588170048919571,0.491579938288786,-0.2144090000639252,0.48999952046423456,0.46448239516389395,0.07072533876070335,0.06704225897042908,6.950549080465053,3.198117177980182,2346.2935003347293,False,False,True,True,True,True,True,False,True,False,AA01_mag_dep,AA01,mag_dep,False,-0.26443177439391236,-1.8818194451736467,False,False
W68,2346,0.17489150526021663,-0.023305361913944403,0.7245430952163016,0.49993433082660704,0.014958919261900771,0.010321645931709578,11.691453252619123,2.2579113901153094,0.4751678966009002,0.11496927711566711,0.6450620978573544,0.3883696574655364,0.013317954314201012,0.008018281297766905,35.67874505277631,14.338394082992087,1949.531158407834,True,False,True,True,True,True,False,False,True,False,AA01_mag_dep,AA01,mag_dep,False,-11.771350285847781,-8.564378773350766,True,True
W84,18,-0.010678748981807675,0.26443202942960653,0.8457430026133275,0.4338796221685204,0.19934353742965197,0.10226640768467263,0.05356957702015391,2.585717396517476,0.8715290841921628,0.08677983912829362,0.305741362672463,0.2683213837856287,0.07206393027830472,0.06324395667072541,12.093832251812968,1.3721443707278769,2367.0935682066247,False,False,True,False,True,False,True,False,False,False,AA01_mag_dep,AA01,mag_dep,False,5.71244236539619,0.045088532608402225,True,False
691,1893,-0.05804894865368413,-0.021479273088440994,0.6483742935432562,0.4891979379063759,0.014902203195434996,0.011243701587287323,3.895326609924787,1.910338238852453,0.37385933089817586,0.024627024152316976,0.5457798253128536,0.47444857446637045,0.012544176932638599,0.010904702936083676,29.80341658968745,2.2583856063447745,1519.620772395072,True,False,True,False,True,True,False,False,False,False,AA01_seasonal,AA01,seasonal,False,0.8600997750942594,0.5384066421681977,False,False
703,31422,0.2593167706320256,-0.011644427285528362,0.8645090571397773,0.7136575790413854,0.004876998650653865,0.0040259925807243436,53.17138453529378,2.8923121570763883,0.6332454903982668,-0.1517861232972744,0.7492109721588786,0.5819763913874693,0.004226561734775607,0.0032831328394633415,149.82520784873537,46.23209925373755,2542.8973816739726,True,False,True,True,True,True,False,False,True,False,AA01_seasonal,AA01,seasonal,False,1.9557442634851743,-0.39654499979642904,False,False
F51,7557,-0.03843960779114449,-0.022867401069080556,0.7132681001831366,0.5227811480463088,0.008204990644437232,0.00601374774465139,4.684905742970656,3.8025208306116194,0.41449255444752764,-0.035228927760355355,0.5534028926328468,0.5515292879072379,0.006366001164907224,0.006344448386588598,65.11034850769907,5.55271721255154,1799.3189798139633,True,True,True,True,True,True,False,False,False,False,AA01_seasonal,AA01,seasonal,False,0.7071408025249302,-0.4348837081647167,False,False
F52,4365,-0.028810557504230005,0.024888553578837326,0.7088286481384831,0.5231120426595001,0.010728750301365766,0.007917764751848315,2.6853600554542156,3.1433812899060136,0.43774359947402136,-0.10791032336513091,0.6417444421482379,0.40297329786904945,0.009713371341831792,0.006099358289635978,45.066083038422136,17.69207812377443,1906.940637333893,False,True,True,True,True,True,True,False,False,False,AA01_seasonal,AA01,seasonal,False,-1.7414266002104946,-0.919726595601251,False,False
G96,11617,0.18776814735624886,0.015333600122669181,0.6653043064697302,0.5743720455411082,0.0061726739849019005,0.005329007115524806,30.419255547194265,2.87738405865482,0.48434894138337287,-0.11497919371248842,0.6318505060115671,0.4011952280230729,0.005862290598267986,0.0037222776446848094,82.62110744330445,30.88947270676379,1802.8287117442244,True,False,True,True,True,True,False,False,True,False,AA01_seasonal,AA01,seasonal,True,-1.5084137355624399,-6.559234383943024,False,True
T09,9,-0.23898510117835084,0.22887907574036248,0.1949285482504513,0.3552288658659807,0.06497618275015044,0.1184096219553269,3.6780415694364184,1.932943218302927,0.30259260233798213,-0.13366528910479838,0.18756234452154125,0.35928362411244225,0.06252078150718042,0.11976120803748075,4.83987235993251,1.116098370208208,901.1708485849505,True,False,True,False,True,False,False,False,False,False,AA01_seasonal,AA01,seasonal,False,-1.906293532408145e-07,2.8758354823629767e-07,False,False
V00,459,0.19424367520008043,0.008097573841937305,0.7148946846831218,0.42094994709063444,0.03336842630464198,0.019648260909455328,5.821181779047777,0.412126746446069,0.5053507844023427,-0.07885824769725698,0.5429809652097767,0.4112838761005923,0.0253441810529852,0.019197087352850098,19.93951918769217,4.107823559262457,1726.9049535973586,True,False,True,True,True,True,False,False,True,False,AA01_seasonal,AA01,seasonal,False,-0.17000427732589737,0.15888501703236788,False,False
W68,12957,0.17338982942624231,-0.010217560299757756,1.1313675773245178,0.8183299528307182,0.009939201590501599,0.007189128035615585,17.445046047958456,1.4212516801952957,0.6675316354129528,0.19204975097795762,1.0590721510540833,0.6129230085907967,0.009304077489214945,0.00538460308032433,71.74613885006211,35.666463825294606,20366.87226506025,True,False,True,True,True,True,False,False,True,False,AA01_seasonal,AA01,seasonal,False,0.10091877718146502,-0.7587491322281165,False,False
W84,137,-0.1768813844682603,-0.042783481802017756,0.5127972379114301,0.3595177928439552,0.0438112247065634,0.030715677940166122,4.037353113339503,1.3928874331004386,0.36809192223195214,0.14921847409677985,0.42642648497236973,0.2912347240284622,0.036432073288938535,0.024881861666674422,10.103512894055134,5.997078357550551,1288.9081084365298,True,False,True,True,True,True,False,False,True,False,AA01_seasonal,AA01,seasonal,False,-1.3220057529093743,2.0059918746663503,False,False
691,1893,-0.03635245071629027,-0.024747290347136915,0.6841165225735399,0.5061079092216098,0.01572370084728712,0.011632359544701824,2.311952578426365,2.1274523240135346,0.35660763527853506,0.018467906905888003,0.603648792601553,0.48374074493947133,0.01387423445933887,0.01111827372983004,25.70286932397191,1.6610408553208298,1519.620772395072,False,False,True,False,True,False,True,False,False,False,AA01_step,AA01,step,False,-0.0677817767012574,0.13859497588673966,False,False
703,31422,0.25699688219375116,-0.003429383875765627,0.874561365967856,0.7076874875210746,0.004933707248655944,0.0039923132016034734,52.09001451469644,0.8589967025603724,0.6331706862484732,-0.1600195121801427,0.7526140012650454,0.5820546814245311,0.004245759414917699,0.003283574501007494,149.13013771430258,48.73332769853224,2542.8973816739726,True,False,True,True,True,True,False,False,True,False,AA01_step,AA01,step,False,1.9388032371056418,-2.1749097851188597,False,False
F51,7557,0.09548190845315044,-0.033938246603056894,3.706607465515931,2.06692717123804,0.04263849675788213,0.02377663896420835,2.2393357109968868,1.4273777994503385,0.39365826998896786,0.053910968793038076,2.7117774603629874,3.2417930074206174,0.031194593850981413,0.03729156160251489,12.619438863974278,1.445661336676295,1799.3189798139633,False,False,True,False,True,True,True,False,False,False,AA01_step,AA01,step,False,-0.467904960087694,2.2767236473586983,False,False
F52,4365,-0.04776666220472142,0.013415833215088123,0.7242748236507778,0.5154396697795843,0.010962541868083178,0.007801636583124095,4.357261552979001,1.719617809948778,0.4640705601115749,-0.1050130642974505,0.634792248510138,0.4041187601295195,0.009608143724711915,0.006116695876942157,48.29971047560379,17.168266399072362,1906.940637333893,True,False,True,True,True,True,False,False,True,False,AA01_step,AA01,step,False,0.18668615342342348,-0.581329057026687,False,False
G96,11617,0.23923216895763239,-0.06584465119493331,0.6695838148493053,0.5731082106780048,0.006212379139048494,0.005317281292461844,38.50894538195779,12.383142356654965,0.4934618933966271,-0.0785143725739034,0.6509994087969737,0.406051086073143,0.006039953560785233,0.003767330154293671,81.699617129585,20.840852635232842,1802.8287117442244,True,True,True,True,True,True,False,False,False,False,AA01_step,AA01,step,True,-0.3723053914031269,0.5623440482048713,False,False
T09,9,-0.23898510045092924,0.22887912727682647,0.1949285482694095,0.3552288658691421,0.06497618275646984,0.1184096219563807,3.6780415578834984,1.932943653524543,0.3025926191929982,-0.13366533781222711,0.18756234460994464,0.35928362411439596,0.06252078153664821,0.11976120803813199,4.839872627241959,1.1160987769066928,901.1708485849505,True,False,True,False,True,False,False,False,False,False,AA01_step,AA01,step,False,0.0,0.0,False,False
V00,459,0.18130024951339654,0.020878880557142442,0.7251056060719889,0.4259801506164947,0.03384503129998886,0.01988305070331765,5.356775944640838,1.050084359220521,0.506123198923697,-0.08863517544895387,0.5523231710659734,0.41347482207894043,0.025780237879695935,0.019299351953472172,19.63221601311564,4.59265034715362,1726.9049535973586,True,False,True,True,True,True,False,False,True,False,AA01_step,AA01,step,False,-0.14721870895404812,-0.2006217813303582,False,False
W68,12957,0.18112954425547936,-0.004019059701829781,1.1304747541464861,0.8140576019906509,0.009931358030434134,0.0071515949145364065,18.23814464249675,0.5619808937528884,0.6614371599380082,0.19579285845547467,1.054921760976342,0.6202893990696157,0.009267615808246995,0.005449317715453326,71.37080060541716,35.929793173967425,20366.87226506025,True,False,True,True,True,True,False,False,True,False,AA01_step,AA01,step,False,-0.3637128143697333,-0.26709737938367595,False,False
W84,137,-0.17197746164991354,-0.060383308931161214,0.5137012274139968,0.3675638174448399,0.043888457741964745,0.03140309621336045,3.918512303645479,1.9228457130756147,0.3615785665750563,0.1602401518258192,0.4396827616250202,0.28560772085501357,0.03756463343603892,0.024401114341551188,9.62550498970565,6.5669194276490845,1288.9081084365298,True,False,True,True,True,True,False,False,True,False,AA01_step,AA01,step,False,-1.4351379736863838,2.3703552687375513,False,False
691,1893,-0.04272236466131645,-0.024818206390022628,0.6689672799087713,0.5033856431793162,0.015375511391450412,0.011569791114524565,2.778597964882802,2.145086816551612,0.3560550730088519,0.016280828074627992,0.5907531492466075,0.47659240633796907,0.013577841620318274,0.010953976663443875,26.223245414502465,1.486293843309082,1519.620772395072,False,False,True,False,True,False,True,False,False,False,AA01_timing,AA01,timing,False,-0.09724217908897313,-0.001533639073616094,False,False
703,31422,0.2740057912597251,-0.019407028700156943,0.8560715276762885,0.7020215519564009,0.0048293995891189505,0.003960349672852222,56.73703039133136,4.900332117941522,0.6199210859633513,-0.1495556114037146,0.7479014371865503,0.5788889286417157,0.004219174188930617,0.003265715379784201,146.92948387619788,45.795666189867795,2542.8973816739726,True,True,True,True,True,True,False,False,False,False,AA01_timing,AA01,timing,False,-0.27556941167545085,0.08550048252260807,False,False
F51,7557,-0.01896453913923901,-0.023298698325669283,0.5983314268472502,0.47649957046010627,0.0068828309555607065,0.005481353388297746,2.7553399555625253,4.25053753611474,0.40777352663038763,-0.03101675788312143,0.4876902898236088,0.42462274333710726,0.0056100844329897565,0.004884594776636848,72.68580918898483,6.349914230649274,1799.3189798139633,False,True,True,True,True,True,True,False,False,False,AA01_timing,AA01,timing,False,-0.09013798084495658,0.1030734627962276,False,False
F52,4365,-0.0395221982591925,0.010802219619194753,0.7124194876381701,0.5243477878285735,0.010783100842170793,0.007936468851054698,3.6651978718986102,1.36108637505195,0.4607676809757344,-0.10019414310118235,0.6343598700671099,0.3991892895134507,0.009601599293468729,0.006042083966861189,47.988638860315824,16.582712794246774,1906.940637333893,True,False,True,True,True,True,False,False,True,False,AA01_timing,AA01,timing,False,-0.05642646520574886,-0.020805423566063595,False,False
G96,11617,0.12118076210238486,-0.007183365507555648,0.6609049443582012,0.5726428152600195,0.006131856831319815,0.0053129633673238965,19.762490455326244,1.3520449908868581,0.5059169583139745,-0.08275561150481392,0.6068635983052986,0.3851574676902221,0.005630462796070157,0.0035734797712605767,89.85353009828691,23.158270593937388,1802.8287117442244,True,False,True,True,True,True,False,False,True,False,AA01_timing,AA01,timing,True,1.1909034273209504,-0.2684002585218981,False,False
T09,9,-0.23898510045092924,0.22887912727682647,0.1949285482694095,0.3552288658691421,0.06497618275646984,0.1184096219563807,3.6780415578834984,1.932943653524543,0.3025926191929982,-0.13366533781222711,0.18756234460994464,0.35928362411439596,0.06252078153664821,0.11976120803813199,4.839872627241959,1.1160987769066928,901.1708485849505,True,False,True,False,True,False,False,False,False,False,AA01_timing,AA01,timing,False,0.0,0.0,False,False
V00,459,0.19327662994199155,0.02223679162265467,0.7179168599499482,0.42569516334287066,0.03350948936586128,0.019869748636535744,5.767817821148222,1.1191279783865256,0.510806606599997,-0.08299554374376017,0.5451086616742172,0.41111326768622913,0.025443493419118963,0.01918912403402342,20.076119194236213,4.325134570843582,1726.9049535973586,True,False,True,True,True,True,False,False,True,False,AA01_timing,AA01,timing,False,-0.017983413534492884,0.006527792416888582,False,False
W68,12957,0.19319452901215872,-0.010917612687392114,1.1285323011645638,0.8167672868941334,0.009914293345044215,0.007175399825550509,19.48646487333658,1.5215337058314373,0.6653739567490146,0.19792504280619924,1.056101830636687,0.6171345636209041,0.009277982863552523,0.005421602102828332,71.71536814999506,36.506744510620955,20366.87226506025,True,False,True,True,True,True,False,False,True,False,AA01_timing,AA01,timing,False,-0.06341494917774772,0.010414756422059584,False,False
W84,137,-0.20847326585063625,0.041546677930296746,0.4917454347261983,0.2757572675829366,0.042012647780558514,0.023559533323053182,4.962154895343395,1.7634762692707078,0.4290106394234341,0.08362247778577947,0.3320208870454229,0.246352770378628,0.028366458736916872,0.021047337587271966,15.123870180704232,3.9730667804914575,1288.9081084365298,True,False,True,True,True,True,False,False,True,False,AA01_timing,AA01,timing,False,-0.002986494514980409,-0.005074965433416029,False,False
691,1893,0.5958578348356515,-0.2623311005901614,2.304234474219976,2.1953790653487872,0.05296041296933611,0.05045848555167796,11.25100431487668,5.198949150415748,-0.5649806601897719,0.19653997798400816,2.3555401829858527,2.155395237445464,0.054139620881692836,0.049539499197838385,10.435622765522885,3.9673388138042385,1519.620772395072,True,True,True,True,False,False,False,False,False,False,AA01_trailing,AA01,trailing,False,-16.530850060435537,3.5523866022887787,True,True
703,31422,0.39863795902445676,-0.11637672113020667,2.723187511816272,2.150020123475406,0.015362455385424715,0.012129017220201141,25.948844050194513,9.594901138105296,0.03387680862073282,0.005130003794140014,2.738640408811663,2.170131960680986,0.015449630594490258,0.012242475144214452,2.1927261246501373,0.41903322111822716,2542.8973816739726,True,True,False,False,False,False,False,True,False,True,AA01_trailing,AA01,trailing,False,-36.69512059302813,12.239913062942176,True,True
F51,7557,0.29359046471931455,0.03984436105883906,2.021858651365273,1.377426092292366,0.023258198865990388,0.01584504928477916,12.62309546886802,2.514625252514284,0.06259293105533321,0.005047988727023562,1.9259211746254008,1.535856936161882,0.022154594065916675,0.017667538740575528,2.825279978910927,0.28572110700571307,1799.3189798139633,True,False,False,False,False,False,False,True,False,False,AA01_trailing,AA01,trailing,False,-15.134015495556962,2.004986290682509,True,False
F52,4365,0.06484083962091765,-0.014564678389055664,2.7543814171810634,1.2051029547001153,0.041690005810662775,0.018240302113028684,1.5553089609868498,0.7984888791207249,0.2379076010187934,-0.03569043421598255,2.504743278329411,1.6467184378025526,0.03791151115688321,0.02492454415074244,6.2753394354104755,1.4319392964673106,1906.940637333893,False,False,True,False,True,True,True,False,False,False,AA01_trailing,AA01,trailing,False,-5.717927383563076,2.5082662242899727,True,False
G96,11617,-0.18237355372857128,-0.12868909477860108,27.99500954014264,5.065704008358404,0.2597368834307721,0.046999454300135156,0.7021473089214896,2.7380976374066326,4.041055087587508,-0.7997802325970613,22.20514520139844,17.30294866735299,0.2060186906694517,0.16053625395542545,19.6149925740049,4.981929083876148,1802.8287117442244,False,False,True,True,True,True,True,False,True,False,AA01_trailing,AA01,trailing,True,17.19874572424111,-4.473740804469838,True,True
T09,9,-0.12255094459242291,0.157665874050128,0.1948615552834666,0.35522226804327856,0.06495385176115553,0.11840742268109285,1.8867386809185698,1.3315539725475665,0.16887313010381583,-0.10632920809710772,0.18743771680996915,0.359278260496087,0.062479238936656384,0.11975942016536234,2.7028679122520245,0.8878567377020501,901.1708485849505,False,False,False,False,True,False,False,False,False,False,AA01_trailing,AA01,trailing,False,-1.5128629888535934,0.16140207077275462,False,False
V00,459,0.29630312931269254,-0.05608817159493553,1.1373584930614988,1.1710182076404807,0.05308734820780421,0.054658449139771394,5.58142644746256,1.0261573915408408,0.34051640774605635,0.05771233873087525,1.0222646286713977,1.2615230570618143,0.04771522667116156,0.05888285374485964,7.136430684753718,0.9801212927101624,1726.9049535973586,True,False,True,False,True,False,False,False,False,False,AA01_trailing,AA01,trailing,False,-3.1617043608994537,2.2746921243392677,True,False
W68,12957,0.08227637818351186,0.14005627176881727,1.5864242661590648,1.548868878458514,0.01393692987623573,0.013607001233550091,5.903479382773083,10.292956498268527,0.32704910493152684,0.07985454604354693,1.4112645822734406,1.6843721733808386,0.012398130777197747,0.014797414138607088,26.37890427265256,5.39652031737106,20366.87226506025,True,True,True,True,True,False,False,False,False,False,AA01_trailing,AA01,trailing,False,-21.90488273726437,-7.4877149950833575,True,True
W84,137,-0.2266744503484235,0.07696740313629803,0.5277999788277927,0.4578189289141102,0.0450929953654269,0.039114110776545544,5.026821760486027,1.967765637726089,0.43350850356646875,0.019698637435287096,0.48193485625101434,0.35204273319839746,0.04117447349586805,0.030077040495158944,10.528574302473407,0.6549393527750077,1288.9081084365298,True,False,True,False,True,False,False,False,False,False,AA01_trailing,AA01,trailing,False,0.0875645027179517,-1.7439755545236506,False,False
691,1893,-0.04162937351777051,-0.025096912702431647,0.6726279545049784,0.5027214343180575,0.015459648158142577,0.011554524970395694,2.6927762580317443,2.172041928745097,0.3579260083004881,0.016304587716328763,0.5930883086075542,0.47665805926306076,0.0136315128093785,0.010955485627077743,26.25724769551876,1.4882578711098027,1519.620772395072,False,False,True,False,True,False,True,False,False,False,AA02_clean,AA02,clean,False,0.0,0.0,False,False
703,31422,0.27407254165781364,-0.019189290373710345,0.8566451003751722,0.7025954742309951,0.004832635313783031,0.003963587369595431,56.71285413905299,4.8413945712187045,0.6215654006339794,-0.1499503699860559,0.7479409392105024,0.5785415258336487,0.004219397033695425,0.0032637555587595587,147.31142759741695,45.94411783799363,2542.8973816739726,True,True,True,True,True,True,False,False,False,False,AA02_clean,AA02,clean,False,0.0,0.0,False,False
F51,7557,-0.02058349690075477,-0.023375197972438432,0.601211112094698,0.4782161492959624,0.006915957055701968,0.005501099838875056,2.976232607428409,4.249186282214163,0.4084891049844698,-0.03173266496117147,0.4882853946365146,0.429249943529635,0.005616930146994207,0.004937823197030078,72.72461901686012,6.4264481928509545,1799.3189798139633,False,True,True,True,True,True,True,False,False,False,AA02_clean,AA02,clean,False,0.0,0.0,False,False
F52,4365,-0.039398638628321714,0.010683068746737183,0.7125718352646283,0.5250125774750637,0.010785406758625452,0.007946531032004715,3.6529580673267885,1.344368845186792,0.46153407908628485,-0.10001641741624845,0.6346899956106602,0.398953763247704,0.009606596036382769,0.006038519067923702,48.04345653115119,16.563070562703103,1906.940637333893,True,False,True,True,True,True,False,False,True,False,AA02_clean,AA02,clean,True,0.0,0.0,False,False
G96,11617,0.12123263743502899,-0.006844909437192077,0.648100034515287,0.5637940825373056,0.006013053250615852,0.005230865082755928,20.161577219129473,1.3085616487714447,0.4965125227202397,-0.08141077875286626,0.5967940703921042,0.37855718288740486,0.005537038009268711,0.0035122425210292094,89.67114220438867,23.179145023564622,1802.8287117442244,True,False,True,True,True,True,False,False,True,False,AA02_clean,AA02,clean,False,0.0,0.0,False,False
T09,9,-0.23898510045092924,0.22887912727682647,0.1949285482694095,0.3552288658691421,0.06497618275646984,0.1184096219563807,3.6780415578834984,1.932943653524543,0.3025926191929982,-0.13366533781222711,0.18756234460994464,0.35928362411439596,0.06252078153664821,0.11976120803813199,4.839872627241959,1.1160987769066928,901.1708485849505,True,False,True,False,True,False,False,False,False,False,AA02_clean,AA02,clean,False,0.0,0.0,False,False
V00,459,0.19315805534776456,0.022035153868769346,0.7180887670340801,0.42603164258803167,0.03351751330140172,0.019885454142725335,5.762899341929599,1.1081041303163013,0.511453418364026,-0.08317276915305565,0.5446418453329644,0.4114720468382882,0.025421704298267126,0.019205870410729846,20.118769865436963,4.330590979442883,1726.9049535973586,True,False,True,True,True,True,False,False,True,False,AA02_clean,AA02,clean,False,0.0,0.0,False,False
W68,12957,0.1932509656030077,-0.011500083834932461,1.1281391207783844,0.8170578924567266,0.009910839207593228,0.007177952830716845,19.49895075030051,1.6021397891777418,0.666205866873658,0.1978452208072221,1.055694253504235,0.6166538190464781,0.009274402248936804,0.0054173787033474485,71.83275525385264,36.5204708109056,20366.87226506025,True,False,True,True,True,True,False,False,True,False,AA02_clean,AA02,clean,False,0.0,0.0,False,False
W84,137,-0.20900682791558817,0.04128092822110353,0.49195201887828566,0.2757757410119605,0.04203029745578839,0.023561111614608266,4.972765851477548,1.7520789721784051,0.42913043972116444,0.08377372962940242,0.33198427658405055,0.24698289727004402,0.028363330894114275,0.02110117296077342,15.129761780208053,3.9700982398057114,1288.9081084365298,True,False,True,True,True,True,False,False,True,False,AA02_clean,AA02,clean,False,0.0,0.0,False,False
691,1893,-0.04923491692053086,-0.026582231078045603,0.6904088113284258,0.493670098666627,0.015868322505677105,0.01134648951246509,3.102717184057509,2.3427713962845287,0.3612086122662635,0.019427649559193315,0.6151461426959436,0.46259929868709865,0.0141384889941375,0.010632359758477924,25.54789358438784,1.8272189805938697,1519.620772395072,True,False,True,False,True,False,False,False,False,False,AA02_constant,AA02,constant,False,0.16714185530345607,0.20456797161862172,False,False
703,31422,0.24109762758098152,-0.012153220177338397,0.9092192633843296,0.7168275431141727,0.005129224597535856,0.004043875459310664,47.004693008921436,3.005339877457573,0.6491282066098201,-0.15798509787378404,0.7826378321418899,0.5830404069570626,0.0044151343699451,0.0032891353242890642,147.0234317280567,48.032410435387604,2542.8973816739726,True,True,True,True,True,True,False,False,False,False,AA02_constant,AA02,constant,False,4.5132364960950095,-1.7340035303271404,True,False
F51,7557,-0.04927998042717388,-0.019682545132396777,0.5930568472167458,0.49399541861856344,0.006822155486532279,0.005682614695819808,7.223520560980798,3.463642387521974,0.4289787005020217,-0.03509900608409206,0.4635433470297177,0.4448337434497855,0.00533231308773435,0.005117089496079182,80.44889590012629,6.859173776613763,1799.3189798139633,True,True,True,True,True,True,False,False,False,False,AA02_constant,AA02,constant,False,2.6455599210032963,-0.47339732991816075,False,False
F52,4365,0.4606013573969343,0.010683068746737183,0.712571833329104,0.5250125774750637,0.010785406729329575,0.007946531032004715,42.7059793808597,1.344368845186792,0.35866376372310316,-0.08884545967765596,0.7840370100951793,0.494403350135678,0.01186709556735802,0.007483233226668483,30.223382097777506,11.872603323524869,1906.940637333893,True,False,True,True,False,True,False,False,True,False,AA02_constant,AA02,constant,True,-6.737601061874008,1.1617364389145342,True,False
G96,11617,0.08876491594232726,0.00285356266654463,0.6498727271164793,0.5672685775968137,0.006029500240957264,0.005263101346757133,14.721770029854852,0.5421827319177231,0.5061240352321792,-0.08648744570422033,0.5912568394445481,0.37251479003391474,0.00548566374175534,0.003456181376060516,92.26304401046393,25.02398927998447,1802.8287117442244,True,False,True,True,True,True,False,False,True,False,AA02_constant,AA02,constant,False,1.2331444706438006,-1.030255770099978,False,False
T09,9,-0.23898510045092924,0.22887912727682647,0.1949285482694095,0.3552288658691421,0.06497618275646984,0.1184096219563807,3.6780415578834984,1.932943653524543,0.3025926191929982,-0.13366533781222711,0.18756234460994464,0.35928362411439596,0.06252078153664821,0.11976120803813199,4.839872627241959,1.1160987769066928,901.1708485849505,True,False,True,False,True,False,False,False,False,False,AA02_constant,AA02,constant,False,0.0,0.0,False,False
V00,459,0.187415959511989,0.019593233626600738,0.7234543487133166,0.42834632669280476,0.0337679572068904,0.019993494344482998,5.550112444283319,0.9799804520917721,0.5078942370250965,-0.08816616245498306,0.5479919002928281,0.4193420913743957,0.025578071472957004,0.019573212631540673,19.85662748507366,4.504429810000138,1726.9049535973586,True,False,True,True,True,True,False,False,True,False,AA02_constant,AA02,constant,False,-0.09869492141624069,-0.18209321021510813,False,False
W68,12957,0.17326862126213793,-0.012428707540674166,1.1257138262963797,0.8143820925883014,0.009889532700975829,0.007154445603851631,17.520405311470483,1.7372006482211717,0.6754245699233348,0.19026091760309213,1.0477471054005056,0.6086206205940318,0.009204585587530144,0.005346806079175042,73.37913950611335,35.58403180996746,20366.87226506025,True,False,True,True,True,True,False,False,True,False,AA02_constant,AA02,constant,False,0.7055106019150443,-0.9964148846686336,False,False
W84,137,-0.21612367692076784,0.039229636817691434,0.5025550750984166,0.27710830300484374,0.04293617768347541,0.023674960068908475,5.033603096065677,1.6570096297315573,0.43946128692287023,0.09140068266099663,0.3378422467734741,0.24668730589526808,0.028863811063115325,0.021075918885313936,15.225338260492284,4.33673535936249,1288.9081084365298,True,False,True,True,True,True,False,False,True,False,AA02_constant,AA02,constant,False,0.2552890995519293,0.2557345234402924,False,False
691,1893,-0.03970128155413987,-0.02311876857182121,0.6647084884768075,0.49869353223275614,0.0152776275365257,0.011461947864973373,2.5986548931908557,2.017001721188244,0.36351446342547816,0.020694580639007632,0.5839294012696248,0.4678873426416233,0.013421004929042742,0.010753899903270017,27.085487662614693,1.9243791392102207,1519.620772395072,False,False,True,False,True,False,True,False,False,False,AA02_dcr,AA02,dcr,False,0.2921365708850726,0.28596479089057736,False,False
703,31422,0.2686653241142464,-0.015859974421356293,0.8608957279016568,0.7045471267511744,0.004856614593745329,0.003974597325626372,55.31946563358176,3.9903348998648203,0.6305404142228542,-0.14795915515591446,0.7485016523579859,0.574649292436527,0.004222560213122056,0.003241798105718412,149.3265654953558,45.64107644301475,2542.8973816739726,True,True,True,True,True,True,False,False,False,False,AA02_dcr,AA02,dcr,False,1.5035121213918703,0.43285892699855,False,False
F51,7557,-0.10288864616250731,0.00019900465401587696,2.5672554856795817,1.450153683277131,0.029532103337402475,0.016681662058390147,3.483959303101808,0.011929545948078137,0.425122745671268,-0.09549232146695238,1.8761015424502123,2.23476144004679,0.021581500139801417,0.025707299546166497,19.69847985160404,3.7145994776877416,1799.3189798139633,True,False,True,True,True,True,False,False,True,False,AA02_dcr,AA02,dcr,False,0.7458873815662829,-2.435691536377402,False,False
F52,4365,-0.0626538192377781,-0.054045139183617155,0.735990627478491,0.5386298320005846,0.011139870950615917,0.008152640257383983,5.624285910988404,6.629157852840074,0.4819854480302016,-0.06347111037582917,0.6527613570383907,0.41971674616238264,0.00988012212039902,0.006352785230540186,48.78334924981029,9.991068180724904,1906.940637333893,True,True,True,True,True,True,False,False,False,False,AA02_dcr,AA02,dcr,True,1.4840751679216497,4.169557444196562,False,True
G96,11617,0.12505875084048493,-0.0006705013535229811,0.6477562604710482,0.5696669034260624,0.006009863725042483,0.005285352943972963,20.808916235384505,0.12686027983950865,0.4947442220200242,-0.08509110349901448,0.6030367177979672,0.3795559531827248,0.005594957110143852,0.0035215090827497063,88.4268122668958,24.163249760120635,1802.8287117442244,True,False,True,True,True,True,False,False,True,False,AA02_dcr,AA02,dcr,False,-0.22464265911142442,-0.7399693572223396,False,False
T09,9,-0.23898510045092924,0.22887912727682647,0.1949285482694095,0.3552288658691421,0.06497618275646984,0.1184096219563807,3.6780415578834984,1.932943653524543,0.3025926191929982,-0.13366533781222711,0.18756234460994464,0.35928362411439596,0.06252078153664821,0.11976120803813199,4.839872627241959,1.1160987769066928,901.1708485849505,True,False,True,False,True,False,False,False,False,False,AA02_dcr,AA02,dcr,False,0.0,0.0,False,False
V00,459,0.19353008951431178,0.023287873448256797,0.7214319932366121,0.42706620382265104,0.03367356173699526,0.019933743325810164,5.747241441991302,1.1682639365634708,0.5119537646679623,-0.0852225721234827,0.5446953407850209,0.41747834145662815,0.025424201252137152,0.019486220235158714,20.136473889221104,4.373478853005921,1726.9049535973586,True,False,True,True,True,True,False,False,True,False,AA02_dcr,AA02,dcr,False,0.013916489841157757,-0.0749192669889582,False,False
W68,12957,0.1805287855986845,-0.014014684627948254,1.1342587158384854,0.8203062182755543,0.009964600593524421,0.007206489767599295,18.117011706018868,1.9447310798884239,0.6660215169458653,0.1894913568213506,1.0625303610596337,0.6194637179900365,0.009334458284171735,0.005442064006876307,71.35084829456311,34.81975893372795,20366.87226506025,True,False,True,True,True,True,False,False,True,False,AA02_dcr,AA02,dcr,False,-0.014009928762711513,-1.0879119250327447,False,False
W84,137,-0.2103965718670705,0.0459249135615938,0.4929735305609553,0.2755968327188146,0.04211757108864198,0.02354582644758044,4.995458342653786,1.9504481468864738,0.4282601847372612,0.08270669726062213,0.33430043626406236,0.2495806246062412,0.028561213770025563,0.02132311178500744,14.994467258485768,3.8787348720262442,1288.9081084365298,True,False,True,True,True,True,False,False,True,False,AA02_dcr,AA02,dcr,False,-0.021620181103352464,-0.035569038060044834,False,False
691,1893,-0.04869121694670103,-0.028212327730189852,0.6896377164668107,0.49863165468798787,0.015850599698919995,0.011460525674497048,3.0718848416832256,2.461695783551217,0.3599347725616607,0.020296414262921225,0.6151996649881699,0.46767358822005145,0.014139719147896192,0.010748986982051659,25.45558145793966,1.8882164707066422,1519.620772395072,True,False,True,False,True,False,False,False,False,False,AA02_epoch,AA02,epoch,False,0.10227656150338554,0.2600864742874861,False,False
703,31422,0.2600664065140983,-0.024296059035945228,0.8748900362616894,0.7067245867746942,0.004935561393000988,0.003986881140941961,52.692365833579295,6.094001345173013,0.6356596645722957,-0.14898884377855584,0.7553687713004443,0.5798817044810408,0.004261300038390115,0.0032713159763179253,149.17036088649672,45.54400885060705,2542.8973816739726,True,True,True,True,True,True,False,False,False,False,AA02_epoch,AA02,epoch,False,2.350285093459942,0.2080776753452553,False,False
F51,7557,0.04388954562806938,-0.04683385248042723,2.2716006546402854,1.2922026027000395,0.026131074857315893,0.014864691499800702,1.6795920515218175,3.150677730584261,0.4044792706738506,0.02989212522532843,1.6713078498761398,1.9686932510042867,0.019225681435476094,0.02264661731277407,21.038488130126154,1.3199377554928458,1799.3189798139633,False,True,True,False,True,False,True,False,False,True,AA02_epoch,AA02,epoch,False,-0.20019745860707638,2.658683781964296,False,False
F52,4365,0.210601321573003,0.16068306874678615,0.7125717196284552,0.5250125774748983,0.010785405008369407,0.007946531032002211,19.52651026174517,20.22052995196073,0.4067475814876181,-0.12529201675754914,0.6919840830995618,0.4399540238903337,0.010473792868829272,0.006659094378869302,38.83479333433515,18.815173600050915,1906.940637333893,True,True,True,True,True,False,False,False,False,False,AA02_epoch,AA02,epoch,True,-3.8548883314602436,-2.811747369749514,True,False
G96,11617,0.10377291209371935,-0.00795969941788996,0.6470583802058031,0.5603223201532889,0.006003388812260522,0.005198654172438372,17.28572233765492,1.5311076970824065,0.49973542390613274,-0.08203151040370872,0.5895461902639625,0.3733996583390028,0.005469792388463905,0.00346439115843193,91.36277730761817,23.6784781660851,1802.8287117442244,True,False,True,True,True,True,False,False,True,False,AA02_epoch,AA02,epoch,False,0.4140870116999451,-0.1258237872175138,False,False
T09,9,-0.23898510045092924,0.22887912727682647,0.1949285482694095,0.3552288658691421,0.06497618275646984,0.1184096219563807,3.6780415578834984,1.932943653524543,0.3025926191929982,-0.13366533781222711,0.18756234460994464,0.35928362411439596,0.06252078153664821,0.11976120803813199,4.839872627241959,1.1160987769066928,901.1708485849505,True,False,True,False,True,False,False,False,False,False,AA02_epoch,AA02,epoch,False,0.0,0.0,False,False
V00,459,0.18712979080742748,0.01851231175605381,0.7230284327380397,0.4272870513224493,0.03374807715163542,0.01994405160432933,5.5449023055928155,0.928212186937747,0.5129503592307323,-0.08579883316870587,0.5446833419435327,0.4159708985861531,0.02542364119417824,0.019415858827514173,20.176116997284904,4.419007880667144,1726.9049535973586,True,False,True,True,True,True,False,False,True,False,AA02_epoch,AA02,epoch,False,0.04163594629414109,-0.09615728057709827,False,False
W68,12957,0.1688525150134179,-0.018723981858772443,1.1453915739693779,0.8215478815920086,0.01006240410447801,0.007217397930655333,16.780534081142147,2.594284261263162,0.6633769834776402,0.1908910456033473,1.0665703825355666,0.6337264339515865,0.009369950363566665,0.005567363699046333,70.7983455341514,34.28751127504858,20366.87226506025,True,False,True,True,True,True,False,False,True,False,AA02_epoch,AA02,epoch,False,-0.214573968540942,-0.8952210179976912,False,False
W84,137,-0.21457668685774864,0.038477706768499625,0.4915780611929344,0.2763170781650397,0.0419983480945742,0.023607361168822245,5.109169683877876,1.6299029143213322,0.43216181080032307,0.08521712724191237,0.33390793603953245,0.24274737037098593,0.028527680212777295,0.020739307476705857,15.148859198399231,4.108966865823617,1288.9081084365298,True,False,True,True,True,True,False,False,True,False,AA02_epoch,AA02,epoch,False,0.0753544034635425,0.04878519842419802,False,False
691,1893,-0.04315144407893599,-0.024961932065677116,0.670432393537619,0.5019282733365726,0.015409185491763943,0.011536294997013832,2.80037151230349,2.1637737308328635,0.35970396121027914,0.015312585121048139,0.5884209549064415,0.4773322282959558,0.013524238579151316,0.010970980695306571,26.596984303781156,1.3957353081114183,1519.620772395072,False,False,True,False,True,False,True,False,False,False,AA02_mag_dep,AA02,mag_dep,False,0.09259126966303234,-0.06398218268381708,False,False
703,31390,0.2764245897349746,-0.01774946736737783,0.8532457011029069,0.7029842842161043,0.004815910984708326,0.003967801691889617,57.39819332472902,4.473375623499184,0.6210167140746912,-0.15066172955010973,0.7455318002217535,0.5785773771287126,0.004207949458750673,0.0032656210777460967,147.58179017175485,46.1357046525726,2539.2630041269836,True,True,True,True,True,True,False,False,False,False,AA02_mag_dep,AA02,mag_dep,False,-0.09207634436652214,-0.1540750914142509,False,False
F51,7520,-0.017570146341771176,-0.025175865678989846,0.5597898369614925,0.46448118546679973,0.0064552949316797285,0.005356229864192192,2.7218193014767893,4.700295976335359,0.411466269373296,-0.033143227764062116,0.4610610985930136,0.382753081701648,0.005316790653251721,0.004413770785487498,77.3899700417291,7.509050509155851,1706.8734318320198,False,True,True,True,True,True,True,False,False,False,AA02_mag_dep,AA02,mag_dep,False,0.3849339929302412,-0.21298103447581246,False,False
F52,4365,-0.015547378237150708,0.014405931409469925,0.6451988449687392,0.5214036374370014,0.00976565679248171,0.007891906523496691,1.5920463484975402,1.8254057326425408,0.45259974204162107,-0.1039806721721578,0.5550699514394227,0.4059335515038453,0.00840147604703094,0.006144164354063316,53.871455385696024,16.923484819118215,1906.940637333893,False,False,True,True,True,True,True,False,True,False,AA02_mag_dep,AA02,mag_dep,True,-0.7000673141318207,-0.4601689022794893,False,False
G96,11605,0.11678807568290728,0.001326202565445034,0.6485866680829651,0.5666959909969148,0.006020678613086905,0.0052605065768647225,19.397825924315207,0.2521054856727229,0.4978854626253546,-0.08331515875401607,0.595951312002941,0.38136612949521015,0.0055320768914698375,0.003540132741849445,89.99973651723225,23.534473091675757,1803.8542853042895,True,False,True,True,True,True,False,False,True,False,AA02_mag_dep,AA02,mag_dep,False,0.17540969233153222,-0.3818825381166199,False,False
T09,9,-0.23898510045092924,0.22887912727682647,0.1949285482694095,0.3552288658691421,0.06497618275646984,0.1184096219563807,3.6780415578834984,1.932943653524543,0.3025926191929982,-0.13366533781222711,0.18756234460994464,0.35928362411439596,0.06252078153664821,0.11976120803813199,4.839872627241959,1.1160987769066928,901.1708485849505,True,False,True,False,True,False,False,False,False,False,AA02_mag_dep,AA02,mag_dep,False,0.0,0.0,False,False
V00,455,0.1998712631585711,0.019031386336858695,0.7172100197391607,0.42583602905509876,0.03362332433552596,0.019963500961516552,5.944423019094212,0.9533090600463974,0.5177191138949213,-0.07785174768956994,0.5422347620441523,0.4091574241991548,0.025420357731251304,0.01918159590567331,20.36631897034428,4.0586689487366305,1738.280348206385,True,False,True,True,True,True,False,False,True,False,AA02_mag_dep,AA02,mag_dep,False,0.17428544871449345,0.19602906721643149,False,False
W68,12957,0.19492743420122974,-0.01082873650679915,1.1282839942760423,0.8163310530524761,0.009912111938867487,0.00717156745826358,19.665580393304282,1.509953935428931,0.6666041009367799,0.198699971632518,1.0553060846437197,0.6164309242642991,0.009270992138347511,0.005415420545611669,71.90213204685097,36.6915126828945,20366.87226506025,True,False,True,True,True,True,False,False,True,False,AA02_mag_dep,AA02,mag_dep,False,0.030368079091968706,0.11158705723735367,False,False
W84,137,-0.20760737978293145,0.039771980671494664,0.4908058492678931,0.2758560721222636,0.04193237357742028,0.0235679747645323,4.951004726685058,1.687543417237019,0.4286336432356359,0.08341480692783186,0.33102112346980195,0.2456343398677113,0.028281043170243072,0.02098595792641806,15.15621756437324,3.974791487732165,1288.9081084365298,True,False,True,True,True,True,False,False,True,False,AA02_mag_dep,AA02,mag_dep,False,-0.012403272131354035,-0.012060490694826129,False,False
691,1893,-0.04996656665876557,-0.02288872958331682,0.6620691688258827,0.5100340872000504,0.015216965542169255,0.011722598628204694,3.2836091085504675,1.952530348368859,0.3645523024510426,0.0195745755951824,0.5737961173058329,0.4886740022420894,0.013188102023777582,0.011231659475488188,27.64251457819862,1.742803513399037,1519.620772395072,True,False,True,False,True,False,False,False,False,False,AA02_seasonal,AA02,seasonal,False,0.34936051954411584,0.2084136093841191,False,False
703,31422,0.2616846591298495,-0.010237515130996966,0.8685605678282008,0.7058915428392675,0.004899854642730945,0.003982181648073195,53.4066167693495,2.570830774620855,0.638296011649016,-0.14881201385290463,0.7463882178927467,0.5784378302115188,0.004210637588425308,0.0032631705754039425,151.59129662539434,45.6035044488851,2542.8973816739726,True,False,True,True,True,True,False,False,True,False,AA02_seasonal,AA02,seasonal,False,2.806707835958932,0.24665189137359422,False,False
F51,7557,0.10732841637300368,-0.04212854429351981,3.466333894976905,1.9313316375492502,0.039874539701801735,0.022216832651465165,2.6916527983934078,1.896244390657617,0.38131246089167076,0.057958744109510706,2.5387633797967366,3.0272372331339943,0.029204347950404184,0.034823446008561194,13.056701746576522,1.6643598136514635,1799.3189798139633,False,False,True,False,True,False,True,False,False,False,AA02_seasonal,AA02,seasonal,False,-0.913820076601046,2.5500954242777882,False,False
F52,4365,-0.033666901590162196,0.012593650813030521,0.7416023960302703,0.5426091137279184,0.011224810045133631,0.00821287021584217,2.9993292941966567,1.5334043375893205,0.45969122894147474,-0.1383359284158446,0.6630549108560739,0.4189792869530306,0.010035924187532765,0.0063416231313003215,45.80457368465687,21.813962380239936,1906.940637333893,False,False,True,True,True,True,True,False,True,False,AA02_seasonal,AA02,seasonal,True,-0.1326490355020698,-4.376019004573035,False,True
G96,11617,0.12152581419777699,-0.0033126599983171485,0.6509250068783782,0.5616212670390892,0.006039263261950738,0.0052107057638256194,20.122622400554704,0.635741135359185,0.4967469410355518,-0.07768985793960885,0.5990877477122093,0.3770695590014883,0.005558318680663578,0.0034984403899282687,89.37000009798787,22.206997770569927,1802.8287117442244,True,False,True,True,True,True,False,False,True,False,AA02_seasonal,AA02,seasonal,False,0.02987889080820941,0.7505925667549758,False,False
T09,9,-0.23898510045092924,0.22887912727682647,0.1949285482694095,0.3552288658691421,0.06497618275646984,0.1184096219563807,3.6780415578834984,1.932943653524543,0.3025926191929982,-0.13366533781222711,0.18756234460994464,0.35928362411439596,0.06252078153664821,0.11976120803813199,4.839872627241959,1.1160987769066928,901.1708485849505,True,False,True,False,True,False,False,False,False,False,AA02_seasonal,AA02,seasonal,False,0.0,0.0,False,False
V00,459,0.19279724665623063,0.020416452452676856,0.72101449030579,0.42607674030153286,0.03365407436902681,0.01988755912372703,5.7287936236828925,1.026594180093163,0.5133444575875025,-0.0838201230022513,0.5449286906583595,0.4135052874554772,0.0254350930914787,0.019300773955472732,20.182527177755205,4.342837401009202,1726.9049535973586,True,False,True,True,True,True,False,False,True,False,AA02_seasonal,AA02,seasonal,False,0.0525855610538786,-0.023774956966129423,False,False
W68,12957,0.1801361214737199,-0.020251221393951725,1.1407047856117194,0.8212539875206679,0.010021230099466356,0.007214816035540205,17.975450088039832,2.806893660793865,0.6624998153365531,0.1930367973561311,1.0670041587651027,0.6275534656919991,0.009373761140432592,0.005513133423074576,70.67598644891214,35.01398978450224,20366.87226506025,True,False,True,True,True,True,False,False,True,False,AA02_seasonal,AA02,seasonal,False,-0.2810504093511903,-0.6221004709296404,False,False
W84,137,-0.20854161857830267,0.044222180660377176,0.4934472971539544,0.2761197852041372,0.0421580477003119,0.02359050529362618,4.94666214291417,1.874575389969514,0.42785792878133144,0.08507577913612983,0.3330693197634283,0.25075286771975175,0.028456032389039747,0.02142326327308079,15.035754912414532,3.9711867445997853,1288.9081084365298,True,False,True,True,True,True,False,False,True,False,AA02_seasonal,AA02,seasonal,False,-0.03167229849614115,0.04330035663208685,False,False
691,1893,-0.04433411706805709,-0.022185067911410176,0.661960113495136,0.504844700289498,0.01521445901975694,0.01160332601210795,2.913946332924912,1.9119576480278402,0.36426421510473866,0.018119597941294384,0.5801821303588249,0.4750745872136603,0.01333487783687209,0.010919091182588738,27.31665183294868,1.6594419478964846,1519.620772395072,False,False,True,False,True,False,True,False,False,False,AA02_step,AA02,step,False,0.33237802852154247,0.11734208829103672,False,False
703,31422,0.26051776168120727,-0.007686511163932673,0.8914936706668846,0.7026271488261486,0.005029228315193794,0.003963766057090429,51.8007426495547,1.939193951717447,0.642926674126108,-0.1542161585024302,0.76876891191287,0.5729046513691225,0.004336894929092117,0.0032319559738617975,148.24584976991775,47.716045561771836,2542.8973816739726,True,False,True,True,True,True,False,False,True,False,AA02_step,AA02,step,False,3.530332393437712,-0.9287148383695533,True,False
F51,7557,0.11408687461916332,-0.04833461716887609,4.680229413776063,2.5954597528630865,0.0538384354270053,0.02985654760781699,2.1190599933730145,1.6188950512222386,0.4008029284477923,0.0877458135651586,3.4175081442836497,4.099761058463498,0.0393128787673748,0.047161090087281574,10.19520678756329,1.8605552459191765,1799.3189798139633,False,False,True,False,True,True,True,False,False,False,AA02_step,AA02,step,False,-0.19354738206728556,2.519639215597619,False,False
F52,4365,0.13004012020006012,-0.07403628978704302,0.7330879043954692,0.5355802753602543,0.011095935662117721,0.008106482512758539,11.719617358996224,9.132973477771602,0.4307613203017806,-0.08579601543185446,0.6778845448072613,0.4406507793083687,0.010260383850867172,0.006669640390124424,41.982963460511684,12.863664367705724,1906.940637333893,True,True,True,True,True,True,False,False,False,False,AA02_step,AA02,step,True,-2.1893467212036835,1.5805538856416783,False,False
G96,11617,0.10866376647790248,0.004667014859226092,0.6518219171193442,0.5692829942507578,0.006047584769052624,0.005281791045822112,17.968126223541148,0.8836045990342032,0.5027217217418026,-0.08659055277912243,0.5981803869050815,0.3777781381377931,0.005549900213513114,0.003505014566524421,90.58211902941176,24.70476260102559,1802.8287117442244,True,False,True,True,True,True,False,False,True,False,AA02_step,AA02,step,False,0.792024577221674,-1.0438983067975465,False,False
T09,9,-0.23898510045092924,0.22887912727682647,0.1949285482694095,0.3552288658691421,0.06497618275646984,0.1184096219563807,3.6780415578834984,1.932943653524543,0.3025926191929982,-0.13366533781222711,0.18756234460994464,0.35928362411439596,0.06252078153664821,0.11976120803813199,4.839872627241959,1.1160987769066928,901.1708485849505,True,False,True,False,True,False,False,False,False,False,AA02_step,AA02,step,False,0.0,0.0,False,False
V00,459,0.183520405816642,0.02143429087643701,0.7292772384019425,0.4259461091919097,0.034039746422306234,0.019881461785688375,5.391356431973334,1.0781043721778263,0.5150883673906652,-0.08926365292175953,0.5417687603547376,0.4243759896229423,0.025287600175776092,0.01980817488028945,20.369207192863126,4.506404727402889,1726.9049535973586,True,False,True,True,True,True,False,False,True,False,AA02_step,AA02,step,False,0.10137343214332639,-0.22076111461562284,False,False
W68,12957,0.1844244285196032,0.003596765755772266,1.1334203412177728,0.8198307767956546,0.0099572353706467,0.007202312956447977,18.52165000169372,0.4993903732761582,0.6668572117774971,0.1901449381042783,1.0576200371430335,0.6255727052343848,0.009291320492122607,0.005495732201857614,71.77205999328878,34.59865421390208,20366.87226506025,True,False,True,True,True,True,False,False,True,False,AA02_step,AA02,step,False,0.049615112063359425,-0.9978422887980627,False,False
W84,137,-0.21126635345585348,0.03885622643099821,0.48798373774376674,0.27720041883722807,0.04169126431826347,0.023682830055587925,5.067400975012052,1.6406918573411857,0.4277281121382461,0.08526767451115125,0.33356444453339823,0.24200190974526317,0.02849833375291465,0.020675618477294603,15.008881426076373,4.124068869078323,1288.9081084365298,True,False,True,True,True,True,False,False,True,False,AA02_step,AA02,step,False,-0.034877366137281055,0.050569884296920706,False,False
691,1893,-0.041588904768673274,-0.02464560190743974,0.6719994966416496,0.5024955554285695,0.01544520371320952,0.011549333380997055,2.692674408243922,2.133941509385374,0.3580808176887552,0.01612739103998457,0.5919293763210389,0.4768301087499714,0.013604875966130104,0.010959440004108333,26.320035447600706,1.471552472931002,1519.620772395072,False,False,True,False,True,False,True,False,False,False,AA02_timing,AA02,timing,False,0.008038269448058572,-0.01143485234817289,False,False
703,31422,0.2720821671148225,-0.01915006235828973,0.8557253112719491,0.702245446036272,0.004827446461013637,0.003961612737844315,56.361508990757905,4.833905690819772,0.6210663946129962,-0.15020647672580012,0.7466358542607995,0.5779694870936251,0.004212034591988049,0.0032605284876951477,147.45044966970642,46.06813812320971,2542.8973816739726,True,True,True,True,True,True,False,False,False,False,AA02_timing,AA02,timing,False,-0.08369881235606773,-0.0555140729430349,False,False
F51,7557,0.099988913363633,-0.050123998347814384,3.4687285063708875,1.929302329354108,0.039902085815359374,0.022193488757701312,2.5058568072435103,2.2585001797169437,0.3884579983557015,0.05974902913851298,2.540148410424695,3.026451351827936,0.029220280477516694,0.03481440572095799,13.294122849183372,1.7162156843178442,1799.3189798139633,False,False,True,False,True,False,True,False,False,False,AA02_timing,AA02,timing,False,-0.6731957880221598,2.6016586802253965,False,False
F52,4365,-0.043115287080339196,0.011141518475718136,0.7503361261091978,0.5373216733905923,0.011357002796459948,0.008132840116520537,3.7963614038889304,1.3699419041923573,0.46701171900682387,-0.1017993766921525,0.6754080288179827,0.4111094534744869,0.01022289958476691,0.006222506221273671,45.68290191392622,16.359867402642053,1906.940637333893,True,False,True,True,True,True,False,False,True,False,AA02_timing,AA02,timing,True,0.3904695324945256,-0.20562728557178625,False,False
G96,11617,0.12281026443912646,-0.00450741088555934,0.6462106809323053,0.565021287834289,0.005995523883082015,0.0052422510577709094,20.483658614999214,0.8598235444824279,0.4944389335467813,-0.08168549497600949,0.5976091952682654,0.37899937740536566,0.005544600714137142,0.0035163451888922306,89.17484937844195,23.230226439100885,1802.8287117442244,True,False,True,True,True,True,False,False,True,False,AA02_timing,AA02,timing,False,-0.26462667861623484,-0.05527530684986957,False,False
T09,9,-0.23898510045092924,0.22887912727682647,0.1949285482694095,0.3552288658691421,0.06497618275646984,0.1184096219563807,3.6780415578834984,1.932943653524543,0.3025926191929982,-0.13366533781222711,0.18756234460994464,0.35928362411439596,0.06252078153664821,0.11976120803813199,4.839872627241959,1.1160987769066928,901.1708485849505,True,False,True,False,True,False,False,False,False,False,AA02_timing,AA02,timing,False,0.0,0.0,False,False
V00,459,0.19266988540845612,0.021765790764184365,0.7185278526485237,0.42579348983974663,0.03353800806277134,0.01987433812437933,5.744821965808045,1.0951705977813087,0.5116241016871115,-0.0835941010721271,0.5442575544975026,0.4119582824219988,0.025403767138154735,0.019228565944197036,20.139694199868757,4.3473913402967455,1726.9049535973586,True,False,True,True,True,True,False,False,True,False,AA02_timing,AA02,timing,False,0.004749245772332305,-0.01550310780740955,False,False
W68,12957,0.1925366270766616,-0.01232442607156472,1.1282594981077958,0.8171428546810878,0.009911896737053968,0.007178699234177957,19.424801547507617,1.7168049070628055,0.665851899847742,0.19793529571331103,1.055460507913086,0.6175320197054796,0.00927234876552621,0.005425093802809083,71.81048908808539,36.48513793638393,20366.87226506025,True,False,True,True,True,True,False,False,True,False,AA02_timing,AA02,timing,False,-0.0269904397392685,0.01174871520303081,False,False
W84,137,-0.2090117891726524,0.04130756881146208,0.49149592599796676,0.27583049173941615,0.04199133081129534,0.023565789284934996,4.977498572548929,1.7528616721473,0.4287884451187375,0.08355567436171082,0.3318379446255198,0.2470141070271806,0.02835082891118033,0.02110383939027393,15.12437066521332,3.959264132772869,1288.9081084365298,True,False,True,True,True,True,False,False,True,False,AA02_timing,AA02,timing,False,-0.00852791251637879,-0.0073066372717994574,False,False
691,1893,0.44675088848269723,-0.06643840562960458,2.3122007902888577,1.2461651124948552,0.053143510390007705,0.028641798273610162,8.4064994051785,2.3196310858323193,-0.12371520692285005,0.11146150951586065,2.3497471386928965,1.246263003316901,0.05400647383370916,0.02864404819149806,2.2907477222782666,3.8912624629972496,1519.620772395072,True,False,False,True,False,True,False,True,True,False,AA02_trailing,AA02,trailing,False,-8.647021395101392,3.10284458930536,True,True
703,31422,0.4897421172419487,-0.07320222426201277,2.6698972949325306,1.3531613434387155,0.015061826590747973,0.007633657497934779,32.51545317503407,9.589403805687773,0.5074351337806574,-0.09602241303961852,2.5551818854549393,1.5520751344363304,0.014414676751644597,0.008755799923488294,35.202671729892465,10.966720788357549,2542.8973816739726,True,True,True,True,True,True,False,False,False,False,AA02_trailing,AA02,trailing,False,-7.598791913151873,5.771207926128661,True,True
F51,7557,1.6880061229470742,-0.41387561873782147,37.041479501446105,19.946947788110833,0.42610204029514837,0.22945722645454816,3.961506783158893,1.8037157736664426,0.04091205983366402,0.9490654696101138,28.04503151522465,31.393386597083303,0.3226125227614742,0.3611299078987741,0.12681485356944014,2.628044503797066,1799.3189798139633,True,False,False,False,False,True,False,True,False,False,AA02_trailing,AA02,trailing,False,-1.1392035932014912,2.7156611566199222,False,False
F52,4365,-1.2098827483402526,0.1757249711589682,54.32499290885698,9.525031839546909,0.8222569524711475,0.14416980533649698,1.4714168663507976,1.2188749977765487,2.725542924762509,-0.5159604602138004,45.91534024270887,30.4550667680809,0.6949694002351229,0.46096444835328765,3.921817167547809,1.1193064065070009,1906.940637333893,False,False,True,False,True,False,True,False,False,False,AA02_trailing,AA02,trailing,True,3.2573989246913766,-0.9022569097445012,True,False
G96,11617,0.2855353815484657,-0.09164755078521297,2.122385259879214,1.1633697025600334,0.019691428647308388,0.010793710228511956,14.500490881726623,8.490829274175141,0.32684635762272557,-0.011581137606598705,1.991287489845405,1.3695575877193868,0.018475107353883597,0.012706715423801472,17.691175015230435,0.9114186648821614,1802.8287117442244,True,True,True,False,True,False,False,False,False,True,AA02_trailing,AA02,trailing,False,-8.796918246063141,5.296870333696293,True,True
T09,9,1.5789453180760507,-0.8375259022640691,0.19394248331191064,0.35512127088298046,0.06464749443730354,0.11837375696099349,24.423921326252543,7.075266712537058,-1.7697443498358207,0.2503843063931226,0.18571307999832684,0.35922815769331506,0.06190435999944228,0.11974271923110502,28.588363563596573,2.091019044839608,901.1708485849505,True,True,True,False,True,False,False,False,False,True,AA02_trailing,AA02,trailing,False,-23.553849700351336,2.2677215360685548,True,False
V00,459,0.3238941950000035,-0.00991355121141416,0.8138699900521074,0.7015176924212161,0.03798819793526802,0.0327440417763572,8.526179513751087,0.3027589348658915,0.4440259502697689,-0.000187012371547557,0.7155412912568028,0.7417260507551094,0.03339860731488622,0.03462080722257095,13.294744480913144,0.005401733424217641,1726.9049535973586,True,False,True,False,True,False,False,False,False,False,AA02_trailing,AA02,trailing,False,-1.6064498590895022,2.0960639502797447,False,False
W68,12957,0.24267507998399254,0.02088482490127835,1.5063033105225812,1.3027975148144748,0.013233057548925588,0.011445234414412937,18.33854943098133,1.82476165581879,0.5368364856194998,0.12911512700607006,1.420495594255916,1.3049396863660574,0.012479226338726149,0.011464053651696515,43.01841084118832,11.262606659814688,20366.87226506025,True,False,True,True,True,True,False,False,True,False,AA02_trailing,AA02,trailing,False,-8.320552928331045,-5.420520978743785,True,True
W84,137,-0.1758572770472172,-0.11234796257625186,0.5754675241284728,0.4026175650903544,0.049165508600646564,0.03439793998662207,3.576842425767249,3.2661247336307304,0.2841707591194368,0.15937245894321492,0.45612544323649024,0.47132607776240376,0.038969426530854716,0.04026810438179152,7.292146290488511,3.957783992813929,1288.9081084365298,True,True,True,True,True,True,False,False,False,False,AA02_trailing,AA02,trailing,False,-3.0075562756699687,1.6629048461107003,True,False
691,1893,-0.04162937351777051,-0.025096912702431647,0.6726279545049784,0.5027214343180575,0.015459648158142577,0.011554524970395694,2.6927762580317443,2.172041928745097,0.3579260083004881,0.016304587716328763,0.5930883086075542,0.47665805926306076,0.0136315128093785,0.010955485627077743,26.25724769551876,1.4882578711098027,1519.620772395072,False,False,True,False,True,False,True,False,False,False,AA03_clean,AA03,clean,False,0.0,0.0,False,False
703,31422,0.27407254165781364,-0.019189290373710345,0.8566451003751722,0.7025954742309951,0.004832635313783031,0.003963587369595431,56.71285413905299,4.8413945712187045,0.6215654006339794,-0.1499503699860559,0.7479409392105024,0.5785415258336487,0.004219397033695425,0.0032637555587595587,147.31142759741695,45.94411783799363,2542.8973816739726,True,True,True,True,True,True,False,False,False,False,AA03_clean,AA03,clean,True,0.0,0.0,False,False
F51,7557,-0.02058349690075477,-0.023375197972438432,0.601211112094698,0.4782161492959624,0.006915957055701968,0.005501099838875056,2.976232607428409,4.249186282214163,0.4084891049844698,-0.03173266496117147,0.4882853946365146,0.429249943529635,0.005616930146994207,0.004937823197030078,72.72461901686012,6.4264481928509545,1799.3189798139633,False,True,True,True,True,True,True,False,False,False,AA03_clean,AA03,clean,False,0.0,0.0,False,False
F52,4365,-0.039398638628321714,0.010683068746737183,0.7125718352646283,0.5250125774750637,0.010785406758625452,0.007946531032004715,3.6529580673267885,1.344368845186792,0.46153407908628485,-0.10001641741624845,0.6346899956106602,0.398953763247704,0.009606596036382769,0.006038519067923702,48.04345653115119,16.563070562703103,1906.940637333893,True,False,True,True,True,True,False,False,True,False,AA03_clean,AA03,clean,False,0.0,0.0,False,False
G96,11617,0.12123263743502899,-0.006844909437192077,0.648100034515287,0.5637940825373056,0.006013053250615852,0.005230865082755928,20.161577219129473,1.3085616487714447,0.4965125227202397,-0.08141077875286626,0.5967940703921042,0.37855718288740486,0.005537038009268711,0.0035122425210292094,89.67114220438867,23.179145023564622,1802.8287117442244,True,False,True,True,True,True,False,False,True,False,AA03_clean,AA03,clean,False,0.0,0.0,False,False
T09,9,-0.23898510045092924,0.22887912727682647,0.1949285482694095,0.3552288658691421,0.06497618275646984,0.1184096219563807,3.6780415578834984,1.932943653524543,0.3025926191929982,-0.13366533781222711,0.18756234460994464,0.35928362411439596,0.06252078153664821,0.11976120803813199,4.839872627241959,1.1160987769066928,901.1708485849505,True,False,True,False,True,False,False,False,False,False,AA03_clean,AA03,clean,False,0.0,0.0,False,False
V00,459,0.19315805534776456,0.022035153868769346,0.7180887670340801,0.42603164258803167,0.03351751330140172,0.019885454142725335,5.762899341929599,1.1081041303163013,0.511453418364026,-0.08317276915305565,0.5446418453329644,0.4114720468382882,0.025421704298267126,0.019205870410729846,20.118769865436963,4.330590979442883,1726.9049535973586,True,False,True,True,True,True,False,False,True,False,AA03_clean,AA03,clean,False,0.0,0.0,False,False
W68,12957,0.1932509656030077,-0.011500083834932461,1.1281391207783844,0.8170578924567266,0.009910839207593228,0.007177952830716845,19.49895075030051,1.6021397891777418,0.666205866873658,0.1978452208072221,1.055694253504235,0.6166538190464781,0.009274402248936804,0.0054173787033474485,71.83275525385264,36.5204708109056,20366.87226506025,True,False,True,True,True,True,False,False,True,False,AA03_clean,AA03,clean,False,0.0,0.0,False,False
W84,137,-0.20900682791558817,0.04128092822110353,0.49195201887828566,0.2757757410119605,0.04203029745578839,0.023561111614608266,4.972765851477548,1.7520789721784051,0.42913043972116444,0.08377372962940242,0.33198427658405055,0.24698289727004402,0.028363330894114275,0.02110117296077342,15.129761780208053,3.9700982398057114,1288.9081084365298,True,False,True,True,True,True,False,False,True,False,AA03_clean,AA03,clean,False,0.0,0.0,False,False
691,1893,-0.07348951616009815,-0.014755728689574336,0.6855880604303294,0.4946314081207275,0.015757522601742888,0.011368584202154917,4.663773488858567,1.2979389893402369,0.3823061300014659,0.017945723432031317,0.6061780618660164,0.4540240629533336,0.013932367060970905,0.010435266957875094,27.440141960688777,1.71971867173828,1519.620772395072,True,False,True,False,True,True,False,False,False,False,AA03_constant,AA03,constant,False,1.2507907208378646,0.10846885009060676,False,False
703,31422,0.7740725419667875,-0.019189290373710345,0.8566451014687039,0.7025954742309951,0.004832635319952026,0.003963587369595431,160.17607179481357,4.8413945712187045,0.65587765091491,-0.14082560328370142,0.9653181694587395,0.6672301005686976,0.005445698192541604,0.0037640788992023807,120.43958877728409,37.41303172830484,2542.8973816739726,True,True,True,True,False,True,False,False,False,False,AA03_constant,AA03,constant,True,4.98069770178291,1.8315444628879969,True,False
F51,7557,-0.14001387038578822,-0.0011950615923525484,2.702572682698998,1.5254792797084993,0.031088707838978685,0.01754816066367944,4.503688963561244,0.06810181507091193,0.43759109772233734,-0.10054429403194806,1.9732568531545471,2.3568398588124637,0.022699114141018887,0.027111613413004033,19.277893181372203,3.7085322994360115,1799.3189798139633,True,False,True,True,True,True,False,False,True,False,AA03_constant,AA03,constant,False,1.244539254264646,-2.4970103590042894,False,False
F52,4365,-0.04472359124418339,0.023330251122536057,0.7309786906147665,0.5152402898610542,0.011064010840731357,0.00779861879121256,4.04225844388517,2.991587580716787,0.4480553096092431,-0.11053238303499169,0.6450472553447316,0.41622320232056925,0.00976336234906647,0.0062999073458156855,45.891496555188716,17.545080739704183,1906.940637333893,True,False,True,True,True,True,False,False,True,False,AA03_constant,AA03,constant,False,-0.9840617085609438,-1.2050552143787012,False,False
G96,11617,0.07246964714351423,-0.008625879587472591,0.6392762242030866,0.5599582602160411,0.0059311861954470056,0.005195276434940296,12.218407036208806,1.6603312057583937,0.4945784722635209,-0.08900271081167337,0.5765805036001501,0.37756839568905753,0.005349497125096712,0.003503068582191764,92.45326442802408,25.407070607788977,1802.8287117442244,True,False,True,True,True,True,False,False,True,False,AA03_constant,AA03,constant,False,-0.25120523591170146,-1.5304530253831914,False,False
T09,9,-0.23898509491568143,0.22887906903665822,0.19492854820529215,0.35522886586731633,0.06497618273509738,0.1184096219557721,3.6780414739044343,1.9329431616811363,0.30259259416768064,-0.13366528493275093,0.18756234448407264,0.3592836241054041,0.06252078149469088,0.1197612080351347,4.839872230217981,1.1160983353936873,901.1708485849505,True,False,True,False,True,False,False,False,False,False,AA03_constant,AA03,constant,False,-2.8303503739414997e-07,3.122165917512742e-07,False,False
V00,459,0.1799323811487704,0.022241034688029106,0.7263182249703245,0.42874167335797086,0.033901631503084034,0.020011947546533633,5.307484423939949,1.1113878165187168,0.509744930004811,-0.0854419282371605,0.5516782480793205,0.4150027702610292,0.025750135452564542,0.01937067046709903,19.795815480032505,4.410891630327567,1726.9049535973586,True,False,True,True,True,True,False,False,True,False,AA03_constant,AA03,constant,False,-0.04721576666191321,-0.08318647022595085,False,False
W68,12957,0.1581048508136035,0.00016182225671656063,1.1358354124448085,0.8233859348957191,0.009978452064727408,0.0072335454521910555,15.844626981020891,0.022371084523640387,0.675024857147664,0.19502724785366518,1.0552656500883582,0.6211020032952741,0.0092706369158672,0.005456456542280247,72.81321264910312,35.74247248969448,20366.87226506025,True,False,True,True,True,True,False,False,True,False,AA03_constant,AA03,constant,False,0.6725213834292442,-0.36649349056246094,False,False
W84,137,-0.22514535425962928,0.04612903735609164,0.49621678726939517,0.2749591244275109,0.042394661209121665,0.023491343351373966,5.310700636314717,1.9636611098016936,0.43795388477317587,0.08172875426522784,0.3334845411573293,0.25275628536194295,0.02849150714679246,0.02159442679350188,15.371383567628511,3.7847151511250754,1288.9081084365298,True,False,True,True,True,True,False,False,True,False,AA03_constant,AA03,constant,False,0.21947479544349582,-0.06773154458370857,False,False
691,1893,-0.05666582512117726,-0.011041604327854457,0.6590102517846056,0.5128245913266584,0.015146659541821863,0.011786735439189533,3.741143383114651,0.9367822315874164,0.36527166089335955,0.0034299410894352363,0.5762323720610039,0.48471828964100694,0.013244096784456632,0.011140741569656469,27.5799601013219,0.30787367860477177,1519.620772395072,True,False,True,False,True,False,False,False,False,False,AA03_dcr,AA03,dcr,False,0.3864932746585043,-0.823980484007341,False,False
703,31422,0.28364160372076064,-0.15739466914145586,0.8909847221548436,0.7057358830862482,0.005026357158222127,0.0039813035168388645,56.43084937901379,39.533451412522915,0.636372901681513,-0.1700443399885807,0.7740857590590755,0.6033554368769725,0.004366889127699552,0.0034037395296344507,145.72682820018147,49.958094180856094,2542.8973816739726,True,True,True,True,True,True,False,False,False,False,AA03_dcr,AA03,dcr,True,2.4385257558708275,-4.261106097428614,False,True
F51,7557,-0.020691421785490792,-0.00716593529734028,0.5975145640682381,0.48120020346536607,0.006873434276446833,0.005535426533895014,3.010346931866941,1.2945588300126811,0.4098915529811163,-0.033735720956951556,0.4884631834091968,0.42514307119947237,0.005618975317970126,0.004890580303315596,72.94774043057926,6.898101833453228,1799.3189798139633,True,False,True,True,True,True,False,False,True,False,AA03_dcr,AA03,dcr,False,0.17651990315413038,-0.28821733158195073,False,False
F52,4365,-0.03690302680678225,0.01548952947844839,0.7110209777936078,0.5252721021232043,0.010761933155233034,0.007950459167745649,3.4290332670239643,1.948255962534607,0.4587259714801474,-0.10090857824656285,0.6349143820266271,0.3991050673519284,0.009609992323813094,0.0060408091897437765,47.734270332708455,16.704480323246717,1906.940637333893,True,False,True,True,True,True,False,False,True,False,AA03_dcr,AA03,dcr,False,-0.2066581083354624,-0.10445166291197856,False,False
G96,11617,0.11923360412654711,0.002469330566195593,0.6477468919086811,0.5649283383198833,0.0060097768037936095,0.005241388674882505,19.839938822899736,0.47112143734521794,0.4948208214073323,-0.08407927149827578,0.5961901034016355,0.38152685634971517,0.005531434421115813,0.0035397950649496365,89.45614893641203,23.75258170474681,1802.8287117442244,True,False,True,True,True,True,False,False,True,False,AA03_dcr,AA03,dcr,False,-0.2161478603890339,-0.535134673131864,False,False
T09,9,-0.23898510045092924,0.22887912727682647,0.1949285482694095,0.3552288658691421,0.06497618275646984,0.1184096219563807,3.6780415578834984,1.932943653524543,0.3025926191929982,-0.13366533781222711,0.18756234460994464,0.35928362411439596,0.06252078153664821,0.11976120803813199,4.839872627241959,1.1160987769066928,901.1708485849505,True,False,True,False,True,False,False,False,False,False,AA03_dcr,AA03,dcr,False,0.0,0.0,False,False
V00,459,0.19201782378935975,0.027738214518203227,0.7195269239428899,0.4292761180395453,0.033584640717305506,0.020036893287987745,5.717429744318114,1.3843570517407744,0.5102997703954015,-0.08351229339544652,0.5500941885452155,0.41128073428723383,0.02567619788531381,0.01919694070556098,19.874428942895833,4.350291782234585,1726.9049535973586,True,False,True,True,True,True,False,False,True,False,AA03_dcr,AA03,dcr,False,-0.031928597828237676,-0.012503245502230111,False,False
W68,12957,0.18576179978316326,0.0021967131684158276,1.1282413790353039,0.8165027826755923,0.009911737558801259,0.00717307612386212,18.741597896547777,0.3062442291819811,0.6665924493575632,0.1981778273471648,1.0547521288773956,0.6147853390081145,0.009266125569653068,0.005400963879251958,71.93863760498564,36.69304808878165,20366.87226506025,True,False,True,True,True,True,False,False,True,False,AA03_dcr,AA03,dcr,False,0.02948730168791265,0.04347950110379429,False,False
W84,137,-0.21627481124926662,0.04298046318173336,0.4960431674874869,0.2730239406830712,0.04237982787010122,0.023326009446258855,5.103248930415018,1.8425982069824973,0.4324953927389603,0.08323807049352963,0.33346491152690927,0.2509472213140347,0.02848983007428571,0.02143986802123883,15.180694009450098,3.882396589898411,1288.9081084365298,True,False,True,True,True,True,False,False,True,False,AA03_dcr,AA03,dcr,False,0.08370247729257026,-0.017806626010154425,False,False
691,1893,-0.05657487204234707,-0.029575338709580293,0.7043337044609286,0.5131373251508424,0.01618837157147405,0.011793923298178525,3.494784623182181,2.5076760261912137,0.3583411360873777,0.019460557494530215,0.6468178602395084,0.46484463855238595,0.014866430208159639,0.01068396654062295,24.104047244018098,1.821473084976128,1519.620772395072,True,False,True,False,True,False,False,False,False,False,AA03_epoch,AA03,epoch,False,0.02058144733280456,0.20623738211688789,False,False
703,31422,0.524072420638379,0.13081070962625693,0.856644884410183,0.7025954742310357,0.004832634095448819,0.00396358736959566,108.44446533453245,33.00310991746888,0.6359839900681507,-0.135094295528256,0.843970963015083,0.6198604225967675,0.004761136061932668,0.0034968499400109695,133.5782010417884,38.63314063966732,2542.8973816739726,True,True,True,True,True,True,False,False,False,False,AA03_epoch,AA03,epoch,True,2.2664539640578454,3.105814329206239,False,True
F51,7557,-0.0603551540507102,-0.015311248484201359,0.9501025812964466,0.6328547921939258,0.010929386564170526,0.007279966183690539,5.522281941108265,2.103203242688609,0.4175551456854789,-0.04836759143803139,0.7182307787294745,0.7835634776141763,0.008262078198238666,0.009013624752735044,50.53875497989048,5.366053365307336,1799.3189798139633,True,False,True,True,True,True,False,False,True,False,AA03_epoch,AA03,epoch,False,0.9074582068049005,-1.618573126267113,False,False
F52,4365,-0.0397336893878539,0.022337822986634677,0.7154070304323974,0.5272620269703002,0.01082831995223087,0.007980578445315824,3.669423286635328,2.7990230457224303,0.4502348183576831,-0.1069741941271752,0.6442855646265613,0.40321564090447953,0.009751833484447948,0.006103026366428913,46.16924797533814,17.528057017025375,1906.940637333893,True,False,True,True,True,True,False,False,True,False,AA03_epoch,AA03,epoch,False,-0.8254346272674021,-0.8104111102921633,False,False
G96,11617,0.09631248079840903,-0.013790725657074978,0.6417464137256031,0.5570467416447797,0.005954104541916643,0.005168263450405825,16.175812856555215,2.668348041737713,0.4964308681472417,-0.08032458826170721,0.5818542577432285,0.3743458694986001,0.00539842686248934,0.0034731700780214667,91.95843174178448,23.12716810789326,1802.8287117442244,True,False,True,True,True,True,False,False,True,False,AA03_epoch,AA03,epoch,False,-0.010559014222757266,0.21989843449038757,False,False
T09,9,-0.23898510045092924,0.22887912727682647,0.1949285482694095,0.3552288658691421,0.06497618275646984,0.1184096219563807,3.6780415578834984,1.932943653524543,0.3025926191929982,-0.13366533781222711,0.18756234460994464,0.35928362411439596,0.06252078153664821,0.11976120803813199,4.839872627241959,1.1160987769066928,901.1708485849505,True,False,True,False,True,False,False,False,False,False,AA03_epoch,AA03,epoch,False,0.0,0.0,False,False
V00,459,0.19879570739872818,0.017893062883321622,0.7108979539645797,0.43233706057250015,0.03318187489042873,0.020179765850229445,5.991093271708722,0.8866833746298487,0.5021449965720193,-0.07837200990926375,0.5528355200180535,0.4095549767777893,0.025804152280818282,0.019116389243216413,19.45985247286316,4.0997287150906185,1726.9049535973586,True,False,True,True,True,True,False,False,True,False,AA03_epoch,AA03,epoch,False,-0.25697431637406765,0.17716283919035652,False,False
W68,12957,0.1759774044009811,-0.008467603374428803,1.1267681458676357,0.8190547977491545,0.009898795026474238,0.007195495886268708,17.777659192894806,1.1767921917081046,0.6749487832875045,0.19725070615631046,1.0514115441782654,0.6095336397540064,0.009236778127300761,0.0053548270633970215,73.07188437195286,36.836055361081556,20366.87226506025,True,False,True,True,True,True,False,False,True,False,AA03_epoch,AA03,epoch,False,0.6679382501178633,-0.07804868623506776,False,False
W84,137,-0.2118487777874785,0.03760671024624138,0.5019774822049967,0.27430322972800103,0.042886830592321804,0.023435306485455755,4.939716338595713,1.6047031546005417,0.43600548075579604,0.09206258367576534,0.33081573194481156,0.25373757148418286,0.028263495388022506,0.021678263724796566,15.426452912846948,4.246769245198362,1288.9081084365298,True,False,True,True,True,True,False,False,True,False,AA03_epoch,AA03,epoch,False,0.17169885371810154,0.2739901287229204,False,False
691,118,-0.10506154913275337,-0.05818942636126853,0.480164828803918,0.43098128142608416,0.044202755380438066,0.03967504284701472,2.376809957400266,1.466650624314244,0.17314372975754427,0.023953771876078202,0.4670165079021809,0.42653518256391737,0.04299235433142595,0.03926574627089698,4.027314448117629,0.610042445413352,1019.8459278042893,False,False,True,False,True,False,True,False,False,False,AA03_mag_dep,AA03,mag_dep,False,-4.09701629505252,0.1876389227185743,True,False
703,31422,0.24347694433768893,-0.029369232814679264,0.8614501171299758,0.7019269240888217,0.004859742097727062,0.0039598158438787865,50.10079535940085,7.416817845223583,0.6164375951305621,-0.14592620122742503,0.7461689887887246,0.5804068446905086,0.004209400840197317,0.0032742784763308825,146.4430731433185,44.56743746211477,2542.8973816739726,True,True,True,True,True,True,False,False,False,False,AA03_mag_dep,AA03,mag_dep,True,-0.8603607651803306,0.8704492258662477,False,False
F51,359,-0.2539154144597844,-0.04503400878187622,1.016135106475536,0.6678253377905855,0.053629559746329214,0.03524647325430731,4.73461679828845,1.277688364930889,0.4120754818120296,0.03957865635851984,0.6900492145375906,0.9472005106975319,0.036419404607828325,0.0499913309327531,11.314723188073598,0.7917103949834805,3013.812070368547,True,False,True,False,True,False,False,False,False,False,AA03_mag_dep,AA03,mag_dep,False,0.09732364318739449,1.4195657590851334,False,False
F52,207,-0.4943152981352368,0.07464993334990323,1.8888399008501742,0.6597436375088661,0.1312834483911324,0.04585535266768145,3.7652522400426642,1.6279437188260035,0.8085862402647676,-0.021046922555869825,1.8545547415194887,0.39661985073408224,0.1289004650882353,0.027566985259740537,6.272950525905953,0.76348292559242,5792.237864721212,True,False,True,False,True,False,False,False,False,False,AA03_mag_dep,AA03,mag_dep,False,2.684958040046911,2.7982923356901823,False,False
G96,553,0.03253130739777369,-0.0239924762148872,0.44419336824923067,0.3126560331173097,0.018889023401360294,0.013295486939408107,1.7222334213123454,1.80455791685019,0.30311642643095343,-0.015092112267066178,0.3417132852144071,0.2960679957141014,0.014531126987355284,0.012590091836534723,20.859801630989786,1.1987293232660094,1057.3338388344466,False,False,True,False,True,False,True,False,False,False,AA03_mag_dep,AA03,mag_dep,False,-12.436792333120227,5.073796528315368,True,True
V00,15,-0.103634192322442,0.06910105624427842,0.5346382565043983,0.37897614468731533,0.13804300424579358,0.0978512197989243,0.7507384592841468,0.7061849242786656,0.051094409138533296,-0.1977221710075243,0.4675860619347624,0.42750891461142415,0.12073020205280297,0.11038232710968363,0.4232114936425475,1.7912484379048619,716.1753540208651,False,False,False,False,False,True,False,False,False,False,AA03_mag_dep,AA03,mag_dep,False,-3.7312998418661043,-1.0223907776661938,True,False
W68,967,0.04964190697765134,-0.03845410678921229,0.4173843639144944,0.38457377276971566,0.013422176283079089,0.012367058802953568,3.698499105561094,3.1093979095521456,0.27355449141716215,0.01903218340426444,0.3628349815294765,0.34515571057780814,0.011667986404862203,0.011099459378492273,23.44487574164197,1.7146946310865936,881.4786339756272,True,True,True,False,True,False,False,False,False,True,AA03_mag_dep,AA03,mag_dep,False,-26.343754210638032,-14.477673618664674,True,True
691,1893,-0.04174730674189886,-0.026589184978447436,0.6687681887923179,0.5021844688252297,0.015370935490922987,0.01154218338165175,2.715989977744161,2.3036529657564997,0.36631533195636556,0.02234870389503229,0.5761731518131469,0.4848073971992021,0.01324273566916314,0.011142789613435651,27.661605661235285,2.0056650686543405,1519.620772395072,False,False,True,False,True,False,True,False,False,False,AA03_seasonal,AA03,seasonal,False,0.4414283069048914,0.3867887405647041,False,False
703,31422,0.33876855296241964,0.0023760535102408244,0.879057643771194,0.7112769316895967,0.004959072327944291,0.004012562514461337,68.31288808865813,0.592153642884688,0.6242196051439503,-0.17669302975090298,0.7859044221103944,0.5957356359282926,0.004433562349082003,0.0033607535613116753,140.79414159433188,52.5754199251495,2542.8973816739726,True,False,True,True,True,True,False,False,True,False,AA03_seasonal,AA03,seasonal,True,0.4336623653501997,-5.708465016107237,False,True
F51,7557,-0.04536735719261935,-0.013812955742219505,0.9312783214660211,0.6238394748525241,0.01071284403863568,0.007176259604882597,4.234856498330675,1.9248127161984803,0.4179020990145862,-0.046210098281608526,0.7043597866258855,0.7650063100040763,0.00810251497031667,0.008800154689249757,51.57683762949633,5.251055227251704,1799.3189798139633,True,False,True,True,True,True,False,False,True,False,AA03_seasonal,AA03,seasonal,False,0.9547577486198128,-1.4347120529571114,False,False
F52,4365,-0.03945531484620562,0.012334321065590861,0.7091680353774934,0.5268813880668887,0.010733887228255466,0.007974817137896306,3.6757713219070336,1.5466587950936463,0.45963443007664195,-0.10160687028499908,0.6342812873025688,0.39784576822850404,0.00960040987362662,0.006021748580546574,47.87654236922823,16.87331659997279,1906.940637333893,True,False,True,True,True,True,False,False,True,False,AA03_seasonal,AA03,seasonal,False,-0.1398713191650396,-0.18649982805077037,False,False
G96,11617,0.1102601021127394,-0.01128858527867975,0.6439191342475407,0.5558710266590984,0.005974262979659802,0.00515735520099995,18.455850117099807,2.188832228676246,0.49620241064298487,-0.07913219528561763,0.5859453187799087,0.3742697434826435,0.0054363836076752525,0.003472463783061852,91.27435561067308,22.788486858124305,1802.8287117442244,True,False,True,True,True,True,False,False,True,False,AA03_seasonal,AA03,seasonal,False,-0.039964404217873534,0.46134386257896,False,False
T09,9,-0.23898510045092924,0.22887912727682647,0.1949285482694095,0.3552288658691421,0.06497618275646984,0.1184096219563807,3.6780415578834984,1.932943653524543,0.3025926191929982,-0.13366533781222711,0.18756234460994464,0.35928362411439596,0.06252078153664821,0.11976120803813199,4.839872627241959,1.1160987769066928,901.1708485849505,True,False,True,False,True,False,False,False,False,False,AA03_seasonal,AA03,seasonal,False,0.0,0.0,False,False
V00,459,0.19304169301607849,0.02060787151181973,0.7167399193086946,0.42328774996126833,0.033454554481193596,0.01975738020279307,5.77026644083981,1.0430467653250115,0.5119703584015096,-0.08125586917159154,0.5424837762327772,0.40874096290424355,0.02532097425890218,0.019078394329374793,20.219220365168788,4.2590517717983625,1726.9049535973586,True,False,True,True,True,True,False,False,True,False,AA03_seasonal,AA03,seasonal,False,0.014407244400381448,0.07080953342124591,False,False
W68,12957,0.19225163064400055,-0.00880039028733479,1.1264374432092776,0.8163775434555699,0.009895889763451137,0.007171975882101804,19.427422418755185,1.2270524095454385,0.6660840795286938,0.20129772199101945,1.0546088315433082,0.6131465312722703,0.009264866685167229,0.00538656675423168,71.8935417165877,37.370319755692286,20366.87226506025,True,False,True,True,True,True,False,False,True,False,AA03_seasonal,AA03,seasonal,False,-0.009290187914308426,0.4519232498440172,False,False
W84,137,-0.20600853218620863,0.03889044613539386,0.4914127857700258,0.2751177995822962,0.041984227662254764,0.023504899884731985,4.9068077146365425,1.6545676146723698,0.4283950008800436,0.0861620161242971,0.33344303225472877,0.2406596073780173,0.028487960801912442,0.02056093784665182,15.037755908849915,4.190568385883617,1288.9081084365298,True,False,True,True,True,True,False,False,True,False,AA03_seasonal,AA03,seasonal,False,-0.01829448466731633,0.0810631810056276,False,False
691,1893,-0.023577253998634477,-0.026478073950896824,0.7357878512304462,0.5064625140897226,0.016911312149418347,0.011640509765725903,1.3941705877296695,2.274649004535726,0.343574705735586,0.02066557715025803,0.6769320727921712,0.4714388484289949,0.015558573803301048,0.010835527539375,22.082660665381173,1.9072054475577505,1519.620772395072,False,False,True,False,True,False,True,False,False,False,AA03_step,AA03,step,False,-0.6937876932135486,0.2830192845522683,False,False
703,31422,0.37564474258111813,-0.06997536382541934,0.8768152781305579,0.7090180541866691,0.004946422357289458,0.003999819394602977,75.94271484470728,17.494630862543012,0.6398190667583479,-0.15920188772564242,0.7873412027034766,0.6024019589921077,0.004441667732080454,0.0033983606266379932,144.0492862933401,46.84667262142254,2542.8973816739726,True,True,True,True,True,True,False,False,False,False,AA03_step,AA03,step,True,2.979551169075112,-1.9634830419752027,False,False
F51,7557,-0.04625265306913851,-0.0163871850118909,1.0965401845889868,0.7024587500819205,0.012613913272571763,0.008080646633496391,3.666796502375855,2.0279546619402633,0.40458437226876703,-0.05083996911353349,0.8257199834456732,0.921739170346668,0.009498566860563482,0.010603111603286239,42.59425429203811,4.794815995125108,1799.3189798139633,True,False,True,True,True,True,False,False,True,False,AA03_step,AA03,step,False,-0.35384770648060027,-1.6335918310269788,False,False
F52,4365,-0.040907817056621644,0.011627893230463942,0.7153666709557143,0.5252917914924251,0.010827709075753509,0.007950757183812742,3.778067619883372,1.4624887871230208,0.4595293333554657,-0.10114272699267358,0.638251862869326,0.400845081643952,0.009660508056622347,0.006067145849399047,47.56782258883942,16.67056133201278,1906.940637333893,True,False,True,True,True,True,False,False,True,False,AA03_step,AA03,step,False,-0.14714860567758198,-0.13157788818006133,False,False
G96,11617,0.11244503236642571,0.0004790843746863908,0.6468263935725439,0.5661789166414979,0.0060012364470314996,0.005252991504139501,18.736977514366465,0.09120219865363559,0.49651174634019535,-0.08706933678077369,0.5956479297739075,0.3777099906958059,0.005526404149983292,0.0035043822965417962,89.8435461586168,24.845844263822382,1802.8287117442244,True,False,True,True,True,True,False,False,True,False,AA03_step,AA03,step,False,-9.924277320875715e-05,-1.140492001987305,False,False
T09,9,-0.23898510045092924,0.22887912727682647,0.1949285482694095,0.3552288658691421,0.06497618275646984,0.1184096219563807,3.6780415578834984,1.932943653524543,0.3025926191929982,-0.13366533781222711,0.18756234460994464,0.35928362411439596,0.06252078153664821,0.11976120803813199,4.839872627241959,1.1160987769066928,901.1708485849505,True,False,True,False,True,False,False,False,False,False,AA03_step,AA03,step,False,0.0,0.0,False,False
V00,459,0.18573868634253923,0.019255670955220298,0.7217458270227437,0.42586847625522245,0.03368821024367577,0.019877838190518114,5.513462573376324,0.9687004577995512,0.5058438879951852,-0.08841238865963716,0.5484124402686338,0.41496990975200176,0.025597700598045614,0.019369136669887623,19.761301842627475,4.564601415461545,1726.9049535973586,True,False,True,True,True,True,False,False,True,False,AA03_step,AA03,step,False,-0.1554903813964755,-0.19209003861585977,False,False
W68,12957,0.17250037121642708,0.009437027633927892,1.1412636982068491,0.8220050517568075,0.010026140214503949,0.007221414226084131,17.205062718640793,1.3068115660559738,0.6601880209926211,0.19063428746306213,1.0612665565045811,0.6399297374782724,0.009323355607645183,0.005621860474024281,70.8101298261395,33.909466153399734,20366.87226506025,True,False,True,True,True,True,False,False,True,False,AA03_step,AA03,step,False,-0.4576083764579618,-0.9236189691451117,False,False
W84,137,-0.20496158470603798,0.024051580813500412,0.4920268038150611,0.27878956224591617,0.042036686764129985,0.023818599739630207,4.875778765726423,1.0097814765106683,0.4136470047001004,0.09331177392093228,0.3440261701967504,0.2514513747686427,0.029392139296256344,0.0214829407576997,14.073388824500649,4.343528894548034,1288.9081084365298,True,False,True,True,True,True,False,False,True,False,AA03_step,AA03,step,False,-0.3790707704604129,0.3167446352652706,False,False
691,1893,-0.04088364286014061,-0.025131390499802647,0.673649596144363,0.5037721594860067,0.015483129519841583,0.011578674786499241,2.640528376885845,2.1704893662879194,0.35699400688020444,0.0162560018040495,0.5942711508976645,0.47837233281555813,0.013658699198985417,0.010994886406945601,26.136750043278084,1.478505661848438,1519.620772395072,False,False,True,False,True,False,True,False,False,False,AA03_timing,AA03,timing,False,-0.04829747728940197,-0.0031302770306623957,False,False
703,31422,0.27650330767151166,-0.019168456500000777,0.8817251211076809,0.7143617042746712,0.0049741205027011145,0.004029964798001034,55.58838140759981,4.756482366671993,0.6373704646901535,-0.15105295972759802,0.7649519162762017,0.591905898145364,0.004315361918632779,0.0033391486679384404,147.69803244963734,45.236967487541285,2542.8973816739726,True,True,True,True,True,True,False,False,False,False,AA03_timing,AA03,timing,True,2.6187409934060057,-0.23613786845418874,False,False
F51,7557,-0.02201245348105951,-0.019554258861370872,0.6069641180828367,0.48610982452836365,0.006982136042674677,0.005591903747553222,3.1526818364064852,3.4968875975247213,0.40570644523234695,-0.0333269676374718,0.49302789923101714,0.4429710494413388,0.005671484957196854,0.005095662227834843,71.53443027606448,6.540262314763452,1799.3189798139633,True,True,True,True,True,True,False,False,False,False,AA03_timing,AA03,timing,False,-0.34860776903426616,-0.2246881755047088,False,False
F52,4365,-0.0392427718545007,0.011157227010447237,0.7095344383299569,0.5259153697229779,0.010739433061930483,0.00796019559342914,3.6540822619035493,1.4016272438904809,0.4609639913435375,-0.10048140826869112,0.6319270995542635,0.3996545721327112,0.009564777153955322,0.006049126431996764,48.193908119742765,16.610895705071762,1906.940637333893,True,False,True,True,True,True,False,False,True,False,AA03_timing,AA03,timing,False,-0.04205352905425933,-0.05440233308545808,False,False
G96,11617,0.12010118322494762,-0.006670530069678352,0.646427270604343,0.5653097563517091,0.005997533395753111,0.00524492746027669,20.025096202047326,1.271805972570392,0.49275886374611616,-0.08298096375834468,0.5954930020922741,0.38416509853062863,0.005524966735463861,0.0035642725990909794,89.1876616348072,23.2813179832283,1802.8287117442244,True,False,True,True,True,True,False,False,True,False,AA03_timing,AA03,timing,False,-0.47988338385006846,-0.313786782555203,False,False
T09,9,-0.23898510045092924,0.22887912727682647,0.1949285482694095,0.3552288658691421,0.06497618275646984,0.1184096219563807,3.6780415578834984,1.932943653524543,0.3025926191929982,-0.13366533781222711,0.18756234460994464,0.35928362411439596,0.06252078153664821,0.11976120803813199,4.839872627241959,1.1160987769066928,901.1708485849505,True,False,True,False,True,False,False,False,False,False,AA03_timing,AA03,timing,False,0.0,0.0,False,False
V00,459,0.1929665658469559,0.021681574829284147,0.7184920784494618,0.42599086759166,0.03353633826615573,0.019883550928880483,5.753954540758384,1.090427706139353,0.5103975872513187,-0.08347423827466643,0.5454613161517238,0.41219158611882695,0.02545995392049882,0.019239455628203655,20.047074273782457,4.338700631025091,1726.9049535973586,True,False,True,True,True,True,False,False,True,False,AA03_timing,AA03,timing,False,-0.029345943303278874,-0.01108955500353753,False,False
W68,12957,0.19085579389348226,-0.011158637727782628,1.1276974012392857,0.8176975271526499,0.009906958647787947,0.007183572099214971,19.26482189729308,1.553355012473816,0.6650452851113945,0.1963013112280537,1.056199331559899,0.6168228021950813,0.009278839421006074,0.005418863240833786,71.67332625735706,36.22555183692905,20366.87226506025,True,False,True,True,True,True,False,False,True,False,AA03_timing,AA03,timing,False,-0.08846488665945429,-0.2014921645986899,False,False
W84,137,-0.20848219132280257,0.04045137551887073,0.49215852896001017,0.275037166716858,0.04204794080276009,0.02349801095412691,4.958202169774684,1.7214808350306916,0.4283022203158575,0.08416846777830497,0.3323953411672941,0.24674582903289813,0.0283984505115653,0.02108091885439272,15.081886955115069,3.992637529685592,1288.9081084365298,True,False,True,True,True,True,False,False,True,False,AA03_timing,AA03,timing,False,-0.020634991756929223,0.013234146420662765,False,False
691,1893,0.13884484730861765,-0.217996304283983,2.2503912277909666,1.9168345814639216,0.05172288241487491,0.044056432695548015,2.684398873885796,4.948115200121774,0.03939669816732571,0.17321232758902724,2.1503775347643517,2.0370655059973104,0.04942417256371231,0.04681981441134708,0.797113965166331,3.6995517766735984,1519.620772395072,False,True,False,True,False,False,False,False,False,False,AA03_trailing,AA03,trailing,False,-6.212835824226871,3.263167739901491,True,True
703,31422,0.7504674111722277,-0.011689095831348272,60.107348137365484,6.7075949376877135,0.3390866218685746,0.03783989443495965,2.213202653164827,0.3089093139897586,5.983607155288891,-0.6869639341889332,50.036543367369205,33.444224989755305,0.2822736817742648,0.18867059725995333,21.1978924768268,3.6410757381682712,2542.8973816739726,False,False,True,True,True,True,True,False,True,False,AA03_trailing,AA03,trailing,True,18.993775031655094,-2.845876573966433,True,False
F51,7557,-0.35129529433213913,0.04344333589998541,8.812635355315631,4.849218582069461,0.10137505185586745,0.05578238125116672,3.465303226987268,0.7788003115961776,0.2483861361930363,-0.2396992884739499,6.519099923410512,7.660574698305486,0.07499165302359802,0.08812246575231758,3.312183772170955,2.720070148146597,1799.3189798139633,True,False,True,False,False,True,False,False,False,False,AA03_trailing,AA03,trailing,False,-2.1289802892601104,-2.3562766304615934,False,False
F52,4365,-0.10755432975879493,-0.05842994663798362,1.6696242810435467,1.0511790077222731,0.02527124440505671,0.015910526649151976,4.255996579941809,3.6724080809165365,0.25602326222046257,-0.061371468209225184,1.4910001684816199,1.2709037013825681,0.022567610026687796,0.019236254777545616,11.344722011666141,3.1904062884872886,1906.940637333893,True,True,True,True,True,False,False,False,False,False,AA03_trailing,AA03,trailing,False,-8.37889314102031,1.916743309620532,True,False
G96,11617,0.026868204068803303,-0.0533545208112423,2.2406125693466117,1.551182140928153,0.020788338182325134,0.014391822740421839,1.292465219353005,3.707280291980474,0.007965573585491102,-0.03285623964734207,2.16654964917368,1.6537832896621634,0.020101184565323678,0.015343753211114338,0.3962738394647856,2.1413430726676745,1802.8287117442244,False,True,False,False,False,False,False,False,False,True,AA03_trailing,AA03,trailing,False,-23.4316724559889,3.0846681304364783,True,True
T09,9,-0.24543851833410166,0.23600904282581325,0.19489361801410657,0.3552384431619627,0.06496453933803552,0.11841281438732089,3.7780383088224565,1.9931039055776723,0.3110876032189143,-0.13817336177153589,0.1875654930817419,0.3592758542128293,0.0625218310272473,0.11975861807094311,4.975663669916208,1.153765499278592,901.1708485849505,True,False,True,False,True,False,False,False,False,False,AA03_trailing,AA03,trailing,False,0.09607702026404293,-0.026617039290439994,False,False
V00,459,0.2972173052296206,-0.12408869460360468,1.268140037057985,0.896901358810221,0.05919170792169462,0.04186377033598709,5.021265911482276,2.9641069977143246,0.318377457349643,-0.07867071315180567,1.194084950530979,0.9914367562983099,0.055735112495536705,0.04627630481392849,5.712331833458466,1.7000215005958499,1726.9049535973586,True,False,True,False,True,False,False,False,False,False,AA03_trailing,AA03,trailing,False,-3.1517971587788236,0.08985509964576764,True,False
W68,12957,-0.4387437668073307,0.3669801462195822,3.5995792055940217,3.514553570813865,0.031622740550849675,0.030875780021506222,13.874311940226256,11.88569636018801,0.23237664298383098,-0.1973592622032612,3.2840174789941785,3.8416826356895766,0.028850492452367225,0.03374964859179083,8.054512184410362,5.84774273031294,20366.87226506025,True,True,True,True,False,False,False,False,False,False,AA03_trailing,AA03,trailing,False,-14.315648788217755,-11.561882371939772,True,True
W84,137,-0.1617135719504673,0.2747395392069747,0.4949853797867969,0.5469677991963067,0.042289454967868914,0.04673061277678482,3.8239691685157817,5.879219699499893,0.4374325059937932,-0.19807210031762354,0.34699249006873084,0.5421122704009816,0.02964556910604273,0.046315776955929804,14.75540929671781,4.276557867227236,1288.9081084365298,True,True,True,True,True,False,False,False,False,False,AA03_trailing,AA03,trailing,False,0.2023487344778389,-5.537672927067855,False,True
691,1893,-0.04162937351777051,-0.025096912702431647,0.6726279545049784,0.5027214343180575,0.015459648158142577,0.011554524970395694,2.6927762580317443,2.172041928745097,0.3579260083004881,0.016304587716328763,0.5930883086075542,0.47665805926306076,0.0136315128093785,0.010955485627077743,26.25724769551876,1.4882578711098027,1519.620772395072,False,False,True,False,True,False,True,False,False,False,AA04_clean,AA04,clean,True,0.0,0.0,False,False
703,31422,0.27407254165781364,-0.019189290373710345,0.8566451003751722,0.7025954742309951,0.004832635313783031,0.003963587369595431,56.71285413905299,4.8413945712187045,0.6215654006339794,-0.1499503699860559,0.7479409392105024,0.5785415258336487,0.004219397033695425,0.0032637555587595587,147.31142759741695,45.94411783799363,2542.8973816739726,True,True,True,True,True,True,False,False,False,False,AA04_clean,AA04,clean,False,0.0,0.0,False,False
F51,7557,-0.02058349690075477,-0.023375197972438432,0.601211112094698,0.4782161492959624,0.006915957055701968,0.005501099838875056,2.976232607428409,4.249186282214163,0.4084891049844698,-0.03173266496117147,0.4882853946365146,0.429249943529635,0.005616930146994207,0.004937823197030078,72.72461901686012,6.4264481928509545,1799.3189798139633,False,True,True,True,True,True,True,False,False,False,AA04_clean,AA04,clean,False,0.0,0.0,False,False
F52,4365,-0.039398638628321714,0.010683068746737183,0.7125718352646283,0.5250125774750637,0.010785406758625452,0.007946531032004715,3.6529580673267885,1.344368845186792,0.46153407908628485,-0.10001641741624845,0.6346899956106602,0.398953763247704,0.009606596036382769,0.006038519067923702,48.04345653115119,16.563070562703103,1906.940637333893,True,False,True,True,True,True,False,False,True,False,AA04_clean,AA04,clean,False,0.0,0.0,False,False
G96,11617,0.12123263743502899,-0.006844909437192077,0.648100034515287,0.5637940825373056,0.006013053250615852,0.005230865082755928,20.161577219129473,1.3085616487714447,0.4965125227202397,-0.08141077875286626,0.5967940703921042,0.37855718288740486,0.005537038009268711,0.0035122425210292094,89.67114220438867,23.179145023564622,1802.8287117442244,True,False,True,True,True,True,False,False,True,False,AA04_clean,AA04,clean,False,0.0,0.0,False,False
T09,9,-0.23898510045092924,0.22887912727682647,0.1949285482694095,0.3552288658691421,0.06497618275646984,0.1184096219563807,3.6780415578834984,1.932943653524543,0.3025926191929982,-0.13366533781222711,0.18756234460994464,0.35928362411439596,0.06252078153664821,0.11976120803813199,4.839872627241959,1.1160987769066928,901.1708485849505,True,False,True,False,True,False,False,False,False,False,AA04_clean,AA04,clean,False,0.0,0.0,False,False
V00,459,0.19315805534776456,0.022035153868769346,0.7180887670340801,0.42603164258803167,0.03351751330140172,0.019885454142725335,5.762899341929599,1.1081041303163013,0.511453418364026,-0.08317276915305565,0.5446418453329644,0.4114720468382882,0.025421704298267126,0.019205870410729846,20.118769865436963,4.330590979442883,1726.9049535973586,True,False,True,True,True,True,False,False,True,False,AA04_clean,AA04,clean,False,0.0,0.0,False,False
W68,12957,0.1932509656030077,-0.011500083834932461,1.1281391207783844,0.8170578924567266,0.009910839207593228,0.007177952830716845,19.49895075030051,1.6021397891777418,0.666205866873658,0.1978452208072221,1.055694253504235,0.6166538190464781,0.009274402248936804,0.0054173787033474485,71.83275525385264,36.5204708109056,20366.87226506025,True,False,True,True,True,True,False,False,True,False,AA04_clean,AA04,clean,False,0.0,0.0,False,False
W84,137,-0.20900682791558817,0.04128092822110353,0.49195201887828566,0.2757757410119605,0.04203029745578839,0.023561111614608266,4.972765851477548,1.7520789721784051,0.42913043972116444,0.08377372962940242,0.33198427658405055,0.24698289727004402,0.028363330894114275,0.02110117296077342,15.129761780208053,3.9700982398057114,1288.9081084365298,True,False,True,True,True,True,False,False,True,False,AA04_clean,AA04,clean,False,0.0,0.0,False,False
691,1893,0.45837063090698055,-0.025096912702431647,0.6726279575720819,0.5027214343180575,0.015459648228636736,0.011554524970395694,29.649486464893556,2.172041928745097,0.08324184248504433,-0.007240446783812178,0.7828535562501464,0.5441812791335497,0.01799306802210577,0.012507436025081807,4.6263284495326635,0.5788913706448336,1519.620772395072,True,False,True,False,False,False,False,False,False,False,AA04_constant,AA04,constant,True,-12.168366438080925,-1.4160685003480293,True,False
703,31422,0.2651966637227191,-0.012532632866131486,0.8642669845025469,0.7039695046155514,0.004875633034047096,0.003971338756670089,54.392252630749866,3.1557702915879986,0.6349981141356338,-0.15362191787788593,0.7471931843360188,0.5726128947596598,0.00421517868631808,0.0032303100725506228,150.64559806130043,47.5563999825526,2542.8973816739726,True,True,True,True,True,True,False,False,False,False,AA04_constant,AA04,constant,False,2.2522440805947155,-0.7995428839615073,False,False
F51,7557,-0.02914246188125077,-0.016998623967958426,0.5991312273543993,0.4783574230220785,0.006892031360957905,0.0055027249635663045,4.228428507498889,3.0891284010207287,0.41699842945521415,-0.031740962358849545,0.47979551254485947,0.4280833475574769,0.005519267847058853,0.004924403405741308,75.55321484849249,6.445646252669532,1799.3189798139633,True,True,True,True,True,True,False,False,False,False,AA04_constant,AA04,constant,False,1.0805787883544586,-0.0011898207106686388,False,False
F52,4365,-0.04052279674401278,0.011608491357165388,0.7122534780135394,0.5218152973506641,0.010780588139255974,0.007898137361421156,3.7588669765107525,1.4697758251037314,0.4609651513177677,-0.1009999877937642,0.6335402731543922,0.3965593372576128,0.00958919396723451,0.006002277306772747,48.07131369882055,16.82694461313868,1906.940637333893,True,False,True,True,True,True,False,False,True,False,AA04_constant,AA04,constant,False,-0.041914661260309696,-0.11552161695507798,False,False
G96,11617,0.11112729421111694,-0.004575773905079293,0.6462602762445601,0.5641440702384645,0.005995984026945133,0.005234112258457289,18.533620788802317,0.8742215831702401,0.5007748841050955,-0.08030797715360659,0.5957333051484811,0.36896745679000326,0.005527196260222858,0.0034232693215051225,90.60197259666407,23.45943880287434,1802.8287117442244,True,False,True,True,True,True,False,False,True,False,AA04_constant,AA04,constant,False,0.5448083208164366,0.22485271381864705,False,False
T09,9,-0.23898510045092924,0.22887912727682647,0.1949285482694095,0.3552288658691421,0.06497618275646984,0.1184096219563807,3.6780415578834984,1.932943653524543,0.3025926191929982,-0.13366533781222711,0.18756234460994464,0.35928362411439596,0.06252078153664821,0.11976120803813199,4.839872627241959,1.1160987769066928,901.1708485849505,True,False,True,False,True,False,False,False,False,False,AA04_constant,AA04,constant,False,0.0,0.0,False,False
V00,459,0.19403628182165703,0.022395502947187056,0.7189406827465928,0.42673591548106304,0.03355727732158512,0.019918326786253087,5.78224150792015,1.1243666793660412,0.5111718682339621,-0.0819934848343801,0.5450779431067746,0.41412487785257585,0.02544205959917897,0.019329693958583142,20.091607216047002,4.241840818073158,1726.9049535973586,True,False,True,True,True,True,False,False,True,False,AA04_constant,AA04,constant,False,-0.007828205190293935,0.0432782364824646,False,False
W68,12957,0.19218315157552485,-0.011456254910873745,1.129392754220597,0.8189639966264757,0.009921852529658028,0.007194698187376645,19.369684340808153,1.5923190400083986,0.6681134021074152,0.19931589415346593,1.0562566521930457,0.6176410874848146,0.009279342989730828,0.005426051976498666,72.00007617422875,36.73313396494239,20366.87226506025,True,False,True,True,True,True,False,False,True,False,AA04_constant,AA04,constant,False,0.1453971728044006,0.19180696480308412,False,False
W84,137,-0.20899770139672502,0.04132274684533999,0.49199660948235735,0.2758004889819497,0.042034107088193474,0.023563225976375588,4.972098038343444,1.75369649668386,0.42907883235016486,0.08385963149405505,0.3319955711447726,0.24714433822831453,0.02836429585355862,0.021114965792670172,15.12742761411904,3.9715731636736065,1288.9081084365298,True,False,True,True,True,True,False,False,True,False,AA04_constant,AA04,constant,False,-0.0012865661435140445,0.002877657197653027,False,False
691,1893,-0.07581784487735597,-0.2160763942140145,0.6709441372308782,0.5097136066463719,0.015420947383894577,0.011715232718762167,4.916549093250851,18.444054796108666,0.33266703477645343,0.1103207539408128,0.6089827892732252,0.5181196910410023,0.013996830779144586,0.011908437753221788,23.76731133108579,9.264082848395953,1519.620772395072,True,True,True,True,True,False,False,False,False,False,AA04_dcr,AA04,dcr,True,-1.2928194737434133,5.810184004621066,False,True
703,31422,0.2724108558736591,-0.015773893002070535,0.8593658935902598,0.707266275920159,0.004847984262101273,0.003989936999304215,56.190540469202645,3.9534190652186396,0.626893832557693,-0.1515771195994087,0.7467835400374487,0.5826866988849929,0.004212867739226346,0.0032871399330598313,148.80453680532972,46.112159106750674,2542.8973816739726,True,True,True,True,True,True,False,False,False,False,AA04_dcr,AA04,dcr,False,0.8936553389349957,-0.3511820195326642,False,False
F51,7557,-0.018481178323733763,-0.023579892417794752,0.6031837632704585,0.47902880130759906,0.006938649202508613,0.005510448079951518,2.663512419254751,4.279124324496351,0.4088356919531685,-0.030762069236454113,0.4910453928298219,0.4294311933364073,0.0056486794420333875,0.004939908181580054,72.37721597563298,6.227255265828588,1799.3189798139633,False,True,True,True,True,True,True,False,False,False,AA04_dcr,AA04,dcr,False,0.043508168937196015,0.1389620302765692,False,False
F52,4365,-0.03891109315475862,0.009884437839242395,0.7127711357192105,0.5242798181221822,0.010788423347779652,0.007935440069261177,3.6067451100504737,1.245606765720641,0.46148584568069756,-0.10012001159700167,0.6347769719332241,0.398168380572511,0.009607912500170413,0.006026631604521521,48.03185350329869,16.612930433956834,1906.940637333893,True,False,True,True,True,True,False,False,True,False,AA04_dcr,AA04,dcr,False,-0.0035500432421224077,-0.01214275961164336,False,False
G96,11617,0.12188469265714925,-0.008824431089153886,0.6469960125488231,0.5634655460338011,0.006002810166954913,0.005227816930641848,20.304605554264686,1.687976301815615,0.4957668475260887,-0.08030514322337341,0.5968960969482766,0.3774810568888257,0.005537984608686346,0.003502258255346107,89.52116745656477,22.9295321385251,1802.8287117442244,True,False,True,True,True,True,False,False,True,False,AA04_dcr,AA04,dcr,False,-0.09521822259143765,0.22291011531282806,False,False
T09,9,-0.23898510045092924,0.22887912727682647,0.1949285482694095,0.3552288658691421,0.06497618275646984,0.1184096219563807,3.6780415578834984,1.932943653524543,0.3025926191929982,-0.13366533781222711,0.18756234460994464,0.35928362411439596,0.06252078153664821,0.11976120803813199,4.839872627241959,1.1160987769066928,901.1708485849505,True,False,True,False,True,False,False,False,False,False,AA04_dcr,AA04,dcr,False,0.0,0.0,False,False
V00,459,0.19296368746456202,0.022449631748612232,0.7176915361600444,0.42503157057855007,0.03349897215201262,0.019838774778809635,5.760286810858726,1.1316037405995116,0.5115650692430015,-0.08208267812552794,0.5443856500601861,0.4100928180950944,0.02540974612699734,0.019141493526049404,20.132632049380216,4.288206560988709,1726.9049535973586,True,False,True,True,True,True,False,False,True,False,AA04_dcr,AA04,dcr,False,0.003106308822740277,0.040201442412385546,False,False
W68,12957,0.19339869511715554,-0.012094009456906318,1.1282942191771945,0.8166699569265075,0.009912201765866097,0.0071745447699625466,19.511174175564914,1.6856831819546165,0.6663331520990967,0.19865250248041177,1.055358975677649,0.6166581812666905,0.009271456792505088,0.00541741702598188,71.86930457765287,36.66922843998834,20366.87226506025,True,False,True,True,True,True,False,False,True,False,AA04_dcr,AA04,dcr,False,0.00970612843722328,0.105370578217961,False,False
W84,137,-0.20891519890526564,0.04120991582981365,0.4919171432707544,0.2758103479798933,0.042027317831552204,0.023564068287414638,4.970938182222554,1.7488455442909874,0.4290029660544811,0.08377722367950767,0.33212999506499524,0.2468879932675133,0.02837578046412087,0.02109306476464241,15.118631418682016,3.971789998954566,1288.9081084365298,True,False,True,True,True,True,False,False,True,False,AA04_dcr,AA04,dcr,False,-0.0031772613214042394,0.00011710918887485377,False,False
691,1893,0.20837059250758228,0.12490308729761145,0.6726278610384384,0.5027214343179418,0.015459646009912172,0.011554524970393035,13.478354703204879,10.809885098492524,0.2276474113176213,-0.07787318257840582,0.671106470434927,0.505852181000804,0.015424678442352926,0.01162648189972545,14.75864875682266,6.697914575538515,1519.620772395072,True,True,True,True,True,False,False,False,False,False,AA04_epoch,AA04,epoch,True,-6.328837325172647,-5.8953553300002435,True,True
703,31422,0.2692189180538416,-0.014220853272445705,0.8579716808783439,0.6986992024812057,0.004840119019442931,0.003941607134791214,55.62237560117419,3.6078819593467624,0.6293103767916405,-0.1476305380736959,0.7411027825346738,0.5743747855813359,0.004180820594726338,0.0032402495163180983,150.52317183508157,45.56147214287644,2542.8973816739726,True,True,True,True,True,True,False,False,False,False,AA04_epoch,AA04,epoch,False,1.3038870315493583,0.5044147858647223,False,False
F51,7557,-0.02867666987781126,-0.017761971127330346,0.5975720557247944,0.47922148730941,0.006874095624548699,0.005512664619345004,4.171700750772426,3.222030062376761,0.4160587709217841,-0.0316528271453126,0.4800135613702928,0.4275461316342142,0.0055217761445310815,0.004918223609360001,75.34872114181233,6.435825139197264,1799.3189798139633,True,True,True,True,True,True,False,False,False,False,AA04_epoch,AA04,epoch,False,0.9610392230227275,0.011455657724777397,False,False
F52,4365,-0.0395969999623548,0.010877264396777669,0.7128103447860191,0.5215769198194087,0.01078901681178318,0.007894529306051199,3.670121258788762,1.3778230436664778,0.4613295914163388,-0.10098610962381957,0.6335068950051264,0.39676493936895313,0.009588688759339858,0.006005389277091381,48.111853768011905,16.8159140006209,1906.940637333893,True,False,True,True,True,True,False,False,True,False,AA04_epoch,AA04,epoch,False,-0.015065632701597019,-0.1138622649528418,False,False
G96,11617,0.1176846158893145,-0.004694569794015582,0.6470472410899093,0.5647773365923723,0.006003285463867578,0.005239987685251116,19.60336828851996,0.895912371555622,0.49752623806195695,-0.08147232520069803,0.5952870010618387,0.3780977150437247,0.00552305546390126,0.003507979591753082,90.08170229572976,23.22485723469758,1802.8287117442244,True,False,True,True,True,True,False,False,True,False,AA04_epoch,AA04,epoch,False,0.12961995687114897,-0.012398440361847859,False,False
T09,9,-0.23898510045092924,0.22887912727682647,0.1949285482694095,0.3552288658691421,0.06497618275646984,0.1184096219563807,3.6780415578834984,1.932943653524543,0.3025926191929982,-0.13366533781222711,0.18756234460994464,0.35928362411439596,0.06252078153664821,0.11976120803813199,4.839872627241959,1.1160987769066928,901.1708485849505,True,False,True,False,True,False,False,False,False,False,AA04_epoch,AA04,epoch,False,0.0,0.0,False,False
V00,459,0.19298222017405245,0.021548946290789073,0.7185399520642187,0.42650619892919506,0.033538572815132214,0.019907604535834678,5.754037932317177,1.0824479787108439,0.5113071415455527,-0.08267888468231724,0.5446236046359079,0.41294626483104535,0.025420852895440223,0.019274681013888965,20.113689483536827,4.28950728796707,1726.9049535973586,True,False,True,True,True,True,False,False,True,False,AA04_epoch,AA04,epoch,False,-0.0040687697852929885,0.018150909334796125,False,False
W68,12957,0.19215881352615788,-0.011777132627838048,1.12916280727369,0.818717407279195,0.009919832417798506,0.007192531870008341,19.371175382094147,1.63741125387942,0.66704001467696,0.19837105320327944,1.0564272630332414,0.6180647309543681,0.009280841826685517,0.00542977373583735,71.87279205200949,36.533944664028944,20366.87226506025,True,False,True,True,True,True,False,False,True,False,AA04_epoch,AA04,epoch,False,0.06357572342376727,0.06855613256118298,False,False
W84,137,-0.20896582548968792,0.04117288005003344,0.49190162835615864,0.27574750823203614,0.04202599230294283,0.023558699525435566,4.972299618373444,1.7476720226250355,0.429082637105856,0.0838199710376492,0.33189633253559664,0.24698394541382815,0.028355817326989552,0.021101262509740256,15.132084967180536,3.9722727964243014,1288.9081084365298,True,False,True,True,True,True,False,False,True,False,AA04_epoch,AA04,epoch,False,-0.0011918921283767191,0.0015495604923407766,False,False
691,1893,-0.03349906228910571,0.00599106103797782,0.6070519686352581,0.47072853230893213,0.013952452891607306,0.0108192016682546,2.4009443034390103,0.5537433557188073,0.34033918086226495,-0.0049923375393112375,0.5354905730951256,0.43411226395191643,0.01230768926061859,0.009977615139071173,27.65256529113568,0.5003537889291628,1519.620772395072,False,False,True,False,True,False,True,False,False,False,AA04_mag_dep,AA04,mag_dep,True,-0.9575931563318099,-1.4372257743159564,False,False
703,14163,0.3218972354386884,-0.007008832673213112,0.8947824040479416,0.7857062589545459,0.007518648944157363,0.006602107403522335,42.81317532305193,1.0616053700480217,0.6500427153823802,-0.22973235061079939,0.7980349021945091,0.6398581062659406,0.006705702132318628,0.0053765792144803756,96.93879962986296,42.72834853657077,2975.4190428784245,True,False,True,True,True,True,False,False,True,False,AA04_mag_dep,AA04,mag_dep,False,3.5943786629928662,-12.684644342595927,True,True
F51,2864,-0.009999996258177081,-0.03769559298078902,0.6994857100321996,0.6260440363639121,0.013070504163914271,0.011698182059661425,0.7650811424539836,3.2223462405132057,0.4551055190119196,-0.06273576084592605,0.5714211365272349,0.5864708497229262,0.01067750525451626,0.01095872234897405,42.6228325965397,5.724733125645741,2461.265015563843,False,True,True,True,True,True,True,False,False,False,AA04_mag_dep,AA04,mag_dep,False,3.863841446562642,-2.5793345150722367,True,False
F52,1796,-0.1219649825085716,0.06722399754446415,0.8943635340070736,0.6421814056227043,0.021103812380040478,0.01515320714999661,5.779286714277435,4.436288429177792,0.5326109603193767,-0.16048642967802865,0.8402062078648133,0.4649077658624747,0.019825891259095174,0.010970176993718815,26.864414485025492,14.629338229448642,2658.975770270127,True,True,True,True,True,True,False,False,False,False,AA04_mag_dep,AA04,mag_dep,False,3.226262200682141,-4.828978393760488,True,True
G96,4237,0.1901259518515183,-0.008409682478827212,0.6955665801898318,0.7399567882853302,0.010685859884981996,0.011367818388284776,17.792293170409526,0.7397798057271832,0.5602924544677913,-0.1535071187031329,0.7368190438090898,0.4325529110150021,0.011319613804017904,0.006645229847998048,49.4974885334794,23.10034749954942,2276.675210710874,True,False,True,True,True,True,False,False,True,False,AA04_mag_dep,AA04,mag_dep,False,5.061382161267293,-9.591985000121046,True,True
V00,135,0.21595301144690668,-0.009964787402059938,0.6903261392514062,0.49479138808715206,0.05941381423938574,0.0425848623535198,3.634727280372958,0.23399834709660183,0.5557955232633347,-0.17405204218619455,0.508899178246032,0.4095606797062865,0.043799067605456043,0.035249370928085284,12.6896656401448,4.937734705714049,2300.692332370606,True,False,True,True,True,True,False,False,True,False,AA04_mag_dep,AA04,mag_dep,False,0.8755978297026473,-2.2639424016083494,False,False
W68,6885,0.18077025087459458,0.001097422237230286,1.2460725029459545,0.8741808334394703,0.015017282141072485,0.010535358245239929,12.037481161799931,0.1041656307915416,0.6907055101739635,0.21667379321470273,1.2114660484497044,0.598184674260153,0.01460021580677515,0.00720913751374215,47.30789731569895,30.055439059343282,2897.6222396827347,True,False,True,True,True,True,False,False,True,False,AA04_mag_dep,AA04,mag_dep,False,1.416422685125669,2.087947753687982,False,False
W84,102,-0.2244856086044126,0.023446462357250696,0.5287114467708519,0.2860859943734692,0.052350233996380176,0.028326734440892922,4.288149096333265,0.8277149773890989,0.4633168481658473,0.11439682586061965,0.33983718127975254,0.2594908847152674,0.03364889500562657,0.025693426192566544,13.769154918411859,4.452377234676324,1461.9916524619036,True,False,True,True,True,True,False,False,True,False,AA04_mag_dep,AA04,mag_dep,False,0.7768180532581151,0.921058215117216,False,False
691,1893,0.01855369877550363,-0.0050358901555494105,0.6813387766108088,0.5146162494840866,0.01565985726931967,0.011827914823049502,1.184793606762527,0.42576314007062194,0.32240881226488793,-0.04700194601614925,0.6174768401273198,0.4916376801999334,0.014192057630425714,0.01129977650537885,22.717552356445495,4.159546517913489,1519.620772395072,False,False,True,True,True,True,True,False,True,False,AA04_seasonal,AA04,seasonal,True,-1.8048981223126763,-4.022340729253437,False,True
703,31422,0.2772472498301759,-0.020506986900921766,0.859802200796886,0.7081427983977316,0.004850445624004208,0.003994881769870915,57.159129556698105,5.133315097228622,0.6227419962486329,-0.15108146936339784,0.7527189223691829,0.5837662477901807,0.004246351311646922,0.0032932300468769553,146.65343268715705,45.87637887813875,2542.8973816739726,True,True,True,True,True,True,False,False,False,False,AA04_seasonal,AA04,seasonal,False,0.19655073288195957,-0.24395355049100506,False,False
F51,7557,-0.021594999215341578,-0.023490155776224632,0.6015639402208268,0.47784482934278105,0.006920015770052487,0.005496828406098007,3.120657514798956,4.273401685627552,0.4095076345260554,-0.032144813728097146,0.48737378360609884,0.42942143282171524,0.005606443543185615,0.0049397959027164505,73.04231842730206,6.507316164706388,1799.3189798139633,True,True,True,True,True,True,False,False,False,False,AA04_seasonal,AA04,seasonal,False,0.12834088059401155,-0.05900879132831767,False,False
F52,4365,-0.03888299128408893,0.010587356349851196,0.7126830722420466,0.5246793891125797,0.010787090428942861,0.007941487930609477,3.604585642460353,1.333170363332487,0.46117353264022243,-0.09996869249872924,0.6347660028930423,0.3989690509024058,0.00960774647401802,0.006038750460137349,48.00017713699691,16.55453278929752,1906.940637333893,True,False,True,True,True,True,False,False,True,False,AA04_seasonal,AA04,seasonal,False,-0.02653693056095728,0.005588450721382178,False,False
G96,11617,0.12241049528654449,-0.004235047293052196,0.646418456246483,0.5650596243389083,0.005997451616397518,0.005242606742744589,20.410418143576898,0.8078132694032817,0.4930771899747314,-0.08058008064949108,0.5984580170639426,0.3799486861388633,0.005552476058043747,0.0035251528476822275,88.80311861235703,22.858606174331456,1802.8287117442244,True,False,True,True,True,True,False,False,True,False,AA04_seasonal,AA04,seasonal,False,-0.4380975958664636,0.16693428258782395,False,False
T09,9,-0.23898510045092924,0.22887912727682647,0.1949285482694095,0.3552288658691421,0.06497618275646984,0.1184096219563807,3.6780415578834984,1.932943653524543,0.3025926191929982,-0.13366533781222711,0.18756234460994464,0.35928362411439596,0.06252078153664821,0.11976120803813199,4.839872627241959,1.1160987769066928,901.1708485849505,True,False,True,False,True,False,False,False,False,False,AA04_seasonal,AA04,seasonal,False,0.0,0.0,False,False
V00,459,0.19308253583634158,0.022553020412600686,0.7182043570062119,0.425822065357128,0.0335229085792647,0.019875671915308663,5.759719070312744,1.1347048043809715,0.5119932278381722,-0.08271173449023048,0.5443336126375126,0.41127761536347646,0.025407317228110876,0.019196795126666943,20.15140847974687,4.30862203531738,1726.9049535973586,True,False,True,True,True,True,False,False,True,False,AA04_seasonal,AA04,seasonal,False,0.015019093933536697,0.016978026018804975,False,False
W68,12957,0.19296872139119345,-0.011422183899416344,1.1278540211252785,0.8166070337000008,0.009908334572510525,0.007173991981774596,19.47539417235282,1.5921656907944988,0.6662046308749772,0.19880495712428908,1.0550200830792997,0.6162915821926899,0.009268479579864361,0.005414196408587133,71.87852388673296,36.719199327341805,20366.87226506025,True,False,True,True,True,True,False,False,True,False,AA04_seasonal,AA04,seasonal,False,-9.426614614205029e-05,0.12530698843833335,False,False
W84,137,-0.20884730255957581,0.04120918550815356,0.4919372433288067,0.27577548425941617,0.042029035095403955,0.023561089678758026,4.969119611846956,1.7490356375709792,0.42898632642418555,0.0838004489373692,0.33206868651908045,0.24693475792843173,0.02837054252155229,0.02109706013925903,15.120836201785599,3.9721386953543774,1288.9081084365298,True,False,True,True,True,True,False,False,True,False,AA04_seasonal,AA04,seasonal,False,-0.0035923332074666733,0.0008954594718405131,False,False
691,1893,-0.04162937351777051,-0.025096912702431647,0.6726279545049784,0.5027214343180575,0.015459648158142577,0.011554524970395694,2.6927762580317443,2.172041928745097,0.3579260083004881,0.016304587716328763,0.5930883086075542,0.47665805926306076,0.0136315128093785,0.010955485627077743,26.25724769551876,1.4882578711098027,1519.620772395072,False,False,True,False,True,False,True,False,False,False,AA04_step,AA04,step,True,0.0,0.0,False,False
703,31422,0.27407254165781364,-0.019189290373710345,0.8566451003751722,0.7025954742309951,0.004832635313783031,0.003963587369595431,56.71285413905299,4.8413945712187045,0.6215654006339794,-0.1499503699860559,0.7479409392105024,0.5785415258336487,0.004219397033695425,0.0032637555587595587,147.31142759741695,45.94411783799363,2542.8973816739726,True,True,True,True,True,True,False,False,False,False,AA04_step,AA04,step,False,0.0,0.0,False,False
F51,7557,-0.02058349690075477,-0.023375197972438432,0.601211112094698,0.4782161492959624,0.006915957055701968,0.005501099838875056,2.976232607428409,4.249186282214163,0.4084891049844698,-0.03173266496117147,0.4882853946365146,0.429249943529635,0.005616930146994207,0.004937823197030078,72.72461901686012,6.4264481928509545,1799.3189798139633,False,True,True,True,True,True,True,False,False,False,AA04_step,AA04,step,False,0.0,0.0,False,False
F52,4365,-0.039398638628321714,0.010683068746737183,0.7125718352646283,0.5250125774750637,0.010785406758625452,0.007946531032004715,3.6529580673267885,1.344368845186792,0.46153407908628485,-0.10001641741624845,0.6346899956106602,0.398953763247704,0.009606596036382769,0.006038519067923702,48.04345653115119,16.563070562703103,1906.940637333893,True,False,True,True,True,True,False,False,True,False,AA04_step,AA04,step,False,0.0,0.0,False,False
G96,11617,0.12123263743502899,-0.006844909437192077,0.648100034515287,0.5637940825373056,0.006013053250615852,0.005230865082755928,20.161577219129473,1.3085616487714447,0.4965125227202397,-0.08141077875286626,0.5967940703921042,0.37855718288740486,0.005537038009268711,0.0035122425210292094,89.67114220438867,23.179145023564622,1802.8287117442244,True,False,True,True,True,True,False,False,True,False,AA04_step,AA04,step,False,0.0,0.0,False,False
T09,9,-0.23898510045092924,0.22887912727682647,0.1949285482694095,0.3552288658691421,0.06497618275646984,0.1184096219563807,3.6780415578834984,1.932943653524543,0.3025926191929982,-0.13366533781222711,0.18756234460994464,0.35928362411439596,0.06252078153664821,0.11976120803813199,4.839872627241959,1.1160987769066928,901.1708485849505,True,False,True,False,True,False,False,False,False,False,AA04_step,AA04,step,False,0.0,0.0,False,False
V00,459,0.19315805534776456,0.022035153868769346,0.7180887670340801,0.42603164258803167,0.03351751330140172,0.019885454142725335,5.762899341929599,1.1081041303163013,0.511453418364026,-0.08317276915305565,0.5446418453329644,0.4114720468382882,0.025421704298267126,0.019205870410729846,20.118769865436963,4.330590979442883,1726.9049535973586,True,False,True,True,True,True,False,False,True,False,AA04_step,AA04,step,False,0.0,0.0,False,False
W68,12957,0.1932509656030077,-0.011500083834932461,1.1281391207783844,0.8170578924567266,0.009910839207593228,0.007177952830716845,19.49895075030051,1.6021397891777418,0.666205866873658,0.1978452208072221,1.055694253504235,0.6166538190464781,0.009274402248936804,0.0054173787033474485,71.83275525385264,36.5204708109056,20366.87226506025,True,False,True,True,True,True,False,False,True,False,AA04_step,AA04,step,False,0.0,0.0,False,False
W84,137,-0.20900682791558817,0.04128092822110353,0.49195201887828566,0.2757757410119605,0.04203029745578839,0.023561111614608266,4.972765851477548,1.7520789721784051,0.42913043972116444,0.08377372962940242,0.33198427658405055,0.24698289727004402,0.028363330894114275,0.02110117296077342,15.129761780208053,3.9700982398057114,1288.9081084365298,True,False,True,True,True,True,False,False,True,False,AA04_step,AA04,step,False,0.0,0.0,False,False
691,1893,-0.04703777693748682,-0.02418757606785479,0.6785044337492601,0.5046920459652872,0.015594712870985327,0.011599817412552562,3.016264379256558,2.08516868909338,0.37025291371311553,0.016237739508406193,0.5941738070548399,0.4767551334974461,0.013656461852841311,0.010957716776554606,27.11192091354776,1.4818542803687762,1519.620772395072,True,False,True,False,True,False,False,False,False,False,AA04_timing,AA04,timing,True,0.6388480547262895,-0.004314186490548551,False,False
703,31422,0.27669347340862716,-0.0182374146880724,0.8588340040359671,0.7065866896936547,0.004844983686668131,0.003986103215167089,57.10926832839509,4.575248984692416,0.6225530254635926,-0.15121755666725445,0.7499469614086907,0.5838513498801673,0.004230713708139663,0.003293710137599666,147.1508280661569,45.91100927219303,2542.8973816739726,True,True,True,True,True,True,False,False,False,False,AA04_timing,AA04,timing,False,0.16528909723364,-0.2732845243171223,False,False
F51,7557,-0.019100563481869216,-0.023294323934028853,0.602618606718335,0.4789639967195676,0.006932147994587461,0.005509702608454365,2.7553600264712625,4.227873188343209,0.40913198691216,-0.030919425114798428,0.4903412103553074,0.42908795100365216,0.005640578966750833,0.00493595973620824,72.53368658143866,6.264116153133464,1799.3189798139633,False,True,True,True,True,True,True,False,False,False,AA04_timing,AA04,timing,False,0.08076123464559774,0.11647965197302038,False,False
F52,4365,-0.03942998658337784,0.010705220889510089,0.712558230009273,0.5250677289305767,0.010785200831018157,0.00794736579820175,3.655934386495381,1.3470149935633209,0.46150823716439277,-0.10001411156692767,0.6347092763783794,0.3990055388119404,0.009606887867903716,0.006039302737011942,48.03930716275726,16.560539506322467,1906.940637333893,True,False,True,True,True,True,False,False,True,False,AA04_timing,AA04,timing,False,-0.0019021014926506727,0.00026999598338427574,False,False
G96,11617,0.12137875688714928,-0.006842355308447097,0.6482093977555463,0.5638322357267989,0.006014067919574836,0.005231219066937206,20.182471915902497,1.3079848541791588,0.4964519763998236,-0.0814107641514859,0.5969394029283098,0.3786982833031107,0.005538386400308229,0.0035135516465779498,89.6383784945367,23.170504475372244,1802.8287117442244,True,False,True,True,True,True,False,False,True,False,AA04_timing,AA04,timing,False,-0.007731119249540031,2.939094040624242e-06,False,False
T09,9,-0.23898510045092924,0.22887912727682647,0.1949285482694095,0.3552288658691421,0.06497618275646984,0.1184096219563807,3.6780415578834984,1.932943653524543,0.3025926191929982,-0.13366533781222711,0.18756234460994464,0.35928362411439596,0.06252078153664821,0.11976120803813199,4.839872627241959,1.1160987769066928,901.1708485849505,True,False,True,False,True,False,False,False,False,False,AA04_timing,AA04,timing,False,0.0,0.0,False,False
V00,459,0.19318942306426995,0.021966066423861678,0.7180841574678807,0.4260499230079084,0.03351729814527689,0.019886307399654704,5.763872201957107,1.1045824638234791,0.511397995044087,-0.0831534730970667,0.5446455173478941,0.4115620615408029,0.02542187569324627,0.019210071937236547,20.11645408131502,4.328639339235535,1726.9049535973586,True,False,True,True,True,True,False,False,True,False,AA04_timing,AA04,timing,False,-0.0015415989735998309,0.0007103494603750416,False,False
W68,12957,0.19327911055631716,-0.01152037252854317,1.1281550958381585,0.8170456620905062,0.009910979550433786,0.007177845385464014,19.501514413664356,1.604990343184779,0.6661756203126928,0.19784317762150216,1.0557082201438779,0.6166854631775683,0.009274524947562552,0.005417656700882791,71.82854368058725,36.51821969252209,20366.87226506025,True,False,True,True,True,True,False,False,True,False,AA04_timing,AA04,timing,False,-0.002306068500782712,-0.00026668126562062256,False,False
W84,137,-0.20892630350492078,0.041234887615293966,0.4919128620765544,0.2757632987539484,0.04202695206444731,0.02356004860076707,4.971245670743322,1.7502038435502818,0.42900735857857697,0.08374693813342439,0.3320320637816593,0.2469749435011423,0.02836741362993606,0.02110049342443653,15.123245431365184,3.9689563864149675,1288.9081084365298,True,False,True,True,True,True,False,False,True,False,AA04_timing,AA04,timing,False,-0.0030682308531139327,-0.0008978057078989548,False,False
691,1893,-1.9886553083529939,0.30226427572228615,7.143301744532012,3.6805071987537037,0.16418129951078864,0.08459259826350565,12.112556754506112,3.5731763999107105,4.795612059561937,-0.007759444765428965,5.847552708138192,3.3789113623869915,0.13439986674437443,0.07766073424423287,35.6816727257854,0.09991464593969103,1519.620772395072,True,True,True,False,True,False,False,False,False,True,AA04_trailing,AA04,trailing,True,32.84999783462241,-0.3068230951454437,True,False
703,31422,0.32552904371936753,-0.018453680520384232,0.9631721524872181,0.7966648188695729,0.005433591758504907,0.004494265519328291,59.91047141328469,4.106050352615193,0.6212397141264026,-0.1351646664351872,0.9130400844185081,0.6563727443233879,0.005150779188403567,0.003702828746505042,120.61082244120614,36.50308336910368,2542.8973816739726,True,True,True,True,True,True,False,False,False,False,AA04_trailing,AA04,trailing,False,-0.04891387892524675,2.9955477431164352,False,False
F51,7557,0.005836638618500988,-0.022242320778777445,0.7033165969514624,0.5274425222978395,0.008090514767984874,0.006067369282070784,0.7214174605548289,3.6658920439380567,0.40476185953616534,-0.01751025727783785,0.6109288540316082,0.4852206924147635,0.00702774388825053,0.005581675727161051,57.59485063376802,3.1370968386126417,1799.3189798139633,False,True,True,True,True,False,True,False,False,False,AA04_trailing,AA04,trailing,False,-0.41429418594248013,1.9084514934999115,False,False
F52,4365,-0.02189882934183547,0.0058935120761937744,0.7181454542714143,0.5305099629377057,0.010869768425942079,0.008029738837013637,2.014654635104382,0.733960617626469,0.4580943475286067,-0.08726603689055512,0.6450528932057848,0.40506698841462196,0.00976344768309414,0.006131048153089958,46.91932219003111,14.233461344872055,1906.940637333893,False,False,True,True,True,True,True,False,True,False,AA04_trailing,AA04,trailing,False,-0.25112775224623024,1.4816664839405576,False,False
G96,11617,0.15344025797153185,-0.01982111082576056,0.6810976724283215,0.6197398496510523,0.006319204374437366,0.005749928281160337,24.281578641803858,3.447192705116777,0.4925504194792771,-0.06637625682861749,0.6782538719357936,0.40601609294276164,0.0062928196762657524,0.0037670054890488274,78.2718153099158,17.62043007943096,1802.8287117442244,True,True,True,True,True,True,False,False,False,False,AA04_trailing,AA04,trailing,False,-0.4726903701163795,2.919122254831016,False,False
T09,9,-0.23898510045092924,0.22887912727682647,0.1949285482694095,0.3552288658691421,0.06497618275646984,0.1184096219563807,3.6780415578834984,1.932943653524543,0.3025926191929982,-0.13366533781222711,0.18756234460994464,0.35928362411439596,0.06252078153664821,0.11976120803813199,4.839872627241959,1.1160987769066928,901.1708485849505,True,False,True,False,True,False,False,False,False,False,AA04_trailing,AA04,trailing,False,0.0,0.0,False,False
V00,459,0.20730791295906545,0.02221517008286124,0.7140888290631477,0.4448619262471786,0.03333081218546692,0.02076437651554205,6.219707812864427,1.069869353709382,0.49866099898790056,-0.07217760356815449,0.5606884144965,0.4273075982908007,0.026170694005489686,0.019945010654681652,19.05417559363535,3.61883003312472,1726.9049535973586,True,False,True,True,True,True,False,False,True,False,AA04_trailing,AA04,trailing,False,-0.35061961560361926,0.3970981361093105,False,False
W68,12957,0.20558465024360173,-0.016430165583111493,1.1265761786437725,0.8210737827123867,0.009897108571094935,0.007213232914410536,20.772193087183393,2.277781097333963,0.6783577247124634,0.20293073416445107,1.0540733741536412,0.6110768075521755,0.009260162626958657,0.005368383979947736,73.25548719172531,37.8010840734285,20366.87226506025,True,False,True,True,True,True,False,False,True,False,AA04_trailing,AA04,trailing,False,0.9272036978999881,0.6667982572547756,False,False
W84,137,-0.212628487861659,0.0503289394789786,0.491412567393608,0.2768179834576952,0.041984209005098284,0.023650156396079355,5.064487170303454,2.1280594781741895,0.4209391285122321,0.0743617769225496,0.3403685475128111,0.25747959953866023,0.029079647501350135,0.021997966757169935,14.475386212734813,3.380393185579863,1288.9081084365298,True,False,True,True,True,True,False,False,True,False,AA04_trailing,AA04,trailing,False,-0.20164976025751066,-0.30876789485816425,False,False
691,1893,-0.04162937351777051,-0.025096912702431647,0.6726279545049784,0.5027214343180575,0.015459648158142577,0.011554524970395694,2.6927762580317443,2.172041928745097,0.3579260083004881,0.016304587716328763,0.5930883086075542,0.47665805926306076,0.0136315128093785,0.010955485627077743,26.25724769551876,1.4882578711098027,1519.620772395072,False,False,True,False,True,False,True,False,False,False,AA05_clean,AA05,clean,False,0.0,0.0,False,False
703,31422,0.27407254165781364,-0.019189290373710345,0.8566451003751722,0.7025954742309951,0.004832635313783031,0.003963587369595431,56.71285413905299,4.8413945712187045,0.6215654006339794,-0.1499503699860559,0.7479409392105024,0.5785415258336487,0.004219397033695425,0.0032637555587595587,147.31142759741695,45.94411783799363,2542.8973816739726,True,True,True,True,True,True,False,False,False,False,AA05_clean,AA05,clean,False,0.0,0.0,False,False
F51,7557,-0.02058349690075477,-0.023375197972438432,0.601211112094698,0.4782161492959624,0.006915957055701968,0.005501099838875056,2.976232607428409,4.249186282214163,0.4084891049844698,-0.03173266496117147,0.4882853946365146,0.429249943529635,0.005616930146994207,0.004937823197030078,72.72461901686012,6.4264481928509545,1799.3189798139633,False,True,True,True,True,True,True,False,False,False,AA05_clean,AA05,clean,False,0.0,0.0,False,False
F52,4365,-0.039398638628321714,0.010683068746737183,0.7125718352646283,0.5250125774750637,0.010785406758625452,0.007946531032004715,3.6529580673267885,1.344368845186792,0.46153407908628485,-0.10001641741624845,0.6346899956106602,0.398953763247704,0.009606596036382769,0.006038519067923702,48.04345653115119,16.563070562703103,1906.940637333893,True,False,True,True,True,True,False,False,True,False,AA05_clean,AA05,clean,False,0.0,0.0,False,False
G96,11617,0.12123263743502899,-0.006844909437192077,0.648100034515287,0.5637940825373056,0.006013053250615852,0.005230865082755928,20.161577219129473,1.3085616487714447,0.4965125227202397,-0.08141077875286626,0.5967940703921042,0.37855718288740486,0.005537038009268711,0.0035122425210292094,89.67114220438867,23.179145023564622,1802.8287117442244,True,False,True,True,True,True,False,False,True,False,AA05_clean,AA05,clean,False,0.0,0.0,False,False
T09,9,-0.23898510045092924,0.22887912727682647,0.1949285482694095,0.3552288658691421,0.06497618275646984,0.1184096219563807,3.6780415578834984,1.932943653524543,0.3025926191929982,-0.13366533781222711,0.18756234460994464,0.35928362411439596,0.06252078153664821,0.11976120803813199,4.839872627241959,1.1160987769066928,901.1708485849505,True,False,True,False,True,False,False,False,False,False,AA05_clean,AA05,clean,False,0.0,0.0,False,False
V00,459,0.19315805534776456,0.022035153868769346,0.7180887670340801,0.42603164258803167,0.03351751330140172,0.019885454142725335,5.762899341929599,1.1081041303163013,0.511453418364026,-0.08317276915305565,0.5446418453329644,0.4114720468382882,0.025421704298267126,0.019205870410729846,20.118769865436963,4.330590979442883,1726.9049535973586,True,False,True,True,True,True,False,False,True,False,AA05_clean,AA05,clean,False,0.0,0.0,False,False
W68,12957,0.1932509656030077,-0.011500083834932461,1.1281391207783844,0.8170578924567266,0.009910839207593228,0.007177952830716845,19.49895075030051,1.6021397891777418,0.666205866873658,0.1978452208072221,1.055694253504235,0.6166538190464781,0.009274402248936804,0.0054173787033474485,71.83275525385264,36.5204708109056,20366.87226506025,True,False,True,True,True,True,False,False,True,False,AA05_clean,AA05,clean,False,0.0,0.0,False,False
W84,137,-0.20900682791558817,0.04128092822110353,0.49195201887828566,0.2757757410119605,0.04203029745578839,0.023561111614608266,4.972765851477548,1.7520789721784051,0.42913043972116444,0.08377372962940242,0.33198427658405055,0.24698289727004402,0.028363330894114275,0.02110117296077342,15.129761780208053,3.9700982398057114,1288.9081084365298,True,False,True,True,True,True,False,False,True,False,AA05_clean,AA05,clean,True,0.0,0.0,False,False
691,1893,-0.04159434659693311,-0.025155635844733983,0.6727074620366693,0.5027334987111901,0.015461475555379982,0.011554802257820075,2.6901925659003436,2.1770719466626196,0.3580567866179373,0.016280714031325354,0.5931395595372402,0.4766217939250077,0.01363269075825115,0.01095465210631358,26.264571900541668,1.4861917907865063,1519.620772395072,False,False,True,False,True,False,True,False,False,False,AA05_constant,AA05,constant,False,0.00678356400800669,-0.0015409528457577025,False,False
703,31422,0.27388473418458253,-0.01966840635338906,0.856139558697678,0.7027805344412388,0.00482978337595933,0.003964631359115487,56.70745722217435,4.960967255673703,0.6219194124991378,-0.15032008496633348,0.7471960047244068,0.5784312708677343,0.004215194597117683,0.003263133571846233,147.54227786408757,46.066175857240374,2542.8973816739726,True,True,True,True,True,True,False,False,False,False,AA05_constant,AA05,constant,False,0.059356556988290045,-0.08010798505756168,False,False
F51,7557,-0.0209680912289063,-0.023168843642284363,0.60034621024475,0.4772330100226414,0.006906007765126155,0.005489790418843925,3.036210201614691,4.2203512109963945,0.4083321117123828,-0.031918764079408656,0.48660000715888496,0.42900208283197194,0.005597542502316627,0.004934971962403257,72.94846114047164,6.46787141296436,1799.3189798139633,True,True,True,True,True,True,False,False,False,False,AA05_constant,AA05,constant,False,-0.019797781825684396,-0.026657484707354663,False,False
F52,4365,-0.0401376270915018,0.010373992469659102,0.7115818737218587,0.5250539075921957,0.01077042281260659,0.007947156599986202,3.726652870537396,1.305371592863429,0.46110433774156745,-0.09978534785558095,0.633731693175053,0.3993848073079602,0.009592091279031578,0.006045043302100073,48.07130419510778,16.506969903907073,1906.940637333893,True,False,True,True,True,True,False,False,True,False,AA05_constant,AA05,constant,False,-0.03165559470702176,0.02704348675573173,False,False
G96,11617,0.12091580726685762,-0.007101926519123562,0.6479643100182824,0.5638607283326738,0.0060117940026843,0.005231483420504944,20.11309888743161,1.3575358934116784,0.4967225827232531,-0.08131698213312229,0.5966364654461779,0.37832042382759073,0.005535575755169119,0.0035100458773655615,89.73277662389746,23.166928574208306,1802.8287117442244,True,False,True,True,True,True,False,False,True,False,AA05_constant,AA05,constant,False,0.02682923010800923,0.018889632229738353,False,False
T09,9,-0.23898510045092924,0.22887912727682647,0.1949285482694095,0.3552288658691421,0.06497618275646984,0.1184096219563807,3.6780415578834984,1.932943653524543,0.3025926191929982,-0.13366533781222711,0.18756234460994464,0.35928362411439596,0.06252078153664821,0.11976120803813199,4.839872627241959,1.1160987769066928,901.1708485849505,True,False,True,False,True,False,False,False,False,False,AA05_constant,AA05,constant,False,0.0,0.0,False,False
V00,459,0.19314462079877412,0.02197019043302656,0.7179730033384454,0.42606412628359036,0.03351210991482003,0.019886970351790215,5.763427647190903,1.10475301387719,0.5113709050931644,-0.08321521043771193,0.5446072487072896,0.4114338375422462,0.025420089466070224,0.019204086953520768,20.11680194028125,4.333203168633629,1726.9049535973586,True,False,True,True,True,True,False,False,True,False,AA05_constant,AA05,constant,False,-0.0022951862636926856,-0.0015626427213018279,False,False
W68,12957,0.1928309124987101,-0.012955394688554762,1.1285361421400761,0.8173917809811772,0.009914327088480642,0.007180886081960546,19.449722686954562,1.8041498696241178,0.6667654019187712,0.1980208535961584,1.055747027139964,0.6169685145233303,0.009274865871736933,0.005420143341336678,71.88949265030223,36.53424662885832,20366.87226506025,True,False,True,True,True,True,False,False,True,False,AA05_constant,AA05,constant,False,0.042659475512838135,0.022918732068568978,False,False
W84,137,0.290993165807705,0.04128092822110353,0.49195200962328123,0.2757757410119605,0.04203029666508,0.023561111614608266,6.923414510406505,1.7520789721784051,0.12760535324660782,-0.006395032397103261,0.5497223971938566,0.29401796873131175,0.04696595396609862,0.025119650309192335,2.71697564875861,0.2545828591715327,1288.9081084365298,True,False,False,False,False,False,False,True,False,False,AA05_constant,AA05,constant,True,-5.4956624428596825,-2.748515859506355,True,False
691,1893,-0.04158881344930612,-0.025141856773592215,0.6726478819851537,0.5027089392873855,0.015460106170376717,0.011554237785219074,2.690072952344591,2.1759857500730426,0.3579752214061439,0.016343921397819778,0.5930829428962936,0.4766401808354731,0.013631389484132126,0.010955074710168515,26.26109552682444,1.491904147641214,1519.620772395072,False,False,True,False,True,False,True,False,False,False,AA05_dcr,AA05,dcr,False,0.0025528405125378227,0.0025387860902085103,False,False
703,31422,0.27433814816332464,-0.019472778466956654,0.8561338718821394,0.7024401800547682,0.004829751294639326,0.003962711300707941,56.801713261678735,4.914003819424804,0.6216673539036682,-0.1499605081182809,0.7473865045103033,0.5783358657614169,0.004216269273190876,0.00326259535819661,147.4448887447812,45.9635632538787,2542.8973816739726,True,True,True,True,True,True,False,False,False,False,AA05_dcr,AA05,dcr,False,0.017092151534449936,-0.0021968607029582885,False,False
F51,7557,-0.020694696233256708,-0.02344750828946195,0.6011013755888271,0.4782338887483966,0.0069146947154910526,0.0055013039024539865,2.992857542487623,4.262172878506609,0.4084224312323929,-0.031559601612119334,0.4881837730201668,0.429317108252906,0.005615761155402977,0.004938595818048644,72.72788495277186,6.39039977654808,1799.3189798139633,False,True,True,True,True,True,True,False,False,False,AA05_dcr,AA05,dcr,False,-0.008394330565343727,0.024781100746806214,False,False
F52,4365,-0.039520408556363025,0.010668068014447042,0.7127190414236928,0.5250184646466313,0.010787634854410765,0.007946620139568152,3.6634914964890775,1.3424660833261854,0.4616760075159763,-0.09985699151137183,0.6346369499476456,0.39919611112570363,0.009605793143222978,0.006042187218013223,48.062247503392804,16.526629829289956,1906.940637333893,True,False,True,True,True,True,False,False,True,False,AA05_dcr,AA05,dcr,False,0.010447274834187567,0.018663003730111663,False,False
G96,11617,0.12111622277727938,-0.006939375899393591,0.6480918422861379,0.5637858182167614,0.006012977243352325,0.005230788406630538,20.142471503809528,1.3266405291021235,0.49656336525995004,-0.08131460603674426,0.5967226506487867,0.3785618669515411,0.0055363753789696175,0.0035122859796398874,89.69105800632437,23.151476419662558,1802.8287117442244,True,False,True,True,True,True,False,False,True,False,AA05_dcr,AA05,dcr,False,0.006493229012065538,0.019361977028697772,False,False
T09,9,-0.23898510045092924,0.22887912727682647,0.1949285482694095,0.3552288658691421,0.06497618275646984,0.1184096219563807,3.6780415578834984,1.932943653524543,0.3025926191929982,-0.13366533781222711,0.18756234460994464,0.35928362411439596,0.06252078153664821,0.11976120803813199,4.839872627241959,1.1160987769066928,901.1708485849505,True,False,True,False,True,False,False,False,False,False,AA05_dcr,AA05,dcr,False,0.0,0.0,False,False
V00,459,0.19332691154600226,0.022036642952177558,0.7177971442571363,0.4259792654384693,0.033503901515848276,0.019883009386745656,5.770280558356861,1.108315271775084,0.511314006119626,-0.08311939603825885,0.5446006474650935,0.41122745292069185,0.02541978134647099,0.01919445374434703,20.114807407287607,4.330386118059671,1726.9049535973586,True,False,True,True,True,True,False,False,True,False,AA05_dcr,AA05,dcr,False,-0.00387790962734824,0.001965633914207862,False,False
W68,12957,0.193946685545673,-0.012683581653209337,1.1283563269372334,0.8173302617259973,0.009912747390082074,0.007180345627831238,19.565381615567144,1.7664305188941587,0.6674766225745937,0.19802404341153226,1.0557213912021617,0.6161754860187793,0.009274640656909422,0.005413176489597487,71.96792277632201,36.58185610465048,20366.87226506025,True,False,True,True,True,True,False,False,True,False,AA05_dcr,AA05,dcr,False,0.0968847802929693,0.023349987949244026,False,False
W84,137,-0.14007183835465276,0.16541186423073076,0.5769236416076884,0.2945629898132352,0.049289913112536866,0.025166214602688173,2.8417951972211033,6.572774922338221,0.43111658562049293,0.0621783671151559,0.40471807197037357,0.33468711379663735,0.03457739840042518,0.02859424986112781,12.46816144546004,2.1745059729538037,1288.9081084365298,False,True,True,False,True,False,True,False,False,True,AA05_dcr,AA05,dcr,True,0.044410739530688255,-0.607683758385542,False,False
691,1893,-0.04158609876396874,-0.025128569486002936,0.6726775720113283,0.5027108963924484,0.015460788564492798,0.011554282767226554,2.689778635190397,2.1748272906458133,0.3580225737682034,0.016292807737236598,0.5930935529681994,0.4766361712703403,0.013631633345508237,0.010954982554518714,26.26409944382604,1.4872509067133235,1519.620772395072,False,False,True,False,True,False,True,False,False,False,AA05_epoch,AA05,epoch,False,0.00500911352353481,-0.0007603400371979666,False,False
703,31422,0.27436867862376213,-0.019442742986721707,0.856389877360763,0.7024958800447691,0.004831195511288644,0.003963025523877534,56.79105264580333,4.906035267645309,0.6217345371776,-0.15017709580359784,0.7477134245887835,0.5782450199542043,0.004218113543957564,0.003262082865151529,147.39634926808287,46.037179928175085,2542.8973816739726,True,True,True,True,True,True,False,False,False,False,AA05_epoch,AA05,epoch,False,0.028349024147862383,-0.04913371964592854,False,False
F51,7557,-0.02075200234938675,-0.023165728018269518,0.6004087390482187,0.4771207184506933,0.006906727057419384,0.005488498686749014,3.004607273005586,4.220776817201209,0.4082921587655374,-0.03187506174398077,0.486657729946875,0.42892981030070315,0.005598206509210119,0.004934140584352342,72.9326719358814,6.460104084805826,1799.3189798139633,True,True,True,True,True,True,False,False,False,False,AA05_epoch,AA05,epoch,False,-0.024834617201480166,-0.02039912746188482,False,False
F52,4365,-0.03955490215946681,0.010625975188222142,0.7126835213335337,0.5250336420229959,0.010787097226340851,0.007946849862621352,3.6668717570171045,1.3371304821300667,0.4617104071961011,-0.09992080563627322,0.6346352601524434,0.3991018606814622,0.00960576756667379,0.00604076065394204,48.065956623597394,16.541096620185993,1906.940637333893,True,False,True,True,True,True,False,False,True,False,AA05_epoch,AA05,epoch,False,0.012979433933795873,0.01119400136008235,False,False
G96,11617,0.12110324237600806,-0.007081724284096724,0.6480190585513277,0.563828778114034,0.006012301957979875,0.005231186987306643,20.14257487770933,1.3537509366956997,0.4966067397046577,-0.08130474594400777,0.5967265296361939,0.37843881605417895,0.005536411368101843,0.0035111443169968237,89.6983093716389,23.15619598728141,1802.8287117442244,True,False,True,True,True,True,False,False,True,False,AA05_epoch,AA05,epoch,False,0.012032649666393544,0.021350530444821648,False,False
T09,9,-0.23898510045092924,0.22887912727682647,0.1949285482694095,0.3552288658691421,0.06497618275646984,0.1184096219563807,3.6780415578834984,1.932943653524543,0.3025926191929982,-0.13366533781222711,0.18756234460994464,0.35928362411439596,0.06252078153664821,0.11976120803813199,4.839872627241959,1.1160987769066928,901.1708485849505,True,False,True,False,True,False,False,False,False,False,AA05_epoch,AA05,epoch,False,0.0,0.0,False,False
V00,459,0.19318583799140893,0.02199307297428097,0.7179603254094611,0.4259912932120995,0.03351151815977125,0.01988357079514131,5.764759360359806,1.106092723529072,0.5113692378123856,-0.08317736499866467,0.5446049325849114,0.4113697232769059,0.025419981358735612,0.019201094355892165,20.11682190461768,4.331907518236863,1726.9049535973586,True,False,True,True,True,True,False,False,True,False,AA05_epoch,AA05,epoch,False,-0.002341568266494536,-0.00016922730499777328,False,False
W68,12957,0.1930763013521424,-0.013038394691094263,1.128330771280372,0.8173011179115688,0.009912522880532381,0.007180089595881475,19.478018227966267,1.815909748337003,0.6669157508980902,0.1979660631665052,1.0556202477306962,0.6166231847852387,0.009273752099227013,0.005417109577641412,71.91433885252108,36.54459270744507,20366.87226506025,True,False,True,True,True,True,False,False,True,False,AA05_epoch,AA05,epoch,False,0.05412547230321179,0.015773417158468812,False,False
W84,137,0.04099314234553627,0.19128092822107096,0.49195209897342024,0.27577574101110275,0.04203030429877755,0.02356111161453498,0.9753234726575262,8.118501849593068,0.305418573400859,-0.05176817325364083,0.40961509185770617,0.30359312071788186,0.03499577904449857,0.025937710751545138,8.727297455287585,1.9958651613291256,1288.9081084365298,False,True,True,False,True,False,True,False,False,True,AA05_epoch,AA05,epoch,True,-2.746317481823369,-4.053665878604621,False,True
691,1785,-0.03865025338846974,-0.026575332369515512,0.6834734000120387,0.5093104374166798,0.016177168413681144,0.012054895948825682,2.389185325893186,2.2045260682738888,0.36022681111387217,0.0160624911102419,0.6047008896337454,0.4825450423231982,0.014312697657780985,0.011421384382642799,25.168337914134426,1.406352380071565,1551.4194704026136,False,False,True,False,True,False,True,False,False,False,AA05_mag_dep,AA05,mag_dep,False,0.11640551574333996,-0.015297140236227556,False,False
703,29762,0.25340782803045403,-0.028257707397870615,0.8432196790156378,0.7052744333782389,0.004887757798960392,0.0040881524683770215,51.84541428880804,6.912097241101382,0.6094035119613959,-0.15292193340297633,0.7357384939765308,0.5808317393523197,0.004264738657578782,0.003366815237539518,142.89351842895158,45.42035205790867,2530.366517970284,True,True,True,True,True,True,False,False,False,False,AA05_mag_dep,AA05,mag_dep,False,-2.0272262155231267,-0.6337188574721112,False,False
F51,7135,-0.017389054946403203,-0.025027446549537254,0.6020068517203399,0.4747829584246985,0.007126962037167035,0.005620800014014781,2.4398972319088355,4.452648464121541,0.41090235844464085,-0.038918952105545995,0.4797755309611093,0.43314991628548133,0.005679905445843541,0.005127920057632134,72.34316880139832,7.589617558023554,1838.6774800616472,False,True,True,True,True,True,True,False,False,False,AA05_mag_dep,AA05,mag_dep,False,0.30210254162248296,-1.0094766572650653,False,False
F52,4212,-0.035948427886010444,0.00836510941369625,0.7171384204251793,0.5309472117698906,0.011049911736958273,0.008181014515388794,3.2532773782956954,1.0225026979185976,0.4636423149056237,-0.10572204228509292,0.6413101781274657,0.40010154994258446,0.009881524490237274,0.006164900229532497,46.92012000412406,17.1490272914133,1934.2109135602097,True,False,True,True,True,True,False,False,True,False,AA05_mag_dep,AA05,mag_dep,False,0.15297519522653197,-0.6611703823770488,False,False
G96,10982,0.11763765168379077,-0.005470861754689201,0.6469700907196833,0.5727962774694173,0.006173671032096787,0.005465872126441144,19.054732763082946,1.0009128695535923,0.4955427907708479,-0.08532174302128938,0.602076465211566,0.3810172324465276,0.005745276459765079,0.00363583276016387,86.25220983554033,23.46690528676678,1820.8313425686797,True,False,True,True,True,True,False,False,True,False,AA05_mag_dep,AA05,mag_dep,False,-0.12153309002982961,-0.7736505222937492,False,False
T09,9,-0.23898510045092924,0.22887912727682647,0.1949285482694095,0.3552288658691421,0.06497618275646984,0.1184096219563807,3.6780415578834984,1.932943653524543,0.3025926191929982,-0.13366533781222711,0.18756234460994464,0.35928362411439596,0.06252078153664821,0.11976120803813199,4.839872627241959,1.1160987769066928,901.1708485849505,True,False,True,False,True,False,False,False,False,False,AA05_mag_dep,AA05,mag_dep,False,0.0,0.0,False,False
V00,443,0.15536026345123852,0.015961825291131198,0.6920735479748384,0.4305614353910283,0.03288140656941286,0.020456591140681928,4.724866715274847,0.780277866500836,0.48482681625687724,-0.08402056065178609,0.5226821305283554,0.41585435016136596,0.02483337745065012,0.019757836434187763,19.52319281661725,4.252518282133463,1679.9486069713328,True,False,True,True,True,True,False,False,True,False,AA05_mag_dep,AA05,mag_dep,False,-0.7492400853336657,-0.03076806719025865,False,False
W68,12280,0.17746641528109544,-0.0235725654545289,1.1344903290670174,0.8324047387301146,0.010237681509953007,0.007511650283967423,17.334629438175405,3.138134040244296,0.6615058788005281,0.20292624200150383,1.066467960738762,0.62917133660082,0.009623845213023008,0.005677664757713534,68.73613032609637,35.741145464041935,21382.25661316216,True,True,True,True,True,True,False,False,False,False,AA05_mag_dep,AA05,mag_dep,False,-0.35165434705855525,0.6474668253234381,False,False
W84,137,-0.028860593430625532,0.06524434433392301,0.630023827106821,0.33084718955042014,0.05382656812327331,0.028266182992647017,0.5361774758615329,2.308212055051623,0.483388515892162,0.05285272027587291,0.4183634486358411,0.311234968018089,0.03574320160508236,0.026590597827548548,13.523928864375385,1.987646935155257,1288.9081084365298,False,False,True,False,True,False,True,False,False,False,AA05_mag_dep,AA05,mag_dep,True,1.1890997615028056,-0.9108927105878997,False,False
691,1893,-0.04154653832203279,-0.025119226093018327,0.6727003378651709,0.5027265928802406,0.015461311813769116,0.011554643534537756,2.68712893333109,2.1739507599637276,0.3580173224057869,0.016259006485965344,0.5931246847696169,0.47664727417413294,0.013632348877316304,0.010955237743118918,26.262335686076355,1.4841308666421018,1519.620772395072,False,False,True,False,True,False,True,False,False,False,AA05_seasonal,AA05,seasonal,False,0.004736586752558205,-0.0029420112278518164,False,False
703,31422,0.27405154506597124,-0.019175667568778993,0.8565707121897228,0.7024704792646992,0.004832215663951644,0.0039628822291727485,56.713434193427524,4.838818430590079,0.6215605068093837,-0.14995385660185986,0.7479125130280668,0.5783102590484319,0.004219236671635321,0.0032624509017520602,147.31586663245298,45.963559642025245,2542.8973816739726,True,True,True,True,True,True,False,False,False,False,AA05_seasonal,AA05,seasonal,False,-0.0008201461700437872,-0.0007555414141511029,False,False
F51,7557,-0.02060104053356244,-0.023131829372728722,0.6004930289170484,0.477195467003669,0.006907696675414344,0.00548935854740687,2.9823313763739816,4.213940330725166,0.408336264703686,-0.031898263541245815,0.4867948314169499,0.42892255947180313,0.0055997836388742865,0.004934057175346284,72.92000745689043,6.464915668312481,1799.3189798139633,False,True,True,True,True,True,True,False,False,False,AA05_seasonal,AA05,seasonal,False,-0.01927022027491382,-0.023723113730662763,False,False
F52,4365,-0.03937003367105377,0.010616678521731307,0.7125887704997758,0.5250101626792686,0.010785663088430503,0.007946494481928499,3.650219124059694,1.3360203729927957,0.4616143281786578,-0.10000768043506655,0.6346677481280801,0.3989209522739767,0.009606259301001004,0.006038022444733896,48.05349446798256,16.56298587003249,1906.940637333893,True,False,True,True,True,True,False,False,True,False,AA05_seasonal,AA05,seasonal,False,0.005906948904344214,0.0010231370676974268,False,False
G96,11617,0.12104544947277641,-0.007020866512352927,0.6479366006750304,0.5638092035072374,0.006011536916204374,0.005231005374674705,20.135524602118444,1.342163888101439,0.4966160525517933,-0.08134119152015602,0.5966540145322174,0.37834310885603917,0.005535738575078448,0.0035102563483990247,89.71089328306218,23.1724362687228,1802.8287117442244,True,False,True,True,True,True,False,False,True,False,AA05_seasonal,AA05,seasonal,False,0.01322281631619589,0.014013701698003905,False,False
T09,9,-0.23898510045092924,0.22887912727682647,0.1949285482694095,0.3552288658691421,0.06497618275646984,0.1184096219563807,3.6780415578834984,1.932943653524543,0.3025926191929982,-0.13366533781222711,0.18756234460994464,0.35928362411439596,0.06252078153664821,0.11976120803813199,4.839872627241959,1.1160987769066928,901.1708485849505,True,False,True,False,True,False,False,False,False,False,AA05_seasonal,AA05,seasonal,False,0.0,0.0,False,False
V00,459,0.1932382401897034,0.022076881279413346,0.7179842359329323,0.42603531702101555,0.03351263420743176,0.01988562565056958,5.766131035645383,1.1101929437548776,0.5114057583545762,-0.08313848276659921,0.5446306597865221,0.41141452582853993,0.025421182201670056,0.019203185559917724,20.1173082470169,4.329410998357057,1726.9049535973586,True,False,True,True,True,True,False,False,True,False,AA05_seasonal,AA05,seasonal,False,-0.0013256806680957663,0.0012624177134174413,False,False
W68,12957,0.19320483570586028,-0.013030293373980956,1.1283421040717396,0.8173548498970249,0.009912622440481104,0.007180561637900364,19.490789331070616,1.8146621435856216,0.666887481258955,0.19806347049998752,1.0556164490755582,0.6167610173300155,0.009273718727580217,0.005418320453289368,71.91154927694959,36.554403196980836,20366.87226506025,True,False,True,True,True,True,False,False,True,False,AA05_seasonal,AA05,seasonal,False,0.05197013263831537,0.028484703189440574,False,False
W84,137,-0.07607098746873518,0.08559288094266986,0.45959502023866405,0.2798932307535338,0.039265852498939234,0.0239128925037366,1.9373318705047913,3.579361255828638,0.3245010823476924,0.020503532000451602,0.3633394462798097,0.25350127211234563,0.03104218382797231,0.021658075307012286,10.453551984164285,0.9466922480324521,1288.9081084365298,False,True,True,False,True,False,True,False,False,True,AA05_seasonal,AA05,seasonal,True,-2.488288153630278,-2.0924124537369666,False,False
691,1893,-0.04161588745842503,-0.025049786402734385,0.6726801417494012,0.5027614360334716,0.015460847627227553,0.01155544436787521,2.6916950779035402,2.1677908356665374,0.35793229980325075,0.016231394443913343,0.5931600243618922,0.4766787707417263,0.013633161120784583,0.010955961658695014,26.254534559674585,1.4815125271118097,1519.620772395072,False,False,True,False,True,False,True,False,False,False,AA05_step,AA05,step,False,0.00032633907675504105,-0.004724056660882318,False,False
703,31422,0.2739702813053861,-0.019217755618020024,0.8566761290174577,0.7025268223651209,0.004832810357231458,0.003963200080353672,56.68964040673298,4.849050067718269,0.6215869337554667,-0.150066931910762,0.7478945553804628,0.5784632092129712,0.004219135366250015,0.003263313747247911,147.32566741700342,45.98605697577186,2542.8973816739726,True,True,True,True,True,True,False,False,False,False,AA05_step,AA05,step,False,0.003608735617721578,-0.02525535530108782,False,False
F51,7557,-0.020802449851888852,-0.023215782061173616,0.601021566024113,0.47786326194414663,0.006913776636115783,0.005497040443229232,3.0088403121417358,4.223323859617726,0.4085486417964667,-0.03196320264711778,0.487722214661664,0.4291598922261172,0.0056104516763832305,0.004936787303089646,72.81920696620936,6.474494582157486,1799.3189798139633,True,True,True,True,True,True,False,False,False,False,AA05_step,AA05,step,False,0.007499322129947191,-0.03301694991467739,False,False
F52,4365,-0.03956119645161079,0.010675480353347882,0.7125712532635755,0.5250051844926351,0.010785397949523299,0.007946419132658283,3.668033079239264,1.3434328312074142,0.4615835666442821,-0.10004839074151312,0.6346437234183856,0.39896720757799653,0.009605895665710512,0.006038722559787436,48.05211119374993,16.567807139832375,1906.940637333893,True,False,True,True,True,True,False,False,True,False,AA05_step,AA05,step,False,0.003642732901441659,-0.0037439931741772583,False,False
G96,11617,0.12112318870840537,-0.006892740771305884,0.6481014838533262,0.5638242473975937,0.006013066697531982,0.005231144951451424,20.14333031731038,1.3176352089791428,0.49657680860264825,-0.08146158289368688,0.5967313816491289,0.37857398393627034,0.0055364563849365864,0.003512398400671416,89.69217385216265,23.19258056777244,1802.8287117442244,True,False,True,True,True,True,False,False,True,False,AA05_step,AA05,step,False,0.008210052166860523,-0.010227982576816291,False,False
T09,9,-0.23898510045092924,0.22887912727682647,0.1949285482694095,0.3552288658691421,0.06497618275646984,0.1184096219563807,3.6780415578834984,1.932943653524543,0.3025926191929982,-0.13366533781222711,0.18756234460994464,0.35928362411439596,0.06252078153664821,0.11976120803813199,4.839872627241959,1.1160987769066928,901.1708485849505,True,False,True,False,True,False,False,False,False,False,AA05_step,AA05,step,False,0.0,0.0,False,False
V00,459,0.1930626516312964,0.022082619113694253,0.7180919974351203,0.42613415160268464,0.033517664083609726,0.019890238853780398,5.760027045730339,1.110223928230865,0.5114344875460785,-0.08318305879196994,0.5446484442931739,0.41155426550805246,0.025422012311352347,0.019209708049590053,20.117781443984843,4.330261479103797,1726.9049535973586,True,False,True,True,True,True,False,False,True,False,AA05_step,AA05,step,False,-0.0005265590573037414,-0.00037879806617869107,False,False
W68,12957,0.19245152753012257,-0.011805360800484525,1.1280873131552975,0.8170550917933357,0.0099103840713315,0.0071779282265487685,19.419179533802463,1.6446752360688732,0.6657006682369665,0.19782781382851422,1.0555294951150151,0.6171441253483212,0.009272954826474817,0.005421686103765124,71.78948681345378,36.48824554618377,20366.87226506025,True,False,True,True,True,True,False,False,True,False,AA05_step,AA05,step,False,-0.03852078539390025,-0.002271153818424247,False,False
W84,137,-0.07178056854069957,-0.02733221046515644,0.6089128661005954,0.2935081965486389,0.05202293700353043,0.025076097532396584,1.3797869300579537,1.0899706555154811,0.42129131443285095,0.08265884383905044,0.45801143477691353,0.2596463020984178,0.039130557662349685,0.022183080649562276,10.766299782080681,3.7262112122682782,1288.9081084365298,False,False,True,True,True,True,True,False,True,False,AA05_step,AA05,step,True,-0.16220379834273027,-0.03641495857582813,False,False
691,1893,-0.04163384548116811,-0.025098099171625646,0.6726242835994639,0.5027213610471433,0.015459563786228958,0.01155452328634057,2.6930802224998502,2.172144929708689,0.35792211758320414,0.016306730679509017,0.5930868275208103,0.4766579477689067,0.013631478768152887,0.010955483064501533,26.25702784494773,1.4884538256781068,1519.620772395072,False,False,True,False,True,False,True,False,False,False,AA05_timing,AA05,timing,False,-0.0002018232347937647,0.00013831463299688205,False,False
703,31422,0.2740917380220968,-0.019183036449766395,0.8566485742747926,0.7026445716278542,0.004832654911268588,0.003963864345222528,56.71659637500307,4.839478543933238,0.6215814922501406,-0.14994660261808085,0.7479707808364628,0.5785602908981352,0.0042195653807686456,0.0032638614190665435,147.30936391769143,45.94147341616153,2542.8973816739726,True,True,True,True,True,True,False,False,False,False,AA05_timing,AA05,timing,False,0.002696656377113304,0.0008162033560134678,False,False
F51,7557,-0.020565888627903137,-0.023383308962060666,0.6012391438270027,0.47825698846877296,0.006916279515238919,0.005501569627206752,2.9735479288524242,4.250297741652467,0.40848978335406205,-0.03172399334760964,0.4883476260702337,0.42926350390227946,0.005617646018531605,0.004937979187085786,72.71547228261227,6.4244890765390155,1799.3189798139633,False,True,True,True,True,True,True,False,False,False,AA05_timing,AA05,timing,False,8.53934729372744e-05,0.0012417738861391636,False,False
F52,4365,-0.03939766486598135,0.010683824792271543,0.712566356035661,0.5250115455864605,0.010785323825635105,0.007946515413455448,3.652895870621796,1.3444666292575413,0.46152992303280976,-0.10002082133080134,0.6346900720717149,0.3989461259747126,0.00960659719368865,0.006038403471022923,48.04301811842658,16.56411695753373,1906.940637333893,True,False,True,True,True,True,False,False,True,False,AA05_timing,AA05,timing,False,-0.000305912042836366,-0.0005157005576430357,False,False
G96,11617,0.12123376886348382,-0.00682838660836639,0.6481041898255078,0.5637873269780113,0.006013091803463097,0.005230802404873486,20.161636114330086,1.3054185724936678,0.4965074162928452,-0.08141736589066287,0.5967957645731888,0.378556910145541,0.005537053727831488,0.0035122399905381375,89.66996541810614,23.18103720417701,1802.8287117442244,True,False,True,True,True,True,False,False,True,False,AA05_timing,AA05,timing,False,-0.0006521147781676966,-0.0013261645386468247,False,False
T09,9,-0.23898510045092924,0.22887912727682647,0.1949285482694095,0.3552288658691421,0.06497618275646984,0.1184096219563807,3.6780415578834984,1.932943653524543,0.3025926191929982,-0.13366533781222711,0.18756234460994464,0.35928362411439596,0.06252078153664821,0.11976120803813199,4.839872627241959,1.1160987769066928,901.1708485849505,True,False,True,False,True,False,False,False,False,False,AA05_timing,AA05,timing,False,0.0,0.0,False,False
V00,459,0.19315827573337666,0.022026589420293445,0.7180976098419348,0.4260251616009127,0.033517926048325916,0.019885151636152416,5.762834951508705,1.1076902918983915,0.5114566977792836,-0.08318056546636744,0.5446446260579685,0.4114710677122965,0.025421834091395205,0.019205824709042318,20.11879614745821,4.331007219242458,1726.9049535973586,True,False,True,True,True,True,False,False,True,False,AA05_timing,AA05,timing,False,9.121697035234676e-05,-0.00028703893404513625,False,False
W68,12957,0.19323325024574256,-0.01148504964555662,1.1281392475827683,0.8170539724510449,0.009910840321585143,0.0071779183929907816,19.497161085815655,1.6000529703391084,0.66618684262662,0.19783832843802782,1.0556975600127596,0.6166601299710709,0.009274431297015825,0.005417434145586565,71.83047901179393,36.518824801811625,20366.87226506025,True,False,True,True,True,True,False,False,True,False,AA05_timing,AA05,timing,False,-0.001450460381157674,-0.0008996262443319736,False,False
W84,137,-0.21599049632029166,0.04172920337473725,0.5026466250342965,0.27967523805370414,0.042943999322353654,0.023894268130494018,5.029585034663087,1.746410609726195,0.44334455536022405,0.08601605283380234,0.3357085232700329,0.24792720220259878,0.028681514761653804,0.021181850375808206,15.457501427119896,4.060837523998436,1288.9081084365298,True,False,True,True,True,True,False,False,True,False,AA05_timing,AA05,timing,True,0.35238034549455716,0.07499743074843122,False,False
691,1893,-0.04147519751239771,-0.025751771466600744,0.6734315515087262,0.5027493831666707,0.015478117992552035,0.011555167345371476,2.679602102294045,2.228593554459931,0.35904267170891757,0.017128081695824797,0.593722708375962,0.4761845217630486,0.013646093822768598,0.010944601864232557,26.311021774586695,1.5649798785098,1519.620772395072,False,False,True,False,True,False,True,False,False,False,AA05_trailing,AA05,trailing,False,0.0578936536656965,0.0531776967092238,False,False
703,31422,0.2769333940463718,-0.016251392317938256,0.8606298611497315,0.7002947744433841,0.004855114746196382,0.003950608315568095,57.03951575260467,4.113643018948923,0.6311710846768566,-0.14936197091262074,0.7446557540958184,0.576926055418092,0.004200864152820272,0.0032546421238316384,150.24791607534286,45.89197989509804,2542.8973816739726,True,True,True,True,True,True,False,False,False,False,AA05_trailing,AA05,trailing,False,1.6133057448658725,0.12765731349661122,False,False
F51,7557,-0.030646718499070674,-0.013191264831798449,0.59690698677122,0.4718330096167099,0.006866445086776742,0.005427672187565603,4.46325836903429,2.4303724278003864,0.4172196686760885,-0.03852003468597293,0.472542139379526,0.4249909863753439,0.0054358295733621985,0.0048888308145065285,76.75363310149321,7.879191599691529,1799.3189798139633,True,False,True,True,True,True,False,False,True,False,AA05_trailing,AA05,trailing,False,1.1169359357222186,-0.9767995302212951,False,False
F52,4365,-0.039631441522754045,0.010746777659861073,0.7119027710700206,0.5246612553307506,0.010775279878598268,0.007941213459737322,3.6779964854063367,1.3532916240506843,0.4601049951533442,-0.10044059494956904,0.6348632320768831,0.3985905850216744,0.0096092181239551,0.006033022043343506,47.8816267065824,16.648471400894266,1906.940637333893,True,False,True,True,True,True,False,False,True,False,AA05_trailing,AA05,trailing,False,-0.10517534381082787,-0.04969353562653509,False,False
G96,11617,0.11850351029143306,-0.0025883572290663166,0.6490757213835027,0.5629336521274961,0.0060221056449717555,0.005222882034465393,19.678085586289786,0.4955802585595363,0.49723187761215015,-0.08425315588634902,0.5959595662054707,0.37777869898729954,0.005529295503721953,0.0035050197700698124,89.92680483028025,24.03785468082278,1802.8287117442244,True,False,True,True,True,True,False,False,True,False,AA05_trailing,AA05,trailing,False,0.09192938149875829,-0.5728339622351547,False,False
T09,9,-0.23898510045092924,0.22887912727682647,0.1949285482694095,0.3552288658691421,0.06497618275646984,0.1184096219563807,3.6780415578834984,1.932943653524543,0.3025926191929982,-0.13366533781222711,0.18756234460994464,0.35928362411439596,0.06252078153664821,0.11976120803813199,4.839872627241959,1.1160987769066928,901.1708485849505,True,False,True,False,True,False,False,False,False,False,AA05_trailing,AA05,trailing,False,0.0,0.0,False,False
V00,459,0.20450052130335092,0.025670454218241524,0.7097420574827831,0.4281074222227891,0.0331279222630068,0.01998234323877139,6.173056060678819,1.2846568548794413,0.5033367927355181,-0.08233705761305544,0.5512120705002104,0.40626581224011477,0.025728376146576262,0.018962864190043185,19.563488572616286,4.342015888944039,1726.9049535973586,True,False,True,True,True,True,False,False,True,False,AA05_trailing,AA05,trailing,False,-0.22440699295981076,0.030963841325856292,False,False
W68,12957,0.18573219026385346,-0.00127048085789155,1.1234518439978813,0.8171641304442413,0.009869660911727557,0.00717888614434156,18.81849760847999,0.17697464931839743,0.6589411267604552,0.1903361134244631,1.057159016949618,0.6134730992931217,0.00928727037372476,0.005389435693962063,70.95100069711654,35.31651999071109,20366.87226506025,True,False,True,True,True,True,False,False,True,False,AA05_trailing,AA05,trailing,False,-0.5535003086832211,-0.9826620141795073,False,False
W84,137,-2.7231243252601574,0.2026599834565036,5.023172323812938,2.970830596758435,0.4291585740880481,0.25381518701198236,6.345263708284828,0.7984549145474744,5.546216174702793,0.8910142078526504,2.7841504966584654,1.4252953618231263,0.2378660297056083,0.12177120068817694,23.31655420308227,7.317117699564254,1288.9081084365298,True,False,True,True,True,True,False,False,True,False,AA05_trailing,AA05,trailing,True,21.361145340439638,6.531814796831875,True,True
691,1893,-0.04162937351777051,-0.025096912702431647,0.6726279545049784,0.5027214343180575,0.015459648158142577,0.011554524970395694,2.6927762580317443,2.172041928745097,0.3579260083004881,0.016304587716328763,0.5930883086075542,0.47665805926306076,0.0136315128093785,0.010955485627077743,26.25724769551876,1.4882578711098027,1519.620772395072,False,False,True,False,True,False,True,False,False,False,AA06_clean,AA06,clean,False,0.0,0.0,False,False
703,31422,0.27407254165781364,-0.019189290373710345,0.8566451003751722,0.7025954742309951,0.004832635313783031,0.003963587369595431,56.71285413905299,4.8413945712187045,0.6215654006339794,-0.1499503699860559,0.7479409392105024,0.5785415258336487,0.004219397033695425,0.0032637555587595587,147.31142759741695,45.94411783799363,2542.8973816739726,True,True,True,True,True,True,False,False,False,False,AA06_clean,AA06,clean,False,0.0,0.0,False,False
F51,7557,-0.02058349690075477,-0.023375197972438432,0.601211112094698,0.4782161492959624,0.006915957055701968,0.005501099838875056,2.976232607428409,4.249186282214163,0.4084891049844698,-0.03173266496117147,0.4882853946365146,0.429249943529635,0.005616930146994207,0.004937823197030078,72.72461901686012,6.4264481928509545,1799.3189798139633,False,True,True,True,True,True,True,False,False,False,AA06_clean,AA06,clean,False,0.0,0.0,False,False
F52,4365,-0.039398638628321714,0.010683068746737183,0.7125718352646283,0.5250125774750637,0.010785406758625452,0.007946531032004715,3.6529580673267885,1.344368845186792,0.46153407908628485,-0.10001641741624845,0.6346899956106602,0.398953763247704,0.009606596036382769,0.006038519067923702,48.04345653115119,16.563070562703103,1906.940637333893,True,False,True,True,True,True,False,False,True,False,AA06_clean,AA06,clean,False,0.0,0.0,False,False
G96,11617,0.12123263743502899,-0.006844909437192077,0.648100034515287,0.5637940825373056,0.006013053250615852,0.005230865082755928,20.161577219129473,1.3085616487714447,0.4965125227202397,-0.08141077875286626,0.5967940703921042,0.37855718288740486,0.005537038009268711,0.0035122425210292094,89.67114220438867,23.179145023564622,1802.8287117442244,True,False,True,True,True,True,False,False,True,False,AA06_clean,AA06,clean,False,0.0,0.0,False,False
T09,9,-0.23898510045092924,0.22887912727682647,0.1949285482694095,0.3552288658691421,0.06497618275646984,0.1184096219563807,3.6780415578834984,1.932943653524543,0.3025926191929982,-0.13366533781222711,0.18756234460994464,0.35928362411439596,0.06252078153664821,0.11976120803813199,4.839872627241959,1.1160987769066928,901.1708485849505,True,False,True,False,True,False,False,False,False,False,AA06_clean,AA06,clean,False,0.0,0.0,False,False
V00,459,0.19315805534776456,0.022035153868769346,0.7180887670340801,0.42603164258803167,0.03351751330140172,0.019885454142725335,5.762899341929599,1.1081041303163013,0.511453418364026,-0.08317276915305565,0.5446418453329644,0.4114720468382882,0.025421704298267126,0.019205870410729846,20.118769865436963,4.330590979442883,1726.9049535973586,True,False,True,True,True,True,False,False,True,False,AA06_clean,AA06,clean,False,0.0,0.0,False,False
W68,12957,0.1932509656030077,-0.011500083834932461,1.1281391207783844,0.8170578924567266,0.009910839207593228,0.007177952830716845,19.49895075030051,1.6021397891777418,0.666205866873658,0.1978452208072221,1.055694253504235,0.6166538190464781,0.009274402248936804,0.0054173787033474485,71.83275525385264,36.5204708109056,20366.87226506025,True,False,True,True,True,True,False,False,True,False,AA06_clean,AA06,clean,True,0.0,0.0,False,False
W84,137,-0.20900682791558817,0.04128092822110353,0.49195201887828566,0.2757757410119605,0.04203029745578839,0.023561111614608266,4.972765851477548,1.7520789721784051,0.42913043972116444,0.08377372962940242,0.33198427658405055,0.24698289727004402,0.028363330894114275,0.02110117296077342,15.129761780208053,3.9700982398057114,1288.9081084365298,True,False,True,True,True,True,False,False,True,False,AA06_clean,AA06,clean,False,0.0,0.0,False,False
691,1893,-0.056924899540450755,-0.031738322124994514,0.699343573074827,0.557421642952051,0.01607367863465014,0.012811751902453383,3.5414979255425303,2.477281980375907,0.3581187836729796,0.01596555345560668,0.6568959561068419,0.4937895674650581,0.01509806467290274,0.011349235377511662,23.71951580759311,1.4067514616220036,1519.620772395072,True,False,True,False,True,False,False,False,False,False,AA06_constant,AA06,constant,False,0.00947702900033566,-0.021492856042598728,False,False
703,31422,0.26845212180121575,-0.024866864312714048,0.8871475248338718,0.7132176620410285,0.0050047101829798,0.004023510854709536,53.63989361745211,6.180389518175969,0.6241152188251042,-0.15053096458506207,0.7740197367123605,0.5975770508631383,0.004366516672497165,0.0033711416284792402,142.93205903830417,44.6528153292,2542.8973816739726,True,True,True,True,True,True,False,False,False,False,AA06_constant,AA06,constant,False,0.4199271427074142,-0.12373624040920303,False,False
F51,7557,-0.03611482108175078,-0.019325100871840306,0.5988672040641435,0.47893372088192354,0.0068889942019627025,0.005509354334131487,5.242393885519822,3.507688868751401,0.4045802567339801,-0.033686281721307935,0.4863673594751563,0.4333102319363228,0.005594866268698506,0.00498453021838998,72.31276625814593,6.758165814107296,1799.3189798139633,True,True,True,True,True,True,False,False,False,False,AA06_constant,AA06,constant,False,-0.4930463683205762,-0.27844207850538816,False,False
F52,4365,-0.052142887302747055,0.010850963923418434,0.7095186641928356,0.5226133443880433,0.010739194306373922,0.007910216511177973,4.855381680895674,1.3717657295580814,0.46017230547198906,-0.1006364822681239,0.6312884840940923,0.39864328610678834,0.009555111142531035,0.006033819721011139,48.159806684372576,16.678735348635737,1906.940637333893,True,False,True,True,True,True,False,False,True,False,AA06_constant,AA06,constant,False,-0.10050418497333301,-0.07263746254696071,False,False
G96,11617,0.09742173153712015,0.006567100166688574,0.6479451073403466,0.5698703897176146,0.006011615840797503,0.005287240883861423,16.20558168004896,1.2420656276005404,0.49643035716600603,-0.08163980506917153,0.6017005115764952,0.37275543191900534,0.005582559827725059,0.0034584140444640296,88.92521934123288,23.606139698586528,1802.8287117442244,True,False,True,True,True,True,False,False,True,False,AA06_constant,AA06,constant,False,-0.01044989838201888,-0.04646369577065035,False,False
T09,9,-0.23898510045092924,0.22887912727682647,0.1949285482694095,0.3552288658691421,0.06497618275646984,0.1184096219563807,3.6780415578834984,1.932943653524543,0.3025926191929982,-0.13366533781222711,0.18756234460994464,0.35928362411439596,0.06252078153664821,0.11976120803813199,4.839872627241959,1.1160987769066928,901.1708485849505,True,False,True,False,True,False,False,False,False,False,AA06_constant,AA06,constant,False,0.0,0.0,False,False
V00,459,0.18215262890466857,0.016093522139692295,0.7280997154614576,0.43337065315106965,0.033984784358238,0.020228009820321777,5.359828886497387,0.7956058100942868,0.5082941719692681,-0.08615444854089031,0.5565805151669359,0.418692212029515,0.025978953684876998,0.019542878861418752,19.56561369387093,4.408482964655483,1726.9049535973586,True,False,True,True,True,True,False,False,True,False,AA06_constant,AA06,constant,False,-0.08691691382389488,-0.10881827246039792,False,False
W68,12957,0.6932509710870383,-0.011500083834932461,1.1281391235068599,0.8170578924567266,0.009910839231563216,0.007177952830716845,69.9487656786148,1.6021397891777418,0.669641457956591,0.21929577817248722,1.1909759803022182,0.7113897090910378,0.01046286865110827,0.006249645004663231,64.00170739844468,35.08931755465433,20366.87226506025,True,False,True,True,False,True,False,False,True,False,AA06_constant,AA06,constant,True,0.24572167200590572,2.5935302008735484,False,False
W84,137,-0.20330590675395627,-0.034060089410201944,0.5292841086150584,0.3796602184070622,0.045219793130306496,0.03243656149264915,4.495949509722542,1.050052405151536,0.36806698624413686,0.13801140291957,0.43430176571880436,0.35044931817193636,0.03710490393017712,0.029940905862181146,9.919631834561656,4.609459832472687,1288.9081084365298,True,False,True,True,True,True,False,False,True,False,AA06_constant,AA06,constant,False,-1.3074599601744032,1.480711787826612,False,False
691,1893,-0.04063546355362496,-0.020185562128545165,0.6568570671077469,0.49711888578686153,0.015097170850040927,0.011425756267725655,2.691594601217274,1.7666718644754695,0.3664306123372982,0.01726275769879711,0.5767173218005687,0.46182322236683415,0.013255242845660068,0.01061452245811775,27.644202117147337,1.6263338993262895,1519.620772395072,False,False,True,False,True,False,True,False,False,False,AA06_dcr,AA06,dcr,False,0.44728895245887446,0.06281350088091857,False,False
703,31422,0.2699964563359324,-0.022861293753336374,0.8697317033870116,0.7053825691881472,0.00490646142896746,0.00397931034928317,55.02875346005763,5.745039151684812,0.6270929125559888,-0.1476086657153995,0.755420158785659,0.5845632578067415,0.004261589933208431,0.0032977262597774708,147.14998917877304,44.76073939665328,2542.8973816739726,True,True,True,True,True,True,False,False,False,False,AA06_dcr,AA06,dcr,False,0.9217070630809283,0.504706962167925,False,False
F51,7557,-0.014789095132598719,-0.024860839507673115,0.6047086051556175,0.47992548858793926,0.006956190030983577,0.005520763010262138,2.1260338010788358,4.503152818090749,0.40364485530973604,-0.027047682998645354,0.49651554488337624,0.43137319655217066,0.005711604654042081,0.004962247773400737,70.6710074942036,5.4506917497408605,1799.3189798139633,False,True,True,True,True,True,True,False,False,False,AA06_dcr,AA06,dcr,False,-0.6047175989120075,0.669242158672521,False,False
F52,4365,-0.03879444859790514,0.008125682089512394,0.7118934213308113,0.5250091952823529,0.010775138362002369,0.007946479839518125,3.600366630530754,1.022551148887724,0.46283043533021734,-0.097532062267755,0.631779136217439,0.40134478505220944,0.009562537597613016,0.006074709303706396,48.400378101075205,16.055428727798912,1906.940637333893,True,False,True,True,True,True,False,False,True,False,AA06_dcr,AA06,dcr,False,0.09563915482244655,0.29004596929087567,False,False
G96,11617,0.1253874389844593,-0.01054696481619143,0.6488828336850893,0.5642761392903594,0.006020316038521856,0.005235337591275542,20.827384838628035,2.0145720562065526,0.49363397730524994,-0.07887240483761332,0.6017461012991409,0.3785179802157278,0.005582982807844408,0.0035118787997827864,88.41760655462993,22.458749101048607,1802.8287117442244,True,False,True,True,True,True,False,False,True,False,AA06_dcr,AA06,dcr,False,-0.3660823379739829,0.5110678828789162,False,False
T09,9,-0.23898510045092924,0.22887912727682647,0.1949285482694095,0.3552288658691421,0.06497618275646984,0.1184096219563807,3.6780415578834984,1.932943653524543,0.3025926191929982,-0.13366533781222711,0.18756234460994464,0.35928362411439596,0.06252078153664821,0.11976120803813199,4.839872627241959,1.1160987769066928,901.1708485849505,True,False,True,False,True,False,False,False,False,False,AA06_dcr,AA06,dcr,False,0.0,0.0,False,False
V00,459,0.19221194481133877,0.015044404067315342,0.7183339962071144,0.4303337156690196,0.03352895961896914,0.02008625771790335,5.732714256442187,0.7489898954102293,0.5105268869941522,-0.08289355013437229,0.5443998147593561,0.4171084770695541,0.02541040727853547,0.019468956443991683,20.091251643392646,4.257729497358554,1726.9049535973586,True,False,True,True,True,True,False,False,True,False,AA06_dcr,AA06,dcr,False,-0.02577727259865775,0.010209901873042848,False,False
W68,12957,0.21573917739269213,0.11129386062175516,1.1354619012985623,0.8443706978348299,0.009975170723938397,0.007417899143565121,21.627617547934456,15.003420573370878,0.6758979063491494,0.2055306822337843,1.0761143553582098,0.6356322844369529,0.009453795324090322,0.005584106827058015,71.49487408795649,36.80636646094897,20366.87226506025,True,True,True,True,True,True,False,False,False,False,AA06_dcr,AA06,dcr,True,0.731836838699697,0.9878334892304632,False,False
W84,137,-0.2150519544395541,0.05150912236073001,0.5001228505623838,0.2823400640333269,0.04272837871771079,0.024121939578711345,5.0330005699564655,2.135364040385419,0.41526769388291124,0.06626449943343192,0.34710308067497353,0.28368962208627413,0.02965501749917423,0.024237240104418224,14.003286084537793,2.7339952547382866,1288.9081084365298,True,False,True,False,True,True,False,False,False,False,AA06_dcr,AA06,dcr,False,-0.33782461668412445,-0.5448529019613108,False,False
691,1893,-0.05233607957663239,-0.030524386105214015,0.6949699269129652,0.542879948566124,0.015973154964205375,0.012477526306677903,3.2765023374476465,2.446349168494843,0.3505039627158639,0.016228048432356184,0.6457584307357778,0.4909733599199102,0.01484208033202628,0.011284507800406523,23.615554886840595,1.4380820784909707,1519.620772395072,True,False,True,False,True,False,False,False,False,False,AA06_epoch,AA06,epoch,False,-0.36830209312447215,-0.004866505483757393,False,False
703,31422,0.27291173308585054,-0.030414240948110776,0.8718243024398377,0.6995064319783749,0.0049182665137987944,0.003946160999364349,55.48941528893636,7.707298549909629,0.6224333411361667,-0.14959561069360233,0.7579367792489312,0.5835338791638641,0.0042757870714595836,0.003291919173997555,145.57164113499522,45.44328180206816,2542.8973816739726,True,True,True,True,True,True,False,False,False,False,AA06_epoch,AA06,epoch,False,0.14448494270604448,0.07652923512789067,False,False
F51,7557,-0.025067577229945157,-0.017464760485482064,0.6004361333009673,0.48165597911398417,0.006907042183789758,0.005540669492232718,3.629278142933112,3.1521029200469974,0.4052603254669084,-0.029928345104524978,0.49072919221006706,0.43236110581901316,0.0056450420676349145,0.0049736120644575145,71.79048811529921,6.017426513498966,1799.3189798139633,True,True,True,True,True,True,False,False,False,False,AA06_epoch,AA06,epoch,False,-0.40545025959319386,0.25744777724192397,False,False
F52,4365,-0.0444708627648565,0.0054185439472940735,0.7104560172741737,0.5230876411165993,0.010753381976666738,0.007917395412853006,4.135523397322977,0.6843846574212618,0.45836453300121244,-0.09812981496223422,0.6331372468512684,0.39966896533801605,0.009583093806663329,0.006049344285925435,47.83053805468353,16.22156225932547,1906.940637333893,True,False,True,True,True,True,False,False,True,False,AA06_epoch,AA06,epoch,False,-0.23358437447402078,0.22072202748165098,False,False
G96,11617,0.11387855375741471,-0.009323299385869802,0.6493921835471124,0.5651451730039021,0.00602504177171184,0.005243400460767628,18.90087373204376,1.7781017215123947,0.49631895874357534,-0.07963083713472524,0.6008086863630516,0.37481894108871733,0.005574285499360474,0.0034775592224609605,89.0372333459628,22.89848483971266,1802.8287117442244,True,False,True,True,True,True,False,False,True,False,AA06_epoch,AA06,epoch,False,-0.024636062727413914,0.3601227446733602,False,False
T09,9,-0.23898510045092924,0.22887912727682647,0.1949285482694095,0.3552288658691421,0.06497618275646984,0.1184096219563807,3.6780415578834984,1.932943653524543,0.3025926191929982,-0.13366533781222711,0.18756234460994464,0.35928362411439596,0.06252078153664821,0.11976120803813199,4.839872627241959,1.1160987769066928,901.1708485849505,True,False,True,False,True,False,False,False,False,False,AA06_epoch,AA06,epoch,False,0.0,0.0,False,False
V00,459,0.188475081634288,0.016741892608145858,0.7211256762241696,0.4347701091015324,0.03365926408326452,0.02029333083018536,5.5995009625893255,0.8249948097846556,0.5085582485361103,-0.0837258116170389,0.5497406561198273,0.42010988192930915,0.025659696404836167,0.019609050025632343,19.81934004644968,4.269753583554283,1726.9049535973586,True,False,True,True,True,True,False,False,True,False,AA06_epoch,AA06,epoch,False,-0.08015332277432623,-0.02014890033220525,False,False
W68,12957,0.4432511338349423,0.1384999161650817,1.1281394918135537,0.8170578924566804,0.00991084246718226,0.00717795283071644,44.72386028762725,19.295183380476168,0.6614885881154697,0.20960121281481336,1.1183986020859824,0.650845860497508,0.009825267567729924,0.005717759940695825,67.32524926731367,36.65792460487697,20366.87226506025,True,True,True,True,True,True,False,False,False,False,AA06_epoch,AA06,epoch,True,-0.3491404141241287,1.4925218228088768,False,False
W84,137,-0.19107763097779878,-0.050363995039996126,0.5190262376367427,0.3726730901820132,0.044343404068087046,0.031839610842197205,4.30904291164496,1.5818030970795804,0.35664469631017315,0.14677107134081377,0.4329834081122478,0.3321178977364461,0.03699226903850004,0.028374746919592485,9.641060296652578,5.172594904783795,1288.9081084365298,True,False,True,True,True,True,False,False,True,False,AA06_epoch,AA06,epoch,False,-1.555006028450433,1.7815590181693937,False,False
691,1893,-0.034918735961508324,-0.019355850185032938,0.670875888983624,0.5006275742984982,0.015419378769502485,0.01150639979364979,2.264600700423354,1.6821812671340641,0.36208739220760744,0.01537308610168778,0.5870153160560319,0.47558650262695734,0.01349193144424976,0.010930857021524359,26.837328198990257,1.4063934851051534,1519.620772395072,False,False,True,False,True,False,True,False,False,False,AA06_mag_dep,AA06,mag_dep,False,0.21697125111399848,-0.060190110512313086,False,False
703,31422,0.2832698361393622,-0.01819871474903378,0.8542844369175425,0.7051282103364803,0.004819317983672461,0.00397787542183375,58.777992466789314,4.574983582729799,0.6266655435284849,-0.1507236563599394,0.7473029158416699,0.577651327684455,0.004215797720208558,0.003258733638935149,148.646966747134,46.25221729051507,2542.8973816739726,True,True,True,True,True,True,False,False,False,False,AA06_mag_dep,AA06,mag_dep,False,0.8550710215065124,-0.1676647856752094,False,False
F51,7557,-0.018517264180616392,-0.023507359777679038,0.6021854120907337,0.47777233143848824,0.006927164794209123,0.005495994435496614,2.6731375289492467,4.2771804181339075,0.4078809003477393,-0.030960533247423868,0.48920414554548286,0.4296231812875773,0.0056274988835053694,0.004942116691035041,72.47996113215935,6.2646301540362295,1799.3189798139633,False,True,True,True,True,True,True,False,False,False,AA06_mag_dep,AA06,mag_dep,False,-0.07649395658041316,0.11052284232336346,False,False
F52,4365,-0.03582950879182436,0.010091040662836061,0.7131992695563303,0.5240654156526531,0.010794903533147564,0.007932194897715678,3.3191133836262487,1.2721624711644555,0.4605951907134547,-0.09896881178031923,0.6356586114828713,0.3982815271569987,0.009621256896744696,0.006028344178435694,47.87266317244838,16.417246403140975,1906.940637333893,True,False,True,True,True,True,False,False,True,False,AA06_mag_dep,AA06,mag_dep,False,-0.0690554628775462,0.1227773565850949,False,False
G96,11617,0.12694675355077137,-0.007649973426249675,0.6472315154645281,0.5634061175076092,0.006004995156150089,0.005227265554506118,21.140192498033457,1.4634751853490748,0.49946243328457424,-0.08030426910521124,0.5956371210328902,0.3765546066321794,0.005526303866798834,0.0034936626768388053,90.37911148629848,22.9856962544173,1802.8287117442244,True,False,True,True,True,True,False,False,True,False,AA06_mag_dep,AA06,mag_dep,False,0.3770833090932933,0.22335949509597908,False,False
T09,9,-0.23898510045092924,0.22887912727682647,0.1949285482694095,0.3552288658691421,0.06497618275646984,0.1184096219563807,3.6780415578834984,1.932943653524543,0.3025926191929982,-0.13366533781222711,0.18756234460994464,0.35928362411439596,0.06252078153664821,0.11976120803813199,4.839872627241959,1.1160987769066928,901.1708485849505,True,False,True,False,True,False,False,False,False,False,AA06_mag_dep,AA06,mag_dep,False,0.0,0.0,False,False
V00,459,0.20146264713829318,0.02166070550901312,0.7098463217746591,0.4252025168514003,0.033132788903386445,0.019846753867520002,6.0804614946767135,1.0913979008154941,0.5078600437239729,-0.07791413285499996,0.5461413654883179,0.40371497133901163,0.025491695905238462,0.01884380113299856,19.922567945728918,4.134735465795149,1726.9049535973586,True,False,True,True,True,True,False,False,True,False,AA06_mag_dep,AA06,mag_dep,False,-0.09981251160640886,0.1954418473571278,False,False
W68,12957,0.1343890700832129,-0.03504483956538454,1.1289582266864766,0.8151479777406387,0.00991803515249007,0.007161173997944605,13.549969123619464,4.89372825956234,0.6625081319853674,0.20035862578322322,1.04752691781621,0.617974701377934,0.009202651212856607,0.005428982815072763,71.99100744574643,36.90537115478747,20366.87226506025,True,True,True,True,True,True,False,False,False,False,AA06_mag_dep,AA06,mag_dep,True,-0.2830184700016746,0.3277126033940162,False,False
W84,137,-0.197080507020274,0.02375180586217391,0.4923753268531639,0.2748807357983346,0.04206646309677937,0.023484646158812496,4.684979256916957,1.0113759305358392,0.4291776388270096,0.09651980144292914,0.32750556788607893,0.2355742320866931,0.0279806889868348,0.020126464914401173,15.338351354712604,4.795665898280324,1288.9081084365298,True,False,True,True,True,True,False,False,True,False,AA06_mag_dep,AA06,mag_dep,False,0.0011846523653417794,0.4371007642134314,False,False
691,1893,-0.037061499647581535,-0.025613149795744992,0.6789643854819126,0.5037028187777579,0.01560528437921497,0.011577081063036837,2.374932666843584,2.212401351971383,0.35400188665528726,0.020951199417983325,0.5952615148265935,0.48627996512747534,0.013681461675310128,0.011176635043004252,25.874566260279558,1.8745534176762109,1519.620772395072,False,False,True,False,True,False,True,False,False,False,AA06_seasonal,AA06,seasonal,False,-0.20318317121901056,0.29689758857196624,False,False
703,31422,0.2707424633180476,-0.0265176104439766,0.8613087117593241,0.6990464923634234,0.004858944380460635,0.003943566318761554,55.72042857843555,6.724271459013841,0.6210130288474112,-0.1471078534586704,0.7544454321712271,0.572736362154159,0.004256091158679603,0.003231006595405299,145.91159016435924,45.53003812120573,2542.8973816739726,True,True,True,True,True,True,False,False,False,False,AA06_seasonal,AA06,seasonal,False,-0.09216747557728032,0.6189409597536665,False,False
F51,7557,-0.020385309885011197,-0.01858805190273807,0.5980222822814607,0.4798308732903561,0.006879274749599119,0.005519674614985115,2.963293461450878,3.3675992154092214,0.40432092385509,-0.031206217473041628,0.48790473228904885,0.4307698656671202,0.005612551245149523,0.004955307431801179,72.03870507276206,6.297534088959369,1799.3189798139633,False,True,True,True,True,True,True,False,False,False,AA06_seasonal,AA06,seasonal,False,-0.5249305492906122,0.07525504744963388,False,False
F52,4365,-0.026736580375355933,0.028726499844756073,0.7076924311127399,0.5300277715571805,0.010711552648887452,0.008022440442778708,2.49605087625956,3.5807682275302954,0.4444949553118633,-0.10741393289868657,0.6426106712026406,0.40148289406036936,0.00972648248689186,0.006076799706043841,45.6994556779286,17.676069328376123,1906.940637333893,False,True,True,True,True,True,True,False,False,False,AA06_seasonal,AA06,seasonal,False,-1.2463869428976626,-0.8635030324809877,False,False
G96,11617,0.12388228980900327,-0.004309981212941375,0.6502301148335302,0.5639467051098497,0.006032816073790618,0.0052322811105403435,20.534736728872947,0.8237289094156255,0.4931875707465957,-0.07730964996322687,0.6008720987960264,0.3819977928776029,0.005574873838067344,0.0035441644003439275,88.4661402342282,21.813223437300113,1802.8287117442244,True,False,True,True,True,True,False,False,True,False,AA06_seasonal,AA06,seasonal,False,-0.4231643466823356,0.8219215067919609,False,False
T09,9,-0.23898510045092924,0.22887912727682647,0.1949285482694095,0.3552288658691421,0.06497618275646984,0.1184096219563807,3.6780415578834984,1.932943653524543,0.3025926191929982,-0.13366533781222711,0.18756234460994464,0.35928362411439596,0.06252078153664821,0.11976120803813199,4.839872627241959,1.1160987769066928,901.1708485849505,True,False,True,False,True,False,False,False,False,False,AA06_seasonal,AA06,seasonal,False,0.0,0.0,False,False
V00,459,0.21040788983912612,0.021678998756498122,0.7087251825226697,0.4306479122117091,0.03308045860452035,0.020100923156609968,6.3604889023628735,1.0785076181622644,0.4970067432899203,-0.07795388312123162,0.5599291506468242,0.4067215119148944,0.026135254603915574,0.018984134429339584,19.01671710576942,4.106264808194548,1726.9049535973586,True,False,True,True,True,True,False,False,True,False,AA06_seasonal,AA06,seasonal,False,-0.3962360818464749,0.19325724194957059,False,False
W68,12957,0.2222331186827915,-0.0018393805455146673,1.1233927100949161,0.8252939151323231,0.009869141413207196,0.007250307290326055,22.517978958675386,0.2536969085391618,0.640188601105771,0.15989060155673432,1.071876119019101,0.6388720619112903,0.009416561903045847,0.005612568665695777,67.98538656648113,28.487954639021428,20366.87226506025,True,False,True,True,True,True,False,False,True,False,AA06_seasonal,AA06,seasonal,True,-1.9684862493269748,-4.865620194148731,False,True
W84,137,-0.20240357533266604,0.044847663549322875,0.4997994411764842,0.2842696207621203,0.04270074798916871,0.024286792735435703,4.740047536966024,1.846586498178814,0.4308269848455828,0.09842879303472779,0.33488311966770695,0.2549909511424468,0.028610995772818386,0.021785347175702987,15.058091241091512,4.518119093576098,1288.9081084365298,True,False,True,True,True,True,False,False,True,False,AA06_seasonal,AA06,seasonal,False,0.04211115069560634,0.48319967515429885,False,False
691,1893,-0.05261935927637929,-0.02127719580315075,0.6607971880203727,0.4910610163478134,0.01518773039726427,0.011286522491477727,3.464596611871481,1.885186142960936,0.369256641156927,0.0154292816286842,0.5712915361259202,0.4667540475802087,0.013130536851878875,0.010727852304755137,28.12197591936916,1.4382451575927409,1519.620772395072,True,False,True,False,True,False,False,False,False,False,AA06_step,AA06,step,False,0.5986510003170538,-0.057085377599325464,False,False
703,31422,0.262538562579571,-0.022518960391346723,0.8763995389990725,0.7044433873866863,0.004944077027108666,0.003974012095504779,53.101632749663196,5.666555574105862,0.6180605317903715,-0.15367009186615527,0.7626257171591212,0.5886664901627583,0.004302239013948948,0.003320874031912816,143.660203393271,46.27399003678608,2542.8973816739726,True,True,True,True,True,True,False,False,False,False,AA06_step,AA06,step,False,-0.5816252687218683,-0.7988730651474836,False,False
F51,7557,-0.034739396750829696,-0.017894602445042773,0.5975058699973612,0.4798695018066723,0.006873334265286669,0.005520118973305502,5.054227745954212,3.241705936335518,0.41298931062399113,-0.03603454035548516,0.48012021423123036,0.43113071813950493,0.005523003012417043,0.004959458453218201,74.77622403889542,7.265821600360879,1799.3189798139633,True,True,True,True,True,True,False,False,False,False,AA06_step,AA06,step,False,0.5712804150735371,-0.6146895890860103,False,False
F52,4365,-0.04485902339432623,0.016750996081451013,0.7110745688267529,0.5215269936112862,0.01076274430305348,0.007893773628608073,4.167991186188392,2.122051742241911,0.46082432721825567,-0.10292309691006313,0.6319658865914692,0.39689634107169064,0.009565364230166481,0.00600737815841206,48.176349183332164,17.132781422448183,1906.940637333893,True,False,True,True,True,True,False,False,True,False,AA06_step,AA06,step,False,-0.052354500138875396,-0.34124911978428013,False,False
G96,11617,0.10545158731262623,0.004569169787227687,0.6506756052790743,0.57118426283753,0.006036949321173795,0.005299430960414208,17.46769464218771,0.8622000779628153,0.5001505696461985,-0.08355711228979526,0.599666749920738,0.37949617752251597,0.005563690646296493,0.003520954485914674,89.89546713549342,23.7313809718528,1802.8287117442244,True,False,True,True,True,True,False,False,True,False,AA06_step,AA06,step,False,0.4634795276328567,-0.4315777967874439,False,False
T09,9,-0.23898510045092924,0.22887912727682647,0.1949285482694095,0.3552288658691421,0.06497618275646984,0.1184096219563807,3.6780415578834984,1.932943653524543,0.3025926191929982,-0.13366533781222711,0.18756234460994464,0.35928362411439596,0.06252078153664821,0.11976120803813199,4.839872627241959,1.1160987769066928,901.1708485849505,True,False,True,False,True,False,False,False,False,False,AA06_step,AA06,step,False,0.0,0.0,False,False
V00,459,0.18841850965626528,0.02540632652621667,0.7233157363614415,0.4306430934545482,0.03376148733636604,0.02010069823628723,5.580871120370076,1.263952437251724,0.5076602417781892,-0.08129569695902317,0.5555724824563892,0.4138831216250953,0.02593190274725609,0.019318409744232115,19.576667656287036,4.208198192053338,1726.9049535973586,True,False,True,True,True,True,False,False,True,False,AA06_step,AA06,step,False,-0.10445414367964106,0.06890640440240735,False,False
W68,12957,0.5039399842405655,-0.16684468520864973,1.1342914216829505,0.8160293096387224,0.009964887918340723,0.007168916605721919,50.57156571857135,23.27334719941944,0.6750509490828657,0.19684017821566188,1.126384802556714,0.6863778435497176,0.009895427308924268,0.006029912727769109,68.21847384741694,32.643951430535374,20366.87226506025,True,True,True,True,True,True,False,False,False,False,AA06_step,AA06,step,True,0.6521850569521026,-0.12398692029870817,False,False
W84,137,-0.21791890790036086,0.042975396209128366,0.5007773318176026,0.2731818622364206,0.042784294824933615,0.023339501595101116,5.093432269762763,1.8413159353046664,0.43636407952720535,0.08719214603326192,0.3395939282136111,0.2455777787252595,0.029013467308341465,0.02098112558189977,15.040052775827634,4.155742059352707,1288.9081084365298,True,False,True,True,True,True,False,False,True,False,AA06_step,AA06,step,False,0.17828207891945047,0.11487849611751051,False,False
691,1893,-0.01697123259188974,-0.014115017452384136,0.7854268122808229,0.507065825739979,0.018052211613430867,0.011654376251321995,0.9401193025713882,1.2111345256064667,0.34813477674649795,0.04081064820663921,0.6089393096483647,0.6169637562179446,0.013995831445563682,0.014180264934833122,24.87417615027421,2.877989120385887,1519.620772395072,False,False,True,False,True,True,True,False,False,False,AA06_timing,AA06,timing,False,-0.5011588714333147,1.3675764211336605,False,False
703,31422,0.31721787960888864,-0.011067722097522032,0.9835444814817379,0.7072532919306038,0.005548519208016735,0.003989863752067512,57.17162863031254,2.773959910733001,0.6357902595136893,-0.12637727201945426,0.8050914221207748,0.7070599761513833,0.00454180294226944,0.003988773189988813,139.98631547761488,31.683243443533247,2542.8973816739726,True,False,True,True,True,True,False,False,True,False,AA06_timing,AA06,timing,False,2.2945921948155665,4.573860423846668,False,True
F51,7557,-0.014901937212393947,-0.025652213452072838,0.6115044517935065,0.4800463965922324,0.007034365205326286,0.005522153860412044,2.1184480443395923,4.645327548001127,0.4110785999546061,-0.028869755234713718,0.49509645152022796,0.43560919416991023,0.005695280290503007,0.005010976043758668,72.17881807153334,5.7613037824580955,1799.3189798139633,False,True,True,True,True,True,True,False,False,False,AA06_timing,AA06,timing,False,0.32372197205815434,0.40694924281361927,False,False
F52,4365,-0.00865791283526481,0.007859752717470324,0.8093200968140536,0.5279027974402781,0.012249777510260507,0.007990277074724971,0.7067812315785227,0.9836646018612389,0.47081039555487225,-0.10189308978829087,0.7150160959773354,0.4364302107704477,0.010822402812505245,0.006605758341773144,43.50331471776791,15.42488909168002,1906.940637333893,False,False,True,True,True,True,True,False,True,False,AA06_timing,AA06,timing,False,0.6410261076657897,-0.20968765574483422,False,False
G96,11617,0.1404908704852869,-0.00367238377011856,0.7272799191912258,0.5663738015971382,0.006747681915294332,0.005254799641083802,20.820612507956184,0.698862758040596,0.5118615570229174,-0.07417019499538545,0.6498796323584135,0.423790276682377,0.006029564307590882,0.00393191384828456,84.89196414714617,18.863636859120117,1802.8287117442244,True,False,True,True,True,True,False,False,True,False,AA06_timing,AA06,timing,False,1.8749810136405647,1.3733588777549917,False,False
T09,9,-0.23898510045092924,0.22887912727682647,0.1949285482694095,0.3552288658691421,0.06497618275646984,0.1184096219563807,3.6780415578834984,1.932943653524543,0.3025926191929982,-0.13366533781222711,0.18756234460994464,0.35928362411439596,0.06252078153664821,0.11976120803813199,4.839872627241959,1.1160987769066928,901.1708485849505,True,False,True,False,True,False,False,False,False,False,AA06_timing,AA06,timing,False,0.0,0.0,False,False
V00,459,0.1928433524872915,0.02245902884665943,0.7185828316747347,0.42642654095005916,0.03354057426395276,0.019903886419777413,5.749554285197409,1.1283740458015832,0.5108984005218334,-0.0838258946923019,0.5449260601059717,0.4127984137094789,0.02543497030780808,0.019267779914524608,20.086455550726427,4.3505736034026175,1726.9049535973586,True,False,True,True,True,True,False,False,True,False,AA06_timing,AA06,timing,False,-0.015433839101033575,-0.024007542614174104,False,False
W68,12957,0.3038636771191625,-0.011723178372167941,12.512090251259162,0.8359066082308014,0.10992023266205334,0.007343541088287056,2.764401691664744,1.5963931067079347,0.5759486541351477,0.20597826308872588,12.512309142847487,0.6415350002211263,0.10992215565124486,0.005635962902206532,5.239604797803337,36.547128975615415,20366.87226506025,False,False,True,True,True,True,True,False,True,False,AA06_timing,AA06,timing,True,-0.818194109969918,1.0403741034368172,False,False
W84,137,-0.21052680417334066,0.04466695470087717,0.49318802210892193,0.27583252296349464,0.042135896338294065,0.023565962824119595,4.996376545145643,1.8954012205756712,0.4284939116749212,0.083013301559199,0.3328582685417134,0.2515584462652068,0.028438001066295487,0.021492088493000973,15.067652282451352,3.86250510676209,1288.9081084365298,True,False,True,True,True,True,False,False,True,False,AA06_timing,AA06,timing,False,-0.01584797023131835,-0.025247242489852852,False,False
691,1893,2.820569516094621,-1.2118795606257593,32.94704330417291,14.705889088722767,0.7572532392122434,0.3379994388303991,3.7247374722738824,3.585448439853341,1.3539538976228995,2.054562701940953,17.99478465259308,31.3261369667409,0.4135912543441188,0.719998406869683,3.273652146658726,2.8535656222817467,1519.620772395072,True,True,True,False,False,False,False,False,False,True,AA06_trailing,AA06,trailing,False,2.4069351856535124,2.83059265220256,False,False
703,31422,10.775506632750085,1.271450361177885,145.6616532770322,21.905328839319147,0.8217284487850521,0.12357563903950587,13.113220856211033,10.28884310095629,8.518938974859038,5.699609387791825,108.20337451502627,100.00930493980259,0.6104131670429175,0.5641875480841695,13.956020994973198,10.102331054888005,2542.8973816739726,True,True,True,True,True,False,False,False,False,False,AA06_trailing,AA06,trailing,False,12.937441942824366,10.367938645436348,True,True
F51,7557,0.08678837737713233,0.8240536464992855,22.861575891015942,11.652922968061043,0.26298528737611476,0.1340479462192961,0.3300122917256958,6.147454472380894,0.9769375627307679,-0.09345971513109604,24.144388838016987,8.672564579591512,0.2777419661424917,0.09976376515444288,3.517428699376181,0.9368102234955985,1799.3189798139633,False,True,True,False,True,False,True,False,False,True,AA06_trailing,AA06,trailing,False,2.046259900115574,-0.6179756763846007,False,False
F52,4365,8.061435881410079,2.5342390179435625,120.47633357762241,21.363748980284814,1.8235161679382814,0.3233592898826424,4.420819526116165,7.837223476286456,5.463272387913382,0.12601629821668583,95.95218855264028,76.19507625480696,1.4523214807335527,1.1532800620829844,3.7617514168790915,0.10926773327641064,1906.940637333893,True,True,True,False,False,False,False,False,False,True,AA06_trailing,AA06,trailing,False,3.4438855011132796,0.1959884894941103,True,False
G96,11617,5.925383104143766,1.0189399655926912,101.55836504235587,15.028966907718047,0.9422555539622719,0.13943831739715865,6.2885096078521165,7.307460277869462,5.294139836805512,2.2267369275362414,81.84038919074729,62.01035764569386,0.7593127481055268,0.575330292787534,6.972278353042678,3.8703627385018677,1802.8287117442244,True,True,True,True,True,False,False,False,False,False,AA06_trailing,AA06,trailing,False,6.3182131110347175,4.011790664524284,True,True
T09,9,-0.23898510045092924,0.22887912727682647,0.1949285482694095,0.3552288658691421,0.06497618275646984,0.1184096219563807,3.6780415578834984,1.932943653524543,0.3025926191929982,-0.13366533781222711,0.18756234460994464,0.35928362411439596,0.06252078153664821,0.11976120803813199,4.839872627241959,1.1160987769066928,901.1708485849505,True,False,True,False,True,False,False,False,False,False,AA06_trailing,AA06,trailing,False,0.0,0.0,False,False
V00,459,0.3706053541910996,0.06924915697364604,0.9105410834092961,1.1201425798528333,0.042500418159577474,0.052283778194655905,8.720040184065427,1.3244864729520298,0.3531599281923351,-0.053292417800236996,1.0041845439673949,1.0440457178457878,0.04687132058687642,0.04873188085047279,7.534669895586791,1.0935842588090865,1726.9049535973586,True,False,True,False,False,False,False,False,False,False,AA06_trailing,AA06,trailing,False,-2.968660891678325,0.5704537270245749,False,False
W68,12957,41.1264070491569,-0.09181411722934817,4488.0889627751385,8.57818091853142,39.42840669220637,0.07536036133429178,1.043065406375809,1.2183343551402177,-32.82525012622569,2.564658100999478,4487.826612897961,55.097891806243794,39.42610191666855,0.48404167208764126,0.8325766061175793,5.298424183063142,20366.87226506025,False,False,False,True,False,True,False,False,True,False,AA06_trailing,AA06,trailing,True,-0.8494741665623792,4.8893820448451875,False,True
W84,137,-0.47908270665418756,0.4522141003996253,1.0802135649449485,1.8371710324911554,0.09228887311802383,0.15696011401442267,5.1911209929014035,2.881076528512667,0.20069350749068127,0.10092385924907937,1.228626219787769,1.8490297282743062,0.10496862193472767,0.15797327076970952,1.9119380991347865,0.6388666814160244,1288.9081084365298,True,False,False,False,False,False,False,True,False,False,AA06_trailing,AA06,trailing,False,-2.1008957008811104,0.10760776010536473,False,False
691,1893,-0.04162937351777051,-0.025096912702431647,0.6726279545049784,0.5027214343180575,0.015459648158142577,0.011554524970395694,2.6927762580317443,2.172041928745097,0.3579260083004881,0.016304587716328763,0.5930883086075542,0.47665805926306076,0.0136315128093785,0.010955485627077743,26.25724769551876,1.4882578711098027,1519.620772395072,False,False,True,False,True,False,True,False,False,False,AA07_clean,AA07,clean,False,0.0,0.0,False,False
703,31422,0.27407254165781364,-0.019189290373710345,0.8566451003751722,0.7025954742309951,0.004832635313783031,0.003963587369595431,56.71285413905299,4.8413945712187045,0.6215654006339794,-0.1499503699860559,0.7479409392105024,0.5785415258336487,0.004219397033695425,0.0032637555587595587,147.31142759741695,45.94411783799363,2542.8973816739726,True,True,True,True,True,True,False,False,False,False,AA07_clean,AA07,clean,False,0.0,0.0,False,False
F51,7557,-0.02058349690075477,-0.023375197972438432,0.601211112094698,0.4782161492959624,0.006915957055701968,0.005501099838875056,2.976232607428409,4.249186282214163,0.4084891049844698,-0.03173266496117147,0.4882853946365146,0.429249943529635,0.005616930146994207,0.004937823197030078,72.72461901686012,6.4264481928509545,1799.3189798139633,False,True,True,True,True,True,True,False,False,False,AA07_clean,AA07,clean,False,0.0,0.0,False,False
F52,4365,-0.039398638628321714,0.010683068746737183,0.7125718352646283,0.5250125774750637,0.010785406758625452,0.007946531032004715,3.6529580673267885,1.344368845186792,0.46153407908628485,-0.10001641741624845,0.6346899956106602,0.398953763247704,0.009606596036382769,0.006038519067923702,48.04345653115119,16.563070562703103,1906.940637333893,True,False,True,True,True,True,False,False,True,False,AA07_clean,AA07,clean,False,0.0,0.0,False,False
G96,11617,0.12123263743502899,-0.006844909437192077,0.648100034515287,0.5637940825373056,0.006013053250615852,0.005230865082755928,20.161577219129473,1.3085616487714447,0.4965125227202397,-0.08141077875286626,0.5967940703921042,0.37855718288740486,0.005537038009268711,0.0035122425210292094,89.67114220438867,23.179145023564622,1802.8287117442244,True,False,True,True,True,True,False,False,True,False,AA07_clean,AA07,clean,False,0.0,0.0,False,False
T09,9,-0.23898510045092924,0.22887912727682647,0.1949285482694095,0.3552288658691421,0.06497618275646984,0.1184096219563807,3.6780415578834984,1.932943653524543,0.3025926191929982,-0.13366533781222711,0.18756234460994464,0.35928362411439596,0.06252078153664821,0.11976120803813199,4.839872627241959,1.1160987769066928,901.1708485849505,True,False,True,False,True,False,False,False,False,False,AA07_clean,AA07,clean,True,0.0,0.0,False,False
V00,459,0.19315805534776456,0.022035153868769346,0.7180887670340801,0.42603164258803167,0.03351751330140172,0.019885454142725335,5.762899341929599,1.1081041303163013,0.511453418364026,-0.08317276915305565,0.5446418453329644,0.4114720468382882,0.025421704298267126,0.019205870410729846,20.118769865436963,4.330590979442883,1726.9049535973586,True,False,True,True,True,True,False,False,True,False,AA07_clean,AA07,clean,False,0.0,0.0,False,False
W68,12957,0.1932509656030077,-0.011500083834932461,1.1281391207783844,0.8170578924567266,0.009910839207593228,0.007177952830716845,19.49895075030051,1.6021397891777418,0.666205866873658,0.1978452208072221,1.055694253504235,0.6166538190464781,0.009274402248936804,0.0054173787033474485,71.83275525385264,36.5204708109056,20366.87226506025,True,False,True,True,True,True,False,False,True,False,AA07_clean,AA07,clean,False,0.0,0.0,False,False
W84,137,-0.20900682791558817,0.04128092822110353,0.49195201887828566,0.2757757410119605,0.04203029745578839,0.023561111614608266,4.972765851477548,1.7520789721784051,0.42913043972116444,0.08377372962940242,0.33198427658405055,0.24698289727004402,0.028363330894114275,0.02110117296077342,15.129761780208053,3.9700982398057114,1288.9081084365298,True,False,True,True,True,True,False,False,True,False,AA07_clean,AA07,clean,False,0.0,0.0,False,False
691,1893,-0.04162937351777051,-0.025096912702431647,0.6726279545049784,0.5027214343180575,0.015459648158142577,0.011554524970395694,2.6927762580317443,2.172041928745097,0.3579260083004881,0.016304587716328763,0.5930883086075542,0.47665805926306076,0.0136315128093785,0.010955485627077743,26.25724769551876,1.4882578711098027,1519.620772395072,False,False,True,False,True,False,True,False,False,False,AA07_constant,AA07,constant,False,0.0,0.0,False,False
703,31422,0.27407254165781364,-0.019189290373710345,0.8566451003751722,0.7025954742309951,0.004832635313783031,0.003963587369595431,56.71285413905299,4.8413945712187045,0.6215654006339794,-0.1499503699860559,0.7479409392105024,0.5785415258336487,0.004219397033695425,0.0032637555587595587,147.31142759741695,45.94411783799363,2542.8973816739726,True,True,True,True,True,True,False,False,False,False,AA07_constant,AA07,constant,False,0.0,0.0,False,False
F51,7557,-0.02058349690075477,-0.023375197972438432,0.601211112094698,0.4782161492959624,0.006915957055701968,0.005501099838875056,2.976232607428409,4.249186282214163,0.4084891049844698,-0.03173266496117147,0.4882853946365146,0.429249943529635,0.005616930146994207,0.004937823197030078,72.72461901686012,6.4264481928509545,1799.3189798139633,False,True,True,True,True,True,True,False,False,False,AA07_constant,AA07,constant,False,0.0,0.0,False,False
F52,4365,-0.039398638628321714,0.010683068746737183,0.7125718352646283,0.5250125774750637,0.010785406758625452,0.007946531032004715,3.6529580673267885,1.344368845186792,0.46153407908628485,-0.10001641741624845,0.6346899956106602,0.398953763247704,0.009606596036382769,0.006038519067923702,48.04345653115119,16.563070562703103,1906.940637333893,True,False,True,True,True,True,False,False,True,False,AA07_constant,AA07,constant,False,0.0,0.0,False,False
G96,11617,0.12123263758381195,-0.006844908700201648,0.6481000346369816,0.5637940825565281,0.006013053251744931,0.005230865082934274,20.161577240087034,1.3085615078341821,0.4965125228297383,-0.08141077917377021,0.5967940704556797,0.37855718282432094,0.005537038009858562,0.0035122425204439185,89.67114221461182,23.179145147266357,1802.8287117442244,True,False,True,True,True,True,False,False,True,False,AA07_constant,AA07,constant,False,1.3983502750567242e-08,-8.473903380178462e-08,False,False
T09,9,0.2610149047790617,0.22887912727682647,0.19492855334602452,0.3552288658691421,0.06497618444867484,0.1184096219563807,4.01708575216877,1.932943653524543,-0.16755957044749017,-0.3038290481692429,0.18778567071662686,0.35925357631774163,0.06259522357220895,0.11975119210591388,2.6768747020161348,2.5371692993295754,901.1708485849505,True,False,False,False,False,True,False,True,False,False,AA07_constant,AA07,constant,True,-5.314232057696986,-1.004740575667373,True,False
V00,459,0.19315805534776456,0.022035153868769346,0.7180887670340801,0.42603164258803167,0.03351751330140172,0.019885454142725335,5.762899341929599,1.1081041303163013,0.511453418364026,-0.08317276915305565,0.5446418453329644,0.4114720468382882,0.025421704298267126,0.019205870410729846,20.118769865436963,4.330590979442883,1726.9049535973586,True,False,True,True,True,True,False,False,True,False,AA07_constant,AA07,constant,False,0.0,0.0,False,False
W68,12957,0.1932509656030077,-0.011500083834932461,1.1281391207783844,0.8170578924567266,0.009910839207593228,0.007177952830716845,19.49895075030051,1.6021397891777418,0.666205866873658,0.1978452208072221,1.055694253504235,0.6166538190464781,0.009274402248936804,0.0054173787033474485,71.83275525385264,36.5204708109056,20366.87226506025,True,False,True,True,True,True,False,False,True,False,AA07_constant,AA07,constant,False,0.0,0.0,False,False
W84,137,-0.20900682791558817,0.04128092822110353,0.49195201887828566,0.2757757410119605,0.04203029745578839,0.023561111614608266,4.972765851477548,1.7520789721784051,0.42913043972116444,0.08377372962940242,0.33198427658405055,0.24698289727004402,0.028363330894114275,0.02110117296077342,15.129761780208053,3.9700982398057114,1288.9081084365298,True,False,True,True,True,True,False,False,True,False,AA07_constant,AA07,constant,False,0.0,0.0,False,False
691,1893,-0.04162937351777051,-0.025096912702431647,0.6726279545049784,0.5027214343180575,0.015459648158142577,0.011554524970395694,2.6927762580317443,2.172041928745097,0.3579260083004881,0.016304587716328763,0.5930883086075542,0.47665805926306076,0.0136315128093785,0.010955485627077743,26.25724769551876,1.4882578711098027,1519.620772395072,False,False,True,False,True,False,True,False,False,False,AA07_dcr,AA07,dcr,False,0.0,0.0,False,False
703,31422,0.27407254165781364,-0.019189290373710345,0.8566451003751722,0.7025954742309951,0.004832635313783031,0.003963587369595431,56.71285413905299,4.8413945712187045,0.6215654006339794,-0.1499503699860559,0.7479409392105024,0.5785415258336487,0.004219397033695425,0.0032637555587595587,147.31142759741695,45.94411783799363,2542.8973816739726,True,True,True,True,True,True,False,False,False,False,AA07_dcr,AA07,dcr,False,0.0,0.0,False,False
F51,7557,-0.02058349690075477,-0.023375197972438432,0.601211112094698,0.4782161492959624,0.006915957055701968,0.005501099838875056,2.976232607428409,4.249186282214163,0.4084891049844698,-0.03173266496117147,0.4882853946365146,0.429249943529635,0.005616930146994207,0.004937823197030078,72.72461901686012,6.4264481928509545,1799.3189798139633,False,True,True,True,True,True,True,False,False,False,AA07_dcr,AA07,dcr,False,0.0,0.0,False,False
F52,4365,-0.039398638628321714,0.010683068746737183,0.7125718352646283,0.5250125774750637,0.010785406758625452,0.007946531032004715,3.6529580673267885,1.344368845186792,0.46153407908628485,-0.10001641741624845,0.6346899956106602,0.398953763247704,0.009606596036382769,0.006038519067923702,48.04345653115119,16.563070562703103,1906.940637333893,True,False,True,True,True,True,False,False,True,False,AA07_dcr,AA07,dcr,False,0.0,0.0,False,False
G96,11617,0.12123263692919126,-0.006844909506710644,0.6481000343591639,0.5637940824912807,0.006013053249167346,0.005230865082328911,20.161577139862995,1.3085616621683387,0.49651252252896216,-0.08141077883421874,0.5967940702213566,0.3785571828934072,0.005537038007684519,0.003512242521084899,89.67114219549921,23.179145046359643,1802.8287117442244,True,False,True,True,True,True,False,False,True,False,AA07_dcr,AA07,dcr,False,-2.442707672056459e-08,-1.637839361807437e-08,False,False
T09,9,-0.13436314752416764,0.0884835035203757,0.33656105969261957,0.35456323672836765,0.11218701989753986,0.11818774557612255,1.1976710643252775,0.7486690188483637,0.15643096502406648,-0.03729739981548642,0.30051913971879024,0.3856168509407219,0.10017304657293008,0.12853895031357396,1.5616073422522727,0.2901641854433889,901.1708485849505,False,False,False,False,True,False,False,False,False,False,AA07_dcr,AA07,dcr,True,-1.2377922107886836,0.5485287113485408,False,False
V00,459,0.19315805534776456,0.022035153868769346,0.7180887670340801,0.42603164258803167,0.03351751330140172,0.019885454142725335,5.762899341929599,1.1081041303163013,0.511453418364026,-0.08317276915305565,0.5446418453329644,0.4114720468382882,0.025421704298267126,0.019205870410729846,20.118769865436963,4.330590979442883,1726.9049535973586,True,False,True,True,True,True,False,False,True,False,AA07_dcr,AA07,dcr,False,0.0,0.0,False,False
W68,12957,0.1932509656030077,-0.011500083834932461,1.1281391207783844,0.8170578924567266,0.009910839207593228,0.007177952830716845,19.49895075030051,1.6021397891777418,0.666205866873658,0.1978452208072221,1.055694253504235,0.6166538190464781,0.009274402248936804,0.0054173787033474485,71.83275525385264,36.5204708109056,20366.87226506025,True,False,True,True,True,True,False,False,True,False,AA07_dcr,AA07,dcr,False,0.0,0.0,False,False
W84,137,-0.20900682791558817,0.04128092822110353,0.49195201887828566,0.2757757410119605,0.04203029745578839,0.023561111614608266,4.972765851477548,1.7520789721784051,0.42913043972116444,0.08377372962940242,0.33198427658405055,0.24698289727004402,0.028363330894114275,0.02110117296077342,15.129761780208053,3.9700982398057114,1288.9081084365298,True,False,True,True,True,True,False,False,True,False,AA07_dcr,AA07,dcr,False,0.0,0.0,False,False
691,1893,-0.04162937351777051,-0.025096912702431647,0.6726279545049784,0.5027214343180575,0.015459648158142577,0.011554524970395694,2.6927762580317443,2.172041928745097,0.3579260083004881,0.016304587716328763,0.5930883086075542,0.47665805926306076,0.0136315128093785,0.010955485627077743,26.25724769551876,1.4882578711098027,1519.620772395072,False,False,True,False,True,False,True,False,False,False,AA07_epoch,AA07,epoch,False,0.0,0.0,False,False
703,31422,0.27407254165781364,-0.019189290373710345,0.8566451003751722,0.7025954742309951,0.004832635313783031,0.003963587369595431,56.71285413905299,4.8413945712187045,0.6215654006339794,-0.1499503699860559,0.7479409392105024,0.5785415258336487,0.004219397033695425,0.0032637555587595587,147.31142759741695,45.94411783799363,2542.8973816739726,True,True,True,True,True,True,False,False,False,False,AA07_epoch,AA07,epoch,False,0.0,0.0,False,False
F51,7557,-0.02058349690075477,-0.023375197972438432,0.601211112094698,0.4782161492959624,0.006915957055701968,0.005501099838875056,2.976232607428409,4.249186282214163,0.4084891049844698,-0.03173266496117147,0.4882853946365146,0.429249943529635,0.005616930146994207,0.004937823197030078,72.72461901686012,6.4264481928509545,1799.3189798139633,False,True,True,True,True,True,True,False,False,False,AA07_epoch,AA07,epoch,False,0.0,0.0,False,False
F52,4365,-0.039398638628321714,0.010683068746737183,0.7125718352646283,0.5250125774750637,0.010785406758625452,0.007946531032004715,3.6529580673267885,1.344368845186792,0.46153407908628485,-0.10001641741624845,0.6346899956106602,0.398953763247704,0.009606596036382769,0.006038519067923702,48.04345653115119,16.563070562703103,1906.940637333893,True,False,True,True,True,True,False,False,True,False,AA07_epoch,AA07,epoch,False,0.0,0.0,False,False
G96,11617,0.12123263758381195,-0.006844908700201648,0.6481000346369816,0.5637940825565281,0.006013053251744931,0.005230865082934274,20.161577240087034,1.3085615078341821,0.4965125228297383,-0.08141077917377021,0.5967940704556797,0.37855718282432094,0.005537038009858562,0.0035122425204439185,89.67114221461182,23.179145147266357,1802.8287117442244,True,False,True,True,True,True,False,False,True,False,AA07_epoch,AA07,epoch,False,1.3983502750567242e-08,-8.473903380178462e-08,False,False
T09,9,0.011014902473952856,0.37887912727683215,0.1949285538444853,0.35522886586930075,0.06497618461482843,0.11840962195643358,0.1695221493728505,3.199732597881556,0.11856563665286594,-0.35979284851009813,0.1878590619394986,0.35927138818397475,0.06261968731316621,0.11975712939465825,1.8934242846009346,3.0043543155113954,901.1708485849505,False,True,False,True,True,False,False,False,False,False,AA07_epoch,AA07,epoch,True,-2.0796899328985865,-1.3351486814572857,False,False
V00,459,0.19315805534776456,0.022035153868769346,0.7180887670340801,0.42603164258803167,0.03351751330140172,0.019885454142725335,5.762899341929599,1.1081041303163013,0.511453418364026,-0.08317276915305565,0.5446418453329644,0.4114720468382882,0.025421704298267126,0.019205870410729846,20.118769865436963,4.330590979442883,1726.9049535973586,True,False,True,True,True,True,False,False,True,False,AA07_epoch,AA07,epoch,False,0.0,0.0,False,False
W68,12957,0.1932509656030077,-0.011500083834932461,1.1281391207783844,0.8170578924567266,0.009910839207593228,0.007177952830716845,19.49895075030051,1.6021397891777418,0.666205866873658,0.1978452208072221,1.055694253504235,0.6166538190464781,0.009274402248936804,0.0054173787033474485,71.83275525385264,36.5204708109056,20366.87226506025,True,False,True,True,True,True,False,False,True,False,AA07_epoch,AA07,epoch,False,0.0,0.0,False,False
W84,137,-0.20900682791558817,0.04128092822110353,0.49195201887828566,0.2757757410119605,0.04203029745578839,0.023561111614608266,4.972765851477548,1.7520789721784051,0.42913043972116444,0.08377372962940242,0.33198427658405055,0.24698289727004402,0.028363330894114275,0.02110117296077342,15.129761780208053,3.9700982398057114,1288.9081084365298,True,False,True,True,True,True,False,False,True,False,AA07_epoch,AA07,epoch,False,0.0,0.0,False,False
691,1893,-0.04162937351777051,-0.025096912702431647,0.6726279545049784,0.5027214343180575,0.015459648158142577,0.011554524970395694,2.6927762580317443,2.172041928745097,0.3579260083004881,0.016304587716328763,0.5930883086075542,0.47665805926306076,0.0136315128093785,0.010955485627077743,26.25724769551876,1.4882578711098027,1519.620772395072,False,False,True,False,True,False,True,False,False,False,AA07_mag_dep,AA07,mag_dep,False,0.0,0.0,False,False
703,31422,0.27407254165781364,-0.019189290373710345,0.8566451003751722,0.7025954742309951,0.004832635313783031,0.003963587369595431,56.71285413905299,4.8413945712187045,0.6215654006339794,-0.1499503699860559,0.7479409392105024,0.5785415258336487,0.004219397033695425,0.0032637555587595587,147.31142759741695,45.94411783799363,2542.8973816739726,True,True,True,True,True,True,False,False,False,False,AA07_mag_dep,AA07,mag_dep,False,0.0,0.0,False,False
F51,7557,-0.02058349690075477,-0.023375197972438432,0.601211112094698,0.4782161492959624,0.006915957055701968,0.005501099838875056,2.976232607428409,4.249186282214163,0.4084891049844698,-0.03173266496117147,0.4882853946365146,0.429249943529635,0.005616930146994207,0.004937823197030078,72.72461901686012,6.4264481928509545,1799.3189798139633,False,True,True,True,True,True,True,False,False,False,AA07_mag_dep,AA07,mag_dep,False,0.0,0.0,False,False
F52,4365,-0.039398638628321714,0.010683068746737183,0.7125718352646283,0.5250125774750637,0.010785406758625452,0.007946531032004715,3.6529580673267885,1.344368845186792,0.46153407908628485,-0.10001641741624845,0.6346899956106602,0.398953763247704,0.009606596036382769,0.006038519067923702,48.04345653115119,16.563070562703103,1906.940637333893,True,False,True,True,True,True,False,False,True,False,AA07_mag_dep,AA07,mag_dep,False,0.0,0.0,False,False
G96,11617,0.12123263758381195,-0.006844908700201648,0.6481000346369816,0.5637940825565281,0.006013053251744931,0.005230865082934274,20.161577240087034,1.3085615078341821,0.4965125228297383,-0.08141077917377021,0.5967940704556797,0.37855718282432094,0.005537038009858562,0.0035122425204439185,89.67114221461182,23.179145147266357,1802.8287117442244,True,False,True,True,True,True,False,False,True,False,AA07_mag_dep,AA07,mag_dep,False,1.3983502750567242e-08,-8.473903380178462e-08,False,False
T09,9,-0.12009621083208082,0.2764346828324271,0.20558501696461032,0.3548081295323774,0.06852833898820344,0.11826937651079246,1.7525043304019718,2.3373310233625992,0.20696374817391922,-0.21881894715443045,0.19663842865272288,0.3600365037411115,0.06554614288424096,0.12001216791370384,3.157527492341259,1.8233063443348076,901.1708485849505,False,False,True,False,True,False,True,False,False,False,AA07_mag_dep,AA07,mag_dep,True,-1.055713072359534,-0.5022464348955498,False,False
V00,459,0.19315805534776456,0.022035153868769346,0.7180887670340801,0.42603164258803167,0.03351751330140172,0.019885454142725335,5.762899341929599,1.1081041303163013,0.511453418364026,-0.08317276915305565,0.5446418453329644,0.4114720468382882,0.025421704298267126,0.019205870410729846,20.118769865436963,4.330590979442883,1726.9049535973586,True,False,True,True,True,True,False,False,True,False,AA07_mag_dep,AA07,mag_dep,False,0.0,0.0,False,False
W68,12957,0.1932509656030077,-0.011500083834932461,1.1281391207783844,0.8170578924567266,0.009910839207593228,0.007177952830716845,19.49895075030051,1.6021397891777418,0.666205866873658,0.1978452208072221,1.055694253504235,0.6166538190464781,0.009274402248936804,0.0054173787033474485,71.83275525385264,36.5204708109056,20366.87226506025,True,False,True,True,True,True,False,False,True,False,AA07_mag_dep,AA07,mag_dep,False,0.0,0.0,False,False
W84,137,-0.20900682791558817,0.04128092822110353,0.49195201887828566,0.2757757410119605,0.04203029745578839,0.023561111614608266,4.972765851477548,1.7520789721784051,0.42913043972116444,0.08377372962940242,0.33198427658405055,0.24698289727004402,0.028363330894114275,0.02110117296077342,15.129761780208053,3.9700982398057114,1288.9081084365298,True,False,True,True,True,True,False,False,True,False,AA07_mag_dep,AA07,mag_dep,False,0.0,0.0,False,False
691,1893,-0.04162937351777051,-0.025096912702431647,0.6726279545049784,0.5027214343180575,0.015459648158142577,0.011554524970395694,2.6927762580317443,2.172041928745097,0.3579260083004881,0.016304587716328763,0.5930883086075542,0.47665805926306076,0.0136315128093785,0.010955485627077743,26.25724769551876,1.4882578711098027,1519.620772395072,False,False,True,False,True,False,True,False,False,False,AA07_seasonal,AA07,seasonal,False,0.0,0.0,False,False
703,31422,0.27407254165781364,-0.019189290373710345,0.8566451003751722,0.7025954742309951,0.004832635313783031,0.003963587369595431,56.71285413905299,4.8413945712187045,0.6215654006339794,-0.1499503699860559,0.7479409392105024,0.5785415258336487,0.004219397033695425,0.0032637555587595587,147.31142759741695,45.94411783799363,2542.8973816739726,True,True,True,True,True,True,False,False,False,False,AA07_seasonal,AA07,seasonal,False,0.0,0.0,False,False
F51,7557,-0.02058349690075477,-0.023375197972438432,0.601211112094698,0.4782161492959624,0.006915957055701968,0.005501099838875056,2.976232607428409,4.249186282214163,0.4084891049844698,-0.03173266496117147,0.4882853946365146,0.429249943529635,0.005616930146994207,0.004937823197030078,72.72461901686012,6.4264481928509545,1799.3189798139633,False,True,True,True,True,True,True,False,False,False,AA07_seasonal,AA07,seasonal,False,0.0,0.0,False,False
F52,4365,-0.039398638628321714,0.010683068746737183,0.7125718352646283,0.5250125774750637,0.010785406758625452,0.007946531032004715,3.6529580673267885,1.344368845186792,0.46153407908628485,-0.10001641741624845,0.6346899956106602,0.398953763247704,0.009606596036382769,0.006038519067923702,48.04345653115119,16.563070562703103,1906.940637333893,True,False,True,True,True,True,False,False,True,False,AA07_seasonal,AA07,seasonal,False,0.0,0.0,False,False
G96,11617,0.12123263758381195,-0.006844908700201648,0.6481000346369816,0.5637940825565281,0.006013053251744931,0.005230865082934274,20.161577240087034,1.3085615078341821,0.4965125228297383,-0.08141077917377021,0.5967940704556797,0.37855718282432094,0.005537038009858562,0.0035122425204439185,89.67114221461182,23.179145147266357,1802.8287117442244,True,False,True,True,True,True,False,False,True,False,AA07_seasonal,AA07,seasonal,False,1.3983502750567242e-08,-8.473903380178462e-08,False,False
T09,9,0.04334335876446122,0.3229886125268422,0.1960381634336053,0.35518870584503237,0.06534605447786844,0.11839623528167746,0.6632896065536881,2.7280311046919468,0.06914369226788043,-0.31823812731816337,0.1887702035629442,0.359329535495812,0.06292340118764807,0.11977651183193733,1.0988549722810186,2.6569326694426914,901.1708485849505,False,False,False,False,True,False,False,False,False,False,AA07_seasonal,AA07,seasonal,True,-2.631807477754792,-1.0897045432894268,False,False
V00,459,0.19315805534776456,0.022035153868769346,0.7180887670340801,0.42603164258803167,0.03351751330140172,0.019885454142725335,5.762899341929599,1.1081041303163013,0.511453418364026,-0.08317276915305565,0.5446418453329644,0.4114720468382882,0.025421704298267126,0.019205870410729846,20.118769865436963,4.330590979442883,1726.9049535973586,True,False,True,True,True,True,False,False,True,False,AA07_seasonal,AA07,seasonal,False,0.0,0.0,False,False
W68,12957,0.1932509656030077,-0.011500083834932461,1.1281391207783844,0.8170578924567266,0.009910839207593228,0.007177952830716845,19.49895075030051,1.6021397891777418,0.666205866873658,0.1978452208072221,1.055694253504235,0.6166538190464781,0.009274402248936804,0.0054173787033474485,71.83275525385264,36.5204708109056,20366.87226506025,True,False,True,True,True,True,False,False,True,False,AA07_seasonal,AA07,seasonal,False,0.0,0.0,False,False
W84,137,-0.20900682791558817,0.04128092822110353,0.49195201887828566,0.2757757410119605,0.04203029745578839,0.023561111614608266,4.972765851477548,1.7520789721784051,0.42913043972116444,0.08377372962940242,0.33198427658405055,0.24698289727004402,0.028363330894114275,0.02110117296077342,15.129761780208053,3.9700982398057114,1288.9081084365298,True,False,True,True,True,True,False,False,True,False,AA07_seasonal,AA07,seasonal,False,0.0,0.0,False,False
691,1893,-0.04162937351777051,-0.025096912702431647,0.6726279545049784,0.5027214343180575,0.015459648158142577,0.011554524970395694,2.6927762580317443,2.172041928745097,0.3579260083004881,0.016304587716328763,0.5930883086075542,0.47665805926306076,0.0136315128093785,0.010955485627077743,26.25724769551876,1.4882578711098027,1519.620772395072,False,False,True,False,True,False,True,False,False,False,AA07_step,AA07,step,False,0.0,0.0,False,False
703,31422,0.27407254165781364,-0.019189290373710345,0.8566451003751722,0.7025954742309951,0.004832635313783031,0.003963587369595431,56.71285413905299,4.8413945712187045,0.6215654006339794,-0.1499503699860559,0.7479409392105024,0.5785415258336487,0.004219397033695425,0.0032637555587595587,147.31142759741695,45.94411783799363,2542.8973816739726,True,True,True,True,True,True,False,False,False,False,AA07_step,AA07,step,False,0.0,0.0,False,False
F51,7557,-0.02058349690075477,-0.023375197972438432,0.601211112094698,0.4782161492959624,0.006915957055701968,0.005501099838875056,2.976232607428409,4.249186282214163,0.4084891049844698,-0.03173266496117147,0.4882853946365146,0.429249943529635,0.005616930146994207,0.004937823197030078,72.72461901686012,6.4264481928509545,1799.3189798139633,False,True,True,True,True,True,True,False,False,False,AA07_step,AA07,step,False,0.0,0.0,False,False
F52,4365,-0.039398638628321714,0.010683068746737183,0.7125718352646283,0.5250125774750637,0.010785406758625452,0.007946531032004715,3.6529580673267885,1.344368845186792,0.46153407908628485,-0.10001641741624845,0.6346899956106602,0.398953763247704,0.009606596036382769,0.006038519067923702,48.04345653115119,16.563070562703103,1906.940637333893,True,False,True,True,True,True,False,False,True,False,AA07_step,AA07,step,False,0.0,0.0,False,False
G96,11617,0.12123263743502899,-0.006844909437192077,0.648100034515287,0.5637940825373056,0.006013053250615852,0.005230865082755928,20.161577219129473,1.3085616487714447,0.4965125227202397,-0.08141077875286626,0.5967940703921042,0.37855718288740486,0.005537038009268711,0.0035122425210292094,89.67114220438867,23.179145023564622,1802.8287117442244,True,False,True,True,True,True,False,False,True,False,AA07_step,AA07,step,False,0.0,0.0,False,False
T09,9,-0.23898510045092924,0.22887912727682647,0.1949285482694095,0.3552288658691421,0.06497618275646984,0.1184096219563807,3.6780415578834984,1.932943653524543,0.3025926191929982,-0.13366533781222711,0.18756234460994464,0.35928362411439596,0.06252078153664821,0.11976120803813199,4.839872627241959,1.1160987769066928,901.1708485849505,True,False,True,False,True,False,False,False,False,False,AA07_step,AA07,step,True,0.0,0.0,False,False
V00,459,0.19315805534776456,0.022035153868769346,0.7180887670340801,0.42603164258803167,0.03351751330140172,0.019885454142725335,5.762899341929599,1.1081041303163013,0.511453418364026,-0.08317276915305565,0.5446418453329644,0.4114720468382882,0.025421704298267126,0.019205870410729846,20.118769865436963,4.330590979442883,1726.9049535973586,True,False,True,True,True,True,False,False,True,False,AA07_step,AA07,step,False,0.0,0.0,False,False
W68,12957,0.1932509656030077,-0.011500083834932461,1.1281391207783844,0.8170578924567266,0.009910839207593228,0.007177952830716845,19.49895075030051,1.6021397891777418,0.666205866873658,0.1978452208072221,1.055694253504235,0.6166538190464781,0.009274402248936804,0.0054173787033474485,71.83275525385264,36.5204708109056,20366.87226506025,True,False,True,True,True,True,False,False,True,False,AA07_step,AA07,step,False,0.0,0.0,False,False
W84,137,-0.20900682791558817,0.04128092822110353,0.49195201887828566,0.2757757410119605,0.04203029745578839,0.023561111614608266,4.972765851477548,1.7520789721784051,0.42913043972116444,0.08377372962940242,0.33198427658405055,0.24698289727004402,0.028363330894114275,0.02110117296077342,15.129761780208053,3.9700982398057114,1288.9081084365298,True,False,True,True,True,True,False,False,True,False,AA07_step,AA07,step,False,0.0,0.0,False,False
691,1893,-0.04162937351777051,-0.025096912702431647,0.6726279545049784,0.5027214343180575,0.015459648158142577,0.011554524970395694,2.6927762580317443,2.172041928745097,0.3579260083004881,0.016304587716328763,0.5930883086075542,0.47665805926306076,0.0136315128093785,0.010955485627077743,26.25724769551876,1.4882578711098027,1519.620772395072,False,False,True,False,True,False,True,False,False,False,AA07_timing,AA07,timing,False,0.0,0.0,False,False
703,31422,0.27407254165781364,-0.019189290373710345,0.8566451003751722,0.7025954742309951,0.004832635313783031,0.003963587369595431,56.71285413905299,4.8413945712187045,0.6215654006339794,-0.1499503699860559,0.7479409392105024,0.5785415258336487,0.004219397033695425,0.0032637555587595587,147.31142759741695,45.94411783799363,2542.8973816739726,True,True,True,True,True,True,False,False,False,False,AA07_timing,AA07,timing,False,0.0,0.0,False,False
F51,7557,-0.02058349690075477,-0.023375197972438432,0.601211112094698,0.4782161492959624,0.006915957055701968,0.005501099838875056,2.976232607428409,4.249186282214163,0.4084891049844698,-0.03173266496117147,0.4882853946365146,0.429249943529635,0.005616930146994207,0.004937823197030078,72.72461901686012,6.4264481928509545,1799.3189798139633,False,True,True,True,True,True,True,False,False,False,AA07_timing,AA07,timing,False,0.0,0.0,False,False
F52,4365,-0.039398638628321714,0.010683068746737183,0.7125718352646283,0.5250125774750637,0.010785406758625452,0.007946531032004715,3.6529580673267885,1.344368845186792,0.46153407908628485,-0.10001641741624845,0.6346899956106602,0.398953763247704,0.009606596036382769,0.006038519067923702,48.04345653115119,16.563070562703103,1906.940637333893,True,False,True,True,True,True,False,False,True,False,AA07_timing,AA07,timing,False,0.0,0.0,False,False
G96,11617,0.12123263858691548,-0.006844911477204205,0.6481000345754248,0.5637940826167125,0.006013053251173808,0.005230865083492664,20.16157740882299,1.3085620385823138,0.4965125229222276,-0.08141077724382156,0.5967940707183079,0.3785571830597863,0.00553703801229522,0.0035122425226285594,89.67114219185441,23.179144583356905,1802.8287117442244,True,False,True,True,True,True,False,False,True,False,AA07_timing,AA07,timing,False,2.579483704718707e-08,3.038103804465404e-07,False,False
T09,9,-0.24897160549171776,0.2324287479676279,0.19489266121232324,0.3552401222851646,0.06496422040410775,0.11841337409505487,3.832441980262339,1.9628589231909617,0.31319106154225035,-0.1336043702337887,0.18754993042119322,0.3592823871663118,0.06251664347373108,0.11976079572210392,5.009722917607538,1.115593541510928,901.1708485849505,True,False,True,False,True,False,False,False,False,False,AA07_timing,AA07,timing,True,0.1198717975909175,0.00035997183949252584,False,False
V00,459,0.19315805534776456,0.022035153868769346,0.7180887670340801,0.42603164258803167,0.03351751330140172,0.019885454142725335,5.762899341929599,1.1081041303163013,0.511453418364026,-0.08317276915305565,0.5446418453329644,0.4114720468382882,0.025421704298267126,0.019205870410729846,20.118769865436963,4.330590979442883,1726.9049535973586,True,False,True,True,True,True,False,False,True,False,AA07_timing,AA07,timing,False,0.0,0.0,False,False
W68,12957,0.1932509656030077,-0.011500083834932461,1.1281391207783844,0.8170578924567266,0.009910839207593228,0.007177952830716845,19.49895075030051,1.6021397891777418,0.666205866873658,0.1978452208072221,1.055694253504235,0.6166538190464781,0.009274402248936804,0.0054173787033474485,71.83275525385264,36.5204708109056,20366.87226506025,True,False,True,True,True,True,False,False,True,False,AA07_timing,AA07,timing,False,0.0,0.0,False,False
W84,137,-0.20900682791558817,0.04128092822110353,0.49195201887828566,0.2757757410119605,0.04203029745578839,0.023561111614608266,4.972765851477548,1.7520789721784051,0.42913043972116444,0.08377372962940242,0.33198427658405055,0.24698289727004402,0.028363330894114275,0.02110117296077342,15.129761780208053,3.9700982398057114,1288.9081084365298,True,False,True,True,True,True,False,False,True,False,AA07_timing,AA07,timing,False,0.0,0.0,False,False
691,1893,-0.04162937351777051,-0.025096912702431647,0.6726279545049784,0.5027214343180575,0.015459648158142577,0.011554524970395694,2.6927762580317443,2.172041928745097,0.3579260083004881,0.016304587716328763,0.5930883086075542,0.47665805926306076,0.0136315128093785,0.010955485627077743,26.25724769551876,1.4882578711098027,1519.620772395072,False,False,True,False,True,False,True,False,False,False,AA07_trailing,AA07,trailing,False,0.0,0.0,False,False
703,31422,0.27407254165781364,-0.019189290373710345,0.8566451003751722,0.7025954742309951,0.004832635313783031,0.003963587369595431,56.71285413905299,4.8413945712187045,0.6215654006339794,-0.1499503699860559,0.7479409392105024,0.5785415258336487,0.004219397033695425,0.0032637555587595587,147.31142759741695,45.94411783799363,2542.8973816739726,True,True,True,True,True,True,False,False,False,False,AA07_trailing,AA07,trailing,False,0.0,0.0,False,False
F51,7557,-0.02058349690075477,-0.023375197972438432,0.601211112094698,0.4782161492959624,0.006915957055701968,0.005501099838875056,2.976232607428409,4.249186282214163,0.4084891049844698,-0.03173266496117147,0.4882853946365146,0.429249943529635,0.005616930146994207,0.004937823197030078,72.72461901686012,6.4264481928509545,1799.3189798139633,False,True,True,True,True,True,True,False,False,False,AA07_trailing,AA07,trailing,False,0.0,0.0,False,False
F52,4365,-0.039398638628321714,0.010683068746737183,0.7125718352646283,0.5250125774750637,0.010785406758625452,0.007946531032004715,3.6529580673267885,1.344368845186792,0.46153407908628485,-0.10001641741624845,0.6346899956106602,0.398953763247704,0.009606596036382769,0.006038519067923702,48.04345653115119,16.563070562703103,1906.940637333893,True,False,True,True,True,True,False,False,True,False,AA07_trailing,AA07,trailing,False,0.0,0.0,False,False
G96,11617,0.12123263758381195,-0.006844908700201648,0.6481000346369816,0.5637940825565281,0.006013053251744931,0.005230865082934274,20.161577240087034,1.3085615078341821,0.4965125228297383,-0.08141077917377021,0.5967940704556797,0.37855718282432094,0.005537038009858562,0.0035122425204439185,89.67114221461182,23.179145147266357,1802.8287117442244,True,False,True,True,True,True,False,False,True,False,AA07_trailing,AA07,trailing,False,1.3983502750567242e-08,-8.473903380178462e-08,False,False
T09,9,-3.8341273987227193,1.506742575955844,0.18585522501051024,0.359407478137165,0.061951741670170084,0.11980249271238834,61.88893637785911,12.576888358851628,4.118032319656861,-0.11171684503279335,0.18690003734190802,0.3590772121103388,0.062300012447302676,0.1196924040367796,66.10002402712449,0.9333662059161625,901.1708485849505,True,True,True,False,True,False,False,False,False,True,AA07_trailing,AA07,trailing,True,43.228679764082635,0.1296278415346825,True,False
V00,459,0.19315805534776456,0.022035153868769346,0.7180887670340801,0.42603164258803167,0.03351751330140172,0.019885454142725335,5.762899341929599,1.1081041303163013,0.511453418364026,-0.08317276915305565,0.5446418453329644,0.4114720468382882,0.025421704298267126,0.019205870410729846,20.118769865436963,4.330590979442883,1726.9049535973586,True,False,True,True,True,True,False,False,True,False,AA07_trailing,AA07,trailing,False,0.0,0.0,False,False
W68,12957,0.1932509656030077,-0.011500083834932461,1.1281391207783844,0.8170578924567266,0.009910839207593228,0.007177952830716845,19.49895075030051,1.6021397891777418,0.666205866873658,0.1978452208072221,1.055694253504235,0.6166538190464781,0.009274402248936804,0.0054173787033474485,71.83275525385264,36.5204708109056,20366.87226506025,True,False,True,True,True,True,False,False,True,False,AA07_trailing,AA07,trailing,False,0.0,0.0,False,False
W84,137,-0.20900682791558817,0.04128092822110353,0.49195201887828566,0.2757757410119605,0.04203029745578839,0.023561111614608266,4.972765851477548,1.7520789721784051,0.42913043972116444,0.08377372962940242,0.33198427658405055,0.24698289727004402,0.028363330894114275,0.02110117296077342,15.129761780208053,3.9700982398057114,1288.9081084365298,True,False,True,True,True,True,False,False,True,False,AA07_trailing,AA07,trailing,False,0.0,0.0,False,False
691,1893,-0.04162937351777051,-0.025096912702431647,0.6726279545049784,0.5027214343180575,0.015459648158142577,0.011554524970395694,2.6927762580317443,2.172041928745097,0.3579260083004881,0.016304587716328763,0.5930883086075542,0.47665805926306076,0.0136315128093785,0.010955485627077743,26.25724769551876,1.4882578711098027,1519.620772395072,False,False,True,False,True,False,True,False,False,False,AA08_clean,AA08,clean,False,0.0,0.0,False,False
703,31422,0.27407254165781364,-0.019189290373710345,0.8566451003751722,0.7025954742309951,0.004832635313783031,0.003963587369595431,56.71285413905299,4.8413945712187045,0.6215654006339794,-0.1499503699860559,0.7479409392105024,0.5785415258336487,0.004219397033695425,0.0032637555587595587,147.31142759741695,45.94411783799363,2542.8973816739726,True,True,True,True,True,True,False,False,False,False,AA08_clean,AA08,clean,False,0.0,0.0,False,False
F51,7557,-0.02058349690075477,-0.023375197972438432,0.601211112094698,0.4782161492959624,0.006915957055701968,0.005501099838875056,2.976232607428409,4.249186282214163,0.4084891049844698,-0.03173266496117147,0.4882853946365146,0.429249943529635,0.005616930146994207,0.004937823197030078,72.72461901686012,6.4264481928509545,1799.3189798139633,False,True,True,True,True,True,True,False,False,False,AA08_clean,AA08,clean,False,0.0,0.0,False,False
F52,4365,-0.039398638628321714,0.010683068746737183,0.7125718352646283,0.5250125774750637,0.010785406758625452,0.007946531032004715,3.6529580673267885,1.344368845186792,0.46153407908628485,-0.10001641741624845,0.6346899956106602,0.398953763247704,0.009606596036382769,0.006038519067923702,48.04345653115119,16.563070562703103,1906.940637333893,True,False,True,True,True,True,False,False,True,False,AA08_clean,AA08,clean,False,0.0,0.0,False,False
G96,11617,0.12123263743502899,-0.006844909437192077,0.648100034515287,0.5637940825373056,0.006013053250615852,0.005230865082755928,20.161577219129473,1.3085616487714447,0.4965125227202397,-0.08141077875286626,0.5967940703921042,0.37855718288740486,0.005537038009268711,0.0035122425210292094,89.67114220438867,23.179145023564622,1802.8287117442244,True,False,True,True,True,True,False,False,True,False,AA08_clean,AA08,clean,False,0.0,0.0,False,False
T09,9,-0.23898510045092924,0.22887912727682647,0.1949285482694095,0.3552288658691421,0.06497618275646984,0.1184096219563807,3.6780415578834984,1.932943653524543,0.3025926191929982,-0.13366533781222711,0.18756234460994464,0.35928362411439596,0.06252078153664821,0.11976120803813199,4.839872627241959,1.1160987769066928,901.1708485849505,True,False,True,False,True,False,False,False,False,False,AA08_clean,AA08,clean,False,0.0,0.0,False,False
V00,459,0.19315805534776456,0.022035153868769346,0.7180887670340801,0.42603164258803167,0.03351751330140172,0.019885454142725335,5.762899341929599,1.1081041303163013,0.511453418364026,-0.08317276915305565,0.5446418453329644,0.4114720468382882,0.025421704298267126,0.019205870410729846,20.118769865436963,4.330590979442883,1726.9049535973586,True,False,True,True,True,True,False,False,True,False,AA08_clean,AA08,clean,True,0.0,0.0,False,False
W68,12957,0.1932509656030077,-0.011500083834932461,1.1281391207783844,0.8170578924567266,0.009910839207593228,0.007177952830716845,19.49895075030051,1.6021397891777418,0.666205866873658,0.1978452208072221,1.055694253504235,0.6166538190464781,0.009274402248936804,0.0054173787033474485,71.83275525385264,36.5204708109056,20366.87226506025,True,False,True,True,True,True,False,False,True,False,AA08_clean,AA08,clean,False,0.0,0.0,False,False
W84,137,-0.20900682791558817,0.04128092822110353,0.49195201887828566,0.2757757410119605,0.04203029745578839,0.023561111614608266,4.972765851477548,1.7520789721784051,0.42913043972116444,0.08377372962940242,0.33198427658405055,0.24698289727004402,0.028363330894114275,0.02110117296077342,15.129761780208053,3.9700982398057114,1288.9081084365298,True,False,True,True,True,True,False,False,True,False,AA08_clean,AA08,clean,False,0.0,0.0,False,False
691,1893,-0.044152361145794815,-0.024658389192738977,0.6676654437391087,0.5029852220502136,0.015345590052309314,0.011560587854788551,2.877201918941556,2.1329701830452454,0.3569173584099822,0.016107598055000335,0.5907375867832538,0.47383780694921457,0.013577483933418243,0.010890665085205769,26.287444725417938,1.4790279499900714,1519.620772395072,False,False,True,False,True,False,True,False,False,False,AA08_constant,AA08,constant,False,-0.0524254369278196,-0.012752096607534305,False,False
703,31422,0.274353260594587,-0.017763959476604103,0.8572254152820665,0.7042373453887096,0.004835909073606024,0.003972849740364817,56.732510148295276,4.471339375390745,0.621625829913432,-0.15215267527319343,0.7489809771652337,0.5794986441898349,0.0042252642523902,0.0032691549989309313,147.12117225846475,46.54189701098599,2542.8973816739726,True,True,True,True,True,True,False,False,False,False,AA08_constant,AA08,constant,False,0.010119989783402197,-0.4767444639392588,False,False
F51,7557,-0.03336682834318868,-0.021044670041733504,0.7691760788738454,0.5502589976801284,0.008848121105464273,0.006329835761368884,3.771063703296574,3.3246786860047064,0.4103753493594519,-0.041385704885568184,0.5971039896135014,0.6072493838494719,0.00686871128440626,0.006985417561847929,59.745610547222945,5.924585684269384,1799.3189798139633,True,True,True,True,True,True,False,False,False,False,AA08_constant,AA08,constant,False,0.21258387398160458,-1.1284267435181936,False,False
F52,4365,-0.03986986049002505,0.010871765895048909,0.714180911952356,0.5246343285838864,0.0108097615615016,0.007940805899540236,3.688320067300973,1.3691010752042652,0.46149178343454395,-0.1000131924863057,0.6360486792420152,0.39927111617444677,0.009627160918258866,0.006043322485953395,47.93643602230425,16.549372091058885,1906.940637333893,True,False,True,True,True,True,False,False,True,False,AA08_constant,AA08,constant,False,-0.003109899447727986,0.00037748709763723003,False,False
G96,11617,0.11639493949869284,0.0021304919524101334,0.6492163316144456,0.5674833040113633,0.006023410222600537,0.005265093572179503,19.323760992064837,0.40464465126841215,0.49880876843697397,-0.08422229427185074,0.5972347493657552,0.3800758802642647,0.00554112661595575,0.0035263329510744085,90.01937746750765,23.883817960578497,1802.8287117442244,True,False,True,True,True,True,False,False,True,False,AA08_constant,AA08,constant,False,0.2931335400619145,-0.5648977447746782,False,False
T09,9,-0.23898510045092924,0.22887912727682647,0.1949285482694095,0.3552288658691421,0.06497618275646984,0.1184096219563807,3.6780415578834984,1.932943653524543,0.3025926191929982,-0.13366533781222711,0.18756234460994464,0.35928362411439596,0.06252078153664821,0.11976120803813199,4.839872627241959,1.1160987769066928,901.1708485849505,True,False,True,False,True,False,False,False,False,False,AA08_constant,AA08,constant,False,0.0,0.0,False,False
V00,459,0.6931580243687648,0.022035153868769346,0.7180887803329637,0.42603164258803167,0.03351751392214045,0.019885454142725335,20.680472483100537,1.1081041303163013,0.5948917337585669,-0.0658868005871404,0.7705172548155966,0.4758591240610627,0.035964665543940504,0.022211201807524,16.541005588714476,2.9663771081860766,1726.9049535973586,True,False,True,False,False,True,False,False,False,False,AA08_constant,AA08,constant,True,1.894505982369422,0.5886931307413104,False,False
W68,12957,0.1924386791260557,-0.01152359593961542,1.12760485143223,0.8168035108060256,0.009906145586491225,0.007175718057016489,19.426191291644223,1.6059153729357485,0.6658950262219574,0.19757723025279902,1.055286707616485,0.6162051301151773,0.009270821908809587,0.00541343691658512,71.82696774589009,36.49755844526102,20366.87226506025,True,False,True,True,True,True,False,False,True,False,AA08_constant,AA08,constant,False,-0.023703949514999968,-0.03499236482761606,False,False
W84,137,-0.2089921832970371,0.04091890347753643,0.4915910407186358,0.275876119900856,0.041999457010291855,0.023569687561848362,4.976068696455388,1.7360817096180259,0.4289604785410039,0.08388531827707463,0.3320282385077341,0.24650278169801715,0.028367086814728975,0.021060153919218397,15.121767044414154,3.9831294015626955,1288.9081084365298,True,False,True,True,True,True,False,False,True,False,AA08_constant,AA08,constant,False,-0.00423690526600389,0.0037430061133208905,False,False
691,1893,-0.04377720805956361,-0.024430146516790565,0.6675840781189686,0.5027643359906395,0.015343719948857457,0.011555511020349568,2.853102650822521,2.1141554426946945,0.35671619560282236,0.01593742113670559,0.5905346143576954,0.4738524478391347,0.013572818825071314,0.010891001590706873,26.28165896857819,1.4633567908304,1519.620772395072,False,False,True,False,True,False,True,False,False,False,AA08_dcr,AA08,dcr,False,-0.0628918058291365,-0.023768109234617012,False,False
703,31422,0.2764265528871095,-0.017806968179347012,0.8589882479051324,0.7064909531694036,0.004845853830405294,0.003985563131872721,57.0439312784616,4.467867548488673,0.62270268886738,-0.15142401672430428,0.7498219581194027,0.5837701047769108,0.004230008520764065,0.003293251805491192,147.2107410211319,45.98009070300023,2542.8973816739726,True,True,True,True,True,True,False,False,False,False,AA08_dcr,AA08,dcr,False,0.1903527017657015,-0.31783251132998036,False,False
F51,7557,-0.022966035730467047,-0.022647778518974013,0.6176894065798941,0.48350884115288517,0.007105513061434737,0.0055619836596414556,3.2321432009062794,4.07188871900317,0.40892989516143624,-0.03363168875832227,0.49920619747395223,0.4452332149142592,0.005742556240587783,0.005121684766255831,71.21042929822137,6.566528455617636,1799.3189798139633,True,True,True,True,True,True,False,False,False,False,AA08_dcr,AA08,dcr,False,0.054873372624339306,-0.2669292322527482,False,False
F52,4365,-0.03963069258217352,0.010768215195268877,0.7129516811733023,0.5250227601367426,0.010791156063366255,0.007946685155620971,3.672515933368023,1.3550574842709275,0.46170541015306255,-0.10012598984038955,0.6350072841031947,0.3989403909445313,0.009611398479143567,0.006038316666254313,48.037276901477846,16.581771936532054,1906.940637333893,True,False,True,True,True,True,False,False,True,False,AA08_dcr,AA08,dcr,False,0.01260790820456062,-0.012831076920433454,False,False
G96,11617,0.120835257226323,-0.0064641708586844464,0.6475693067805659,0.5639595288583901,0.006008129174145399,0.005232400088905934,20.111960599367556,1.2354121911262466,0.4966704008635477,-0.08183226409194885,0.5966084645119943,0.37775532218584806,0.00553531596331702,0.0035048028807865683,89.72756102000717,23.348606719241108,1802.8287117442244,True,False,True,True,True,True,False,False,True,False,AA08_dcr,AA08,dcr,False,0.02016494499009902,-0.08494600130479556,False,False
T09,9,-0.23898510045092924,0.22887912727682647,0.1949285482694095,0.3552288658691421,0.06497618275646984,0.1184096219563807,3.6780415578834984,1.932943653524543,0.3025926191929982,-0.13366533781222711,0.18756234460994464,0.35928362411439596,0.06252078153664821,0.11976120803813199,4.839872627241959,1.1160987769066928,901.1708485849505,True,False,True,False,True,False,False,False,False,False,AA08_dcr,AA08,dcr,False,0.0,0.0,False,False
V00,459,0.28157269860305817,-0.09060512474037666,0.7766829574830894,0.4346528301070377,0.036252455898918116,0.020287856715509835,7.766996514337148,4.465978146972522,0.5434119816267408,-0.1225948577334448,0.5989079579826739,0.4584196909798596,0.027954629524300747,0.02139719878017907,19.43906933749048,5.729481648177632,1726.9049535973586,True,True,True,True,True,True,False,False,False,False,AA08_dcr,AA08,dcr,True,0.8457948995241924,-1.3710844222324596,False,False
W68,12957,0.1926311354926987,-0.011633727582433038,1.12784905459279,0.8169938089357137,0.009908290940919343,0.007177389849200721,19.441408880836253,1.6208855624205194,0.6658453212801072,0.19772335682630005,1.0554061130372188,0.6167686178607755,0.009271870899934538,0.005418387224875307,71.81348063040959,36.49118245343756,20366.87226506025,True,False,True,True,True,True,False,False,True,False,AA08_dcr,AA08,dcr,False,-0.027492772235756323,-0.015904892647174387,False,False
W84,137,-0.20906665946430011,0.04112765872161141,0.4917348562831708,0.2759877625034198,0.04201174400317779,0.02357922583309114,4.976386113570677,1.7442327840930534,0.4290841767976738,0.08388580677619702,0.33202567669383404,0.2467994489148486,0.02836686794419666,0.021085499910067744,15.126244379244433,3.9783646171056093,1288.9081084365298,True,False,True,True,True,True,False,False,True,False,AA08_dcr,AA08,dcr,False,-0.0011532773557658943,0.0037571346423962,False,False
691,1893,-0.04197331124250287,-0.025267484448311187,0.672533336519769,0.5029017857542137,0.015457473462977184,0.01155867015902355,2.7154056801737254,2.1860200265845915,0.3580664702976342,0.01643173711723782,0.5931729117731264,0.47653876181677707,0.013633457324416941,0.010952743700380586,26.26380541466561,1.50023935250734,1519.620772395072,False,False,True,False,True,False,True,False,False,False,AA08_epoch,AA08,epoch,False,0.0072856584798031985,0.008207710587524605,False,False
703,31422,0.27429582939983194,-0.018149804987018885,0.8572875558024848,0.7042256279068612,0.004836259630065471,0.0039727836379420695,56.71652276371247,4.568535979075018,0.6219604598383363,-0.15194556308712764,0.7487502138116153,0.5795545826185,0.00422396243541683,0.003269470567216615,147.24573652060897,46.47405748524075,2542.8973816739726,True,True,True,True,True,True,False,False,False,False,AA08_epoch,AA08,epoch,False,0.06617010742151151,-0.43188893344849827,False,False
F51,7557,-0.021745392343498503,-0.023224076642011433,0.6077444791450373,0.4796237131255781,0.0069911128288410495,0.005517291573862896,3.1104336142009226,4.209325595919385,0.4088200996311759,-0.032440770140880246,0.4928311502382785,0.4344749776530575,0.005669221679693895,0.004997928725496217,72.1122091759957,6.490842891653958,1799.3189798139633,True,True,True,True,True,True,False,False,False,False,AA08_epoch,AA08,epoch,False,0.04147490671734205,-0.10078689901581903,False,False
F52,4365,-0.03959643298223132,0.010589723243425202,0.7125324402309903,0.5249679971566966,0.010784810479849014,0.007945856269344697,3.671500121046695,1.332735313156948,0.4617046379093493,-0.10001961844536769,0.6345466294397738,0.39887168291357,0.009604426062224497,0.0060372767092635535,48.07206957688975,16.56700914369194,1906.940637333893,True,False,True,True,True,True,False,False,True,False,AA08_epoch,AA08,epoch,False,0.012555635925215003,-0.00037487705601807285,False,False
G96,11617,0.12093779628169277,-0.0071265048607997246,0.6481197553802781,0.5637319061367694,0.0060132362202270605,0.005230288211922038,20.111931720707645,1.3625453458865628,0.49671465282326416,-0.08147878316923952,0.596602236497331,0.37843176631422776,0.0055352581799783035,0.0035110789097148117,89.73649225973614,23.20619537880385,1802.8287117442244,True,False,True,True,True,True,False,False,True,False,AA08_epoch,AA08,epoch,False,0.025817149801817926,-0.013693345458377396,False,False
T09,9,-0.23898510045092924,0.22887912727682647,0.1949285482694095,0.3552288658691421,0.06497618275646984,0.1184096219563807,3.6780415578834984,1.932943653524543,0.3025926191929982,-0.13366533781222711,0.18756234460994464,0.35928362411439596,0.06252078153664821,0.11976120803813199,4.839872627241959,1.1160987769066928,901.1708485849505,True,False,True,False,True,False,False,False,False,False,AA08_epoch,AA08,epoch,False,0.0,0.0,False,False
V00,459,0.4431579136626085,0.17203515386855212,0.7180885586144655,0.4260316425883537,0.03351750357320721,0.019885454142740365,13.2216861764387,8.651306258014602,0.5479866405695921,-0.049498276400335994,0.6429973066709087,0.45473795648815485,0.030012544087164136,0.021225350130731964,18.258586775519536,2.3320358013160853,1726.9049535973586,True,True,True,False,True,False,False,False,False,True,AA08_epoch,AA08,epoch,True,0.9288393298396592,1.1764084413991247,False,False
W68,12957,0.19314224549680137,-0.01142647729069561,1.128044311066995,0.8169873911247725,0.009910006292762433,0.0071773334679520505,19.48961885502119,1.5920226281413106,0.6662352270266841,0.19780376464343916,1.0556433353819399,0.6164202360839895,0.009273954927047575,0.00541532664864939,71.83938592192237,36.52665434185257,20366.87226506025,True,False,True,True,True,True,False,False,True,False,AA08_epoch,AA08,epoch,False,0.002238555479435235,-0.005412116928214878,False,False
W84,137,-0.20893157135604667,0.04092661484454998,0.49175202169424137,0.27570531796334985,0.04201321054321738,0.023555094967522238,4.972997032472126,1.7374846036910312,0.4290763623456827,0.0837022245979844,0.3319849622714312,0.24650012215177008,0.02836338947634072,0.021059926698848173,15.12782394020983,3.974478439308258,1288.9081084365298,True,False,True,True,True,True,False,False,True,False,AA08_epoch,AA08,epoch,False,-0.0013481646272576213,-0.002398498559915422,False,False
691,1864,-0.04956775780526468,-0.025696600787079058,0.6678338816673939,0.5048422585698094,0.015468403582464112,0.01169318301363113,3.204452065205849,2.197571076850818,0.351547286872837,0.015467331667352426,0.5923148253113639,0.4786824365178459,0.013719227216980294,0.011087267835840338,25.624423395927632,1.3950534880516945,1506.769944291637,True,False,True,False,True,False,False,False,False,False,AA08_mag_dep,AA08,mag_dep,False,-0.3298202518639306,-0.05371550798936941,False,False
703,30347,0.2808125270112005,-0.024532695424167302,0.8434769852004331,0.7021838222438271,0.004841894861017893,0.004030815659545683,57.99641154375797,6.086285629577118,0.6165523478948717,-0.1567908719063914,0.737085690460266,0.5796092343098647,0.00423116632627661,0.0033271885567056347,145.71687812552443,47.124131750932534,2532.5463928488725,True,True,True,True,True,True,False,False,False,False,AA08_mag_dep,AA08,mag_dep,False,-0.8389405528195565,-1.4676930072089405,False,False
F51,7305,-0.02530146786609025,-0.019207442536410456,0.6049413261880182,0.47212688224616506,0.007077879164033502,0.00552393575702188,3.574724473209513,3.477129963358909,0.40509859497561546,-0.03992478583667563,0.4808370791805439,0.43860843026666974,0.005625846006376059,0.005131766231472566,72.00669810664859,7.779930736482353,1793.0812691129593,True,True,True,True,True,True,False,False,False,False,AA08_mag_dep,AA08,mag_dep,False,-0.42648752094000153,-1.1503210012837686,False,False
F52,4226,-0.046878418903039426,0.012891424601569617,0.7132812803306791,0.5280528939092605,0.01097225974348096,0.00812292943897689,4.272448884642171,1.587041312917441,0.4587350901188449,-0.10311703870738408,0.6392500215825491,0.4002629847070314,0.009833452063368076,0.0061571634571293546,46.650462844858026,16.747490857658697,1904.2868210346862,True,False,True,True,True,True,False,False,True,False,AA08_mag_dep,AA08,mag_dep,False,-0.20360539465632185,-0.35953159558481046,False,False
G96,11169,0.11780118353857852,-0.010316553566624165,0.6424436003984311,0.569183233029945,0.006078940069855773,0.005385734654699563,19.378572939504803,1.9155332054136747,0.49088707790834074,-0.08032903692477193,0.5986258854954325,0.3806443902666873,0.005664327389881749,0.0036017394132698017,86.66290701791316,22.302845294364605,1797.2451712201334,True,False,True,True,True,True,False,False,True,False,AA08_mag_dep,AA08,mag_dep,False,-0.7101872355324613,0.21502625860351335,False,False
T09,9,-0.23898510045092924,0.22887912727682647,0.1949285482694095,0.3552288658691421,0.06497618275646984,0.1184096219563807,3.6780415578834984,1.932943653524543,0.3025926191929982,-0.13366533781222711,0.18756234460994464,0.35928362411439596,0.06252078153664821,0.11976120803813199,4.839872627241959,1.1160987769066928,901.1708485849505,True,False,True,False,True,False,False,False,False,False,AA08_mag_dep,AA08,mag_dep,False,0.0,0.0,False,False
V00,459,0.22388807783556786,0.034865280419957935,0.7378437825007961,0.425344137623824,0.03443959845865865,0.019853364159090323,6.500891063068679,1.7561396718749078,0.5279066593029654,-0.07406340578135141,0.5680707077570384,0.41143927220486487,0.02651526994639589,0.01920434062184838,19.909533652502812,3.856597174551831,1726.9049535973586,True,False,True,True,True,True,False,False,True,False,AA08_mag_dep,AA08,mag_dep,True,0.4479128912283122,0.3353948043582684,False,False
W68,12192,0.21228387901628795,-0.016216137567634337,1.0998015844630742,0.8283196820989177,0.009960401935900759,0.0075017140197616876,21.31278239396574,2.1616576591584717,0.6604490254726485,0.19443670946853547,1.0443879446014235,0.6133714521915998,0.00945854584335589,0.005555025821151283,69.82564089770497,35.00194521656397,21477.389744301297,True,False,True,True,True,True,False,False,True,False,AA08_mag_dep,AA08,mag_dep,False,-0.4345824176849906,-0.4392823559170528,False,False
W84,80,-0.11936430575707754,0.1127861554984444,0.5602015393625919,0.2999224999603449,0.06263243615573898,0.03353235489465046,1.905790562900534,3.3635023800979034,0.4907817729595966,0.08072503033656106,0.3629553945071775,0.22099291311174318,0.04057964674591513,0.024707758813178115,12.094284014658164,3.267193554338308,1279.7435868541027,False,True,True,True,True,False,True,False,False,False,AA08_mag_dep,AA08,mag_dep,False,1.2452435911535216,-0.09382910489127881,False,False
691,1893,-0.043775936624271136,-0.02451198056817031,0.6674092611806968,0.5025362118572546,0.01533970196485952,0.011550267826374517,2.853767089122975,2.1222001893495754,0.3569430607543685,0.016110148316359946,0.5901297326673052,0.4736959703003777,0.013563513044011839,0.010887405118574495,26.316416668464477,1.4797050482557292,1519.620772395072,False,False,True,False,True,False,True,False,False,False,AA08_seasonal,AA08,seasonal,False,-0.05111572287974266,-0.012588878644829625,False,False
703,31422,0.2759323349682401,-0.019210541747935718,0.8582376639330459,0.7046827596271248,0.004841619523096612,0.003975362478226604,56.99174287692866,4.832400027205941,0.6222298628695118,-0.14921620117250417,0.7487874588375022,0.5826908672218443,0.004224172547664346,0.0032871634481092477,147.30218897273946,45.39360562016843,2542.8973816739726,True,True,True,True,True,True,False,False,False,False,AA08_seasonal,AA08,seasonal,False,0.1112907693630659,0.15849148247580402,False,False
F51,7557,-0.018631757004391042,-0.023883283911520878,0.5907267015367412,0.47586518777081493,0.006795350946276371,0.005474055846140327,2.74183881769942,4.36299602759088,0.40807172047673745,-0.030226286284348203,0.4811325952778621,0.4205133408893666,0.0055346488115409435,0.004837322778030318,73.73037285144802,6.248556830159652,1799.3189798139633,False,True,True,True,True,True,True,False,False,False,AA08_seasonal,AA08,seasonal,False,-0.052930151577719714,0.21792294222181532,False,False
F52,4365,-0.039569055692115926,0.010647981966121635,0.7126440425527375,0.5250198788883854,0.010786499679976892,0.007946641545371495,3.6683870454813468,1.3399348523935284,0.461687694969805,-0.10003249232901845,0.6347264191110944,0.39886850928515444,0.009607147338368496,0.006037228673582562,48.05668932815698,16.569273376497435,1906.940637333893,True,False,True,True,True,True,False,False,True,False,AA08_seasonal,AA08,seasonal,False,0.01130678502067242,-0.0018825633004382967,False,False
G96,11617,0.12099444844904436,-0.006858837521691662,0.648106846043791,0.5637761814166172,0.0060131164477789925,0.0052306989966793786,20.121753752787363,1.3112659562413895,0.49656907924902954,-0.08147151620683472,0.5967309583910698,0.3784784497811951,0.005536452457960638,0.0035115120375621323,89.69084138617197,23.20126353985001,1802.8287117442244,True,False,True,True,True,True,False,False,True,False,AA08_seasonal,AA08,seasonal,False,0.007222926698695464,-0.012229318374544872,False,False
T09,9,-0.23898510045092924,0.22887912727682647,0.1949285482694095,0.3552288658691421,0.06497618275646984,0.1184096219563807,3.6780415578834984,1.932943653524543,0.3025926191929982,-0.13366533781222711,0.18756234460994464,0.35928362411439596,0.06252078153664821,0.11976120803813199,4.839872627241959,1.1160987769066928,901.1708485849505,True,False,True,False,True,False,False,False,False,False,AA08_seasonal,AA08,seasonal,False,0.0,0.0,False,False
V00,459,0.32405866258379534,0.0656687088672431,0.7383728820294118,0.43955048049018625,0.03446429470973828,0.02051645945851167,9.402735942024917,3.2007817430701526,0.5328782182128429,-0.08385903474511987,0.5999294453651552,0.4431952307893497,0.028002308472226563,0.020686581833684128,19.029796016330785,4.053788848217134,1726.9049535973586,True,True,True,True,True,True,False,False,False,False,AA08_seasonal,AA08,seasonal,True,0.5664860077097016,-0.024311823138221885,False,False
W68,12957,0.19317980897194553,-0.011401719921901803,1.1280342153352878,0.8170073217680671,0.009909917600533086,0.007177508561074308,19.493583777281234,1.5885344928373346,0.6662086553500698,0.19777822932111092,1.0556691980206512,0.6164321136557901,0.009274182133470109,0.0054154309945603895,71.83476081904328,36.52123524790034,20366.87226506025,True,False,True,True,True,True,False,False,True,False,AA08_seasonal,AA08,seasonal,False,0.00021260388816258909,-0.008745678114233178,False,False
W84,137,-0.2088315187929789,0.041065675973748654,0.49186378996659663,0.27578541527819533,0.04202275955115504,0.023561938142952318,4.969486083815239,1.7428819193310687,0.42899868424290344,0.08388201631905032,0.3320170676706557,0.24678183532113498,0.02836613242570887,0.02108399507920083,15.123622699233124,3.978468786582063,1288.9081084365298,True,False,True,True,True,True,False,False,True,False,AA08_seasonal,AA08,seasonal,False,-0.003284543394954633,0.0036301975206795402,False,False
691,1893,-0.042090771635892615,-0.02518334368150061,0.6728511993276258,0.5033925068022368,0.015464779206277196,0.011569948867699603,2.721718239521186,2.1766166790767927,0.35775287542683104,0.016149069811621182,0.59393677153483,0.4768052690227301,0.01365101383998994,0.01095886908902679,26.207055360152992,1.4736073294087784,1519.620772395072,False,False,True,False,True,False,True,False,False,False,AA08_step,AA08,step,False,-0.008974491205218,-0.010036139793169262,False,False
703,31422,0.27451197038760194,-0.017819881133176563,0.8572827280325351,0.7042629505703121,0.004836232394922779,0.003972994188170301,56.76153418015909,4.485252252881654,0.6218095646633862,-0.15207471583817736,0.7489717641901862,0.5795266679977642,0.004225212278768289,0.0032693130910553905,147.16646730105896,46.515800598677146,2542.8973816739726,True,True,True,True,True,True,False,False,False,False,AA08_step,AA08,step,False,0.0408899911388063,-0.4598570425708416,False,False
F51,7557,-0.031726411501343296,-0.021310495687825413,0.7427287680142596,0.5395313682567814,0.008543887763025842,0.0062064318140551715,3.7133460060935186,3.433614728444349,0.4100564371560667,-0.040331980504859775,0.5791776868292969,0.5817334243935542,0.006662498295775503,0.006691897904140133,61.54694814947594,6.026986825352976,1799.3189798139633,True,True,True,True,True,True,False,False,False,False,AA08_step,AA08,step,False,0.17985777560869096,-1.0340108698484543,False,False
F52,4365,-0.039797574097004025,0.010710477291534435,0.71420865728281,0.5248467492147519,0.010810181511687377,0.007944021074199727,3.68148990412206,1.348243816512458,0.4618327766845548,-0.10009756991360233,0.636072590054404,0.39913471295198893,0.00962752282961261,0.006041257902195536,47.97005261457665,16.568994658748885,1906.940637333893,True,False,True,True,True,True,False,False,True,False,AA08_step,AA08,step,False,0.021962115730036324,-0.009500751521517421,False,False
G96,11617,0.1205697812183597,-0.006992867118533167,0.6479080756685606,0.5641913469399883,0.00601127226202486,0.005234550890317553,20.05728171389571,1.3359058427472743,0.4967485675478451,-0.081542870149916,0.5964177178248231,0.3788663218912345,0.0055335462211070895,0.0035151107037060705,89.77038371036886,23.197809976210216,1802.8287117442244,True,False,True,True,True,True,False,False,True,False,AA08_step,AA08,step,False,0.030153582952448556,-0.026582615623154345,False,False
T09,9,-0.23898510045092924,0.22887912727682647,0.1949285482694095,0.3552288658691421,0.06497618275646984,0.1184096219563807,3.6780415578834984,1.932943653524543,0.3025926191929982,-0.13366533781222711,0.18756234460994464,0.35928362411439596,0.06252078153664821,0.11976120803813199,4.839872627241959,1.1160987769066928,901.1708485849505,True,False,True,False,True,False,False,False,False,False,AA08_step,AA08,step,False,0.0,0.0,False,False
V00,459,0.47638258938156786,-0.11957704656681807,0.7388187355257049,0.42899156980812875,0.034485105368780064,0.020023611713941146,13.81415496015404,5.971802104191039,0.5481535874916716,-0.104034751231412,0.6688834763127198,0.4607301604503817,0.031220807013870755,0.02150504225965663,17.55731641556025,4.837691085433519,1726.9049535973586,True,True,True,True,True,False,False,False,False,False,AA08_step,AA08,step,True,0.9115412188431271,-0.7235494878754954,False,False
W68,12957,0.19249242561862212,-0.011467601996853673,1.1276730833460749,0.8168453326857197,0.00990674501214227,0.007176085467309574,19.430441116904944,1.5980302978683802,0.6658439548673197,0.19757769784073778,1.0553509293691399,0.6163462133679328,0.009271386104707477,0.005414676350097522,71.81708833474667,36.48929041477784,20366.87226506025,True,False,True,True,True,True,False,False,True,False,AA08_step,AA08,step,False,-0.02759768693683172,-0.0349273146977329,False,False
W84,137,-0.20896061494687182,0.04108027210869461,0.4917057961022662,0.27597081790560324,0.04200926122436874,0.023577778158400994,4.9741559088798715,1.7423300801588595,0.42891101594805126,0.0839845505809125,0.33205608147200405,0.24685265031004605,0.028369465599702732,0.02109004521200656,15.11875556628552,3.982189214705908,1288.9081084365298,True,False,True,True,True,True,False,False,True,False,AA08_step,AA08,step,False,-0.005469712286496326,0.007066537810480512,False,False
691,1893,-0.041598092317346035,-0.0251079341880223,0.6726632153206165,0.5027275080247459,0.015460458591012461,0.01155466456817451,2.6906117999325074,2.1729695431555944,0.35791731003099886,0.016314210088234977,0.5931153573146031,0.4766846207928716,0.013632134495544393,0.010956096115985716,26.255412176866557,1.48905320978623,1519.620772395072,False,False,True,False,True,False,True,False,False,False,AA08_timing,AA08,timing,False,-0.0004511946087065563,0.0006210454820767665,False,False
703,31422,0.27464883726170897,-0.018032340839576954,0.8570689020926587,0.7043220141726964,0.004835026127837848,0.003973327386656484,56.80400270857023,4.538347607633458,0.6219064848185929,-0.15201431686459652,0.7487629746191123,0.5795352427068503,0.004224034423605305,0.003269361463995266,147.23044900940513,46.49663811686031,2542.8973816739726,True,True,True,True,True,True,False,False,False,False,AA08_timing,AA08,timing,False,0.05712911977517612,-0.44677916879727686,False,False
F51,7557,-0.020691286344109855,-0.023364527469763592,0.6018245514507836,0.47840947881434764,0.006923013678837531,0.005503323780881207,2.98876866405155,4.245530228647096,0.40851572389104196,-0.03179993740030502,0.4886843131333015,0.42984490422461474,0.005621519056176027,0.004944667253191938,72.6699882734063,6.4311582098425655,1799.3189798139633,False,True,True,True,True,True,True,False,False,False,AA08_timing,AA08,timing,False,0.003349645032973181,-0.009626882359361487,False,False
F52,4365,-0.03938700415951109,0.010686521543413995,0.7125800318201149,0.5250166834781529,0.010785530820762864,0.007946593180003384,3.6518373378237894,1.344792831512415,0.4615205304967715,-0.10001645879464997,0.6347109053292512,0.3989551513529417,0.009606912523519997,0.006038540078127686,48.04046350654905,16.563019786342323,1906.940637333893,True,False,True,True,True,True,False,False,True,False,AA08_timing,AA08,timing,False,-0.0009972462332154485,-4.8453763385345334e-06,False,False
G96,11617,0.1212190478476767,-0.006817766910235029,0.6481009094065631,0.5638002129967826,0.0060130613678316385,0.0052309219609804666,20.159289990979975,1.303358559177803,0.49650043843736263,-0.08140864406676647,0.5968039341821424,0.37856372849090525,0.0055371295252254985,0.0035123032509479088,89.66747773832196,23.1781364677995,1802.8287117442244,True,False,True,True,True,True,False,False,True,False,AA08_timing,AA08,timing,False,-0.0015432091561286144,0.00042976473235625963,False,False
T09,9,-0.23898510045092924,0.22887912727682647,0.1949285482694095,0.3552288658691421,0.06497618275646984,0.1184096219563807,3.6780415578834984,1.932943653524543,0.3025926191929982,-0.13366533781222711,0.18756234460994464,0.35928362411439596,0.06252078153664821,0.11976120803813199,4.839872627241959,1.1160987769066928,901.1708485849505,True,False,True,False,True,False,False,False,False,False,AA08_timing,AA08,timing,False,0.0,0.0,False,False
V00,459,0.19618822540255684,0.022512764711609092,0.7293654062807061,0.4301144010335604,0.03404386174646236,0.02007602098736437,5.762807605777673,1.1213758306876835,0.524473009323592,-0.08551935957118298,0.5499606668869486,0.41303182445434594,0.025669965628018557,0.01927867459510579,20.431387284412022,4.4359563801597375,1726.9049535973586,True,False,True,True,True,True,False,False,True,False,AA08_timing,AA08,timing,True,0.36037703938106147,-0.08623134444908664,False,False
W68,12957,0.19324763627017183,-0.01150104603463793,1.1281524278825572,0.817063301011394,0.00991095611211976,0.007178000345526559,19.498384826248607,1.602263232239263,0.666195485423607,0.19785189927464297,1.0557025599687595,0.6166791572328155,0.009274475222236612,0.005417601302392174,71.83107070320564,36.52020298859576,20366.87226506025,True,False,True,True,True,True,False,False,True,False,AA08_timing,AA08,timing,False,-0.0007915081374603253,0.0008716932745102878,False,False
W84,137,-0.20899948531987395,0.041276996683386254,0.49195643540048845,0.2757709287216106,0.04203067478474483,0.023560700472897104,4.9725465125230635,1.751942678057003,0.42912508687825296,0.08378634024972781,0.331988608583711,0.24697863671290568,0.028363701001822585,0.02110080895681169,15.129375635805722,3.970764363642096,1288.9081084365298,True,False,True,True,True,True,False,False,True,False,AA08_timing,AA08,timing,False,-0.00013344719068660385,0.00042258940180252345,False,False
691,1893,-0.016846521583178814,-0.017393772574535768,0.6830946028553021,0.5471567327982317,0.01570021309423729,0.012575823707245111,1.0730122885632853,1.3831119916634143,0.36093513192527776,0.020671132387133317,0.6155526988697697,0.5067447106602786,0.01414783326144274,0.011646995757964273,25.51168968812621,1.7748038049209638,1519.620772395072,False,False,True,False,True,True,True,False,False,False,AA08_trailing,AA08,trailing,False,0.1531644613192329,0.2730823465920448,False,False
703,31422,0.29825516891009507,-0.023033791223610156,0.869123301534428,0.708803286341539,0.00490302922083777,0.003998607813900319,60.83079571349829,5.760452711450727,0.6206565203545789,-0.14129424550033493,0.7736929550207194,0.5860671441375014,0.00436467318241915,0.003306210209766519,142.19999858284368,42.736013905877144,2542.8973816739726,True,True,True,True,True,True,False,False,False,False,AA08_trailing,AA08,trailing,False,-0.1497153157310963,1.863229353253578,False,False
F51,7557,-0.048740751803858,-0.01085190105280353,1.053612623349021,0.6742478174407267,0.01212010142500422,0.007756125687820547,4.021480521879464,1.39913940149839,0.40672767678113086,-0.053828868333077366,0.7924138575437358,0.8777194644675709,0.0091154339945939,0.010096736406055164,44.619672197983036,5.33131362137922,1799.3189798139633,True,False,True,True,True,True,False,False,True,False,AA08_trailing,AA08,trailing,False,-0.16451097828610386,-1.9659432170530566,False,False
F52,4365,-0.03488729303759234,0.01118403112511705,0.7179280810497456,0.5281834046909133,0.01086647828942797,0.007994524314354358,3.2105427451628272,1.3989614247636792,0.4572778999901304,-0.09340439090702286,0.6459693534549106,0.4007332948303331,0.009777319121840046,0.006065453856823053,46.769251805301906,15.399406724024765,1906.940637333893,True,False,True,True,True,True,False,False,True,False,AA08_trailing,AA08,trailing,False,-0.3105106842137841,0.7725392703878803,False,False
G96,11617,0.11672348233378856,0.0054693741849613335,0.6494644672184515,0.5703921903334795,0.006025712417509966,0.005292082134783044,19.37090160403353,1.033501379166625,0.4960876887956109,-0.08315985672955666,0.6022203771016081,0.3809161122665969,0.005587383124931024,0.0035341285991284527,88.78712586972189,23.530512372997578,1802.8287117442244,True,False,True,True,True,True,False,False,True,False,AA08_trailing,AA08,trailing,False,-0.0540072816497314,-0.35103996405812066,False,False
T09,9,-0.23898510045092924,0.22887912727682647,0.1949285482694095,0.3552288658691421,0.06497618275646984,0.1184096219563807,3.6780415578834984,1.932943653524543,0.3025926191929982,-0.13366533781222711,0.18756234460994464,0.35928362411439596,0.06252078153664821,0.11976120803813199,4.839872627241959,1.1160987769066928,901.1708485849505,True,False,True,False,True,False,False,False,False,False,AA08_trailing,AA08,trailing,False,0.0,0.0,False,False
V00,459,1.2840330247274951,0.1939750572489098,8.387718846259695,3.6108959583195817,0.3915051883614616,0.16854218986440483,3.279734376194262,1.1508991155565627,5.198508002867601,-0.9279382443077594,6.221355591158681,4.2931038303016145,0.2903880109985269,0.20038492640785718,17.90193742844973,4.630778676531103,1726.9049535973586,True,False,True,True,True,True,False,False,True,False,AA08_trailing,AA08,trailing,True,16.07916423090245,-4.196482788548291,True,True
W68,12957,0.18602695587126786,-0.012868326805842446,1.1261704391519791,0.8077545314880548,0.009893544100375615,0.007096221674556702,18.802863158431286,1.8134054143180816,0.6608281856447679,0.19530776995199342,1.0524608705992775,0.6106979588267399,0.009245996587367774,0.005365055747877207,71.47181803502026,36.40367950123741,20366.87226506025,True,False,True,True,True,True,False,False,True,False,AA08_trailing,AA08,trailing,False,-0.4106380672505244,-0.3328056553124459,False,False
W84,137,-0.20313160527099178,0.04050022037977996,0.49840356153504206,0.2750424307357162,0.042581489943077006,0.023498460689609094,4.7704203291744465,1.723526528598912,0.4292312325001535,0.09150859213379621,0.3316891605786008,0.25144657527611386,0.028338117432197198,0.021482530709380183,15.14678007553422,4.2596746804062375,1288.9081084365298,True,False,True,True,True,True,False,False,True,False,AA08_trailing,AA08,trailing,False,0.0025139128743710774,0.2568660753461538,False,False
