fake_code,real_code,bias_type,bias_params,injected_ra_arcsec,injected_dec_arcsec,recovered_mean_ra_arcsec,recovered_mean_dec_arcsec,recovered_rms_ra_arcsec,recovered_rms_dec_arcsec,n_obs,n_objects,recovery_error_ra,recovery_error_dec,detection_snr_ra,detection_snr_dec,detected_ra,detected_dec,scenario,target_station,applied_bias,is_target
AA00,F51,nan,{},0.0,0.0,-0.01248327236875342,-0.023994929142829587,0.5593669363062643,0.4644407197117671,7520,98,0.01248327236875342,0.023994929142829587,0.0,0.0,True,True,AA00_clean,AA00,clean,True
AA01,G96,nan,{},0.0,0.0,0.12183217677371538,-0.007020820182397568,0.6591929890248257,0.5640586743592534,11605,99,-0.12183217677371538,0.007020820182397568,0.0,0.0,False,True,AA00_clean,AA00,clean,False
AA02,F52,nan,{},0.0,0.0,-0.01936016854393624,0.00521720271233911,0.5774651804908084,0.5128000010002255,4341,96,0.01936016854393624,-0.00521720271233911,0.0,0.0,True,True,AA00_clean,AA00,clean,False
AA03,703,nan,{},0.0,0.0,0.281116258858585,-0.017962751337728546,0.895699085917569,0.7021188288567041,31218,98,-0.281116258858585,0.017962751337728546,0.0,0.0,False,True,AA00_clean,AA00,clean,False
AA04,691,nan,{},0.0,0.0,-0.04162937351777051,-0.025096912702431647,0.6737376115372065,0.5032148532214714,1893,82,0.04162937351777051,0.025096912702431647,0.0,0.0,True,True,AA00_clean,AA00,clean,False
AA05,W84,nan,{},0.0,0.0,-0.20900682791558817,0.04128092822110353,0.5328546678875351,0.2778511262978356,137,14,0.20900682791558817,-0.04128092822110353,0.0,0.0,False,True,AA00_clean,AA00,clean,False
AA06,W68,nan,{},0.0,0.0,0.1932509656030077,-0.011500083834932461,1.1445285434637802,0.817107293167304,12957,89,-0.1932509656030077,0.011500083834932461,0.0,0.0,False,True,AA00_clean,AA00,clean,False
AA07,T09,nan,{},0.0,0.0,-0.23898510045092924,0.22887912727682647,0.30147821288172394,0.4056505435443489,9,1,0.23898510045092924,-0.22887912727682647,0.0,0.0,False,False,AA00_clean,AA00,clean,False
AA08,V00,nan,{},0.0,0.0,0.20029659792851912,0.019110743505830415,0.7436852131465317,0.42620504508598145,455,58,-0.20029659792851912,-0.019110743505830415,0.0,0.0,False,True,AA00_clean,AA00,clean,False
AA00,F51,ConstantBias,"{'delta_ra': 0.5, 'delta_dec': 0.0}",0.5,0.0,0.4875167276265748,-0.023994929142829587,0.7418949351991243,0.4644407197117671,7520,98,0.012483272373425225,0.023994929142829587,58.4435406149795,0.0,True,True,AA00_constant,AA00,constant,True
AA01,G96,nan,{},0.0,0.0,0.07789866709452795,-0.0027875303488521354,0.6492004384388073,0.5309947986858402,11605,99,-0.07789866709452795,0.0027875303488521354,0.0,0.0,True,True,AA00_constant,AA00,constant,False
AA02,F52,nan,{},0.0,0.0,-0.04100138475961488,0.0056717126287575675,0.5778251426299503,0.5113769674812527,4341,96,0.04100138475961488,-0.0056717126287575675,0.0,0.0,True,True,AA00_constant,AA00,constant,False
AA03,703,nan,{},0.0,0.0,0.2325035854108671,-0.013889052962945016,0.8936463156195473,0.6938053631144501,31390,99,-0.2325035854108671,0.013889052962945016,0.0,0.0,False,True,AA00_constant,AA00,constant,False
AA04,691,nan,{},0.0,0.0,-0.07497824611894278,-0.027636433671780987,0.6776030469293186,0.4811161220636896,1893,82,0.07497824611894278,0.027636433671780987,0.0,0.0,True,True,AA00_constant,AA00,constant,False
AA05,W84,nan,{},0.0,0.0,-0.22191457620689028,0.06294800442506086,0.5477682436192156,0.2778619226358977,137,14,0.22191457620689028,-0.06294800442506086,0.0,0.0,False,True,AA00_constant,AA00,constant,False
AA06,W68,nan,{},0.0,0.0,0.15342526918558846,-0.00015878126472340025,1.1405262896976374,0.8151883789275445,12957,89,-0.15342526918558846,0.00015878126472340025,0.0,0.0,False,True,AA00_constant,AA00,constant,False
AA07,T09,nan,{},0.0,0.0,-0.2428739037679511,0.2148648827006383,0.30456029727527933,0.39791358258552456,9,1,0.2428739037679511,-0.2148648827006383,0.0,0.0,False,False,AA00_constant,AA00,constant,False
AA08,V00,nan,{},0.0,0.0,0.19977221670566309,0.02275118692713189,0.7343980192082902,0.4338596685638631,455,58,-0.19977221670566309,-0.02275118692713189,0.0,0.0,False,True,AA00_constant,AA00,constant,False
AA00,F51,TimingBias,{'delta_t_sec': 1.0},0.0020081682437334,-0.0005348079114207,-0.010054976867113692,-0.02469404225368386,0.5815430292767615,0.4715802458502354,7520,98,0.012063145110847093,0.02415923434226316,0.29945196066288904,0.09834474055099593,True,True,AA00_timing,AA00,timing,True
AA01,G96,nan,{},0.0,0.0,0.12222465169456026,-0.007404769550533872,0.6588466375063174,0.5643634726491485,11605,99,-0.12222465169456026,0.007404769550533872,0.0,0.0,False,True,AA00_timing,AA00,timing,False
AA02,F52,nan,{},0.0,0.0,-0.019200088531423826,0.002769546274718891,0.6028717662367,0.5562275609566634,4365,97,0.019200088531423826,-0.002769546274718891,0.0,0.0,True,True,AA00_timing,AA00,timing,False
AA03,703,nan,{},0.0,0.0,0.2857873524509694,-0.018110263515383734,0.895349320904647,0.697343516356633,31218,98,-0.2857873524509694,0.018110263515383734,0.0,0.0,False,True,AA00_timing,AA00,timing,False
AA04,691,nan,{},0.0,0.0,-0.04035162934834119,-0.025548661440226335,0.6744831497589727,0.5043414447325185,1893,82,0.04035162934834119,0.025548661440226335,0.0,0.0,True,True,AA00_timing,AA00,timing,False
AA05,W84,nan,{},0.0,0.0,-0.208558047576935,0.04361363295053579,0.5324625310721925,0.27760481633357786,137,14,0.208558047576935,-0.04361363295053579,0.0,0.0,False,True,AA00_timing,AA00,timing,False
AA06,W68,nan,{},0.0,0.0,0.19238892213443856,-0.010941134481742776,1.1448866599614056,0.8171585389101366,12957,89,-0.19238892213443856,0.010941134481742776,0.0,0.0,False,True,AA00_timing,AA00,timing,False
AA07,T09,nan,{},0.0,0.0,-0.23898510045092924,0.22887912727682647,0.30147821288172394,0.4056505435443489,9,1,0.23898510045092924,-0.22887912727682647,0.0,0.0,False,False,AA00_timing,AA00,timing,False
AA08,V00,nan,{},0.0,0.0,0.19990466363254447,0.018813669093388132,0.743564031148054,0.4262019720242995,455,58,-0.19990466363254447,-0.018813669093388132,0.0,0.0,False,True,AA00_timing,AA00,timing,False
AA00,F51,MagnitudeDependentBias,"{'slope_ra': 0.05, 'slope_dec': 0.02, 'ref_mag': 18.0}",0.0264402461619904,0.0105760984647961,0.013575833746632137,-0.013571285525813583,0.5656278888329493,0.4670421118276178,7520,98,0.012864412415358264,0.024147383990609683,4.053625281059927,1.9637145788618373,True,True,AA00_mag_dep,AA00,mag_dep,True
AA01,G96,nan,{},0.0,0.0,0.1219922553484476,-0.005257720073833016,0.6580625789707908,0.5644600487834254,11605,99,-0.1219922553484476,0.005257720073833016,0.0,0.0,False,True,AA00_mag_dep,AA00,mag_dep,False
AA02,F52,nan,{},0.0,0.0,-0.017967238532523102,0.007744509390617004,0.5772408217315972,0.5113835670308341,4341,96,0.017967238532523102,-0.007744509390617004,0.0,0.0,True,True,AA00_mag_dep,AA00,mag_dep,False
AA03,703,nan,{},0.0,0.0,0.2912596315333122,-0.024353577153353127,0.9092180113728416,0.7062642967967774,31218,98,-0.2912596315333122,0.024353577153353127,0.0,0.0,False,True,AA00_mag_dep,AA00,mag_dep,False
AA04,691,nan,{},0.0,0.0,-0.04369820943556708,-0.026238529778299238,0.6756217424535357,0.5061812833810505,1893,82,0.04369820943556708,0.026238529778299238,0.0,0.0,True,True,AA00_mag_dep,AA00,mag_dep,False
AA05,W84,nan,{},0.0,0.0,-0.20915193831416398,0.04086579465520967,0.5313150043856001,0.278838613341991,137,14,0.20915193831416398,-0.04086579465520967,0.0,0.0,False,True,AA00_mag_dep,AA00,mag_dep,False
AA06,W68,nan,{},0.0,0.0,0.18336325550264035,-0.02072275536616461,1.1513757939178706,0.820908149253184,12957,89,-0.18336325550264035,0.02072275536616461,0.0,0.0,False,True,AA00_mag_dep,AA00,mag_dep,False
AA07,T09,nan,{},0.0,0.0,-0.23898510045092924,0.22887912727682647,0.30147821288172394,0.4056505435443489,9,1,0.23898510045092924,-0.22887912727682647,0.0,0.0,False,False,AA00_mag_dep,AA00,mag_dep,False
AA08,V00,nan,{},0.0,0.0,0.19938362575491825,0.01846328390851481,0.7443921854395145,0.42632189122588937,455,58,-0.19938362575491825,-0.01846328390851481,0.0,0.0,False,True,AA00_mag_dep,AA00,mag_dep,False
AA00,F51,CatalogEpochBias,"{'epoch_error_years': 5.0, 'pm_ra_median_masyr': 50.0, 'pm_dec_median_masyr': 30.0}",0.25,0.15,0.2375166918958646,0.12600507085719376,0.6075768393575363,0.48063156719416,7520,98,0.012483308104135393,0.023994929142806237,35.68187920330063,27.063744708121895,True,True,AA00_epoch,AA00,epoch,True
AA01,G96,nan,{},0.0,0.0,0.09291672022572005,-0.01467072173307429,0.654660089559886,0.5253216540605575,11605,99,-0.09291672022572005,0.01467072173307429,0.0,0.0,True,True,AA00_epoch,AA00,epoch,False
AA02,F52,nan,{},0.0,0.0,-0.029480869655601157,0.0035068451204180264,0.5735215762505533,0.5063159624590082,4341,96,0.029480869655601157,-0.0035068451204180264,0.0,0.0,True,True,AA00_epoch,AA00,epoch,False
AA03,703,nan,{},0.0,0.0,0.2618216236001983,-0.02933600767277795,0.9144002802523825,0.7136144646018233,31218,98,-0.2618216236001983,0.02933600767277795,0.0,0.0,False,True,AA00_epoch,AA00,epoch,False
AA04,691,nan,{},0.0,0.0,-0.061106552806155255,-0.03321869432644611,0.7023295790305206,0.49467896209750645,1893,82,0.061106552806155255,0.03321869432644611,0.0,0.0,True,True,AA00_epoch,AA00,epoch,False
AA05,W84,nan,{},0.0,0.0,-0.2081006995117687,0.052042397553266055,0.5346584283694573,0.277543394273552,137,14,0.2081006995117687,-0.052042397553266055,0.0,0.0,False,True,AA00_epoch,AA00,epoch,False
AA06,W68,nan,{},0.0,0.0,0.16672576738391934,-0.006765577818268398,1.1367837441464936,0.8141603374633989,12957,89,-0.16672576738391934,0.006765577818268398,0.0,0.0,False,True,AA00_epoch,AA00,epoch,False
AA07,T09,nan,{},0.0,0.0,-0.23898510045092924,0.22887912727682647,0.30147821288172394,0.4056505435443489,9,1,0.23898510045092924,-0.22887912727682647,0.0,0.0,False,False,AA00_epoch,AA00,epoch,False
AA08,V00,nan,{},0.0,0.0,0.20529956147339481,0.021937422508824366,0.7369817273537878,0.43228975056852265,455,58,-0.20529956147339481,-0.021937422508824366,0.0,0.0,False,True,AA00_epoch,AA00,epoch,False
AA00,F51,SeasonalBias,"{'amplitude_ra': 0.3, 'amplitude_dec': 0.1, 'phase_days': 0.0}",0.0157932605873465,0.0052644201957821,0.0034400791055516364,-0.01868714591715539,0.5963187692913171,0.48032353977257924,7520,98,0.012353181481794866,0.02395156611293749,2.2966892755253046,0.9504419478547381,True,True,AA00_seasonal,AA00,seasonal,True
AA01,G96,nan,{},0.0,0.0,0.11652312281142777,0.0022132510986397824,0.6634795667363673,0.5406364701959474,11605,99,-0.11652312281142777,-0.0022132510986397824,0.0,0.0,False,True,AA00_seasonal,AA00,seasonal,False
AA02,F52,nan,{},0.0,0.0,-0.002294976491325089,0.021418140822724308,0.5704153784230338,0.5200863833824062,4341,96,0.002294976491325089,-0.021418140822724308,0.0,0.0,True,True,AA00_seasonal,AA00,seasonal,False
AA03,703,nan,{},0.0,0.0,0.28188588796619857,-0.010021161808510565,0.9175016797478407,0.7158699517875763,31218,98,-0.28188588796619857,0.010021161808510565,0.0,0.0,False,True,AA00_seasonal,AA00,seasonal,False
AA04,691,nan,{},0.0,0.0,-0.04988200011261019,-0.020610784487080307,0.6657907324603988,0.503886492378397,1893,82,0.04988200011261019,0.020610784487080307,0.0,0.0,True,True,AA00_seasonal,AA00,seasonal,False
AA05,W84,nan,{},0.0,0.0,-0.17277196407104606,-0.05596465644609966,0.5489447696509331,0.37769243157110705,137,14,0.17277196407104606,0.05596465644609966,0.0,0.0,False,True,AA00_seasonal,AA00,seasonal,False
AA06,W68,nan,{},0.0,0.0,0.19413504455668004,-0.007465482994997113,1.1349678370053353,0.8130345792022644,12957,89,-0.19413504455668004,0.007465482994997113,0.0,0.0,False,True,AA00_seasonal,AA00,seasonal,False
AA07,T09,nan,{},0.0,0.0,-0.23898510045092924,0.22887912727682647,0.30147821288172394,0.4056505435443489,9,1,0.23898510045092924,-0.22887912727682647,0.0,0.0,False,False,AA00_seasonal,AA00,seasonal,False
AA08,V00,nan,{},0.0,0.0,0.2119559136347183,0.020588018986402185,0.7368907432072257,0.4297040195351343,455,58,-0.2119559136347183,-0.020588018986402185,0.0,0.0,False,True,AA00_seasonal,AA00,seasonal,False
AA00,F51,StepChangeBias,"{'delta_ra_before': 0.0, 'delta_dec_before': 0.0, 'delta_ra_after': 0.4, 'delta_dec_after': -0.2, 'change_mjd': 59945.0}",0.0983988355167394,-0.0491994177583697,0.08491036457214196,-0.07269173765350645,0.5860626617624975,0.4788755611231704,7520,98,0.013488470944597444,0.023492319895136747,14.559780441464024,8.909353883280776,True,True,AA00_step,AA00,step,True
AA01,G96,nan,{},0.0,0.0,0.11485890034235754,-0.001205167050867183,0.6569464987133079,0.5628629356778589,11605,99,-0.11485890034235754,0.001205167050867183,0.0,0.0,False,True,AA00_step,AA00,step,False
AA02,F52,nan,{},0.0,0.0,-0.020652227966209715,0.007460555270416165,0.5786082312055602,0.5109133187429352,4341,96,0.020652227966209715,-0.007460555270416165,0.0,0.0,True,True,AA00_step,AA00,step,False
AA03,703,nan,{},0.0,0.0,0.2767402054769363,-0.006275213688696803,0.9012312189152126,0.7072523182201256,31218,98,-0.2767402054769363,0.006275213688696803,0.0,0.0,False,True,AA00_step,AA00,step,False
AA04,691,nan,{},0.0,0.0,-0.05263406372553157,-0.02099932724947207,0.6608593534584057,0.5066183439260276,1893,82,0.05263406372553157,0.02099932724947207,0.0,0.0,True,True,AA00_step,AA00,step,False
AA05,W84,nan,{},0.0,0.0,-0.2114864072778658,0.04189251883796325,0.531592969431569,0.2787083464942609,137,14,0.2114864072778658,-0.04189251883796325,0.0,0.0,False,True,AA00_step,AA00,step,False
AA06,W68,nan,{},0.0,0.0,0.18011489638404066,-0.007674912541377512,1.1432783611822037,0.8164216087710654,12957,89,-0.18011489638404066,0.007674912541377512,0.0,0.0,False,True,AA00_step,AA00,step,False
AA07,T09,nan,{},0.0,0.0,-0.23898510045092924,0.22887912727682647,0.30147821288172394,0.4056505435443489,9,1,0.23898510045092924,-0.22887912727682647,0.0,0.0,False,False,AA00_step,AA00,step,False
AA08,V00,nan,{},0.0,0.0,0.20038895773968463,0.017223634017210557,0.742773533987952,0.43202327211272573,455,58,-0.20038895773968463,-0.017223634017210557,0.0,0.0,False,True,AA00_step,AA00,step,False
AA00,F51,DCRBias,"{'bandpass_nm': 200.0, 'ref_wavelength_nm': 550.0}",0.0051401438948738,-0.1019700777312153,-0.007311386526561477,-0.12617483824907333,0.582598026829243,0.5004955128763567,7520,98,0.012451530421435278,0.024204760517858026,0.7650946900099722,17.667759645727678,True,True,AA00_dcr,AA00,dcr,True
AA01,G96,nan,{},0.0,0.0,0.11241338297415736,-0.010544577652403991,0.65967781717678,0.5352381271275984,11605,99,-0.11241338297415736,0.010544577652403991,0.0,0.0,False,True,AA00_dcr,AA00,dcr,False
AA02,F52,nan,{},0.0,0.0,-0.006317943872162051,0.028293535801551004,0.5713220757798171,0.5158654765237991,4341,96,0.006317943872162051,-0.028293535801551004,0.0,0.0,True,True,AA00_dcr,AA00,dcr,False
AA03,703,nan,{},0.0,0.0,0.26472110985289493,-0.02200232081974372,0.9163154763522244,0.7145046155703695,31390,99,-0.26472110985289493,0.02200232081974372,0.0,0.0,False,True,AA00_dcr,AA00,dcr,False
AA04,691,nan,{},0.0,0.0,-0.0419008446787987,-0.020262375114203104,0.7212448686360607,0.5014963681042802,1893,82,0.0419008446787987,0.020262375114203104,0.0,0.0,True,True,AA00_dcr,AA00,dcr,False
AA05,W84,nan,{},0.0,0.0,-0.21333431312977488,0.04070374795638815,0.5362762831640817,0.2784307421501953,137,14,0.21333431312977488,-0.04070374795638815,0.0,0.0,False,True,AA00_dcr,AA00,dcr,False
AA06,W68,nan,{},0.0,0.0,0.19229358314458356,0.005326983151638453,1.1514110380693432,0.823589261195967,12957,89,-0.19229358314458356,-0.005326983151638453,0.0,0.0,False,True,AA00_dcr,AA00,dcr,False
AA07,T09,nan,{},0.0,0.0,-0.23898510045092924,0.22887912727682647,0.30147821288172394,0.4056505435443489,9,1,0.23898510045092924,-0.22887912727682647,0.0,0.0,False,False,AA00_dcr,AA00,dcr,False
AA08,V00,nan,{},0.0,0.0,0.19958629354579835,0.020606707026505508,0.7512220702703483,0.42847526885952164,455,58,-0.19958629354579835,-0.020606707026505508,0.0,0.0,False,True,AA00_dcr,AA00,dcr,False
AA00,F51,TrailingBias,{'trailing_factor': 0.1},0.7229405677440506,-0.192530848111485,0.17154392844298005,-0.27567564906017367,49.7811316566104,4.2780027572403085,7520,98,0.5513966393010705,0.08314480094868867,1.2593508831837064,3.902727099814925,False,True,AA00_trailing,AA00,trailing,True
AA01,G96,nan,{},0.0,0.0,0.45182265439752,-0.042174442098948536,1.0251007039381572,0.5860004838763014,3781,29,-0.45182265439752,0.042174442098948536,0.0,0.0,False,True,AA00_trailing,AA00,trailing,False
AA02,F52,nan,{},0.0,0.0,0.18549517036670984,0.02102779468395429,0.7002625451624136,0.41097058522484003,1299,30,-0.18549517036670984,-0.02102779468395429,0.0,0.0,False,True,AA00_trailing,AA00,trailing,False
AA03,703,nan,{},0.0,0.0,0.5534838481214236,-0.03356603683666216,1.1165230397845896,0.7310193397168051,4486,13,-0.5534838481214236,0.03356603683666216,0.0,0.0,False,True,AA00_trailing,AA00,trailing,False
AA04,691,nan,{},0.0,0.0,0.3995893350084356,-0.18956085830385536,1.1120236058601267,0.8397217243585335,738,27,-0.3995893350084356,0.18956085830385536,0.0,0.0,False,False,AA00_trailing,AA00,trailing,False
AA05,W84,nan,{},0.0,0.0,-0.1598351061899397,0.18243496862943415,0.6131885632210966,0.34535588954728114,65,7,0.1598351061899397,-0.18243496862943415,0.0,0.0,False,False,AA00_trailing,AA00,trailing,False
AA06,W68,nan,{},0.0,0.0,0.0984088073895296,0.02702557625764933,0.8912176260355781,0.5418639283104459,5375,29,-0.0984088073895296,-0.02702557625764933,0.0,0.0,True,True,AA00_trailing,AA00,trailing,False
AA07,T09,nan,{},0.0,0.0,,,,,0,0,,,0.0,0.0,False,False,AA00_trailing,AA00,trailing,False
AA08,V00,nan,{},0.0,0.0,0.3520764136400692,0.10300296034610108,0.8122134499729016,0.4696421801470184,193,21,-0.3520764136400692,-0.10300296034610108,0.0,0.0,False,False,AA00_trailing,AA00,trailing,False
AA00,F51,nan,{},0.0,0.0,-0.01248327236875342,-0.023994929142829587,0.5593669363062643,0.4644407197117671,7520,98,0.01248327236875342,0.023994929142829587,0.0,0.0,True,True,AA01_clean,AA01,clean,False
AA01,G96,nan,{},0.0,0.0,0.12183217677371538,-0.007020820182397568,0.6591929890248257,0.5640586743592534,11605,99,-0.12183217677371538,0.007020820182397568,0.0,0.0,False,True,AA01_clean,AA01,clean,True
AA02,F52,nan,{},0.0,0.0,-0.01936016854393624,0.00521720271233911,0.5774651804908084,0.5128000010002255,4341,96,0.01936016854393624,-0.00521720271233911,0.0,0.0,True,True,AA01_clean,AA01,clean,False
AA03,703,nan,{},0.0,0.0,0.281116258858585,-0.017962751337728546,0.895699085917569,0.7021188288567041,31218,98,-0.281116258858585,0.017962751337728546,0.0,0.0,False,True,AA01_clean,AA01,clean,False
AA04,691,nan,{},0.0,0.0,-0.04162937351777051,-0.025096912702431647,0.6737376115372065,0.5032148532214714,1893,82,0.04162937351777051,0.025096912702431647,0.0,0.0,True,True,AA01_clean,AA01,clean,False
AA05,W84,nan,{},0.0,0.0,-0.20900682791558817,0.04128092822110353,0.5328546678875351,0.2778511262978356,137,14,0.20900682791558817,-0.04128092822110353,0.0,0.0,False,True,AA01_clean,AA01,clean,False
AA06,W68,nan,{},0.0,0.0,0.1932509656030077,-0.011500083834932461,1.1445285434637802,0.817107293167304,12957,89,-0.1932509656030077,0.011500083834932461,0.0,0.0,False,True,AA01_clean,AA01,clean,False
AA07,T09,nan,{},0.0,0.0,-0.23898510045092924,0.22887912727682647,0.30147821288172394,0.4056505435443489,9,1,0.23898510045092924,-0.22887912727682647,0.0,0.0,False,False,AA01_clean,AA01,clean,False
AA08,V00,nan,{},0.0,0.0,0.20029659792851912,0.019110743505830415,0.7436852131465317,0.42620504508598145,455,58,-0.20029659792851912,-0.019110743505830415,0.0,0.0,False,True,AA01_clean,AA01,clean,False
AA00,F51,nan,{},0.0,0.0,-0.06187968815423567,-0.0128279228267567,0.5592170003933667,0.4690753468634569,7520,98,0.06187968815423567,0.0128279228267567,0.0,0.0,True,True,AA01_constant,AA01,constant,False
AA01,G96,ConstantBias,"{'delta_ra': 0.5, 'delta_dec': 0.0}",0.5,0.0,0.6218321774091321,-0.007020820182397568,0.8979797190015884,0.5640586743592534,11605,99,-0.1218321774091321,0.007020820182397568,59.982705221333845,0.0,False,True,AA01_constant,AA01,constant,True
AA02,F52,nan,{},0.0,0.0,-0.044593083872526196,0.0018473444818592239,0.576121633188866,0.5055139290535643,4341,96,0.044593083872526196,-0.0018473444818592239,0.0,0.0,True,True,AA01_constant,AA01,constant,False
AA03,703,nan,{},0.0,0.0,0.2056553851544557,-0.008007341082479224,0.9336456215884598,0.7012169110596828,31390,99,-0.2056553851544557,0.008007341082479224,0.0,0.0,False,True,AA01_constant,AA01,constant,False
AA04,691,nan,{},0.0,0.0,-0.10652786999977362,-0.0027537042288277316,0.6529193312373729,0.48536934385364394,1893,82,0.10652786999977362,0.0027537042288277316,0.0,0.0,False,True,AA01_constant,AA01,constant,False
AA05,W84,nan,{},0.0,0.0,-0.18991401107212977,-0.033825376318833415,0.5575334166270411,0.3511963583327645,137,14,0.18991401107212977,0.033825376318833415,0.0,0.0,False,True,AA01_constant,AA01,constant,False
AA06,W68,nan,{},0.0,0.0,0.14449250661555474,-0.0022240214450509658,1.1517719892913993,0.8260996919395449,12957,89,-0.14449250661555474,0.0022240214450509658,0.0,0.0,False,True,AA01_constant,AA01,constant,False
AA07,T09,nan,{},0.0,0.0,-0.2569795986715463,0.22350313133028266,0.31592750051216517,0.40264455125713605,9,1,0.2569795986715463,-0.22350313133028266,0.0,0.0,False,False,AA01_constant,AA01,constant,False
AA08,V00,nan,{},0.0,0.0,0.18072213871186368,0.010165068913111336,0.7434416865325771,0.42551890205181325,455,58,-0.18072213871186368,-0.010165068913111336,0.0,0.0,False,True,AA01_constant,AA01,constant,False
AA00,F51,nan,{},0.0,0.0,-0.01168187012444787,-0.023792131328349155,0.560299958278491,0.4648996897666835,7520,98,0.01168187012444787,0.023792131328349155,0.0,0.0,True,True,AA01_timing,AA01,timing,False
AA01,G96,TimingBias,{'delta_t_sec': 1.0},-5.187601770579393e-05,-0.0003384560703927,0.12178119910202403,-0.007356036222752293,0.6717812106257763,0.5729167612101682,11605,99,-0.12183307511972982,0.007017580152359593,0.008318812764303917,0.06364046615025584,False,True,AA01_timing,AA01,timing,True
AA02,F52,nan,{},0.0,0.0,-0.01948867133558826,0.00533356800029328,0.5773669297560433,0.5121010801944026,4341,96,0.01948867133558826,-0.00533356800029328,0.0,0.0,True,True,AA01_timing,AA01,timing,False
AA03,703,nan,{},0.0,0.0,0.28105195394007654,-0.018187457411484725,0.8951289523861694,0.7015607501031317,31218,98,-0.28105195394007654,0.018187457411484725,0.0,0.0,False,True,AA01_timing,AA01,timing,False
AA04,691,nan,{},0.0,0.0,-0.04272236466131645,-0.024818206390022628,0.6701537254095108,0.5038642565821055,1893,82,0.04272236466131645,0.024818206390022628,0.0,0.0,True,True,AA01_timing,AA01,timing,False
AA05,W84,nan,{},0.0,0.0,-0.20847326585063625,0.041546677930296746,0.5324562071898069,0.27787253455757555,137,14,0.20847326585063625,-0.041546677930296746,0.0,0.0,False,True,AA01_timing,AA01,timing,False
AA06,W68,nan,{},0.0,0.0,0.19319452901215872,-0.010917612687392114,1.1449065409890382,0.8168087345545094,12957,89,-0.19319452901215872,0.010917612687392114,0.0,0.0,False,True,AA01_timing,AA01,timing,False
AA07,T09,nan,{},0.0,0.0,-0.23898510045092924,0.22887912727682647,0.30147821288172394,0.4056505435443489,9,1,0.23898510045092924,-0.22887912727682647,0.0,0.0,False,False,AA01_timing,AA01,timing,False
AA08,V00,nan,{},0.0,0.0,0.20041191216951407,0.01930950498071871,0.7435527933779487,0.4258731822991954,455,58,-0.20041191216951407,-0.01930950498071871,0.0,0.0,False,True,AA01_timing,AA01,timing,False
AA00,F51,nan,{},0.0,0.0,0.03168155313187059,-0.01159736998824299,0.659692596485215,0.5771171481221485,768,15,-0.03168155313187059,0.01159736998824299,0.0,0.0,True,True,AA01_mag_dep,AA01,mag_dep,False
AA01,G96,MagnitudeDependentBias,"{'slope_ra': 0.05, 'slope_dec': 0.02, 'ref_mag': 18.0}",0.0174771773112996,0.0069908709245198,0.13887909997183884,0.0016607604469840232,0.671227077320839,0.5690307963240764,11605,99,-0.12140192266053923,0.005330110477535776,2.8049453045011785,1.3234821390671114,False,True,AA01_mag_dep,AA01,mag_dep,True
AA02,F52,nan,{},0.0,0.0,-0.03879002997330224,0.012961116128453947,0.4023096082634811,0.4809007791787839,403,13,0.03879002997330224,-0.012961116128453947,0.0,0.0,True,True,AA01_mag_dep,AA01,mag_dep,False
AA03,703,nan,{},0.0,0.0,0.40983289728257544,-0.03689557254860976,0.9835173198054076,0.6675522579777566,3930,15,-0.40983289728257544,0.03689557254860976,0.0,0.0,False,True,AA01_mag_dep,AA01,mag_dep,False
AA04,691,nan,{},0.0,0.0,-0.014782612596966168,0.09492391586709671,0.6212603020616327,0.46583843354967613,118,10,0.014782612596966168,-0.09492391586709671,0.0,0.0,True,True,AA01_mag_dep,AA01,mag_dep,False
AA05,W84,nan,{},0.0,0.0,-0.010678748981807675,0.26443202942960653,0.821983829667139,0.49771217242562055,18,3,0.010678748981807675,-0.26443202942960653,0.0,0.0,True,False,AA01_mag_dep,AA01,mag_dep,False
AA06,W68,nan,{},0.0,0.0,0.17489150526021663,-0.023305361913944403,0.7452019633443803,0.5003708011647439,2346,14,-0.17489150526021663,0.023305361913944403,0.0,0.0,False,True,AA01_mag_dep,AA01,mag_dep,False
AA07,T09,nan,{},0.0,0.0,,,,,0,0,,,0.0,0.0,False,False,AA01_mag_dep,AA01,mag_dep,False
AA08,V00,nan,{},0.0,0.0,0.16110875929383267,0.022503659406325482,0.5850433989703534,0.6364239382444282,44,5,-0.16110875929383267,-0.022503659406325482,0.0,0.0,False,True,AA01_mag_dep,AA01,mag_dep,False
AA00,F51,nan,{},0.0,0.0,-0.046513494680767056,-0.025803254550875156,0.5499795922628334,0.4578622308410714,7520,98,0.046513494680767056,0.025803254550875156,0.0,0.0,True,True,AA01_epoch,AA01,epoch,False
AA01,G96,CatalogEpochBias,"{'epoch_error_years': 5.0, 'pm_ra_median_masyr': 50.0, 'pm_dec_median_masyr': 30.0}",0.25,0.1499999999999999,0.3718320950459623,0.14297917981755712,0.7469613371748495,0.5818556024179583,11605,99,-0.12183209504596232,0.007020820182442794,36.05491348677402,27.771453547464894,False,True,AA01_epoch,AA01,epoch,True
AA02,F52,nan,{},0.0,0.0,-0.03454773262552944,-0.005250609236246554,0.5706279821599078,0.4985650862027872,4341,96,0.03454773262552944,0.005250609236246554,0.0,0.0,True,True,AA01_epoch,AA01,epoch,False
AA03,703,nan,{},0.0,0.0,0.25434048891828914,-0.022164695831808724,0.9125215497759936,0.7076979971161322,31218,98,-0.25434048891828914,0.022164695831808724,0.0,0.0,False,True,AA01_epoch,AA01,epoch,False
AA04,691,nan,{},0.0,0.0,-0.08450064450727619,-0.02309911254829105,0.6590146764805555,0.4943975590335103,1893,82,0.08450064450727619,0.02309911254829105,0.0,0.0,True,True,AA01_epoch,AA01,epoch,False
AA05,W84,nan,{},0.0,0.0,-0.17889351146149013,-0.028094507562461648,0.5555809507522056,0.3552930587192747,137,14,0.17889351146149013,0.028094507562461648,0.0,0.0,False,True,AA01_epoch,AA01,epoch,False
AA06,W68,nan,{},0.0,0.0,0.1581735117683318,-0.009107224003789167,1.1448005846838456,0.8224376673087677,12957,89,-0.1581735117683318,0.009107224003789167,0.0,0.0,False,True,AA01_epoch,AA01,epoch,False
AA07,T09,nan,{},0.0,0.0,-0.2433791763187411,0.2144741070732259,0.30496275898012865,0.3977028843337604,9,1,0.2433791763187411,-0.2144741070732259,0.0,0.0,False,False,AA01_epoch,AA01,epoch,False
AA08,V00,nan,{},0.0,0.0,0.20482308926795753,0.0021958664809451876,0.742154587855157,0.4273544062137581,455,58,-0.20482308926795753,-0.0021958664809451876,0.0,0.0,False,True,AA01_epoch,AA01,epoch,False
AA00,F51,nan,{},0.0,0.0,-0.02039356751923823,-0.025059211810535383,0.5547449541555931,0.4604561686240198,7520,98,0.02039356751923823,0.025059211810535383,0.0,0.0,True,True,AA01_seasonal,AA01,seasonal,False
AA01,G96,SeasonalBias,"{'amplitude_ra': 0.3, 'amplitude_dec': 0.1, 'phase_days': 0.0}",0.0665355286796936,0.0221785095598978,0.18855308729921202,0.015219489551555514,0.6910221737630401,0.5748097279154233,11605,99,-0.12201755861951842,0.006959020008342287,10.372518093256328,4.156529051907455,False,True,AA01_seasonal,AA01,seasonal,True
AA02,F52,nan,{},0.0,0.0,-0.00846593733525352,0.01956258147283833,0.5670739822181571,0.5115025953678813,4341,96,0.00846593733525352,-0.01956258147283833,0.0,0.0,True,True,AA01_seasonal,AA01,seasonal,False
AA03,703,nan,{},0.0,0.0,0.26671053838005304,-0.010333715825852682,0.897253994963868,0.7131069454312443,31218,98,-0.26671053838005304,0.010333715825852682,0.0,0.0,False,True,AA01_seasonal,AA01,seasonal,False
AA04,691,nan,{},0.0,0.0,-0.05804894865368413,-0.021479273088440994,0.6507970722947641,0.4895401523867825,1893,82,0.05804894865368413,0.021479273088440994,0.0,0.0,True,True,AA01_seasonal,AA01,seasonal,False
AA05,W84,nan,{},0.0,0.0,-0.1768813844682603,-0.042783481802017756,0.5406742161142062,0.36074924367927463,137,14,0.1768813844682603,0.042783481802017756,0.0,0.0,False,True,AA01_seasonal,AA01,seasonal,False
AA06,W68,nan,{},0.0,0.0,0.17338982942624231,-0.010217560299757756,1.1445338965016953,0.8183621610732574,12957,89,-0.17338982942624231,0.010217560299757756,0.0,0.0,False,True,AA01_seasonal,AA01,seasonal,False
AA07,T09,nan,{},0.0,0.0,-0.23898510117835084,0.22887907574036248,0.3014782134474632,0.4056505144636082,9,1,0.23898510117835084,-0.22887907574036248,0.0,0.0,False,False,AA01_seasonal,AA01,seasonal,False
AA08,V00,nan,{},0.0,0.0,0.20139655671886086,0.0050701594653042685,0.7408635380539461,0.420604795715875,455,58,-0.20139655671886086,-0.0050701594653042685,0.0,0.0,False,True,AA01_seasonal,AA01,seasonal,False
AA00,F51,nan,{},0.0,0.0,0.09548190845315044,-0.033938246603056894,3.7075918945933783,2.0670690378466174,7557,99,-0.09548190845315044,0.033938246603056894,0.0,0.0,True,True,AA01_step,AA01,step,False
AA01,G96,StepChangeBias,"{'delta_ra_before': 0.0, 'delta_dec_before': 0.0, 'delta_ra_after': 0.4, 'delta_dec_after': -0.2, 'change_mjd': 59945.0}",0.1179994835155375,-0.0589997417577687,0.23954010940184386,-0.06587476244863537,0.7111002874599016,0.5771314846499078,11605,99,-0.12154062588630636,0.006875020690866665,17.87606086101896,11.012804148635437,False,True,AA01_step,AA01,step,True
AA02,F52,nan,{},0.0,0.0,-0.02732817547237399,0.008141895016695714,0.5844536731056983,0.503619456665193,4341,96,0.02732817547237399,-0.008141895016695714,0.0,0.0,True,True,AA01_step,AA01,step,False
AA03,703,nan,{},0.0,0.0,0.26401483295410455,-0.00213061089136797,0.907670586888773,0.7070545701362166,31218,98,-0.26401483295410455,0.00213061089136797,0.0,0.0,False,True,AA01_step,AA01,step,False
AA04,691,nan,{},0.0,0.0,-0.03635245071629027,-0.024747290347136915,0.6849012208799587,0.506579048488602,1893,82,0.03635245071629027,0.024747290347136915,0.0,0.0,True,True,AA01_step,AA01,step,False
AA05,W84,nan,{},0.0,0.0,-0.17197746164991354,-0.060383308931161214,0.5399435170823206,0.3711645853800092,137,14,0.17197746164991354,0.060383308931161214,0.0,0.0,False,True,AA01_step,AA01,step,False
AA06,W68,nan,{},0.0,0.0,0.18112954425547936,-0.004019059701829781,1.1448504049405002,0.8140361090822902,12957,89,-0.18112954425547936,0.004019059701829781,0.0,0.0,False,True,AA01_step,AA01,step,False
AA07,T09,nan,{},0.0,0.0,-0.23898510045092924,0.22887912727682647,0.30147821288172394,0.4056505435443489,9,1,0.23898510045092924,-0.22887912727682647,0.0,0.0,False,False,AA01_step,AA01,step,False
AA08,V00,nan,{},0.0,0.0,0.18920760675032428,0.01861742439653483,0.7467359479323885,0.42659404738270973,455,58,-0.18920760675032428,-0.01861742439653483,0.0,0.0,False,True,AA01_step,AA01,step,False
AA00,F51,nan,{},0.0,0.0,-0.024542343730717963,-0.009880573320147428,0.5578794854435046,0.46522538351184783,7520,98,0.024542343730717963,0.009880573320147428,0.0,0.0,True,True,AA01_dcr,AA01,dcr,False
AA01,G96,DCRBias,"{'bandpass_nm': 200.0, 'ref_wavelength_nm': 550.0}",0.0111519848219403,-0.1399222509497878,0.13303352559715398,-0.14704233597536395,0.6908767096772545,0.5840052845341674,11605,99,-0.12188154077521368,0.0071200850255761505,1.738898327428459,25.810271831399145,False,True,AA01_dcr,AA01,dcr,True
AA02,F52,nan,{},0.0,0.0,-0.008624214295951177,0.03295909097973779,0.5672760715957722,0.5184714180825434,4341,96,0.008624214295951177,-0.03295909097973779,0.0,0.0,True,True,AA01_dcr,AA01,dcr,False
AA03,703,nan,{},0.0,0.0,0.28956649900171866,-0.006844438533043367,0.9053956523032916,0.7000748070513194,31390,99,-0.28956649900171866,0.006844438533043367,0.0,0.0,False,True,AA01_dcr,AA01,dcr,False
AA04,691,nan,{},0.0,0.0,-0.056010225793293046,-0.006443101979556212,0.6504279580111894,0.5015459769364293,1893,82,0.056010225793293046,0.006443101979556212,0.0,0.0,True,True,AA01_dcr,AA01,dcr,False
AA05,W84,nan,{},0.0,0.0,-0.21246983188309343,0.045589804319352216,0.5368617691893037,0.27916085102230076,137,14,0.21246983188309343,-0.045589804319352216,0.0,0.0,False,True,AA01_dcr,AA01,dcr,False
AA06,W68,nan,{},0.0,0.0,0.19102351565009384,0.0008054137875467017,1.1385999893560332,0.8153616246696995,12957,89,-0.19102351565009384,-0.0008054137875467017,0.0,0.0,False,True,AA01_dcr,AA01,dcr,False
AA07,T09,nan,{},0.0,0.0,-0.23898510045092924,0.22887912727682647,0.30147821288172394,0.4056505435443489,9,1,0.23898510045092924,-0.22887912727682647,0.0,0.0,False,False,AA01_dcr,AA01,dcr,False
AA08,V00,nan,{},0.0,0.0,0.20123379860011834,0.029352366843110857,0.7452509446445476,0.42682449506126896,455,58,-0.20123379860011834,-0.029352366843110857,0.0,0.0,False,True,AA01_dcr,AA01,dcr,False
AA00,F51,nan,{},0.0,0.0,0.6814794702757314,-0.05854818772207729,1.9511790783825764,1.1197735159881155,1058,12,-0.6814794702757314,0.05854818772207729,0.0,0.0,False,True,AA01_trailing,AA01,trailing,False
AA01,G96,TrailingBias,{'trailing_factor': 0.1},-0.0186753663740857,-0.1218441853413929,-0.18174548441251692,-0.12769859472040834,28.0086014273588,5.069607425043478,11605,99,0.16307011803843122,0.005854409379015449,0.07182907596211494,2.5891251943290756,False,True,AA01_trailing,AA01,trailing,True
AA02,F52,nan,{},0.0,0.0,0.3881370371007004,-0.08555540532699644,0.7755360497950096,0.5587735750441162,624,13,-0.3881370371007004,0.08555540532699644,0.0,0.0,False,True,AA01_trailing,AA01,trailing,False
AA03,703,nan,{},0.0,0.0,0.6115981148464252,-0.45309857618226507,2.5358125437281847,1.0528859549442537,1060,4,-0.6115981148464252,0.45309857618226507,0.0,0.0,False,False,AA01_trailing,AA01,trailing,False
AA04,691,nan,{},0.0,0.0,0.9741365321581661,-0.2038614495737002,1.712710672657693,0.8167164864671906,311,12,-0.9741365321581661,0.2038614495737002,0.0,0.0,False,False,AA01_trailing,AA01,trailing,False
AA05,W84,nan,{},0.0,0.0,0.47063458989369966,-0.7475210519036213,0.5223693396001845,1.1821174772771517,8,2,-0.47063458989369966,0.7475210519036213,0.0,0.0,False,False,AA01_trailing,AA01,trailing,False
AA06,W68,nan,{},0.0,0.0,0.25388862992887756,-0.09033665978079536,0.8537198908577541,0.5837632631407333,2175,7,-0.25388862992887756,0.09033665978079536,0.0,0.0,False,True,AA01_trailing,AA01,trailing,False
AA07,T09,nan,{},0.0,0.0,,,,,0,0,,,0.0,0.0,False,False,AA01_trailing,AA01,trailing,False
AA08,V00,nan,{},0.0,0.0,0.329790101261554,-0.04320532913713376,0.7845703405076775,0.5508984536697679,95,10,-0.329790101261554,0.04320532913713376,0.0,0.0,False,True,AA01_trailing,AA01,trailing,False
AA00,F51,nan,{},0.0,0.0,-0.01248327236875342,-0.023994929142829587,0.5593669363062643,0.4644407197117671,7520,98,0.01248327236875342,0.023994929142829587,0.0,0.0,True,True,AA02_clean,AA02,clean,False
AA01,G96,nan,{},0.0,0.0,0.12183217677371538,-0.007020820182397568,0.6591929890248257,0.5640586743592534,11605,99,-0.12183217677371538,0.007020820182397568,0.0,0.0,False,True,AA02_clean,AA02,clean,False
AA02,F52,nan,{},0.0,0.0,-0.01936016854393624,0.00521720271233911,0.5774651804908084,0.5128000010002255,4341,96,0.01936016854393624,-0.00521720271233911,0.0,0.0,True,True,AA02_clean,AA02,clean,True
AA03,703,nan,{},0.0,0.0,0.281116258858585,-0.017962751337728546,0.895699085917569,0.7021188288567041,31218,98,-0.281116258858585,0.017962751337728546,0.0,0.0,False,True,AA02_clean,AA02,clean,False
AA04,691,nan,{},0.0,0.0,-0.04162937351777051,-0.025096912702431647,0.6737376115372065,0.5032148532214714,1893,82,0.04162937351777051,0.025096912702431647,0.0,0.0,True,True,AA02_clean,AA02,clean,False
AA05,W84,nan,{},0.0,0.0,-0.20900682791558817,0.04128092822110353,0.5328546678875351,0.2778511262978356,137,14,0.20900682791558817,-0.04128092822110353,0.0,0.0,False,True,AA02_clean,AA02,clean,False
AA06,W68,nan,{},0.0,0.0,0.1932509656030077,-0.011500083834932461,1.1445285434637802,0.817107293167304,12957,89,-0.1932509656030077,0.011500083834932461,0.0,0.0,False,True,AA02_clean,AA02,clean,False
AA07,T09,nan,{},0.0,0.0,-0.23898510045092924,0.22887912727682647,0.30147821288172394,0.4056505435443489,9,1,0.23898510045092924,-0.22887912727682647,0.0,0.0,False,False,AA02_clean,AA02,clean,False
AA08,V00,nan,{},0.0,0.0,0.20029659792851912,0.019110743505830415,0.7436852131465317,0.42620504508598145,455,58,-0.20029659792851912,-0.019110743505830415,0.0,0.0,False,True,AA02_clean,AA02,clean,False
AA00,F51,nan,{},0.0,0.0,-0.04055188831088312,-0.019783276219965257,0.5565098292709573,0.4668987533541228,7520,98,0.04055188831088312,0.019783276219965257,0.0,0.0,True,True,AA02_constant,AA02,constant,False
AA01,G96,nan,{},0.0,0.0,0.09022128091340288,0.0030319263675328586,0.653752434125452,0.5674913363885485,11605,99,-0.09022128091340288,-0.0030319263675328586,0.0,0.0,True,True,AA02_constant,AA02,constant,False
AA02,F52,ConstantBias,"{'delta_ra': 0.5, 'delta_dec': 0.0}",0.5,0.0,0.4806398274424487,0.00521720271233911,0.7510698099573073,0.5128000010002255,4341,96,0.019360172557551292,-0.00521720271233911,43.86161230729116,0.0,True,True,AA02_constant,AA02,constant,True
AA03,703,nan,{},0.0,0.0,0.25323263995323403,-0.011616344827501192,0.9022491257932589,0.7167750653497773,31218,98,-0.25323263995323403,0.011616344827501192,0.0,0.0,False,True,AA02_constant,AA02,constant,False
AA04,691,nan,{},0.0,0.0,-0.04923491692053086,-0.026582231078045603,0.691980202133672,0.49425503386647196,1893,82,0.04923491692053086,0.026582231078045603,0.0,0.0,True,True,AA02_constant,AA02,constant,False
AA05,W84,nan,{},0.0,0.0,-0.21612367692076784,0.039229636817691434,0.5453691702680493,0.27886819873339425,137,14,0.21612367692076784,-0.039229636817691434,0.0,0.0,False,True,AA02_constant,AA02,constant,False
AA06,W68,nan,{},0.0,0.0,0.17326862126213793,-0.012428707540674166,1.1389274915339758,0.8144455042590228,12957,89,-0.17326862126213793,0.012428707540674166,0.0,0.0,False,True,AA02_constant,AA02,constant,False
AA07,T09,nan,{},0.0,0.0,-0.23898510045092924,0.22887912727682647,0.30147821288172394,0.4056505435443489,9,1,0.23898510045092924,-0.22887912727682647,0.0,0.0,False,False,AA02_constant,AA02,constant,False
AA08,V00,nan,{},0.0,0.0,0.20078239609238452,0.019777273452292448,0.7391850505758245,0.4297032163415764,455,58,-0.20078239609238452,-0.019777273452292448,0.0,0.0,False,True,AA02_constant,AA02,constant,False
AA00,F51,nan,{},0.0,0.0,0.099988913363633,-0.050123998347814384,3.469939921274319,1.9298257284838753,7557,99,-0.099988913363633,0.050123998347814384,0.0,0.0,True,True,AA02_timing,AA02,timing,False
AA01,G96,nan,{},0.0,0.0,0.12344080431807486,-0.004679034939021531,0.6575828518783744,0.5652673698794008,11605,99,-0.12344080431807486,0.004679034939021531,0.0,0.0,False,True,AA02_timing,AA02,timing,False
AA02,F52,TimingBias,{'delta_t_sec': 1.0},-0.0037166542236271,0.0004584497289226,-0.021914688139409513,0.00516283617854983,0.5977831672565581,0.5216534212701421,4341,96,0.018198033915782414,-0.00470438644962723,0.4096409549204645,0.05790346500342739,True,True,AA02_timing,AA02,timing,True
AA03,703,nan,{},0.0,0.0,0.27884074149009813,-0.01753993891086976,0.8950709751179566,0.7010856533122747,31218,98,-0.27884074149009813,0.01753993891086976,0.0,0.0,False,True,AA02_timing,AA02,timing,False
AA04,691,nan,{},0.0,0.0,-0.041588904768673274,-0.02464560190743974,0.6731080196883303,0.5029669987358029,1893,82,0.041588904768673274,0.02464560190743974,0.0,0.0,True,True,AA02_timing,AA02,timing,False
AA05,W84,nan,{},0.0,0.0,-0.2090117891726524,0.04130756881146208,0.5324386362976005,0.27790903006145706,137,14,0.2090117891726524,-0.04130756881146208,0.0,0.0,False,True,AA02_timing,AA02,timing,False
AA06,W68,nan,{},0.0,0.0,0.1925366270766616,-0.01232442607156472,1.1445268027178683,0.8172042600914756,12957,89,-0.1925366270766616,0.01232442607156472,0.0,0.0,False,True,AA02_timing,AA02,timing,False
AA07,T09,nan,{},0.0,0.0,-0.23898510045092924,0.22887912727682647,0.30147821288172394,0.4056505435443489,9,1,0.23898510045092924,-0.22887912727682647,0.0,0.0,False,False,AA02_timing,AA02,timing,False
AA08,V00,nan,{},0.0,0.0,0.20025833029161064,0.01906610488074203,0.7435906400203502,0.42613361733394217,455,58,-0.20025833029161064,-0.01906610488074203,0.0,0.0,False,True,AA02_timing,AA02,timing,False
AA00,F51,nan,{},0.0,0.0,-0.017570146341771176,-0.025175865678989846,0.5600283035483034,0.4651321389314783,7520,98,0.017570146341771176,0.025175865678989846,0.0,0.0,True,True,AA02_mag_dep,AA02,mag_dep,False
AA01,G96,nan,{},0.0,0.0,0.11678807568290728,0.001326202565445034,0.6589900394283034,0.5666731263221988,11605,99,-0.11678807568290728,-0.001326202565445034,0.0,0.0,False,True,AA02_mag_dep,AA02,mag_dep,False
AA02,F52,MagnitudeDependentBias,"{'slope_ra': 0.05, 'slope_dec': 0.02, 'ref_mag': 18.0}",0.0150498624484181,0.0060199449793672,-0.004883216038105347,0.011007988245732922,0.5953053050531957,0.5162811282600374,4341,96,0.019933078486523446,-0.004988043266365721,1.6656650406216074,0.7682475154305857,True,True,AA02_mag_dep,AA02,mag_dep,True
AA03,703,nan,{},0.0,0.0,0.28084196474613093,-0.017283485958933746,0.8966254693599757,0.702918698744555,31218,98,-0.28084196474613093,0.017283485958933746,0.0,0.0,False,True,AA02_mag_dep,AA02,mag_dep,False
AA04,691,nan,{},0.0,0.0,-0.04315144407893599,-0.024961932065677116,0.6716429099105854,0.50241616566829,1893,82,0.04315144407893599,0.024961932065677116,0.0,0.0,True,True,AA02_mag_dep,AA02,mag_dep,False
AA05,W84,nan,{},0.0,0.0,-0.20760737978293145,0.039771980671494664,0.5312559476016017,0.27771016102900453,137,14,0.20760737978293145,-0.039771980671494664,0.0,0.0,False,True,AA02_mag_dep,AA02,mag_dep,False
AA06,W68,nan,{},0.0,0.0,0.19492743420122974,-0.01082873650679915,1.1449555565089355,0.8163713728030214,12957,89,-0.19492743420122974,0.01082873650679915,0.0,0.0,False,True,AA02_mag_dep,AA02,mag_dep,False
AA07,T09,nan,{},0.0,0.0,-0.23898510045092924,0.22887912727682647,0.30147821288172394,0.4056505435443489,9,1,0.23898510045092924,-0.22887912727682647,0.0,0.0,False,False,AA02_mag_dep,AA02,mag_dep,False
AA08,V00,nan,{},0.0,0.0,0.1998712631585711,0.019031386336858695,0.7437796759198775,0.4257933488638322,455,58,-0.1998712631585711,-0.019031386336858695,0.0,0.0,False,True,AA02_mag_dep,AA02,mag_dep,False
AA00,F51,nan,{},0.0,0.0,0.04388954562806938,-0.04683385248042723,2.2718743348399384,1.2929655900717274,7557,99,-0.04388954562806938,0.04683385248042723,0.0,0.0,True,True,AA02_epoch,AA02,epoch,False
AA01,G96,nan,{},0.0,0.0,0.1044878766232698,-0.008078383423319922,0.6549734052518741,0.5606165417193545,11605,99,-0.1044878766232698,0.008078383423319922,0.0,0.0,False,True,AA02_epoch,AA02,epoch,False
AA02,F52,CatalogEpochBias,"{'epoch_error_years': 5.0, 'pm_ra_median_masyr': 50.0, 'pm_dec_median_masyr': 30.0}",0.25,0.15,0.23063978906365554,0.15521720271238723,0.6215189548847251,0.5357508766576021,4341,96,0.019360210936344463,-0.005217202712387237,26.502114345143603,18.446894399266952,True,True,AA02_epoch,AA02,epoch,True
AA03,703,nan,{},0.0,0.0,0.2686481722063411,-0.02381492851200893,0.9022201687559053,0.7070970571259971,31218,98,-0.2686481722063411,0.02381492851200893,0.0,0.0,False,True,AA02_epoch,AA02,epoch,False
AA04,691,nan,{},0.0,0.0,-0.04869121694670103,-0.028212327730189852,0.6911727519734069,0.49929762551418233,1893,82,0.04869121694670103,0.028212327730189852,0.0,0.0,True,True,AA02_epoch,AA02,epoch,False
AA05,W84,nan,{},0.0,0.0,-0.21457668685774864,0.038477706768499625,0.5347226229984847,0.2779826507220767,137,14,0.21457668685774864,-0.038477706768499625,0.0,0.0,False,True,AA02_epoch,AA02,epoch,False
AA06,W68,nan,{},0.0,0.0,0.1688525150134179,-0.018723981858772443,1.1577269874931841,0.8217295287453623,12957,89,-0.1688525150134179,0.018723981858772443,0.0,0.0,False,True,AA02_epoch,AA02,epoch,False
AA07,T09,nan,{},0.0,0.0,-0.23898510045092924,0.22887912727682647,0.30147821288172394,0.4056505435443489,9,1,0.23898510045092924,-0.22887912727682647,0.0,0.0,False,False,AA02_epoch,AA02,epoch,False
AA08,V00,nan,{},0.0,0.0,0.1951533826776076,0.01619292999370185,0.746096212498028,0.4277734400507115,455,58,-0.1951533826776076,-0.01619292999370185,0.0,0.0,False,True,AA02_epoch,AA02,epoch,False
AA00,F51,nan,{},0.0,0.0,0.10732841637300368,-0.04212854429351981,3.467765863132987,1.9316633041992324,7557,99,-0.10732841637300368,0.04212854429351981,0.0,0.0,False,True,AA02_seasonal,AA02,seasonal,False
AA01,G96,nan,{},0.0,0.0,0.12234092617776174,-0.0033615880667466186,0.6616925359542026,0.5618751195514307,11605,99,-0.12234092617776174,0.0033615880667466186,0.0,0.0,False,True,AA02_seasonal,AA02,seasonal,False
AA02,F52,SeasonalBias,"{'amplitude_ra': 0.3, 'amplitude_dec': 0.1, 'phase_days': 0.0}",0.0057317461983908,0.0019105820661302,-0.013793340796634275,0.0070728145614116136,0.6086274926629762,0.5309230168658345,4341,96,0.019525086995025073,-0.005162232495281414,0.6204835587636229,0.2370986254832261,True,True,AA02_seasonal,AA02,seasonal,True
AA03,703,nan,{},0.0,0.0,0.27049121172540375,-0.009938169655866896,0.8953715595258488,0.705843904043601,31218,98,-0.27049121172540375,0.009938169655866896,0.0,0.0,False,True,AA02_seasonal,AA02,seasonal,False
AA04,691,nan,{},0.0,0.0,-0.04996656665876557,-0.02288872958331682,0.6637775877906307,0.510412817951635,1893,82,0.04996656665876557,0.02288872958331682,0.0,0.0,True,True,AA02_seasonal,AA02,seasonal,False
AA05,W84,nan,{},0.0,0.0,-0.20854161857830267,0.044222180660377176,0.5340435757144725,0.2786417504673865,137,14,0.20854161857830267,-0.044222180660377176,0.0,0.0,False,True,AA02_seasonal,AA02,seasonal,False
AA06,W68,nan,{},0.0,0.0,0.1801361214737199,-0.020251221393951725,1.1547969540678424,0.8214719535176582,12957,89,-0.1801361214737199,0.020251221393951725,0.0,0.0,False,True,AA02_seasonal,AA02,seasonal,False
AA07,T09,nan,{},0.0,0.0,-0.23898510045092924,0.22887912727682647,0.30147821288172394,0.4056505435443489,9,1,0.23898510045092924,-0.22887912727682647,0.0,0.0,False,False,AA02_seasonal,AA02,seasonal,False
AA08,V00,nan,{},0.0,0.0,0.2014677747651757,0.018638964811807837,0.7449814081181918,0.4269548568916384,455,58,-0.2014677747651757,-0.018638964811807837,0.0,0.0,False,True,AA02_seasonal,AA02,seasonal,False
AA00,F51,nan,{},0.0,0.0,-0.03210713073700858,-0.01729580897479535,0.5556431655233308,0.46564066567672757,7520,98,0.03210713073700858,0.01729580897479535,0.0,0.0,True,True,AA02_step,AA02,step,False
AA01,G96,nan,{},0.0,0.0,0.11015342369848838,0.0048392294874510045,0.6586439357429549,0.5695227054490861,11605,99,-0.11015342369848838,-0.0048392294874510045,0.0,0.0,False,True,AA02_step,AA02,step,False
AA02,F52,StepChangeBias,"{'delta_ra_before': 0.0, 'delta_dec_before': 0.0, 'delta_ra_after': 0.4, 'delta_dec_after': -0.2, 'change_mjd': 59945.0}",0.169438717067583,-0.0847193585337915,0.1488038939284023,-0.07886480604139727,0.6277307651086261,0.5306759765633415,4341,96,0.02063482313918072,-0.0058545524923942355,17.78419179519343,10.51836225443194,True,True,AA02_step,AA02,step,True
AA03,703,nan,{},0.0,0.0,0.27199372818907375,-0.007268428406660548,0.8975902807872299,0.7024100596238531,31218,98,-0.27199372818907375,0.007268428406660548,0.0,0.0,False,True,AA02_step,AA02,step,False
AA04,691,nan,{},0.0,0.0,-0.04433411706805709,-0.022185067911410176,0.663268592676778,0.5051986851468279,1893,82,0.04433411706805709,0.022185067911410176,0.0,0.0,True,True,AA02_step,AA02,step,False
AA05,W84,nan,{},0.0,0.0,-0.21126635345585348,0.03885622643099821,0.5301164389871867,0.27890679822576897,137,14,0.21126635345585348,-0.03885622643099821,0.0,0.0,False,True,AA02_step,AA02,step,False
AA06,W68,nan,{},0.0,0.0,0.1844244285196032,0.003596765755772266,1.148283455068812,0.8198070297291588,12957,89,-0.1844244285196032,-0.003596765755772266,0.0,0.0,False,True,AA02_step,AA02,step,False
AA07,T09,nan,{},0.0,0.0,-0.23898510045092924,0.22887912727682647,0.30147821288172394,0.4056505435443489,9,1,0.23898510045092924,-0.22887912727682647,0.0,0.0,False,False,AA02_step,AA02,step,False
AA08,V00,nan,{},0.0,0.0,0.19703639499625702,0.021623469461805708,0.74361135747019,0.427383967140363,455,58,-0.19703639499625702,-0.021623469461805708,0.0,0.0,False,True,AA02_step,AA02,step,False
AA00,F51,nan,{},0.0,0.0,-0.014736351643302198,-0.017039732100759857,0.5553588889436699,0.46751729760260513,7520,98,0.014736351643302198,0.017039732100759857,0.0,0.0,True,True,AA02_dcr,AA02,dcr,False
AA01,G96,nan,{},0.0,0.0,0.12576511614817928,-0.0007686471158331986,0.6594172598637499,0.5699109782343006,11605,99,-0.12576511614817928,0.0007686471158331986,0.0,0.0,False,True,AA02_dcr,AA02,dcr,False
AA02,F52,DCRBias,"{'bandpass_nm': 200.0, 'ref_wavelength_nm': 550.0}",-0.0232552105981888,-0.0647282079304575,-0.04245998385186942,-0.05950713979896645,0.6052080765395644,0.530537797038483,4341,96,0.019204773253680623,-0.0052210681314910495,2.531689583109778,8.038446885256464,True,True,AA02_dcr,AA02,dcr,True
AA03,703,nan,{},0.0,0.0,0.27698415072539895,-0.015321508996880508,0.8928069671966342,0.7046679241739455,31218,98,-0.27698415072539895,0.015321508996880508,0.0,0.0,False,True,AA02_dcr,AA02,dcr,False
AA04,691,nan,{},0.0,0.0,-0.03970128155413987,-0.02311876857182121,0.6657177784219214,0.49909752584259626,1893,82,0.03970128155413987,0.02311876857182121,0.0,0.0,True,True,AA02_dcr,AA02,dcr,False
AA05,W84,nan,{},0.0,0.0,-0.2103965718670705,0.0459249135615938,0.5343367192068514,0.2784031356633444,137,14,0.2103965718670705,-0.0459249135615938,0.0,0.0,False,True,AA02_dcr,AA02,dcr,False
AA06,W68,nan,{},0.0,0.0,0.1805287855986845,-0.014014684627948254,1.148492134766415,0.8203942769376148,12957,89,-0.1805287855986845,0.014014684627948254,0.0,0.0,False,True,AA02_dcr,AA02,dcr,False
AA07,T09,nan,{},0.0,0.0,-0.23898510045092924,0.22887912727682647,0.30147821288172394,0.4056505435443489,9,1,0.23898510045092924,-0.22887912727682647,0.0,0.0,False,False,AA02_dcr,AA02,dcr,False
AA08,V00,nan,{},0.0,0.0,0.20142870080285757,0.021083528020139998,0.7463614285803103,0.4278343369349392,455,58,-0.20142870080285757,-0.021083528020139998,0.0,0.0,False,True,AA02_dcr,AA02,dcr,False
AA00,F51,nan,{},0.0,0.0,0.2640829890983415,-0.07598331388850064,0.8281545670232817,0.6364555167021922,4044,50,-0.2640829890983415,0.07598331388850064,0.0,0.0,False,True,AA02_trailing,AA02,trailing,False
AA01,G96,nan,{},0.0,0.0,0.30011676513762153,-0.06741278333725169,0.7280342869825867,0.599227674646005,5939,50,-0.30011676513762153,0.06741278333725169,0.0,0.0,False,True,AA02_trailing,AA02,trailing,False
AA02,F52,TrailingBias,{'trailing_factor': 0.1},-1.3379955205057688,0.1650419024121641,-0.7706736255061831,-0.01435474947195527,51.43015637379069,4.632928599870372,4341,96,-0.5673218949995856,0.17939665188411938,1.714082447049568,2.347110340613124,False,False,AA02_trailing,AA02,trailing,True
AA03,703,nan,{},0.0,0.0,0.4436710835196467,-0.035223054292188784,0.9882504490850597,0.7105331957718402,12382,37,-0.4436710835196467,0.035223054292188784,0.0,0.0,False,True,AA02_trailing,AA02,trailing,False
AA04,691,nan,{},0.0,0.0,0.1452808030236453,-0.09536452474947167,0.6747709643203754,0.6369324890840058,1138,44,-0.1452808030236453,0.09536452474947167,0.0,0.0,False,True,AA02_trailing,AA02,trailing,False
AA05,W84,nan,{},0.0,0.0,-0.17672042799084167,-0.0981976466131634,0.49781081342126793,0.41151216028329524,129,11,0.17672042799084167,0.0981976466131634,0.0,0.0,False,True,AA02_trailing,AA02,trailing,False
AA06,W68,nan,{},0.0,0.0,0.23390925302086266,0.030456559645304526,1.281978550773329,0.8470310519421385,7206,46,-0.23390925302086266,-0.030456559645304526,0.0,0.0,False,True,AA02_trailing,AA02,trailing,False
AA07,T09,nan,{},0.0,0.0,,,,,0,0,,,0.0,0.0,False,False,AA02_trailing,AA02,trailing,False
AA08,V00,nan,{},0.0,0.0,0.4175003886201043,0.03281514261966463,0.8182224495501587,0.5467161713266332,249,31,-0.4175003886201043,-0.03281514261966463,0.0,0.0,False,True,AA02_trailing,AA02,trailing,False
AA00,F51,nan,{},0.0,0.0,-0.01248327236875342,-0.023994929142829587,0.5593669363062643,0.4644407197117671,7520,98,0.01248327236875342,0.023994929142829587,0.0,0.0,True,True,AA03_clean,AA03,clean,False
AA01,G96,nan,{},0.0,0.0,0.12183217677371538,-0.007020820182397568,0.6591929890248257,0.5640586743592534,11605,99,-0.12183217677371538,0.007020820182397568,0.0,0.0,False,True,AA03_clean,AA03,clean,False
AA02,F52,nan,{},0.0,0.0,-0.01936016854393624,0.00521720271233911,0.5774651804908084,0.5128000010002255,4341,96,0.01936016854393624,-0.00521720271233911,0.0,0.0,True,True,AA03_clean,AA03,clean,False
AA03,703,nan,{},0.0,0.0,0.281116258858585,-0.017962751337728546,0.895699085917569,0.7021188288567041,31218,98,-0.281116258858585,0.017962751337728546,0.0,0.0,False,True,AA03_clean,AA03,clean,True
AA04,691,nan,{},0.0,0.0,-0.04162937351777051,-0.025096912702431647,0.6737376115372065,0.5032148532214714,1893,82,0.04162937351777051,0.025096912702431647,0.0,0.0,True,True,AA03_clean,AA03,clean,False
AA05,W84,nan,{},0.0,0.0,-0.20900682791558817,0.04128092822110353,0.5328546678875351,0.2778511262978356,137,14,0.20900682791558817,-0.04128092822110353,0.0,0.0,False,True,AA03_clean,AA03,clean,False
AA06,W68,nan,{},0.0,0.0,0.1932509656030077,-0.011500083834932461,1.1445285434637802,0.817107293167304,12957,89,-0.1932509656030077,0.011500083834932461,0.0,0.0,False,True,AA03_clean,AA03,clean,False
AA07,T09,nan,{},0.0,0.0,-0.23898510045092924,0.22887912727682647,0.30147821288172394,0.4056505435443489,9,1,0.23898510045092924,-0.22887912727682647,0.0,0.0,False,False,AA03_clean,AA03,clean,False
AA08,V00,nan,{},0.0,0.0,0.20029659792851912,0.019110743505830415,0.7436852131465317,0.42620504508598145,455,58,-0.20029659792851912,-0.019110743505830415,0.0,0.0,False,True,AA03_clean,AA03,clean,False
AA00,F51,nan,{},0.0,0.0,-0.04766642864892813,-0.019194761088285887,0.5565669140684372,0.4735262542651561,7520,98,0.04766642864892813,0.019194761088285887,0.0,0.0,True,True,AA03_constant,AA03,constant,False
AA01,G96,nan,{},0.0,0.0,0.0731371912204886,-0.008791677232010792,0.6430260446203525,0.5602526422167623,11605,99,-0.0731371912204886,0.008791677232010792,0.0,0.0,True,True,AA03_constant,AA03,constant,False
AA02,F52,nan,{},0.0,0.0,-0.023944601151013406,0.018351187519571537,0.586012326802809,0.5049069797141978,4341,96,0.023944601151013406,-0.018351187519571537,0.0,0.0,True,True,AA03_constant,AA03,constant,False
AA03,703,ConstantBias,"{'delta_ra': 0.5, 'delta_dec': 0.0}",0.5,0.0,0.7811162585012589,-0.017962751337728546,1.1547264238987474,0.7021188288567041,31218,98,-0.2811162585012589,0.017962751337728546,76.5056375213736,0.0,False,True,AA03_constant,AA03,constant,True
AA04,691,nan,{},0.0,0.0,-0.07348951616009815,-0.014755728689574336,0.6893354757094123,0.49472084726832816,1893,82,0.07348951616009815,0.014755728689574336,0.0,0.0,True,True,AA03_constant,AA03,constant,False
AA05,W84,nan,{},0.0,0.0,-0.22514535425962928,0.04612903735609164,0.5432533692611744,0.27781030395017925,137,14,0.22514535425962928,-0.04612903735609164,0.0,0.0,False,True,AA03_constant,AA03,constant,False
AA06,W68,nan,{},0.0,0.0,0.1581048508136035,0.00016182225671656063,1.1467430656031246,0.8233541763972121,12957,89,-0.1581048508136035,-0.00016182225671656063,0.0,0.0,False,True,AA03_constant,AA03,constant,False
AA07,T09,nan,{},0.0,0.0,-0.23898509491568143,0.22887906903665822,0.3014782084570216,0.4056505106822353,9,1,0.23898509491568143,-0.22887906903665822,0.0,0.0,False,False,AA03_constant,AA03,constant,False
AA08,V00,nan,{},0.0,0.0,0.18734784419252185,0.019661217228953212,0.7480312692786953,0.42921028959089635,455,58,-0.18734784419252185,-0.019661217228953212,0.0,0.0,False,True,AA03_constant,AA03,constant,False
AA00,F51,nan,{},0.0,0.0,-0.012891403299656936,-0.020198258700951332,0.5601153793021473,0.46594644875822877,7520,98,0.012891403299656936,0.020198258700951332,0.0,0.0,True,True,AA03_timing,AA03,timing,False
AA01,G96,nan,{},0.0,0.0,0.12068012917967931,-0.006850732748191279,0.6573639220200855,0.5655712644526701,11605,99,-0.12068012917967931,0.006850732748191279,0.0,0.0,False,True,AA03_timing,AA03,timing,False
AA02,F52,nan,{},0.0,0.0,-0.01941275885806781,0.005588326466187227,0.5776635059073553,0.5132936394657363,4341,96,0.01941275885806781,-0.005588326466187227,0.0,0.0,True,True,AA03_timing,AA03,timing,False
AA03,703,TimingBias,{'delta_t_sec': 1.0},0.0024307662001584,2.083387372884186e-05,0.2836819515469882,-0.017934989360725635,0.9202885043152133,0.7138892358715729,31218,98,-0.2812511853468298,0.017955823234454476,0.4666827301398689,0.005156342206989167,False,True,AA03_timing,AA03,timing,True
AA04,691,nan,{},0.0,0.0,-0.04088364286014061,-0.025131390499802647,0.6747114370894054,0.5042657134406787,1893,82,0.04088364286014061,0.025131390499802647,0.0,0.0,True,True,AA03_timing,AA03,timing,False
AA05,W84,nan,{},0.0,0.0,-0.20848219132280257,0.04045137551887073,0.5328384486887995,0.27700108364085,137,14,0.20848219132280257,-0.04045137551887073,0.0,0.0,False,True,AA03_timing,AA03,timing,False
AA06,W68,nan,{},0.0,0.0,0.19085579389348226,-0.011158637727782628,1.1436910487517602,0.817742109347069,12957,89,-0.19085579389348226,0.011158637727782628,0.0,0.0,False,True,AA03_timing,AA03,timing,False
AA07,T09,nan,{},0.0,0.0,-0.23898510045092924,0.22887912727682647,0.30147821288172394,0.4056505435443489,9,1,0.23898510045092924,-0.22887912727682647,0.0,0.0,False,False,AA03_timing,AA03,timing,False
AA08,V00,nan,{},0.0,0.0,0.1999525224889231,0.018682236800116,0.7441508546873983,0.42608525451025103,455,58,-0.1999525224889231,-0.018682236800116,0.0,0.0,False,True,AA03_timing,AA03,timing,False
AA00,F51,nan,{},0.0,0.0,-0.09975478005225617,-0.05655483613639838,0.40741252210021967,0.2976276568465154,322,5,0.09975478005225617,0.05655483613639838,0.0,0.0,True,True,AA03_mag_dep,AA03,mag_dep,False
AA01,G96,nan,{},0.0,0.0,0.042951841714939085,-0.028304814940802482,0.43604326475585314,0.3149665655788005,541,5,-0.042951841714939085,0.028304814940802482,0.0,0.0,True,True,AA03_mag_dep,AA03,mag_dep,False
AA02,F52,nan,{},0.0,0.0,-0.08499216521824146,-0.05276599449649988,0.4602065964753111,0.3502105088406492,183,5,0.08499216521824146,0.05276599449649988,0.0,0.0,True,True,AA03_mag_dep,AA03,mag_dep,False
AA03,703,MagnitudeDependentBias,"{'slope_ra': 0.05, 'slope_dec': 0.02, 'ref_mag': 18.0}",-0.0264933192570354,-0.0105973277028141,0.2501682845727743,-0.028305973799676646,0.891082306707294,0.7017478391566749,31218,98,-0.2766616038298097,0.017708646096862547,5.253165588358892,2.6681965508383114,False,True,AA03_mag_dep,AA03,mag_dep,True
AA04,691,nan,{},0.0,0.0,-0.10506154913275337,-0.05818942636126853,0.489532744914216,0.4330782438024457,118,5,0.10506154913275337,0.05818942636126853,0.0,0.0,False,True,AA03_mag_dep,AA03,mag_dep,False
AA05,W84,nan,{},0.0,0.0,,,,,0,0,,,0.0,0.0,False,False,AA03_mag_dep,AA03,mag_dep,False
AA06,W68,nan,{},0.0,0.0,0.04964190697765134,-0.03845410678921229,0.420111736746917,0.3862936200454951,967,3,-0.04964190697765134,0.03845410678921229,0.0,0.0,True,True,AA03_mag_dep,AA03,mag_dep,False
AA07,T09,nan,{},0.0,0.0,,,,,0,0,,,0.0,0.0,False,False,AA03_mag_dep,AA03,mag_dep,False
AA08,V00,nan,{},0.0,0.0,0.07694652099149818,-0.0388248237957679,0.4867095479548047,0.3503111728522297,11,2,-0.07694652099149818,0.0388248237957679,0.0,0.0,True,True,AA03_mag_dep,AA03,mag_dep,False
AA00,F51,nan,{},0.0,0.0,-0.0312965874468489,-0.019913617504108486,0.5549401520649183,0.467000413868251,7520,98,0.0312965874468489,0.019913617504108486,0.0,0.0,True,True,AA03_epoch,AA03,epoch,False
AA01,G96,nan,{},0.0,0.0,0.09691503715356395,-0.013959301825871425,0.6487339102245315,0.5574402726420259,11605,99,-0.09691503715356395,0.013959301825871425,0.0,0.0,True,True,AA03_epoch,AA03,epoch,False
AA02,F52,nan,{},0.0,0.0,-0.01938581014985959,0.01726163156358426,0.5746837943457924,0.5171448932374696,4341,96,0.01938581014985959,-0.01726163156358426,0.0,0.0,True,True,AA03_epoch,AA03,epoch,False
AA03,703,CatalogEpochBias,"{'epoch_error_years': 5.0, 'pm_ra_median_masyr': 50.0, 'pm_dec_median_masyr': 30.0}",0.25,0.1499999999999999,0.5311161348398032,0.13203724866224428,1.0026636995244655,0.7142002691359327,31218,98,-0.28111613483980324,0.017962751337755628,44.054193477358425,37.10853315556591,False,True,AA03_epoch,AA03,epoch,True
AA04,691,nan,{},0.0,0.0,-0.05657487204234707,-0.029575338709580293,0.7064167466956928,0.513853596363774,1893,82,0.05657487204234707,0.029575338709580293,0.0,0.0,True,True,AA03_epoch,AA03,epoch,False
AA05,W84,nan,{},0.0,0.0,-0.2118487777874785,0.03760671024624138,0.543159292521689,0.275875538793656,137,14,0.2118487777874785,-0.03760671024624138,0.0,0.0,False,True,AA03_epoch,AA03,epoch,False
AA06,W68,nan,{},0.0,0.0,0.1759774044009811,-0.008467603374428803,1.1403843717180273,0.8190669611587111,12957,89,-0.1759774044009811,0.008467603374428803,0.0,0.0,False,True,AA03_epoch,AA03,epoch,False
AA07,T09,nan,{},0.0,0.0,-0.23898510045092924,0.22887912727682647,0.30147821288172394,0.4056505435443489,9,1,0.23898510045092924,-0.22887912727682647,0.0,0.0,False,False,AA03_epoch,AA03,epoch,False
AA08,V00,nan,{},0.0,0.0,0.20615720980415594,0.01509246721814358,0.7380619645443895,0.4324843434512737,455,58,-0.20615720980415594,-0.01509246721814358,0.0,0.0,False,True,AA03_epoch,AA03,epoch,False
AA00,F51,nan,{},0.0,0.0,-0.016997711886190335,-0.01837381560148877,0.5564313771928298,0.4655712814877268,7520,98,0.016997711886190335,0.01837381560148877,0.0,0.0,True,True,AA03_seasonal,AA03,seasonal,False
AA01,G96,nan,{},0.0,0.0,0.11081916073410582,-0.01147991179010984,0.6531721664454527,0.5562013156362969,11605,99,-0.11081916073410582,0.01147991179010984,0.0,0.0,False,True,AA03_seasonal,AA03,seasonal,False
AA02,F52,nan,{},0.0,0.0,-0.019669053448702532,0.006568866842011277,0.5785263796628941,0.5129619025010942,4341,96,0.019669053448702532,-0.006568866842011277,0.0,0.0,True,True,AA03_seasonal,AA03,seasonal,False
AA03,703,SeasonalBias,"{'amplitude_ra': 0.3, 'amplitude_dec': 0.1, 'phase_days': 0.0}",0.0646960316517986,0.0215653438839328,0.34573088126554996,0.0035754627384523073,0.9384041472134254,0.7106510232584151,31218,98,-0.28103484961375136,0.01798988114548049,12.18120528559516,5.361700367665986,False,True,AA03_seasonal,AA03,seasonal,True
AA04,691,nan,{},0.0,0.0,-0.04174730674189886,-0.026589184978447436,0.6698936201389691,0.502755411199005,1893,82,0.04174730674189886,0.026589184978447436,0.0,0.0,True,True,AA03_seasonal,AA03,seasonal,False
AA05,W84,nan,{},0.0,0.0,-0.20600853218620863,0.03889044613539386,0.5311905175917369,0.27685698497423394,137,14,0.20600853218620863,-0.03889044613539386,0.0,0.0,False,True,AA03_seasonal,AA03,seasonal,False
AA06,W68,nan,{},0.0,0.0,0.19225163064400055,-0.00880039028733479,1.1426828406495484,0.8163934732037651,12957,89,-0.19225163064400055,0.00880039028733479,0.0,0.0,False,True,AA03_seasonal,AA03,seasonal,False
AA07,T09,nan,{},0.0,0.0,-0.23898510045092924,0.22887912727682647,0.30147821288172394,0.4056505435443489,9,1,0.23898510045092924,-0.22887912727682647,0.0,0.0,False,False,AA03_seasonal,AA03,seasonal,False
AA08,V00,nan,{},0.0,0.0,0.19996618593485863,0.017545173227636126,0.7425178324051089,0.4232641448973237,455,58,-0.19996618593485863,-0.017545173227636126,0.0,0.0,False,True,AA03_seasonal,AA03,seasonal,False
AA00,F51,nan,{},0.0,0.0,-0.0114280542821475,-0.021962172032114105,0.5580100830388923,0.4670919894489984,7520,98,0.0114280542821475,0.021962172032114105,0.0,0.0,True,True,AA03_step,AA03,step,False
AA01,G96,nan,{},0.0,0.0,0.11308767544582997,0.00031854901990737073,0.6563057396701231,0.5664061778090662,11605,99,-0.11308767544582997,-0.00031854901990737073,0.0,0.0,False,True,AA03_step,AA03,step,False
AA02,F52,nan,{},0.0,0.0,-0.020611801269407995,0.006170811236739651,0.5770176634975168,0.5127169657754703,4341,96,0.020611801269407995,-0.006170811236739651,0.0,0.0,True,True,AA03_step,AA03,step,False
AA03,703,StepChangeBias,"{'delta_ra_before': 0.0, 'delta_dec_before': 0.0, 'delta_ra_after': 0.4, 'delta_dec_after': -0.2, 'change_mjd': 59945.0}",0.1015721469034434,-0.0507860734517217,0.3829421839243183,-0.06887568618299637,0.9516383524051536,0.7115459596369716,31218,98,-0.2813700370208749,0.01808961273127467,18.858416963170693,12.610845866482993,False,True,AA03_step,AA03,step,True
AA04,691,nan,{},0.0,0.0,-0.023577253998634477,-0.026478073950896824,0.7359712334363472,0.5070205766146239,1893,82,0.023577253998634477,0.026478073950896824,0.0,0.0,True,True,AA03_step,AA03,step,False
AA05,W84,nan,{},0.0,0.0,-0.20496158470603798,0.024051580813500412,0.5313497377844176,0.27880956379461086,137,14,0.20496158470603798,-0.024051580813500412,0.0,0.0,False,True,AA03_step,AA03,step,False
AA06,W68,nan,{},0.0,0.0,0.17250037121642708,0.009437027633927892,1.1541831238702889,0.8220275018397197,12957,89,-0.17250037121642708,-0.009437027633927892,0.0,0.0,False,True,AA03_step,AA03,step,False
AA07,T09,nan,{},0.0,0.0,-0.23898510045092924,0.22887912727682647,0.30147821288172394,0.4056505435443489,9,1,0.23898510045092924,-0.22887912727682647,0.0,0.0,False,False,AA03_step,AA03,step,False
AA08,V00,nan,{},0.0,0.0,0.1931678481848025,0.016453334091004322,0.7450350761508466,0.42602410077998404,455,58,-0.1931678481848025,-0.016453334091004322,0.0,0.0,False,True,AA03_step,AA03,step,False
AA00,F51,nan,{},0.0,0.0,-0.012812079371807337,-0.007776895545861253,0.5561748023091847,0.46828689775368904,7520,98,0.012812079371807337,0.007776895545861253,0.0,0.0,True,True,AA03_dcr,AA03,dcr,False
AA01,G96,nan,{},0.0,0.0,0.11982964156064176,0.0023015649015250476,0.6584820698930844,0.5651569984294437,11605,99,-0.11982964156064176,-0.0023015649015250476,0.0,0.0,False,True,AA03_dcr,AA03,dcr,False
AA02,F52,nan,{},0.0,0.0,-0.01688031430176145,0.010007938623309096,0.5760499955984477,0.5129426605670243,4341,96,0.01688031430176145,-0.010007938623309096,0.0,0.0,True,True,AA03_dcr,AA03,dcr,False
AA03,703,DCRBias,"{'bandpass_nm': 200.0, 'ref_wavelength_nm': 550.0}",0.0095690210853502,-0.13820537876775,0.29077008893544354,-0.15715546533295477,0.9317194735455809,0.7227845806046796,31218,98,-0.28120106785009336,0.018950086565204777,1.8146165900175693,33.78458625041796,False,True,AA03_dcr,AA03,dcr,True
AA04,691,nan,{},0.0,0.0,-0.05666582512117726,-0.011041604327854457,0.6612685584530669,0.512808006336849,1893,82,0.05666582512117726,0.011041604327854457,0.0,0.0,True,True,AA03_dcr,AA03,dcr,False
AA05,W84,nan,{},0.0,0.0,-0.21627481124926662,0.04298046318173336,0.539478978442743,0.27540023544787057,137,14,0.21627481124926662,-0.04298046318173336,0.0,0.0,False,True,AA03_dcr,AA03,dcr,False
AA06,W68,nan,{},0.0,0.0,0.18576179978316326,0.0021967131684158276,1.1433887410171264,0.8164742290143953,12957,89,-0.18576179978316326,-0.0021967131684158276,0.0,0.0,False,True,AA03_dcr,AA03,dcr,False
AA07,T09,nan,{},0.0,0.0,-0.23898510045092924,0.22887912727682647,0.30147821288172394,0.4056505435443489,9,1,0.23898510045092924,-0.22887912727682647,0.0,0.0,False,False,AA03_dcr,AA03,dcr,False
AA08,V00,nan,{},0.0,0.0,0.1991393495703032,0.024848240223110364,0.7447915437638299,0.42978977652585987,455,58,-0.1991393495703032,-0.024848240223110364,0.0,0.0,False,True,AA03_dcr,AA03,dcr,False
AA00,F51,nan,{},0.0,0.0,0.10074073997503032,-0.05950762594590211,0.7032357465600606,0.4529436301246848,666,7,-0.10074073997503032,0.05950762594590211,0.0,0.0,False,True,AA03_trailing,AA03,trailing,False
AA01,G96,nan,{},0.0,0.0,0.04702845461742173,0.016284251903148167,0.9615977204262004,0.41912843038005065,739,6,-0.04702845461742173,-0.016284251903148167,0.0,0.0,True,True,AA03_trailing,AA03,trailing,False
AA02,F52,nan,{},0.0,0.0,-0.0583776717762699,0.04329045394235574,0.45677694543374797,0.5000288841568816,472,9,0.0583776717762699,-0.04329045394235574,0.0,0.0,True,True,AA03_trailing,AA03,trailing,False
AA03,703,TrailingBias,{'trailing_factor': 0.1},0.87507583205703,0.0075001945423832,0.8034802781581022,-0.007968439611065678,60.282797477370565,6.698258193366605,31218,98,0.0715955538989278,0.015468634153448877,2.5648078238853946,0.19783958053553566,True,True,AA03_trailing,AA03,trailing,True
AA04,691,nan,{},0.0,0.0,0.1318866782991841,0.1322093407341563,1.1402902504938872,0.8116801569178764,212,10,-0.1318866782991841,-0.1322093407341563,0.0,0.0,False,False,AA03_trailing,AA03,trailing,False
AA05,W84,nan,{},0.0,0.0,-0.44322282074942954,-0.034350252409398596,0.5498037555662105,0.2952818965785473,16,2,0.44322282074942954,0.034350252409398596,0.0,0.0,False,True,AA03_trailing,AA03,trailing,False
AA06,W68,nan,{},0.0,0.0,-0.30025661537085396,-0.18906056824669348,0.5234460000778175,0.40645124893660606,472,5,0.30025661537085396,0.18906056824669348,0.0,0.0,False,False,AA03_trailing,AA03,trailing,False
AA07,T09,nan,{},0.0,0.0,,,,,0,0,,,0.0,0.0,False,False,AA03_trailing,AA03,trailing,False
AA08,V00,nan,{},0.0,0.0,0.2707989302742387,-0.059897816951291274,0.6943873051128368,0.4319180760719718,59,8,-0.2707989302742387,0.059897816951291274,0.0,0.0,False,True,AA03_trailing,AA03,trailing,False
AA00,F51,nan,{},0.0,0.0,-0.01248327236875342,-0.023994929142829587,0.5593669363062643,0.4644407197117671,7520,98,0.01248327236875342,0.023994929142829587,0.0,0.0,True,True,AA04_clean,AA04,clean,False
AA01,G96,nan,{},0.0,0.0,0.12183217677371538,-0.007020820182397568,0.6591929890248257,0.5640586743592534,11605,99,-0.12183217677371538,0.007020820182397568,0.0,0.0,False,True,AA04_clean,AA04,clean,False
AA02,F52,nan,{},0.0,0.0,-0.01936016854393624,0.00521720271233911,0.5774651804908084,0.5128000010002255,4341,96,0.01936016854393624,-0.00521720271233911,0.0,0.0,True,True,AA04_clean,AA04,clean,False
AA03,703,nan,{},0.0,0.0,0.281116258858585,-0.017962751337728546,0.895699085917569,0.7021188288567041,31218,98,-0.281116258858585,0.017962751337728546,0.0,0.0,False,True,AA04_clean,AA04,clean,False
AA04,691,nan,{},0.0,0.0,-0.04162937351777051,-0.025096912702431647,0.6737376115372065,0.5032148532214714,1893,82,0.04162937351777051,0.025096912702431647,0.0,0.0,True,True,AA04_clean,AA04,clean,True
AA05,W84,nan,{},0.0,0.0,-0.20900682791558817,0.04128092822110353,0.5328546678875351,0.2778511262978356,137,14,0.20900682791558817,-0.04128092822110353,0.0,0.0,False,True,AA04_clean,AA04,clean,False
AA06,W68,nan,{},0.0,0.0,0.1932509656030077,-0.011500083834932461,1.1445285434637802,0.817107293167304,12957,89,-0.1932509656030077,0.011500083834932461,0.0,0.0,False,True,AA04_clean,AA04,clean,False
AA07,T09,nan,{},0.0,0.0,-0.23898510045092924,0.22887912727682647,0.30147821288172394,0.4056505435443489,9,1,0.23898510045092924,-0.22887912727682647,0.0,0.0,False,False,AA04_clean,AA04,clean,False
AA08,V00,nan,{},0.0,0.0,0.20029659792851912,0.019110743505830415,0.7436852131465317,0.42620504508598145,455,58,-0.20029659792851912,-0.019110743505830415,0.0,0.0,False,True,AA04_clean,AA04,clean,False
AA00,F51,nan,{},0.0,0.0,-0.021084349278009836,-0.017586981037529675,0.557503848265547,0.4643083613549187,7520,98,0.021084349278009836,0.017586981037529675,0.0,0.0,True,True,AA04_constant,AA04,constant,False
AA01,G96,nan,{},0.0,0.0,0.11171638425047659,-0.004749338280066318,0.6555923464068637,0.564385847545698,11605,99,-0.11171638425047659,0.004749338280066318,0.0,0.0,False,True,AA04_constant,AA04,constant,False
AA02,F52,nan,{},0.0,0.0,-0.020490541770149435,0.006147741688270719,0.5771484808300348,0.5095290460332668,4341,96,0.020490541770149435,-0.006147741688270719,0.0,0.0,True,True,AA04_constant,AA04,constant,False
AA03,703,nan,{},0.0,0.0,0.27219032641169383,-0.011269145168630356,0.9003541391072318,0.703367909602835,31218,98,-0.27219032641169383,0.011269145168630356,0.0,0.0,False,True,AA04_constant,AA04,constant,False
AA04,691,ConstantBias,"{'delta_ra': 0.5, 'delta_dec': 0.0}",0.5,0.0,0.45837063090698055,-0.025096912702431647,0.8138138631544074,0.5032148532214714,1893,82,0.04162936909301945,0.025096912702431647,26.73130909012247,0.0,True,True,AA04_constant,AA04,constant,True
AA05,W84,nan,{},0.0,0.0,-0.20899770139672502,0.04132274684533999,0.5328919560028544,0.2778817257595628,137,14,0.20899770139672502,-0.04132274684533999,0.0,0.0,False,True,AA04_constant,AA04,constant,False
AA06,W68,nan,{},0.0,0.0,0.19218315157552485,-0.011456254910873745,1.1455845293464235,0.8190125211893805,12957,89,-0.19218315157552485,0.011456254910873745,0.0,0.0,False,True,AA04_constant,AA04,constant,False
AA07,T09,nan,{},0.0,0.0,-0.23898510045092924,0.22887912727682647,0.30147821288172394,0.4056505435443489,9,1,0.23898510045092924,-0.22887912727682647,0.0,0.0,False,False,AA04_constant,AA04,constant,False
AA08,V00,nan,{},0.0,0.0,0.2011825450747095,0.019474260488234214,0.7447436000203048,0.42693258566834785,455,58,-0.2011825450747095,-0.019474260488234214,0.0,0.0,False,True,AA04_constant,AA04,constant,False
AA00,F51,nan,{},0.0,0.0,-0.010993042601929197,-0.02391365718694379,0.5608339561168624,0.46521031881245284,7520,98,0.010993042601929197,0.02391365718694379,0.0,0.0,True,True,AA04_timing,AA04,timing,False
AA01,G96,nan,{},0.0,0.0,0.12197844731876328,-0.007018263412588831,0.659327526088573,0.5640968147800436,11605,99,-0.12197844731876328,0.007018263412588831,0.0,0.0,False,True,AA04_timing,AA04,timing,False
AA02,F52,nan,{},0.0,0.0,-0.0193916898118054,0.0052394773272213336,0.5774504545574248,0.5128572293952615,4341,96,0.0193916898118054,-0.0052394773272213336,0.0,0.0,True,True,AA04_timing,AA04,timing,False
AA03,703,nan,{},0.0,0.0,0.28375424023992535,-0.017004595794328378,0.8986153086401767,0.7061130790512631,31218,98,-0.28375424023992535,0.017004595794328378,0.0,0.0,False,True,AA04_timing,AA04,timing,False
AA04,691,TimingBias,{'delta_t_sec': 1.0},-0.005408404464807,0.0009093366345133,-0.04703777693748682,-0.02418757606785479,0.679954133752488,0.5051381438108403,1893,82,0.041629372472679824,0.02509691270236809,0.3460707157965199,0.07832309323378196,True,True,AA04_timing,AA04,timing,True
AA05,W84,nan,{},0.0,0.0,-0.20892630350492078,0.041234887615293966,0.5327871990511316,0.27783203020212555,137,14,0.20892630350492078,-0.041234887615293966,0.0,0.0,False,True,AA04_timing,AA04,timing,False
AA06,W68,nan,{},0.0,0.0,0.19327911055631716,-0.01152037252854317,1.144549041032055,0.8170953502864476,12957,89,-0.19327911055631716,0.01152037252854317,0.0,0.0,False,True,AA04_timing,AA04,timing,False
AA07,T09,nan,{},0.0,0.0,-0.23898510045092924,0.22887912727682647,0.30147821288172394,0.4056505435443489,9,1,0.23898510045092924,-0.22887912727682647,0.0,0.0,False,False,AA04_timing,AA04,timing,False
AA08,V00,nan,{},0.0,0.0,0.2003282414051696,0.019041048698769714,0.7436889523495752,0.4262198410569005,455,58,-0.2003282414051696,-0.019041048698769714,0.0,0.0,False,True,AA04_timing,AA04,timing,False
AA00,F51,nan,{},0.0,0.0,0.011685634447314788,-0.03953154381794871,0.6005788526822238,0.5995386359181883,2827,46,-0.011685634447314788,0.03953154381794871,0.0,0.0,True,True,AA04_mag_dep,AA04,mag_dep,False
AA01,G96,nan,{},0.0,0.0,0.19196840718843036,-0.008897308863350138,0.7208678312780423,0.7408750199884537,4225,47,-0.19196840718843036,0.008897308863350138,0.0,0.0,False,True,AA04_mag_dep,AA04,mag_dep,False
AA02,F52,nan,{},0.0,0.0,-0.07399353421105957,0.05459965095068503,0.6228592138481867,0.6224322030314412,1772,44,0.07399353421105957,-0.05459965095068503,0.0,0.0,True,True,AA04_mag_dep,AA04,mag_dep,False
AA03,703,nan,{},0.0,0.0,0.3383487721608734,-0.004087784675779107,0.9437704616894126,0.7854022655466923,13959,46,-0.3383487721608734,0.004087784675779107,0.0,0.0,False,True,AA04_mag_dep,AA04,mag_dep,False
AA04,691,MagnitudeDependentBias,"{'slope_ra': 0.05, 'slope_dec': 0.02, 'ref_mag': 18.0}",0.0315482758620689,0.0126193103448275,-0.03349906228910571,0.00599106103797782,0.6077665123445158,0.4706043204843581,1893,82,0.06504733815117461,0.0066282493068496795,2.258469186886955,1.1666887711860314,True,True,AA04_mag_dep,AA04,mag_dep,True
AA05,W84,nan,{},0.0,0.0,-0.2244856086044126,0.023446462357250696,0.5720044015718281,0.28564405978357355,102,10,0.2244856086044126,-0.023446462357250696,0.0,0.0,False,True,AA04_mag_dep,AA04,mag_dep,False
AA06,W68,nan,{},0.0,0.0,0.18077025087459458,0.001097422237230286,1.2590270241088377,0.8741180355736508,6885,42,-0.18077025087459458,-0.001097422237230286,0.0,0.0,False,True,AA04_mag_dep,AA04,mag_dep,False
AA07,T09,nan,{},0.0,0.0,,,,,0,0,,,0.0,0.0,False,False,AA04_mag_dep,AA04,mag_dep,False
AA08,V00,nan,{},0.0,0.0,0.24144321525331794,-0.021099188014430403,0.7231486668261554,0.4951594001881447,131,23,-0.24144321525331794,0.021099188014430403,0.0,0.0,False,True,AA04_mag_dep,AA04,mag_dep,False
AA00,F51,nan,{},0.0,0.0,-0.020616265478808727,-0.018354084027339984,0.5557955365848909,0.46523143716144394,7520,98,0.020616265478808727,0.018354084027339984,0.0,0.0,True,True,AA04_epoch,AA04,epoch,False
AA01,G96,nan,{},0.0,0.0,0.1182804864422578,-0.004868257008353502,0.6575119935832023,0.5650204181340462,11605,99,-0.1182804864422578,0.004868257008353502,0.0,0.0,False,True,AA04_epoch,AA04,epoch,False
AA02,F52,nan,{},0.0,0.0,-0.019559626554315056,0.00541247200799143,0.5777746614972992,0.5092673920366821,4341,96,0.019559626554315056,-0.00541247200799143,0.0,0.0,True,True,AA04_epoch,AA04,epoch,False
AA03,703,nan,{},0.0,0.0,0.27623115013175153,-0.012962081896754163,0.8954950757589835,0.6980751996076554,31218,98,-0.27623115013175153,0.012962081896754163,0.0,0.0,False,True,AA04_epoch,AA04,epoch,False
AA04,691,CatalogEpochBias,"{'epoch_error_years': 5.0, 'pm_ra_median_masyr': 50.0, 'pm_dec_median_masyr': 30.0}",0.25,0.1499999999999999,0.20837059250758228,0.12490308729761145,0.7039939933070125,0.5178765438710967,1893,82,0.041629407492417725,0.025096912702388466,15.45063603143558,12.602024657379667,True,True,AA04_epoch,AA04,epoch,True
AA05,W84,nan,{},0.0,0.0,-0.20896582548968792,0.04117288005003344,0.5327924025105651,0.2778072749667682,137,14,0.20896582548968792,-0.04117288005003344,0.0,0.0,False,True,AA04_epoch,AA04,epoch,False
AA06,W68,nan,{},0.0,0.0,0.19215881352615788,-0.011777132627838048,1.1453537671264649,0.8187705181063859,12957,89,-0.19215881352615788,0.011777132627838048,0.0,0.0,False,True,AA04_epoch,AA04,epoch,False
AA07,T09,nan,{},0.0,0.0,-0.23898510045092924,0.22887912727682647,0.30147821288172394,0.4056505435443489,9,1,0.23898510045092924,-0.22887912727682647,0.0,0.0,False,False,AA04_epoch,AA04,epoch,False
AA08,V00,nan,{},0.0,0.0,0.20011921695108198,0.018620261575516252,0.744077725398988,0.4266574832628319,455,58,-0.20011921695108198,-0.018620261575516252,0.0,0.0,False,True,AA04_epoch,AA04,epoch,False
AA00,F51,nan,{},0.0,0.0,-0.013499751489941259,-0.02411045256346953,0.5597862515580604,0.4640623796051767,7520,98,0.013499751489941259,0.02411045256346953,0.0,0.0,True,True,AA04_seasonal,AA04,seasonal,False
AA01,G96,nan,{},0.0,0.0,0.1230112525738925,-0.00440825934409744,0.6577566213947285,0.5652992187744428,11605,99,-0.1230112525738925,0.00440825934409744,0.0,0.0,False,True,AA04_seasonal,AA04,seasonal,False
AA02,F52,nan,{},0.0,0.0,-0.018841670350530092,0.0051209611522360695,0.5775680278932538,0.5124550670237733,4341,96,0.018841670350530092,-0.0051209611522360695,0.0,0.0,True,True,AA04_seasonal,AA04,seasonal,False
AA03,703,nan,{},0.0,0.0,0.2843139977607314,-0.019290985452854657,0.8997144809525738,0.7077476520502077,31218,98,-0.2843139977607314,0.019290985452854657,0.0,0.0,False,True,AA04_seasonal,AA04,seasonal,False
AA04,691,SeasonalBias,"{'amplitude_ra': 0.3, 'amplitude_dec': 0.1, 'phase_days': 0.0}",0.0601830676407251,0.0200610225469083,0.01855369877550363,-0.0050358901555494105,0.6814114301375273,0.5145049512431003,1893,82,0.041629368865221464,0.025096912702457713,3.8427330313389105,1.6964412128557196,True,True,AA04_seasonal,AA04,seasonal,True
AA05,W84,nan,{},0.0,0.0,-0.20884730255957581,0.04120918550815356,0.5327785725508355,0.2778402234053061,137,14,0.20884730255957581,-0.04120918550815356,0.0,0.0,False,True,AA04_seasonal,AA04,seasonal,False
AA06,W68,nan,{},0.0,0.0,0.19296872139119345,-0.011422183899416344,1.1441999149230049,0.8166554032224312,12957,89,-0.19296872139119345,0.011422183899416344,0.0,0.0,False,True,AA04_seasonal,AA04,seasonal,False
AA07,T09,nan,{},0.0,0.0,-0.23898510045092924,0.22887912727682647,0.30147821288172394,0.4056505435443489,9,1,0.23898510045092924,-0.22887912727682647,0.0,0.0,False,False,AA04_seasonal,AA04,seasonal,False
AA08,V00,nan,{},0.0,0.0,0.20022041450930336,0.01963316272257456,0.743777780557207,0.4260215110993394,455,58,-0.20022041450930336,-0.01963316272257456,0.0,0.0,False,True,AA04_seasonal,AA04,seasonal,False
AA00,F51,nan,{},0.0,0.0,-0.01248327236875342,-0.023994929142829587,0.5593669363062643,0.4644407197117671,7520,98,0.01248327236875342,0.023994929142829587,0.0,0.0,True,True,AA04_step,AA04,step,False
AA01,G96,nan,{},0.0,0.0,0.12183217677371538,-0.007020820182397568,0.6591929890248257,0.5640586743592534,11605,99,-0.12183217677371538,0.007020820182397568,0.0,0.0,False,True,AA04_step,AA04,step,False
AA02,F52,nan,{},0.0,0.0,-0.01936016854393624,0.00521720271233911,0.5774651804908084,0.5128000010002255,4341,96,0.01936016854393624,-0.00521720271233911,0.0,0.0,True,True,AA04_step,AA04,step,False
AA03,703,nan,{},0.0,0.0,0.281116258858585,-0.017962751337728546,0.895699085917569,0.7021188288567041,31218,98,-0.281116258858585,0.017962751337728546,0.0,0.0,False,True,AA04_step,AA04,step,False
AA04,691,StepChangeBias,"{'delta_ra_before': 0.0, 'delta_dec_before': 0.0, 'delta_ra_after': 0.4, 'delta_dec_after': -0.2, 'change_mjd': 59945.0}",0.0,0.0,-0.04162937351777051,-0.025096912702431647,0.6737376115372065,0.5032148532214714,1893,82,0.04162937351777051,0.025096912702431647,0.0,0.0,True,True,AA04_step,AA04,step,True
AA05,W84,nan,{},0.0,0.0,-0.20900682791558817,0.04128092822110353,0.5328546678875351,0.2778511262978356,137,14,0.20900682791558817,-0.04128092822110353,0.0,0.0,False,True,AA04_step,AA04,step,False
AA06,W68,nan,{},0.0,0.0,0.1932509656030077,-0.011500083834932461,1.1445285434637802,0.817107293167304,12957,89,-0.1932509656030077,0.011500083834932461,0.0,0.0,False,True,AA04_step,AA04,step,False
AA07,T09,nan,{},0.0,0.0,-0.23898510045092924,0.22887912727682647,0.30147821288172394,0.4056505435443489,9,1,0.23898510045092924,-0.22887912727682647,0.0,0.0,False,False,AA04_step,AA04,step,False
AA08,V00,nan,{},0.0,0.0,0.20029659792851912,0.019110743505830415,0.7436852131465317,0.42620504508598145,455,58,-0.20029659792851912,-0.019110743505830415,0.0,0.0,False,True,AA04_step,AA04,step,False
AA00,F51,nan,{},0.0,0.0,-0.010370609937031644,-0.024200630728409066,0.5614232482561621,0.4652918137262939,7520,98,0.010370609937031644,0.024200630728409066,0.0,0.0,True,True,AA04_dcr,AA04,dcr,False
AA01,G96,nan,{},0.0,0.0,0.1224849062450959,-0.009002388733094712,0.6582271012855716,0.5637575196984962,11605,99,-0.1224849062450959,0.009002388733094712,0.0,0.0,False,True,AA04_dcr,AA04,dcr,False
AA02,F52,nan,{},0.0,0.0,-0.01886992758745088,0.004414156430096599,0.5776791675703546,0.5120296590868536,4341,96,0.01886992758745088,-0.004414156430096599,0.0,0.0,True,True,AA04_dcr,AA04,dcr,False
AA03,703,nan,{},0.0,0.0,0.27944856878810026,-0.014529016084165352,0.8978016641949996,0.706748030938022,31218,98,-0.27944856878810026,0.014529016084165352,0.0,0.0,False,True,AA04_dcr,AA04,dcr,False
AA04,691,DCRBias,"{'bandpass_nm': 200.0, 'ref_wavelength_nm': 550.0}",-0.0341884875495156,-0.1909794815115836,-0.07581784487735597,-0.2160763942140145,0.6750382028212311,0.5534977165800486,1893,82,0.04162935732784037,0.025096912702430918,2.203569962899467,15.012263661775174,True,True,AA04_dcr,AA04,dcr,True
AA05,W84,nan,{},0.0,0.0,-0.20891519890526564,0.04120991582981365,0.5327867685417613,0.2778746838077125,137,14,0.20891519890526564,-0.04120991582981365,0.0,0.0,False,True,AA04_dcr,AA04,dcr,False
AA06,W68,nan,{},0.0,0.0,0.19339869511715554,-0.012094009456906318,1.1447063590973217,0.8167279899197966,12957,89,-0.19339869511715554,0.012094009456906318,0.0,0.0,False,True,AA04_dcr,AA04,dcr,False
AA07,T09,nan,{},0.0,0.0,-0.23898510045092924,0.22887912727682647,0.30147821288172394,0.4056505435443489,9,1,0.23898510045092924,-0.22887912727682647,0.0,0.0,False,False,AA04_dcr,AA04,dcr,False
AA08,V00,nan,{},0.0,0.0,0.200100521316673,0.019528865147254337,0.7432482022084292,0.42522065354432326,455,58,-0.200100521316673,-0.019528865147254337,0.0,0.0,False,True,AA04_dcr,AA04,dcr,False
AA00,F51,nan,{},0.0,0.0,-0.004064294539015275,-0.02649375083560387,0.563547528611579,0.4705847871005952,7317,95,0.004064294539015275,0.02649375083560387,0.0,0.0,True,True,AA04_trailing,AA04,trailing,False
AA01,G96,nan,{},0.0,0.0,0.14556586805071253,-0.014576849481186408,0.6806699244259541,0.5763807619720046,11352,96,-0.14556586805071253,0.014576849481186408,0.0,0.0,False,True,AA04_trailing,AA04,trailing,False
AA02,F52,nan,{},0.0,0.0,-0.006844810342392533,-0.0013686047307882073,0.5900214273140584,0.5182590516807365,4197,93,0.006844810342392533,0.0013686047307882073,0.0,0.0,True,True,AA04_trailing,AA04,trailing,False
AA03,703,nan,{},0.0,0.0,0.32732463607098505,-0.011577228042219183,1.006042761053193,0.7719881016555681,30306,94,-0.32732463607098505,0.011577228042219183,0.0,0.0,False,True,AA04_trailing,AA04,trailing,False
AA04,691,TrailingBias,{'trailing_factor': 0.1},-1.9470256073305523,0.3273611884248045,-1.9886553083529939,0.30226427572228615,7.413133902052867,3.6919291738567765,1893,82,0.04162970102244157,0.025096912702518348,11.427339378841115,3.857883731076749,True,True,AA04_trailing,AA04,trailing,True
AA05,W84,nan,{},0.0,0.0,-0.22097702727260587,0.04608888519974089,0.539002400635592,0.27991670135217395,134,13,0.22097702727260587,-0.04608888519974089,0.0,0.0,False,True,AA04_trailing,AA04,trailing,False
AA06,W68,nan,{},0.0,0.0,0.1958513406171122,-0.005854716617864928,1.1242626961013407,0.7886667919383276,12749,87,-0.1958513406171122,0.005854716617864928,0.0,0.0,False,True,AA04_trailing,AA04,trailing,False
AA07,T09,nan,{},0.0,0.0,-0.23898510045092924,0.22887912727682647,0.30147821288172394,0.4056505435443489,9,1,0.23898510045092924,-0.22887912727682647,0.0,0.0,False,False,AA04_trailing,AA04,trailing,False
AA08,V00,nan,{},0.0,0.0,0.21319786376593644,0.017971820643573302,0.7467276020418807,0.44635704068833026,447,57,-0.21319786376593644,-0.017971820643573302,0.0,0.0,False,True,AA04_trailing,AA04,trailing,False
AA00,F51,nan,{},0.0,0.0,-0.01248327236875342,-0.023994929142829587,0.5593669363062643,0.4644407197117671,7520,98,0.01248327236875342,0.023994929142829587,0.0,0.0,True,True,AA05_clean,AA05,clean,False
AA01,G96,nan,{},0.0,0.0,0.12183217677371538,-0.007020820182397568,0.6591929890248257,0.5640586743592534,11605,99,-0.12183217677371538,0.007020820182397568,0.0,0.0,False,True,AA05_clean,AA05,clean,False
AA02,F52,nan,{},0.0,0.0,-0.01936016854393624,0.00521720271233911,0.5774651804908084,0.5128000010002255,4341,96,0.01936016854393624,-0.00521720271233911,0.0,0.0,True,True,AA05_clean,AA05,clean,False
AA03,703,nan,{},0.0,0.0,0.281116258858585,-0.017962751337728546,0.895699085917569,0.7021188288567041,31218,98,-0.281116258858585,0.017962751337728546,0.0,0.0,False,True,AA05_clean,AA05,clean,False
AA04,691,nan,{},0.0,0.0,-0.04162937351777051,-0.025096912702431647,0.6737376115372065,0.5032148532214714,1893,82,0.04162937351777051,0.025096912702431647,0.0,0.0,True,True,AA05_clean,AA05,clean,False
AA05,W84,nan,{},0.0,0.0,-0.20900682791558817,0.04128092822110353,0.5328546678875351,0.2778511262978356,137,14,0.20900682791558817,-0.04128092822110353,0.0,0.0,False,True,AA05_clean,AA05,clean,True
AA06,W68,nan,{},0.0,0.0,0.1932509656030077,-0.011500083834932461,1.1445285434637802,0.817107293167304,12957,89,-0.1932509656030077,0.011500083834932461,0.0,0.0,False,True,AA05_clean,AA05,clean,False
AA07,T09,nan,{},0.0,0.0,-0.23898510045092924,0.22887912727682647,0.30147821288172394,0.4056505435443489,9,1,0.23898510045092924,-0.22887912727682647,0.0,0.0,False,False,AA05_clean,AA05,clean,False
AA08,V00,nan,{},0.0,0.0,0.20029659792851912,0.019110743505830415,0.7436852131465317,0.42620504508598145,455,58,-0.20029659792851912,-0.019110743505830415,0.0,0.0,False,True,AA05_clean,AA05,clean,False
AA00,F51,nan,{},0.0,0.0,-0.012869758982828038,-0.02378755950546599,0.5584471545107761,0.4634130920406676,7520,98,0.012869758982828038,0.02378755950546599,0.0,0.0,True,True,AA05_constant,AA05,constant,False
AA01,G96,nan,{},0.0,0.0,0.1215150189914106,-0.007278103029515023,0.6590011556115724,0.5641285324186784,11605,99,-0.1215150189914106,0.007278103029515023,0.0,0.0,False,True,AA05_constant,AA05,constant,False
AA02,F52,nan,{},0.0,0.0,-0.020103242637873366,0.004906417651420922,0.5762879564433175,0.5128361591388481,4341,96,0.020103242637873366,-0.004906417651420922,0.0,0.0,True,True,AA05_constant,AA05,constant,False
AA03,703,nan,{},0.0,0.0,0.28092722412145044,-0.01844499819253874,0.8951545983660566,0.7023185596457806,31218,98,-0.28092722412145044,0.01844499819253874,0.0,0.0,False,True,AA05_constant,AA05,constant,False
AA04,691,nan,{},0.0,0.0,-0.04159434659693311,-0.025155635844733983,0.6738147830986592,0.5032298314745756,1893,82,0.04159434659693311,0.025155635844733983,0.0,0.0,True,True,AA05_constant,AA05,constant,False
AA05,W84,ConstantBias,"{'delta_ra': 0.5, 'delta_dec': 0.0}",0.5,0.0,0.290993165807705,0.04128092822110353,0.5700239086928028,0.2778511262978356,137,14,0.209006834192295,-0.04128092822110353,10.266849979644908,0.0,False,True,AA05_constant,AA05,constant,True
AA06,W68,nan,{},0.0,0.0,0.1928309124987101,-0.012955394688554762,1.1448490254395443,0.8174629048110958,12957,89,-0.1928309124987101,0.012955394688554762,0.0,0.0,False,True,AA05_constant,AA05,constant,False
AA07,T09,nan,{},0.0,0.0,-0.23898510045092924,0.22887912727682647,0.30147821288172394,0.4056505435443489,9,1,0.23898510045092924,-0.22887912727682647,0.0,0.0,False,False,AA05_constant,AA05,constant,False
AA08,V00,nan,{},0.0,0.0,0.20028304527360347,0.01904520896296022,0.7435691769399521,0.426234346699691,455,58,-0.20028304527360347,-0.01904520896296022,0.0,0.0,False,True,AA05_constant,AA05,constant,False
AA00,F51,nan,{},0.0,0.0,-0.012465577459452917,-0.024003080040246507,0.5593965582874657,0.46448338163902647,7520,98,0.012465577459452917,0.024003080040246507,0.0,0.0,True,True,AA05_timing,AA05,timing,False
AA01,G96,nan,{},0.0,0.0,0.12183330937210915,-0.007004280268354658,0.6591972865785667,0.5640517150947959,11605,99,-0.12183330937210915,0.007004280268354658,0.0,0.0,False,True,AA05_timing,AA05,timing,False
AA02,F52,nan,{},0.0,0.0,-0.019359189397975467,0.00521796293780731,0.5774583166731442,0.5127989547773983,4341,96,0.019359189397975467,-0.00521796293780731,0.0,0.0,True,True,AA05_timing,AA05,timing,False
AA03,703,nan,{},0.0,0.0,0.2811355806651871,-0.017956456546320804,0.895708342347331,0.7021681070509744,31218,98,-0.2811355806651871,0.017956456546320804,0.0,0.0,False,True,AA05_timing,AA05,timing,False
AA04,691,nan,{},0.0,0.0,-0.04163384548116811,-0.025098099171625646,0.6737342249468861,0.5032148392354366,1893,82,0.04163384548116811,0.025098099171625646,0.0,0.0,True,True,AA05_timing,AA05,timing,False
AA05,W84,TimingBias,{'delta_t_sec': 1.0},-0.0069836700435587,0.0004482751534322,-0.21599049632029166,0.04172920337473725,0.5454001623406949,0.28175987852282003,137,14,0.20900682627673295,-0.041280928221305045,0.1498748401256897,0.018621977606832135,False,True,AA05_timing,AA05,timing,True
AA06,W68,nan,{},0.0,0.0,0.19323325024574256,-0.01148504964555662,1.1445256773796155,0.8171031622450969,12957,89,-0.19323325024574256,0.01148504964555662,0.0,0.0,False,True,AA05_timing,AA05,timing,False
AA07,T09,nan,{},0.0,0.0,-0.23898510045092924,0.22887912727682647,0.30147821288172394,0.4056505435443489,9,1,0.23898510045092924,-0.22887912727682647,0.0,0.0,False,False,AA05_timing,AA05,timing,False
AA08,V00,nan,{},0.0,0.0,0.20029682025158707,0.01910210376549978,0.7436938656434823,0.4261980774189904,455,58,-0.20029682025158707,-0.01910210376549978,0.0,0.0,False,True,AA05_timing,AA05,timing,False
AA00,F51,nan,{},0.0,0.0,-0.008790593008820617,-0.025692635560342295,0.5575116962792033,0.4601006769565995,7098,93,0.008790593008820617,0.025692635560342295,0.0,0.0,True,True,AA05_mag_dep,AA05,mag_dep,False
AA01,G96,nan,{},0.0,0.0,0.11826796291409529,-0.0056554520578724005,0.6574188736158721,0.5730635889315332,10970,94,-0.11826796291409529,0.0056554520578724005,0.0,0.0,False,True,AA05_mag_dep,AA05,mag_dep,False
AA02,F52,nan,{},0.0,0.0,-0.015158121368786753,0.0026862757271358425,0.5773605461844677,0.5184142986425134,4188,91,0.015158121368786753,-0.0026862757271358425,0.0,0.0,True,True,AA05_mag_dep,AA05,mag_dep,False
AA03,703,nan,{},0.0,0.0,0.26070450446301713,-0.027024872342983574,0.8763264904449083,0.7050839205573475,29558,93,-0.26070450446301713,0.027024872342983574,0.0,0.0,False,True,AA05_mag_dep,AA05,mag_dep,False
AA04,691,nan,{},0.0,0.0,-0.03865025338846974,-0.026575332369515512,0.6843741884620756,0.5098608137872365,1785,78,0.03865025338846974,0.026575332369515512,0.0,0.0,True,True,AA05_mag_dep,AA05,mag_dep,False
AA05,W84,MagnitudeDependentBias,"{'slope_ra': 0.05, 'slope_dec': 0.02, 'ref_mag': 18.0}",0.0512666666666666,0.0205066666666666,-0.028860593430625532,0.06524434433392301,0.6264747052136496,0.33504808977696965,137,14,0.08012726009729212,-0.044737677667256406,0.9578374733447279,0.7163878464797871,True,True,AA05_mag_dep,AA05,mag_dep,True
AA06,W68,nan,{},0.0,0.0,0.17746641528109544,-0.0235725654545289,1.1482411877199896,0.8327045634632187,12280,84,-0.17746641528109544,0.0235725654545289,0.0,0.0,False,True,AA05_mag_dep,AA05,mag_dep,False
AA07,T09,nan,{},0.0,0.0,-0.23898510045092924,0.22887912727682647,0.30147821288172394,0.4056505435443489,9,1,0.23898510045092924,-0.22887912727682647,0.0,0.0,False,False,AA05_mag_dep,AA05,mag_dep,False
AA08,V00,nan,{},0.0,0.0,0.16241458168963763,0.012875492650020113,0.7091134839370018,0.4304791103559165,439,55,-0.16241458168963763,-0.012875492650020113,0.0,0.0,False,True,AA05_mag_dep,AA05,mag_dep,False
AA00,F51,nan,{},0.0,0.0,-0.012652606900044888,-0.023784428551918098,0.5585065854403268,0.46329674064770326,7520,98,0.012652606900044888,0.023784428551918098,0.0,0.0,True,True,AA05_epoch,AA05,epoch,False
AA01,G96,nan,{},0.0,0.0,0.12170264791540893,-0.007257879904628616,0.6590894880922822,0.56409631285201,11605,99,-0.12170264791540893,0.007257879904628616,0.0,0.0,False,True,AA05_epoch,AA05,epoch,False
AA02,F52,nan,{},0.0,0.0,-0.01951729600614502,0.005159793501807407,0.5776144605264381,0.5128204887010043,4341,96,0.01951729600614502,-0.005159793501807407,0.0,0.0,True,True,AA05_epoch,AA05,epoch,False
AA03,703,nan,{},0.0,0.0,0.28141433098825486,-0.01821786018538192,0.8955446826396776,0.7020255382131884,31218,98,-0.28141433098825486,0.01821786018538192,0.0,0.0,False,True,AA05_epoch,AA05,epoch,False
AA04,691,nan,{},0.0,0.0,-0.04158609876396874,-0.025128569486002936,0.6737844488517276,0.5032059110402488,1893,82,0.04158609876396874,0.025128569486002936,0.0,0.0,True,True,AA05_epoch,AA05,epoch,False
AA05,W84,CatalogEpochBias,"{'epoch_error_years': 5.0, 'pm_ra_median_masyr': 50.0, 'pm_dec_median_masyr': 30.0}",0.25,0.15,0.04099314234553627,0.19128092822107096,0.49186457376422976,0.33479176640237845,137,14,0.20900685765446372,-0.04128092822107096,5.949147659254961,5.2441701463404655,False,True,AA05_epoch,AA05,epoch,True
AA06,W68,nan,{},0.0,0.0,0.1930763013521424,-0.013038394691094263,1.1446879616088068,0.8173735763951608,12957,89,-0.1930763013521424,0.013038394691094263,0.0,0.0,False,True,AA05_epoch,AA05,epoch,False
AA07,T09,nan,{},0.0,0.0,-0.23898510045092924,0.22887912727682647,0.30147821288172394,0.4056505435443489,9,1,0.23898510045092924,-0.22887912727682647,0.0,0.0,False,False,AA05_epoch,AA05,epoch,False
AA08,V00,nan,{},0.0,0.0,0.2003246248151845,0.019068292669412474,0.7435676564019138,0.4261622533213165,455,58,-0.2003246248151845,-0.019068292669412474,0.0,0.0,False,True,AA05_epoch,AA05,epoch,False
AA00,F51,nan,{},0.0,0.0,-0.01250090231996719,-0.023750363117828747,0.5585920165639492,0.4633723858774006,7520,98,0.01250090231996719,0.023750363117828747,0.0,0.0,True,True,AA05_seasonal,AA05,seasonal,False
AA01,G96,nan,{},0.0,0.0,0.12164479525217396,-0.007196959203693875,0.6589977096506705,0.564075967437965,11605,99,-0.12164479525217396,0.007196959203693875,0.0,0.0,False,True,AA05_seasonal,AA05,seasonal,False
AA02,F52,nan,{},0.0,0.0,-0.019331405439012354,0.005150445437022214,0.5774842269316707,0.5127961291662363,4341,96,0.019331405439012354,-0.005150445437022214,0.0,0.0,True,True,AA05_seasonal,AA05,seasonal,False
AA03,703,nan,{},0.0,0.0,0.28109512506049195,-0.017949039511969272,0.8956210118324452,0.7019925609099674,31218,98,-0.28109512506049195,0.017949039511969272,0.0,0.0,False,True,AA05_seasonal,AA05,seasonal,False
AA04,691,nan,{},0.0,0.0,-0.04154653832203279,-0.025119226093018327,0.6738047248628172,0.5032211173244592,1893,82,0.04154653832203279,0.025119226093018327,0.0,0.0,True,True,AA05_seasonal,AA05,seasonal,False
AA05,W84,SeasonalBias,"{'amplitude_ra': 0.3, 'amplitude_dec': 0.1, 'phase_days': 0.0}",0.132935858164848,0.044311952721616,-0.07607098746873518,0.08559288094266986,0.4641902310369942,0.2917096766681244,137,14,0.20900684563358318,-0.04128092822105386,3.352018683627851,1.7779941858239552,False,True,AA05_seasonal,AA05,seasonal,True
AA06,W68,nan,{},0.0,0.0,0.19320483570586028,-0.013030293373980956,1.1447208184869886,0.8174271702911302,12957,89,-0.19320483570586028,0.013030293373980956,0.0,0.0,False,True,AA05_seasonal,AA05,seasonal,False
AA07,T09,nan,{},0.0,0.0,-0.23898510045092924,0.22887912727682647,0.30147821288172394,0.4056505435443489,9,1,0.23898510045092924,-0.22887912727682647,0.0,0.0,False,False,AA05_seasonal,AA05,seasonal,False
AA08,V00,nan,{},0.0,0.0,0.2003774876921453,0.0191528377508537,0.7436046313067992,0.4262109205845772,455,58,-0.2003774876921453,-0.0191528377508537,0.0,0.0,False,True,AA05_seasonal,AA05,seasonal,False
AA00,F51,nan,{},0.0,0.0,-0.012703302614992815,-0.023834728871363065,0.5591703731467069,0.4640675756291,7520,98,0.012703302614992815,0.023834728871363065,0.0,0.0,True,True,AA05_step,AA05,step,False
AA01,G96,nan,{},0.0,0.0,0.12172261487305301,-0.007068700975883145,0.659174274550667,0.5640894366854214,11605,99,-0.12172261487305301,0.007068700975883145,0.0,0.0,False,True,AA05_step,AA05,step,False
AA02,F52,nan,{},0.0,0.0,-0.01952362509741627,0.005209572365150835,0.5774756335572958,0.5127922329367258,4341,96,0.01952362509741627,-0.005209572365150835,0.0,0.0,True,True,AA05_step,AA05,step,False
AA03,703,nan,{},0.0,0.0,0.28101333026629916,-0.017991402593628945,0.8956974662035079,0.7020504673480105,31218,98,-0.28101333026629916,0.017991402593628945,0.0,0.0,False,True,AA05_step,AA05,step,False
AA04,691,nan,{},0.0,0.0,-0.04161588745842503,-0.025049786402734385,0.6737888522256763,0.5032524466574624,1893,82,0.04161588745842503,0.025049786402734385,0.0,0.0,True,True,AA05_step,AA05,step,False
AA05,W84,StepChangeBias,"{'delta_ra_before': 0.0, 'delta_dec_before': 0.0, 'delta_ra_after': 0.4, 'delta_dec_after': -0.2, 'change_mjd': 59945.0}",0.1372262773722627,-0.0686131386861313,-0.07178056854069957,-0.02733221046515644,0.6109181144379288,0.29370955126228326,137,14,0.20900684591296226,-0.04128092822097486,2.629145148176326,2.7343210147653236,False,True,AA05_step,AA05,step,True
AA06,W68,nan,{},0.0,0.0,0.19245152753012257,-0.011805360800484525,1.1443427637024557,0.817108846430768,12957,89,-0.19245152753012257,0.011805360800484525,0.0,0.0,False,True,AA05_step,AA05,step,False
AA07,T09,nan,{},0.0,0.0,-0.23898510045092924,0.22887912727682647,0.30147821288172394,0.4056505435443489,9,1,0.23898510045092924,-0.22887912727682647,0.0,0.0,False,False,AA05_step,AA05,step,False
AA08,V00,nan,{},0.0,0.0,0.20020035549805998,0.019158626027633782,0.7436633616515054,0.4263106655571142,455,58,-0.20020035549805998,-0.019158626027633782,0.0,0.0,False,True,AA05_step,AA05,step,False
AA00,F51,nan,{},0.0,0.0,-0.012595018825630697,-0.024067595241998033,0.5592525484404063,0.4644627355066039,7520,98,0.012595018825630697,0.024067595241998033,0.0,0.0,True,True,AA05_dcr,AA05,dcr,False
AA01,G96,nan,{},0.0,0.0,0.12171564173889612,-0.007115384326421265,0.6591635046637712,0.5640515615654739,11605,99,-0.12171564173889612,0.007115384326421265,0.0,0.0,False,True,AA05_dcr,AA05,dcr,False
AA02,F52,nan,{},0.0,0.0,-0.019482611698946675,0.005202119045799957,0.5776561442766321,0.5128057462996912,4341,96,0.019482611698946675,-0.005202119045799957,0.0,0.0,True,True,AA05_dcr,AA05,dcr,False
AA03,703,nan,{},0.0,0.0,0.2813836010206764,-0.018248091938214975,0.8952888642963208,0.7019702764351037,31218,98,-0.2813836010206764,0.018248091938214975,0.0,0.0,False,True,AA05_dcr,AA05,dcr,False
AA04,691,nan,{},0.0,0.0,-0.04158881344930612,-0.025141856773592215,0.6737549908241386,0.5032046205975007,1893,82,0.04158881344930612,0.025141856773592215,0.0,0.0,True,True,AA05_dcr,AA05,dcr,False
AA05,W84,DCRBias,"{'bandpass_nm': 200.0, 'ref_wavelength_nm': 550.0}",0.0689350052563524,0.1241309360098253,-0.14007183835465276,0.16541186423073076,0.5916346107280126,0.33689034037586957,137,14,0.20900684361100516,-0.041280928220905455,1.3637869307149404,4.3127248884925695,False,True,AA05_dcr,AA05,dcr,True
AA06,W68,nan,{},0.0,0.0,0.193946685545673,-0.012683581653209337,1.144860277419309,0.8173971327410599,12957,89,-0.193946685545673,0.012683581653209337,0.0,0.0,False,True,AA05_dcr,AA05,dcr,False
AA07,T09,nan,{},0.0,0.0,-0.23898510045092924,0.22887912727682647,0.30147821288172394,0.4056505435443489,9,1,0.23898510045092924,-0.22887912727682647,0.0,0.0,False,False,AA05_dcr,AA05,dcr,False
AA08,V00,nan,{},0.0,0.0,0.2004669385768512,0.019112245680081776,0.7434460521196334,0.42615242170000867,455,58,-0.2004669385768512,-0.019112245680081776,0.0,0.0,False,True,AA05_dcr,AA05,dcr,False
AA00,F51,nan,{},0.0,0.0,-0.022596007158444016,-0.013760888884343379,0.5551827712693733,0.45742500126673147,7520,98,0.022596007158444016,0.013760888884343379,0.0,0.0,True,True,AA05_trailing,AA05,trailing,False
AA01,G96,nan,{},0.0,0.0,0.11910022761153068,-0.002759866541570604,0.659656946312712,0.5631621468740741,11605,99,-0.11910022761153068,0.002759866541570604,0.0,0.0,False,True,AA05_trailing,AA05,trailing,False
AA02,F52,nan,{},0.0,0.0,-0.019594258531081397,0.0052812638516585774,0.5766510385258592,0.5124397391929845,4341,96,0.019594258531081397,-0.0052812638516585774,0.0,0.0,True,True,AA05_trailing,AA05,trailing,False
AA03,703,nan,{},0.0,0.0,0.2779946862241886,-0.013419615757695107,0.8973522652591809,0.6952930108165585,30770,97,-0.2779946862241886,0.013419615757695107,0.0,0.0,False,True,AA05_trailing,AA05,trailing,False
AA04,691,nan,{},0.0,0.0,-0.04147519751239771,-0.025751771466600744,0.674529965560872,0.5032758429686015,1893,82,0.04147519751239771,0.025751771466600744,0.0,0.0,True,True,AA05_trailing,AA05,trailing,False
AA05,W84,TrailingBias,{'trailing_factor': 0.1},-2.5141212156811465,0.1613790552356021,-2.7231243252601574,0.2026599834565036,5.6976740169854025,2.9668979346065716,137,14,0.2090031095790108,-0.041280928220901514,5.164745171625501,0.6366560141404555,False,True,AA05_trailing,AA05,trailing,True
AA06,W68,nan,{},0.0,0.0,0.18573219026385346,-0.00127048085789155,1.138658457166123,0.8171335838160306,12957,89,-0.18573219026385346,0.00127048085789155,0.0,0.0,False,True,AA05_trailing,AA05,trailing,False
AA07,T09,nan,{},0.0,0.0,-0.23898510045092924,0.22887912727682647,0.30147821288172394,0.4056505435443489,9,1,0.23898510045092924,-0.22887912727682647,0.0,0.0,False,False,AA05_trailing,AA05,trailing,False
AA08,V00,nan,{},0.0,0.0,0.21173877787052814,0.02277800253969356,0.7386619726852566,0.42849782250829893,455,58,-0.21173877787052814,-0.02277800253969356,0.0,0.0,False,True,AA05_trailing,AA05,trailing,False
AA00,F51,nan,{},0.0,0.0,-0.01248327236875342,-0.023994929142829587,0.5593669363062643,0.4644407197117671,7520,98,0.01248327236875342,0.023994929142829587,0.0,0.0,True,True,AA06_clean,AA06,clean,False
AA01,G96,nan,{},0.0,0.0,0.12183217677371538,-0.007020820182397568,0.6591929890248257,0.5640586743592534,11605,99,-0.12183217677371538,0.007020820182397568,0.0,0.0,False,True,AA06_clean,AA06,clean,False
AA02,F52,nan,{},0.0,0.0,-0.01936016854393624,0.00521720271233911,0.5774651804908084,0.5128000010002255,4341,96,0.01936016854393624,-0.00521720271233911,0.0,0.0,True,True,AA06_clean,AA06,clean,False
AA03,703,nan,{},0.0,0.0,0.281116258858585,-0.017962751337728546,0.895699085917569,0.7021188288567041,31218,98,-0.281116258858585,0.017962751337728546,0.0,0.0,False,True,AA06_clean,AA06,clean,False
AA04,691,nan,{},0.0,0.0,-0.04162937351777051,-0.025096912702431647,0.6737376115372065,0.5032148532214714,1893,82,0.04162937351777051,0.025096912702431647,0.0,0.0,True,True,AA06_clean,AA06,clean,False
AA05,W84,nan,{},0.0,0.0,-0.20900682791558817,0.04128092822110353,0.5328546678875351,0.2778511262978356,137,14,0.20900682791558817,-0.04128092822110353,0.0,0.0,False,True,AA06_clean,AA06,clean,False
AA06,W68,nan,{},0.0,0.0,0.1932509656030077,-0.011500083834932461,1.1445285434637802,0.817107293167304,12957,89,-0.1932509656030077,0.011500083834932461,0.0,0.0,False,True,AA06_clean,AA06,clean,True
AA07,T09,nan,{},0.0,0.0,-0.23898510045092924,0.22887912727682647,0.30147821288172394,0.4056505435443489,9,1,0.23898510045092924,-0.22887912727682647,0.0,0.0,False,False,AA06_clean,AA06,clean,False
AA08,V00,nan,{},0.0,0.0,0.20029659792851912,0.019110743505830415,0.7436852131465317,0.42620504508598145,455,58,-0.20029659792851912,-0.019110743505830415,0.0,0.0,False,True,AA06_clean,AA06,clean,False
AA00,F51,nan,{},0.0,0.0,-0.02809101396925698,-0.01992490470277374,0.5576288757265165,0.46499623912663834,7520,98,0.02809101396925698,0.01992490470277374,0.0,0.0,True,True,AA06_constant,AA06,constant,False
AA01,G96,nan,{},0.0,0.0,0.09799664951684273,0.006405057936368609,0.6550745542843501,0.570134616767944,11605,99,-0.09799664951684273,-0.006405057936368609,0.0,0.0,True,True,AA06_constant,AA06,constant,False
AA02,F52,nan,{},0.0,0.0,-0.03217487609147519,0.005386026127730417,0.5746948949626004,0.5103338714836738,4341,96,0.03217487609147519,-0.005386026127730417,0.0,0.0,True,True,AA06_constant,AA06,constant,False
AA03,703,nan,{},0.0,0.0,0.275455779047772,-0.02367430570065126,0.9234461765369473,0.7129870777753701,31218,98,-0.275455779047772,0.02367430570065126,0.0,0.0,False,True,AA06_constant,AA06,constant,False
AA04,691,nan,{},0.0,0.0,-0.056924899540450755,-0.031738322124994514,0.7014723902221,0.5581774521922788,1893,82,0.056924899540450755,0.031738322124994514,0.0,0.0,True,True,AA06_constant,AA06,constant,False
AA05,W84,nan,{},0.0,0.0,-0.20330590675395627,-0.034060089410201944,0.5651815015220664,0.3798023704639858,137,14,0.20330590675395627,0.034060089410201944,0.0,0.0,False,True,AA06_constant,AA06,constant,False
AA06,W68,ConstantBias,"{'delta_ra': 0.5, 'delta_dec': 0.0}",0.5,0.0,0.6932509710870383,-0.011500083834932461,1.3240832927598147,0.817107293167304,12957,89,-0.19325097108703826,0.011500083834932461,42.984009944454144,0.0,False,True,AA06_constant,AA06,constant,True
AA07,T09,nan,{},0.0,0.0,-0.23898510045092924,0.22887912727682647,0.30147821288172394,0.4056505435443489,9,1,0.23898510045092924,-0.22887912727682647,0.0,0.0,False,False,AA06_constant,AA06,constant,False
AA08,V00,nan,{},0.0,0.0,0.18919442048372556,0.013116877651662579,0.7506491232508218,0.43332545563452285,455,58,-0.18919442048372556,-0.013116877651662579,0.0,0.0,False,True,AA06_constant,AA06,constant,False
AA00,F51,nan,{},0.0,0.0,-0.010860655409699669,-0.02723681641778632,0.5637252451452159,0.4674293247862276,7459,97,0.010860655409699669,0.02723681641778632,0.0,0.0,True,True,AA06_timing,AA06,timing,False
AA01,G96,nan,{},0.0,0.0,0.12190387760620358,-0.008488889941189253,0.6609366114579501,0.5652739613267243,11473,98,-0.12190387760620358,0.008488889941189253,0.0,0.0,False,True,AA06_timing,AA06,timing,False
AA02,F52,nan,{},0.0,0.0,-0.021707345448926503,0.0021601248149037224,0.5794332600146731,0.5116445931531004,4256,95,0.021707345448926503,-0.0021601248149037224,0.0,0.0,True,True,AA06_timing,AA06,timing,False
AA03,703,nan,{},0.0,0.0,0.2863463378495968,-0.016847996975884665,0.9001726612916586,0.7058077396399718,30819,97,-0.2863463378495968,0.016847996975884665,0.0,0.0,False,True,AA06_timing,AA06,timing,False
AA04,691,nan,{},0.0,0.0,-0.04774047552228956,-0.020600221769599456,0.6759624128499173,0.5006759132159154,1881,81,0.04774047552228956,0.020600221769599456,0.0,0.0,True,True,AA06_timing,AA06,timing,False
AA05,W84,nan,{},0.0,0.0,-0.21052680417334066,0.04466695470087717,0.534584442971285,0.278430176099555,137,14,0.21052680417334066,-0.04466695470087717,0.0,0.0,False,True,AA06_timing,AA06,timing,False
AA06,W68,TimingBias,{'delta_t_sec': 1.0},-0.1082932104534298,-0.0002230945372067,0.3038636771191625,-0.011723178372167941,12.515296765653558,0.835956555688962,12957,89,-0.4121568875725923,0.011500083834961242,0.9849457400677726,0.030377879673934106,False,True,AA06_timing,AA06,timing,True
AA07,T09,nan,{},0.0,0.0,-0.23898510045092924,0.22887912727682647,0.30147821288172394,0.4056505435443489,9,1,0.23898510045092924,-0.22887912727682647,0.0,0.0,False,False,AA06_timing,AA06,timing,False
AA08,V00,nan,{},0.0,0.0,0.19997912844949242,0.019538344857152497,0.7440830876192902,0.4266246829906284,455,58,-0.19997912844949242,-0.019538344857152497,0.0,0.0,False,True,AA06_timing,AA06,timing,False
AA00,F51,nan,{},0.0,0.0,-0.010406873344007979,-0.024127741212271507,0.5603465559489316,0.46398824638795194,7520,98,0.010406873344007979,0.024127741212271507,0.0,0.0,True,True,AA06_mag_dep,AA06,mag_dep,False
AA01,G96,nan,{},0.0,0.0,0.12755220149724655,-0.007826716637449885,0.659415576502252,0.5636808855369008,11605,99,-0.12755220149724655,0.007826716637449885,0.0,0.0,False,True,AA06_mag_dep,AA06,mag_dep,False
AA02,F52,nan,{},0.0,0.0,-0.015771306130595776,0.004621901494594727,0.5780098343879857,0.5118130155566877,4341,96,0.015771306130595776,-0.004621901494594727,0.0,0.0,True,True,AA06_mag_dep,AA06,mag_dep,False
AA03,703,nan,{},0.0,0.0,0.29037335498967254,-0.016965454873217774,0.8963102558371587,0.7046426616209062,31218,98,-0.29037335498967254,0.016965454873217774,0.0,0.0,False,True,AA06_mag_dep,AA06,mag_dep,False
AA04,691,nan,{},0.0,0.0,-0.034918735961508324,-0.019355850185032938,0.6716070423239173,0.5008694638807327,1893,82,0.034918735961508324,0.019355850185032938,0.0,0.0,True,True,AA06_mag_dep,AA06,mag_dep,False
AA05,W84,nan,{},0.0,0.0,-0.197080507020274,0.02375180586217391,0.5286819473215021,0.27490368966156786,137,14,0.197080507020274,-0.02375180586217391,0.0,0.0,False,True,AA06_mag_dep,AA06,mag_dep,False
AA06,W68,MagnitudeDependentBias,"{'slope_ra': 0.05, 'slope_dec': 0.02, 'ref_mag': 18.0}",-0.0588618893262329,-0.0235447557304931,0.1343890700832129,-0.03504483956538454,1.1368855405622937,0.8158695263225534,12957,89,-0.1932509594094458,0.011500083834891438,5.893451097783695,3.284926876620384,False,True,AA06_mag_dep,AA06,mag_dep,True
AA07,T09,nan,{},0.0,0.0,-0.23898510045092924,0.22887912727682647,0.30147821288172394,0.4056505435443489,9,1,0.23898510045092924,-0.22887912727682647,0.0,0.0,False,False,AA06_mag_dep,AA06,mag_dep,False
AA08,V00,nan,{},0.0,0.0,0.208674197119404,0.018733003292362042,0.7379203149815736,0.42535138547853857,455,58,-0.208674197119404,-0.018733003292362042,0.0,0.0,False,True,AA06_mag_dep,AA06,mag_dep,False
AA00,F51,nan,{},0.0,0.0,-0.016989415327223072,-0.018055411045897505,0.5587140328012584,0.46773947416989636,7520,98,0.016989415327223072,0.018055411045897505,0.0,0.0,True,True,AA06_epoch,AA06,epoch,False
AA01,G96,nan,{},0.0,0.0,0.1144704887010876,-0.009501772878113992,0.6591530353347177,0.5654458820504539,11605,99,-0.1144704887010876,0.009501772878113992,0.0,0.0,False,True,AA06_epoch,AA06,epoch,False
AA02,F52,nan,{},0.0,0.0,-0.024460435384750408,-7.642796021770708e-05,0.5752103711234996,0.5107351459618893,4341,96,0.024460435384750408,7.642796021770708e-05,0.0,0.0,True,True,AA06_epoch,AA06,epoch,False
AA03,703,nan,{},0.0,0.0,0.27995285449902235,-0.029265175592299377,0.9099618358872373,0.6994185540552648,31218,98,-0.27995285449902235,0.029265175592299377,0.0,0.0,False,True,AA06_epoch,AA06,epoch,False
AA04,691,nan,{},0.0,0.0,-0.05233607957663239,-0.030524386105214015,0.696754707812838,0.5435942310579867,1893,82,0.05233607957663239,0.030524386105214015,0.0,0.0,True,True,AA06_epoch,AA06,epoch,False
AA05,W84,nan,{},0.0,0.0,-0.19107763097779878,-0.050363995039996126,0.5513007880740737,0.37471055939700604,137,14,0.19107763097779878,0.050363995039996126,0.0,0.0,False,True,AA06_epoch,AA06,epoch,False
AA06,W68,CatalogEpochBias,"{'epoch_error_years': 5.0, 'pm_ra_median_masyr': 50.0, 'pm_dec_median_masyr': 30.0}",0.25,0.1499999999999999,0.4432511338349423,0.1384999161650817,1.2120528271642683,0.8286822692664824,12957,89,-0.1932511338349423,0.011500083834918212,23.47851848851796,20.60418505405644,False,True,AA06_epoch,AA06,epoch,True
AA07,T09,nan,{},0.0,0.0,-0.23898510045092924,0.22887912727682647,0.30147821288172394,0.4056505435443489,9,1,0.23898510045092924,-0.22887912727682647,0.0,0.0,False,False,AA06_epoch,AA06,epoch,False
AA08,V00,nan,{},0.0,0.0,0.19557245521536362,0.013770948080278369,0.745428996377392,0.4347589704918489,455,58,-0.19557245521536362,-0.013770948080278369,0.0,0.0,False,True,AA06_epoch,AA06,epoch,False
AA00,F51,nan,{},0.0,0.0,-0.01228411023072494,-0.019184229295924587,0.5559143384458386,0.46589451252867753,7520,98,0.01228411023072494,0.019184229295924587,0.0,0.0,True,True,AA06_seasonal,AA06,seasonal,False
AA01,G96,nan,{},0.0,0.0,0.12448456898642189,-0.004483270748436314,0.6617807088254157,0.5641862847316693,11605,99,-0.12448456898642189,0.004483270748436314,0.0,0.0,False,True,AA06_seasonal,AA06,seasonal,False
AA02,F52,nan,{},0.0,0.0,-0.006628105822398429,0.023360390167499787,0.5706638555127925,0.5186502896590678,4341,96,0.006628105822398429,-0.023360390167499787,0.0,0.0,True,True,AA06_seasonal,AA06,seasonal,False
AA03,703,nan,{},0.0,0.0,0.27776094924057776,-0.025336060540974863,0.8991800542351615,0.6987783448368908,31218,98,-0.27776094924057776,0.025336060540974863,0.0,0.0,False,True,AA06_seasonal,AA06,seasonal,False
AA04,691,nan,{},0.0,0.0,-0.037061499647581535,-0.025613149795744992,0.6797960478028706,0.5042207198055014,1893,82,0.037061499647581535,0.025613149795744992,0.0,0.0,True,True,AA06_seasonal,AA06,seasonal,False
AA05,W84,nan,{},0.0,0.0,-0.20240357533266604,0.044847663549322875,0.5375344964083121,0.2867589264743104,137,14,0.20240357533266604,-0.044847663549322875,0.0,0.0,False,True,AA06_seasonal,AA06,seasonal,False
AA06,W68,SeasonalBias,"{'amplitude_ra': 0.3, 'amplitude_dec': 0.1, 'phase_days': 0.0}",0.0289821098682069,0.0096607032894023,0.2222331186827915,-0.0018393805455146673,1.1451206662101798,0.8252641169464628,12957,89,-0.1932510088145846,0.011500083834916968,2.880918519178426,1.3325024341643015,False,True,AA06_seasonal,AA06,seasonal,True
AA07,T09,nan,{},0.0,0.0,-0.23898510045092924,0.22887912727682647,0.30147821288172394,0.4056505435443489,9,1,0.23898510045092924,-0.22887912727682647,0.0,0.0,False,False,AA06_seasonal,AA06,seasonal,False
AA08,V00,nan,{},0.0,0.0,0.217698079316508,0.018751457359605157,0.7393525275623245,0.4308314903529828,455,58,-0.217698079316508,-0.018751457359605157,0.0,0.0,False,True,AA06_seasonal,AA06,seasonal,False
AA00,F51,nan,{},0.0,0.0,-0.026708822257984297,-0.018487367919354993,0.5560715499970681,0.46590720398443414,7520,98,0.026708822257984297,0.018487367919354993,0.0,0.0,True,True,AA06_step,AA06,step,False
AA01,G96,nan,{},0.0,0.0,0.1060348084607509,0.004405061622866062,0.6590164200208087,0.5714296376792677,11605,99,-0.1060348084607509,-0.004405061622866062,0.0,0.0,False,True,AA06_step,AA06,step,False
AA02,F52,nan,{},0.0,0.0,-0.02485074203013981,0.01131867767571757,0.5760084945601035,0.5093761877339662,4341,96,0.02485074203013981,-0.01131867767571757,0.0,0.0,True,True,AA06_step,AA06,step,False
AA03,703,nan,{},0.0,0.0,0.26949604572284647,-0.021304766756183466,0.9113376086800965,0.7040571033356258,31218,98,-0.26949604572284647,0.021304766756183466,0.0,0.0,False,True,AA06_step,AA06,step,False
AA04,691,nan,{},0.0,0.0,-0.05261935927637929,-0.02127719580315075,0.6627149111885656,0.4913921603443043,1893,82,0.05261935927637929,0.02127719580315075,0.0,0.0,True,True,AA06_step,AA06,step,False
AA05,W84,nan,{},0.0,0.0,-0.21791890790036086,0.042975396209128366,0.5444594480759577,0.2755548624132452,137,14,0.21791890790036086,-0.042975396209128366,0.0,0.0,False,True,AA06_step,AA06,step,False
AA06,W68,StepChangeBias,"{'delta_ra_before': 0.0, 'delta_dec_before': 0.0, 'delta_ra_after': 0.4, 'delta_dec_after': -0.2, 'change_mjd': 59945.0}",0.3106892027475495,-0.1553446013737747,0.5039399842405655,-0.16684468520864973,1.2411580229884853,0.8328802974056497,12957,89,-0.193250781493016,0.011500083834875025,28.493861637356556,21.23077294977983,False,True,AA06_step,AA06,step,True
AA07,T09,nan,{},0.0,0.0,-0.23898510045092924,0.22887912727682647,0.30147821288172394,0.4056505435443489,9,1,0.23898510045092924,-0.22887912727682647,0.0,0.0,False,False,AA06_step,AA06,step,False
AA08,V00,nan,{},0.0,0.0,0.19551538590127035,0.022511552845980574,0.7475474237876862,0.43103206456327775,455,58,-0.19551538590127035,-0.022511552845980574,0.0,0.0,False,True,AA06_step,AA06,step,False
AA00,F51,nan,{},0.0,0.0,-0.006660360911046606,-0.025487880350511572,0.5629593989813534,0.46628620589255715,7520,98,0.006660360911046606,0.025487880350511572,0.0,0.0,True,True,AA06_dcr,AA06,dcr,False
AA01,G96,nan,{},0.0,0.0,0.12599127454189568,-0.010726703623831045,0.6607400042750231,0.5645980425856127,11605,99,-0.12599127454189568,0.010726703623831045,0.0,0.0,False,True,AA06_dcr,AA06,dcr,False
AA02,F52,nan,{},0.0,0.0,-0.01875263814016561,0.0026456770825795616,0.5765821994734994,0.5127493575312264,4341,96,0.01875263814016561,-0.0026456770825795616,0.0,0.0,True,True,AA06_dcr,AA06,dcr,False
AA03,703,nan,{},0.0,0.0,0.2770234264627114,-0.02166745152125476,0.9070587791082394,0.7050551064517281,31218,98,-0.2770234264627114,0.02166745152125476,0.0,0.0,False,True,AA06_dcr,AA06,dcr,False
AA04,691,nan,{},0.0,0.0,-0.04063546355362496,-0.020185562128545165,0.6579396043254532,0.4973973216837084,1893,82,0.04063546355362496,0.020185562128545165,0.0,0.0,True,True,AA06_dcr,AA06,dcr,False
AA05,W84,nan,{},0.0,0.0,-0.2150519544395541,0.05150912236073001,0.5427195356858572,0.2859846734978586,137,14,0.2150519544395541,-0.05150912236073001,0.0,0.0,False,True,AA06_dcr,AA06,dcr,False
AA06,W68,DCRBias,"{'bandpass_nm': 200.0, 'ref_wavelength_nm': 550.0}",0.0224882376947122,0.1227939444566628,0.21573917739269213,0.11129386062175516,1.155732502758164,0.8516414583300113,12957,89,-0.19325093969797993,0.011500083834907651,2.214880630786518,16.41241102378806,False,True,AA06_dcr,AA06,dcr,True
AA07,T09,nan,{},0.0,0.0,-0.23898510045092924,0.22887912727682647,0.30147821288172394,0.4056505435443489,9,1,0.23898510045092924,-0.22887912727682647,0.0,0.0,False,False,AA06_dcr,AA06,dcr,False
AA08,V00,nan,{},0.0,0.0,0.199342169936828,0.012058536563264728,0.7436763164506195,0.43022980507045,455,58,-0.199342169936828,-0.012058536563264728,0.0,0.0,False,True,AA06_dcr,AA06,dcr,False
AA00,F51,nan,{},0.0,0.0,0.2103783357059174,-0.08557586721874505,0.792214541442195,0.6446691601326077,3536,43,-0.2103783357059174,0.08557586721874505,0.0,0.0,False,True,AA06_trailing,AA06,trailing,False
AA01,G96,nan,{},0.0,0.0,0.2462216918569046,-0.10624894853747448,0.7115827258417416,0.6292584982923007,5190,41,-0.2462216918569046,0.10624894853747448,0.0,0.0,False,False,AA06_trailing,AA06,trailing,False
AA02,F52,nan,{},0.0,0.0,0.10162774229052336,-0.05507122738480715,0.6102210858888155,0.6731603313704967,1858,42,-0.10162774229052336,0.05507122738480715,0.0,0.0,False,True,AA06_trailing,AA06,trailing,False
AA03,703,nan,{},0.0,0.0,0.31721656173154306,-0.0029656282047647725,1.3110098119131757,0.8103101809840632,9229,35,-0.31721656173154306,0.0029656282047647725,0.0,0.0,False,True,AA06_trailing,AA06,trailing,False
AA04,691,nan,{},0.0,0.0,0.07333376053698887,0.07454213478072112,0.9636582220618919,0.7926755884116953,1009,35,-0.07333376053698887,-0.07454213478072112,0.0,0.0,True,True,AA06_trailing,AA06,trailing,False
AA05,W84,nan,{},0.0,0.0,-0.20846998614498663,-0.009683324899055252,0.6102069278097064,0.48710080401130684,41,5,0.20846998614498663,0.009683324899055252,0.0,0.0,False,True,AA06_trailing,AA06,trailing,False
AA06,W68,TrailingBias,{'trailing_factor': 0.1},-38.985555763234785,-0.0803140333944342,41.1264070491569,-0.09181411722934817,4488.1042010949905,8.57834124520112,12957,89,-80.11196281239168,0.011500083834913966,0.9887648694793044,1.0657132068749073,False,True,AA06_trailing,AA06,trailing,True
AA07,T09,nan,{},0.0,0.0,-0.23898510045092924,0.22887912727682647,0.30147821288172394,0.4056505435443489,9,1,0.23898510045092924,-0.22887912727682647,0.0,0.0,False,False,AA06_trailing,AA06,trailing,False
AA08,V00,nan,{},0.0,0.0,0.33255511536545573,-0.015918427435445654,0.7953115691262957,0.44805475694702307,187,26,-0.33255511536545573,0.015918427435445654,0.0,0.0,False,True,AA06_trailing,AA06,trailing,False
AA00,F51,nan,{},0.0,0.0,-0.01248327236875342,-0.023994929142829587,0.5593669363062643,0.4644407197117671,7520,98,0.01248327236875342,0.023994929142829587,0.0,0.0,True,True,AA07_clean,AA07,clean,False
AA01,G96,nan,{},0.0,0.0,0.12183217677371538,-0.007020820182397568,0.6591929890248257,0.5640586743592534,11605,99,-0.12183217677371538,0.007020820182397568,0.0,0.0,False,True,AA07_clean,AA07,clean,False
AA02,F52,nan,{},0.0,0.0,-0.01936016854393624,0.00521720271233911,0.5774651804908084,0.5128000010002255,4341,96,0.01936016854393624,-0.00521720271233911,0.0,0.0,True,True,AA07_clean,AA07,clean,False
AA03,703,nan,{},0.0,0.0,0.281116258858585,-0.017962751337728546,0.895699085917569,0.7021188288567041,31218,98,-0.281116258858585,0.017962751337728546,0.0,0.0,False,True,AA07_clean,AA07,clean,False
AA04,691,nan,{},0.0,0.0,-0.04162937351777051,-0.025096912702431647,0.6737376115372065,0.5032148532214714,1893,82,0.04162937351777051,0.025096912702431647,0.0,0.0,True,True,AA07_clean,AA07,clean,False
AA05,W84,nan,{},0.0,0.0,-0.20900682791558817,0.04128092822110353,0.5328546678875351,0.2778511262978356,137,14,0.20900682791558817,-0.04128092822110353,0.0,0.0,False,True,AA07_clean,AA07,clean,False
AA06,W68,nan,{},0.0,0.0,0.1932509656030077,-0.011500083834932461,1.1445285434637802,0.817107293167304,12957,89,-0.1932509656030077,0.011500083834932461,0.0,0.0,False,True,AA07_clean,AA07,clean,False
AA07,T09,nan,{},0.0,0.0,-0.23898510045092924,0.22887912727682647,0.30147821288172394,0.4056505435443489,9,1,0.23898510045092924,-0.22887912727682647,0.0,0.0,False,False,AA07_clean,AA07,clean,True
AA08,V00,nan,{},0.0,0.0,0.20029659792851912,0.019110743505830415,0.7436852131465317,0.42620504508598145,455,58,-0.20029659792851912,-0.019110743505830415,0.0,0.0,False,True,AA07_clean,AA07,clean,False
AA00,F51,nan,{},0.0,0.0,-0.01248327236875342,-0.023994929142829587,0.5593669363062643,0.4644407197117671,7520,98,0.01248327236875342,0.023994929142829587,0.0,0.0,True,True,AA07_constant,AA07,constant,False
AA01,G96,nan,{},0.0,0.0,0.12183217692265222,-0.007020819444645066,0.6591929891719769,0.5640586743695324,11605,99,-0.12183217692265222,0.007020819444645066,0.0,0.0,False,True,AA07_constant,AA07,constant,False
AA02,F52,nan,{},0.0,0.0,-0.01936016854393624,0.00521720271233911,0.5774651804908084,0.5128000010002255,4341,96,0.01936016854393624,-0.00521720271233911,0.0,0.0,True,True,AA07_constant,AA07,constant,False
AA03,703,nan,{},0.0,0.0,0.281116258858585,-0.017962751337728546,0.895699085917569,0.7021188288567041,31218,98,-0.281116258858585,0.017962751337728546,0.0,0.0,False,True,AA07_constant,AA07,constant,False
AA04,691,nan,{},0.0,0.0,-0.04162937351777051,-0.025096912702431647,0.6737376115372065,0.5032148532214714,1893,82,0.04162937351777051,0.025096912702431647,0.0,0.0,True,True,AA07_constant,AA07,constant,False
AA05,W84,nan,{},0.0,0.0,-0.20900682791558817,0.04128092822110353,0.5328546678875351,0.2778511262978356,137,14,0.20900682791558817,-0.04128092822110353,0.0,0.0,False,True,AA07_constant,AA07,constant,False
AA06,W68,nan,{},0.0,0.0,0.1932509656030077,-0.011500083834932461,1.1445285434637802,0.817107293167304,12957,89,-0.1932509656030077,0.011500083834932461,0.0,0.0,False,True,AA07_constant,AA07,constant,False
AA07,T09,ConstantBias,"{'delta_ra': 0.5, 'delta_dec': 0.0}",0.5,0.0,0.2610149047790617,0.22887912727682647,0.31922408568416066,0.4056505435443489,9,1,0.2389850952209383,-0.22887912727682647,4.698893558689978,0.0,False,False,AA07_constant,AA07,constant,True
AA08,V00,nan,{},0.0,0.0,0.20029659792851912,0.019110743505830415,0.7436852131465317,0.42620504508598145,455,58,-0.20029659792851912,-0.019110743505830415,0.0,0.0,False,True,AA07_constant,AA07,constant,False
AA00,F51,nan,{},0.0,0.0,-0.01248327236875342,-0.023994929142829587,0.5593669363062643,0.4644407197117671,7520,98,0.01248327236875342,0.023994929142829587,0.0,0.0,True,True,AA07_timing,AA07,timing,False
AA01,G96,nan,{},0.0,0.0,0.12183217792679299,-0.007020822224519146,0.6591929892960708,0.5640586744634798,11605,99,-0.12183217792679299,0.007020822224519146,0.0,0.0,False,True,AA07_timing,AA07,timing,False
AA02,F52,nan,{},0.0,0.0,-0.01936016854393624,0.00521720271233911,0.5774651804908084,0.5128000010002255,4341,96,0.01936016854393624,-0.00521720271233911,0.0,0.0,True,True,AA07_timing,AA07,timing,False
AA03,703,nan,{},0.0,0.0,0.281116258858585,-0.017962751337728546,0.895699085917569,0.7021188288567041,31218,98,-0.281116258858585,0.017962751337728546,0.0,0.0,False,True,AA07_timing,AA07,timing,False
AA04,691,nan,{},0.0,0.0,-0.04162937351777051,-0.025096912702431647,0.6737376115372065,0.5032148532214714,1893,82,0.04162937351777051,0.025096912702431647,0.0,0.0,True,True,AA07_timing,AA07,timing,False
AA05,W84,nan,{},0.0,0.0,-0.20900682791558817,0.04128092822110353,0.5328546678875351,0.2778511262978356,137,14,0.20900682791558817,-0.04128092822110353,0.0,0.0,False,True,AA07_timing,AA07,timing,False
AA06,W68,nan,{},0.0,0.0,0.1932509656030077,-0.011500083834932461,1.1445285434637802,0.817107293167304,12957,89,-0.1932509656030077,0.011500083834932461,0.0,0.0,False,True,AA07_timing,AA07,timing,False
AA07,T09,TimingBias,{'delta_t_sec': 1.0},-0.0099865048526716,0.0035496206907746,-0.24897160549171776,0.2324287479676279,0.3094344192277767,0.4076725894616933,9,1,0.23898510063904616,-0.2288791272768533,0.09682023943161089,0.02612111372605396,False,False,AA07_timing,AA07,timing,True
AA08,V00,nan,{},0.0,0.0,0.20029659792851912,0.019110743505830415,0.7436852131465317,0.42620504508598145,455,58,-0.20029659792851912,-0.019110743505830415,0.0,0.0,False,True,AA07_timing,AA07,timing,False
AA00,F51,nan,{},0.0,0.0,-0.01248327236875342,-0.023994929142829587,0.5593669363062643,0.4644407197117671,7520,98,0.01248327236875342,0.023994929142829587,0.0,0.0,True,True,AA07_mag_dep,AA07,mag_dep,False
AA01,G96,nan,{},0.0,0.0,0.12183217692265222,-0.007020819444645066,0.6591929891719769,0.5640586743695324,11605,99,-0.12183217692265222,0.007020819444645066,0.0,0.0,False,True,AA07_mag_dep,AA07,mag_dep,False
AA02,F52,nan,{},0.0,0.0,-0.01936016854393624,0.00521720271233911,0.5774651804908084,0.5128000010002255,4341,96,0.01936016854393624,-0.00521720271233911,0.0,0.0,True,True,AA07_mag_dep,AA07,mag_dep,False
AA03,703,nan,{},0.0,0.0,0.281116258858585,-0.017962751337728546,0.895699085917569,0.7021188288567041,31218,98,-0.281116258858585,0.017962751337728546,0.0,0.0,False,True,AA07_mag_dep,AA07,mag_dep,False
AA04,691,nan,{},0.0,0.0,-0.04162937351777051,-0.025096912702431647,0.6737376115372065,0.5032148532214714,1893,82,0.04162937351777051,0.025096912702431647,0.0,0.0,True,True,AA07_mag_dep,AA07,mag_dep,False
AA05,W84,nan,{},0.0,0.0,-0.20900682791558817,0.04128092822110353,0.5328546678875351,0.2778511262978356,137,14,0.20900682791558817,-0.04128092822110353,0.0,0.0,False,True,AA07_mag_dep,AA07,mag_dep,False
AA06,W68,nan,{},0.0,0.0,0.1932509656030077,-0.011500083834932461,1.1445285434637802,0.817107293167304,12957,89,-0.1932509656030077,0.011500083834932461,0.0,0.0,False,True,AA07_mag_dep,AA07,mag_dep,False
AA07,T09,MagnitudeDependentBias,"{'slope_ra': 0.05, 'slope_dec': 0.02, 'ref_mag': 18.0}",0.1188888888888888,0.0475555555555555,-0.12009621083208082,0.2764346828324271,0.22801790677944703,0.43395540926998166,9,1,0.2389850997209696,-0.22887912727687162,1.5642046350844558,0.3287588162725439,False,False,AA07_mag_dep,AA07,mag_dep,True
AA08,V00,nan,{},0.0,0.0,0.20029659792851912,0.019110743505830415,0.7436852131465317,0.42620504508598145,455,58,-0.20029659792851912,-0.019110743505830415,0.0,0.0,False,True,AA07_mag_dep,AA07,mag_dep,False
AA00,F51,nan,{},0.0,0.0,-0.01248327236875342,-0.023994929142829587,0.5593669363062643,0.4644407197117671,7520,98,0.01248327236875342,0.023994929142829587,0.0,0.0,True,True,AA07_epoch,AA07,epoch,False
AA01,G96,nan,{},0.0,0.0,0.12183217692265222,-0.007020819444645066,0.6591929891719769,0.5640586743695324,11605,99,-0.12183217692265222,0.007020819444645066,0.0,0.0,False,True,AA07_epoch,AA07,epoch,False
AA02,F52,nan,{},0.0,0.0,-0.01936016854393624,0.00521720271233911,0.5774651804908084,0.5128000010002255,4341,96,0.01936016854393624,-0.00521720271233911,0.0,0.0,True,True,AA07_epoch,AA07,epoch,False
AA03,703,nan,{},0.0,0.0,0.281116258858585,-0.017962751337728546,0.895699085917569,0.7021188288567041,31218,98,-0.281116258858585,0.017962751337728546,0.0,0.0,False,True,AA07_epoch,AA07,epoch,False
AA04,691,nan,{},0.0,0.0,-0.04162937351777051,-0.025096912702431647,0.6737376115372065,0.5032148532214714,1893,82,0.04162937351777051,0.025096912702431647,0.0,0.0,True,True,AA07_epoch,AA07,epoch,False
AA05,W84,nan,{},0.0,0.0,-0.20900682791558817,0.04128092822110353,0.5328546678875351,0.2778511262978356,137,14,0.20900682791558817,-0.04128092822110353,0.0,0.0,False,True,AA07_epoch,AA07,epoch,False
AA06,W68,nan,{},0.0,0.0,0.1932509656030077,-0.011500083834932461,1.1445285434637802,0.817107293167304,12957,89,-0.1932509656030077,0.011500083834932461,0.0,0.0,False,True,AA07_epoch,AA07,epoch,False
AA07,T09,CatalogEpochBias,"{'epoch_error_years': 5.0, 'pm_ra_median_masyr': 50.0, 'pm_dec_median_masyr': 30.0}",0.25,0.15,0.011014902473952856,0.37887912727683215,0.1841101969292109,0.5056837961226146,9,1,0.23898509752604713,-0.22887912727683216,4.073647264026174,0.889884159726738,False,False,AA07_epoch,AA07,epoch,True
AA08,V00,nan,{},0.0,0.0,0.20029659792851912,0.019110743505830415,0.7436852131465317,0.42620504508598145,455,58,-0.20029659792851912,-0.019110743505830415,0.0,0.0,False,True,AA07_epoch,AA07,epoch,False
AA00,F51,nan,{},0.0,0.0,-0.01248327236875342,-0.023994929142829587,0.5593669363062643,0.4644407197117671,7520,98,0.01248327236875342,0.023994929142829587,0.0,0.0,True,True,AA07_seasonal,AA07,seasonal,False
AA01,G96,nan,{},0.0,0.0,0.12183217692265222,-0.007020819444645066,0.6591929891719769,0.5640586743695324,11605,99,-0.12183217692265222,0.007020819444645066,0.0,0.0,False,True,AA07_seasonal,AA07,seasonal,False
AA02,F52,nan,{},0.0,0.0,-0.01936016854393624,0.00521720271233911,0.5774651804908084,0.5128000010002255,4341,96,0.01936016854393624,-0.00521720271233911,0.0,0.0,True,True,AA07_seasonal,AA07,seasonal,False
AA03,703,nan,{},0.0,0.0,0.281116258858585,-0.017962751337728546,0.895699085917569,0.7021188288567041,31218,98,-0.281116258858585,0.017962751337728546,0.0,0.0,False,True,AA07_seasonal,AA07,seasonal,False
AA04,691,nan,{},0.0,0.0,-0.04162937351777051,-0.025096912702431647,0.6737376115372065,0.5032148532214714,1893,82,0.04162937351777051,0.025096912702431647,0.0,0.0,True,True,AA07_seasonal,AA07,seasonal,False
AA05,W84,nan,{},0.0,0.0,-0.20900682791558817,0.04128092822110353,0.5328546678875351,0.2778511262978356,137,14,0.20900682791558817,-0.04128092822110353,0.0,0.0,False,True,AA07_seasonal,AA07,seasonal,False
AA06,W68,nan,{},0.0,0.0,0.1932509656030077,-0.011500083834932461,1.1445285434637802,0.817107293167304,12957,89,-0.1932509656030077,0.011500083834932461,0.0,0.0,False,True,AA07_seasonal,AA07,seasonal,False
AA07,T09,SeasonalBias,"{'amplitude_ra': 0.3, 'amplitude_dec': 0.1, 'phase_days': 0.0}",0.2823284557501691,0.0941094852500564,0.04334335876446122,0.3229886125268422,0.18984072649350345,0.46525583505530504,9,1,0.2389850969857079,-0.22887912727678578,4.461557764210791,0.606824105100388,False,False,AA07_seasonal,AA07,seasonal,True
AA08,V00,nan,{},0.0,0.0,0.20029659792851912,0.019110743505830415,0.7436852131465317,0.42620504508598145,455,58,-0.20029659792851912,-0.019110743505830415,0.0,0.0,False,True,AA07_seasonal,AA07,seasonal,False
AA00,F51,nan,{},0.0,0.0,-0.01248327236875342,-0.023994929142829587,0.5593669363062643,0.4644407197117671,7520,98,0.01248327236875342,0.023994929142829587,0.0,0.0,True,True,AA07_step,AA07,step,False
AA01,G96,nan,{},0.0,0.0,0.12183217677371538,-0.007020820182397568,0.6591929890248257,0.5640586743592534,11605,99,-0.12183217677371538,0.007020820182397568,0.0,0.0,False,True,AA07_step,AA07,step,False
AA02,F52,nan,{},0.0,0.0,-0.01936016854393624,0.00521720271233911,0.5774651804908084,0.5128000010002255,4341,96,0.01936016854393624,-0.00521720271233911,0.0,0.0,True,True,AA07_step,AA07,step,False
AA03,703,nan,{},0.0,0.0,0.281116258858585,-0.017962751337728546,0.895699085917569,0.7021188288567041,31218,98,-0.281116258858585,0.017962751337728546,0.0,0.0,False,True,AA07_step,AA07,step,False
AA04,691,nan,{},0.0,0.0,-0.04162937351777051,-0.025096912702431647,0.6737376115372065,0.5032148532214714,1893,82,0.04162937351777051,0.025096912702431647,0.0,0.0,True,True,AA07_step,AA07,step,False
AA05,W84,nan,{},0.0,0.0,-0.20900682791558817,0.04128092822110353,0.5328546678875351,0.2778511262978356,137,14,0.20900682791558817,-0.04128092822110353,0.0,0.0,False,True,AA07_step,AA07,step,False
AA06,W68,nan,{},0.0,0.0,0.1932509656030077,-0.011500083834932461,1.1445285434637802,0.817107293167304,12957,89,-0.1932509656030077,0.011500083834932461,0.0,0.0,False,True,AA07_step,AA07,step,False
AA07,T09,StepChangeBias,"{'delta_ra_before': 0.0, 'delta_dec_before': 0.0, 'delta_ra_after': 0.4, 'delta_dec_after': -0.2, 'change_mjd': 59945.0}",0.0,0.0,-0.23898510045092924,0.22887912727682647,0.30147821288172394,0.4056505435443489,9,1,0.23898510045092924,-0.22887912727682647,0.0,0.0,False,False,AA07_step,AA07,step,True
AA08,V00,nan,{},0.0,0.0,0.20029659792851912,0.019110743505830415,0.7436852131465317,0.42620504508598145,455,58,-0.20029659792851912,-0.019110743505830415,0.0,0.0,False,True,AA07_step,AA07,step,False
AA00,F51,nan,{},0.0,0.0,-0.01248327236875342,-0.023994929142829587,0.5593669363062643,0.4644407197117671,7520,98,0.01248327236875342,0.023994929142829587,0.0,0.0,True,True,AA07_dcr,AA07,dcr,False
AA01,G96,nan,{},0.0,0.0,0.1218321762673546,-0.0070208202519880195,0.6591929887780591,0.5640586743140511,11605,99,-0.1218321762673546,0.0070208202519880195,0.0,0.0,False,True,AA07_dcr,AA07,dcr,False
AA02,F52,nan,{},0.0,0.0,-0.01936016854393624,0.00521720271233911,0.5774651804908084,0.5128000010002255,4341,96,0.01936016854393624,-0.00521720271233911,0.0,0.0,True,True,AA07_dcr,AA07,dcr,False
AA03,703,nan,{},0.0,0.0,0.281116258858585,-0.017962751337728546,0.895699085917569,0.7021188288567041,31218,98,-0.281116258858585,0.017962751337728546,0.0,0.0,False,True,AA07_dcr,AA07,dcr,False
AA04,691,nan,{},0.0,0.0,-0.04162937351777051,-0.025096912702431647,0.6737376115372065,0.5032148532214714,1893,82,0.04162937351777051,0.025096912702431647,0.0,0.0,True,True,AA07_dcr,AA07,dcr,False
AA05,W84,nan,{},0.0,0.0,-0.20900682791558817,0.04128092822110353,0.5328546678875351,0.2778511262978356,137,14,0.20900682791558817,-0.04128092822110353,0.0,0.0,False,True,AA07_dcr,AA07,dcr,False
AA06,W68,nan,{},0.0,0.0,0.1932509656030077,-0.011500083834932461,1.1445285434637802,0.817107293167304,12957,89,-0.1932509656030077,0.011500083834932461,0.0,0.0,False,True,AA07_dcr,AA07,dcr,False
AA07,T09,DCRBias,"{'bandpass_nm': 200.0, 'ref_wavelength_nm': 550.0}",0.1046219484662217,-0.1403956237564637,-0.13436314752416764,0.0884835035203757,0.34458797843298195,0.34579773861344226,9,1,0.23898509599038936,-0.2288791272768394,0.9108438629402392,1.2180151118345637,False,False,AA07_dcr,AA07,dcr,True
AA08,V00,nan,{},0.0,0.0,0.20029659792851912,0.019110743505830415,0.7436852131465317,0.42620504508598145,455,58,-0.20029659792851912,-0.019110743505830415,0.0,0.0,False,True,AA07_dcr,AA07,dcr,False
AA00,F51,nan,{},0.0,0.0,-0.01248327236875342,-0.023994929142829587,0.5593669363062643,0.4644407197117671,7520,98,0.01248327236875342,0.023994929142829587,0.0,0.0,True,True,AA07_trailing,AA07,trailing,False
AA01,G96,nan,{},0.0,0.0,0.12183217692265222,-0.007020819444645066,0.6591929891719769,0.5640586743695324,11605,99,-0.12183217692265222,0.007020819444645066,0.0,0.0,False,True,AA07_trailing,AA07,trailing,False
AA02,F52,nan,{},0.0,0.0,-0.01936016854393624,0.00521720271233911,0.5774651804908084,0.5128000010002255,4341,96,0.01936016854393624,-0.00521720271233911,0.0,0.0,True,True,AA07_trailing,AA07,trailing,False
AA03,703,nan,{},0.0,0.0,0.281116258858585,-0.017962751337728546,0.895699085917569,0.7021188288567041,31218,98,-0.281116258858585,0.017962751337728546,0.0,0.0,False,True,AA07_trailing,AA07,trailing,False
AA04,691,nan,{},0.0,0.0,-0.04162937351777051,-0.025096912702431647,0.6737376115372065,0.5032148532214714,1893,82,0.04162937351777051,0.025096912702431647,0.0,0.0,True,True,AA07_trailing,AA07,trailing,False
AA05,W84,nan,{},0.0,0.0,-0.20900682791558817,0.04128092822110353,0.5328546678875351,0.2778511262978356,137,14,0.20900682791558817,-0.04128092822110353,0.0,0.0,False,True,AA07_trailing,AA07,trailing,False
AA06,W68,nan,{},0.0,0.0,0.1932509656030077,-0.011500083834932461,1.1445285434637802,0.817107293167304,12957,89,-0.1932509656030077,0.011500083834932461,0.0,0.0,False,True,AA07_trailing,AA07,trailing,False
AA07,T09,TrailingBias,{'trailing_factor': 0.1},-3.5951417469617764,1.2778634486788572,-3.8341273987227193,1.506742575955844,3.838129369367842,1.5443750478037603,9,1,0.238985651760943,-0.22887912727698678,2.8100733985060384,2.482292336623983,False,False,AA07_trailing,AA07,trailing,True
AA08,V00,nan,{},0.0,0.0,0.20029659792851912,0.019110743505830415,0.7436852131465317,0.42620504508598145,455,58,-0.20029659792851912,-0.019110743505830415,0.0,0.0,False,True,AA07_trailing,AA07,trailing,False
AA00,F51,nan,{},0.0,0.0,-0.01248327236875342,-0.023994929142829587,0.5593669363062643,0.4644407197117671,7520,98,0.01248327236875342,0.023994929142829587,0.0,0.0,True,True,AA08_clean,AA08,clean,False
AA01,G96,nan,{},0.0,0.0,0.12183217677371538,-0.007020820182397568,0.6591929890248257,0.5640586743592534,11605,99,-0.12183217677371538,0.007020820182397568,0.0,0.0,False,True,AA08_clean,AA08,clean,False
AA02,F52,nan,{},0.0,0.0,-0.01936016854393624,0.00521720271233911,0.5774651804908084,0.5128000010002255,4341,96,0.01936016854393624,-0.00521720271233911,0.0,0.0,True,True,AA08_clean,AA08,clean,False
AA03,703,nan,{},0.0,0.0,0.281116258858585,-0.017962751337728546,0.895699085917569,0.7021188288567041,31218,98,-0.281116258858585,0.017962751337728546,0.0,0.0,False,True,AA08_clean,AA08,clean,False
AA04,691,nan,{},0.0,0.0,-0.04162937351777051,-0.025096912702431647,0.6737376115372065,0.5032148532214714,1893,82,0.04162937351777051,0.025096912702431647,0.0,0.0,True,True,AA08_clean,AA08,clean,False
AA05,W84,nan,{},0.0,0.0,-0.20900682791558817,0.04128092822110353,0.5328546678875351,0.2778511262978356,137,14,0.20900682791558817,-0.04128092822110353,0.0,0.0,False,True,AA08_clean,AA08,clean,False
AA06,W68,nan,{},0.0,0.0,0.1932509656030077,-0.011500083834932461,1.1445285434637802,0.817107293167304,12957,89,-0.1932509656030077,0.011500083834932461,0.0,0.0,False,True,AA08_clean,AA08,clean,False
AA07,T09,nan,{},0.0,0.0,-0.23898510045092924,0.22887912727682647,0.30147821288172394,0.4056505435443489,9,1,0.23898510045092924,-0.22887912727682647,0.0,0.0,False,False,AA08_clean,AA08,clean,False
AA08,V00,nan,{},0.0,0.0,0.20029659792851912,0.019110743505830415,0.7436852131465317,0.42620504508598145,455,58,-0.20029659792851912,-0.019110743505830415,0.0,0.0,False,True,AA08_clean,AA08,clean,True
AA00,F51,nan,{},0.0,0.0,-0.012877950442767603,-0.02390135523875429,0.5594252683997638,0.46448181195872146,7520,98,0.012877950442767603,0.02390135523875429,0.0,0.0,True,True,AA08_constant,AA08,constant,False
AA01,G96,nan,{},0.0,0.0,0.1170010796448921,0.0019667462298599246,0.6594042190486576,0.5677135875685824,11605,99,-0.1170010796448921,-0.0019667462298599246,0.0,0.0,False,True,AA08_constant,AA08,constant,False
AA02,F52,nan,{},0.0,0.0,-0.019733351348168334,0.005454321235282308,0.5775196925633796,0.5126130104773614,4341,96,0.019733351348168334,-0.005454321235282308,0.0,0.0,True,True,AA08_constant,AA08,constant,False
AA03,703,nan,{},0.0,0.0,0.2814165576994905,-0.016540117012944795,0.8962734529736388,0.7037618606737891,31218,98,-0.2814165576994905,0.016540117012944795,0.0,0.0,False,True,AA08_constant,AA08,constant,False
AA04,691,nan,{},0.0,0.0,-0.044152361145794815,-0.024658389192738977,0.6689477473047026,0.5034565746585647,1893,82,0.044152361145794815,0.024658389192738977,0.0,0.0,True,True,AA08_constant,AA08,constant,False
AA05,W84,nan,{},0.0,0.0,-0.2089921832970371,0.04091890347753643,0.5325181026077277,0.277896491560423,137,14,0.2089921832970371,-0.04091890347753643,0.0,0.0,False,True,AA08_constant,AA08,constant,False
AA06,W68,nan,{},0.0,0.0,0.1924386791260557,-0.01152359593961542,1.1438650333308131,0.8168532778894844,12957,89,-0.1924386791260557,0.01152359593961542,0.0,0.0,False,True,AA08_constant,AA08,constant,False
AA07,T09,nan,{},0.0,0.0,-0.23898510045092924,0.22887912727682647,0.30147821288172394,0.4056505435443489,9,1,0.23898510045092924,-0.22887912727682647,0.0,0.0,False,False,AA08_constant,AA08,constant,False
AA08,V00,ConstantBias,"{'delta_ra': 0.5, 'delta_dec': 0.0}",0.5,0.0,0.7002965690964119,0.019110743505830415,1.001680722632594,0.42620504508598145,455,58,-0.2002965690964119,-0.019110743505830415,10.647469061619065,0.0,False,True,AA08_constant,AA08,constant,True
AA00,F51,nan,{},0.0,0.0,-0.012492250735154715,-0.02400648035474356,0.5593668551981521,0.46444021644794736,7520,98,0.012492250735154715,0.02400648035474356,0.0,0.0,True,True,AA08_timing,AA08,timing,False
AA01,G96,nan,{},0.0,0.0,0.12181855736545615,-0.00699363328096659,0.659191369517823,0.5640644810489785,11605,99,-0.12181855736545615,0.00699363328096659,0.0,0.0,False,True,AA08_timing,AA08,timing,False
AA02,F52,nan,{},0.0,0.0,-0.019347884910406347,0.005220766701086373,0.577463763280594,0.5128041297390984,4341,96,0.019347884910406347,-0.005220766701086373,0.0,0.0,True,True,AA08_timing,AA08,timing,False
AA03,703,nan,{},0.0,0.0,0.2816961124407084,-0.016798360351819298,0.8962850802300341,0.7038271688879926,31218,98,-0.2816961124407084,0.016798360351819298,0.0,0.0,False,True,AA08_timing,AA08,timing,False
AA04,691,nan,{},0.0,0.0,-0.041598092317346035,-0.0251079341880223,0.673770863684434,0.5032214675574541,1893,82,0.041598092317346035,0.0251079341880223,0.0,0.0,True,True,AA08_timing,AA08,timing,False
AA05,W84,nan,{},0.0,0.0,-0.20899948531987395,0.041276996683386254,0.53285583563762,0.2778458007176037,137,14,0.20899948531987395,-0.041276996683386254,0.0,0.0,False,True,AA08_timing,AA08,timing,False
AA06,W68,nan,{},0.0,0.0,0.19324763627017183,-0.01150104603463793,1.1445410968638308,0.8171127145201978,12957,89,-0.19324763627017183,0.01150104603463793,0.0,0.0,False,True,AA08_timing,AA08,timing,False
AA07,T09,nan,{},0.0,0.0,-0.23898510045092924,0.22887912727682647,0.30147821288172394,0.4056505435443489,9,1,0.23898510045092924,-0.22887912727682647,0.0,0.0,False,False,AA08_timing,AA08,timing,False
AA08,V00,TimingBias,{'delta_t_sec': 1.0},0.0030301713450216,0.0004776108427227,0.20336576742877077,0.019635277882816462,0.7554287396647531,0.43037274181687424,455,58,-0.20033559608374918,-0.01915766704009376,0.08556169551643288,0.02367200909204615,False,True,AA08_timing,AA08,timing,True
AA00,F51,nan,{},0.0,0.0,-0.015656205765287926,-0.020120580135003716,0.5522055407493244,0.4544289226418272,7268,94,0.015656205765287926,0.020120580135003716,0.0,0.0,True,True,AA08_mag_dep,AA08,mag_dep,False
AA01,G96,nan,{},0.0,0.0,0.11842264249468586,-0.010502961783410548,0.6529905846852139,0.5695119845915045,11157,95,-0.11842264249468586,0.010502961783410548,0.0,0.0,False,True,AA08_mag_dep,AA08,mag_dep,False
AA02,F52,nan,{},0.0,0.0,-0.02620379363467075,0.007265309966676642,0.5735416911339132,0.5156041736255423,4202,92,0.02620379363467075,-0.007265309966676642,0.0,0.0,True,True,AA08_mag_dep,AA08,mag_dep,False
AA03,703,nan,{},0.0,0.0,0.2881577446663613,-0.02330034586226465,0.885003944059126,0.7018501600620843,30143,94,-0.2881577446663613,0.02330034586226465,0.0,0.0,False,True,AA08_mag_dep,AA08,mag_dep,False
AA04,691,nan,{},0.0,0.0,-0.04956775780526468,-0.025696600787079058,0.6694921841271861,0.5053605552483162,1864,78,0.04956775780526468,0.025696600787079058,0.0,0.0,True,True,AA08_mag_dep,AA08,mag_dep,False
AA05,W84,nan,{},0.0,0.0,-0.11936430575707754,0.1127861554984444,0.5693424102719592,0.3186687999001496,80,11,0.11936430575707754,-0.1127861554984444,0.0,0.0,False,False,AA08_mag_dep,AA08,mag_dep,False
AA06,W68,nan,{},0.0,0.0,0.21228387901628795,-0.016216137567634337,1.120057481056649,0.828444435769129,12192,85,-0.21228387901628795,0.016216137567634337,0.0,0.0,False,True,AA08_mag_dep,AA08,mag_dep,False
AA07,T09,nan,{},0.0,0.0,-0.23898510045092924,0.22887912727682647,0.30147821288172394,0.4056505435443489,9,1,0.23898510045092924,-0.22887912727682647,0.0,0.0,False,False,AA08_mag_dep,AA08,mag_dep,False
AA08,V00,MagnitudeDependentBias,"{'slope_ra': 0.05, 'slope_dec': 0.02, 'ref_mag': 18.0}",0.037153421633554,0.0148613686534216,0.2308267347994727,0.03178847371854482,0.7717653334375911,0.42617557228270514,455,58,-0.19367331316591868,-0.016927105065123217,1.0268789413541373,0.743833875160261,False,True,AA08_mag_dep,AA08,mag_dep,True
AA00,F51,nan,{},0.0,0.0,-0.012752554368060626,-0.024097554423078517,0.5593767121429516,0.46442703419490167,7520,98,0.012752554368060626,0.024097554423078517,0.0,0.0,True,True,AA08_epoch,AA08,epoch,False
AA01,G96,nan,{},0.0,0.0,0.12153827306637521,-0.007302899258797889,0.6591565960863967,0.5639999475712651,11605,99,-0.12153827306637521,0.007302899258797889,0.0,0.0,False,True,AA08_epoch,AA08,epoch,False
AA02,F52,nan,{},0.0,0.0,-0.0195646349196441,0.0051267812262595245,0.5775399198136488,0.5127788075964511,4341,96,0.0195646349196441,-0.0051267812262595245,0.0,0.0,True,True,AA08_epoch,AA08,epoch,False
AA03,703,nan,{},0.0,0.0,0.2813496702726229,-0.016920897061776952,0.8963507506154085,0.7037443245913145,31218,98,-0.2813496702726229,0.016920897061776952,0.0,0.0,False,True,AA08_epoch,AA08,epoch,False
AA04,691,nan,{},0.0,0.0,-0.04197331124250287,-0.025267484448311187,0.6736645412230142,0.5034034654521933,1893,82,0.04197331124250287,0.025267484448311187,0.0,0.0,True,True,AA08_epoch,AA08,epoch,False
AA05,W84,nan,{},0.0,0.0,-0.20893157135604667,0.04092661484454998,0.5326418519883053,0.27772930644240085,137,14,0.20893157135604667,-0.04092661484454998,0.0,0.0,False,True,AA08_epoch,AA08,epoch,False
AA06,W68,nan,{},0.0,0.0,0.19314224549680137,-0.01142647729069561,1.1444167451157974,0.8170357688158006,12957,89,-0.19314224549680137,0.01142647729069561,0.0,0.0,False,True,AA08_epoch,AA08,epoch,False
AA07,T09,nan,{},0.0,0.0,-0.23898510045092924,0.22887912727682647,0.30147821288172394,0.4056505435443489,9,1,0.23898510045092924,-0.22887912727682647,0.0,0.0,False,False,AA08_epoch,AA08,epoch,False
AA08,V00,CatalogEpochBias,"{'epoch_error_years': 5.0, 'pm_ra_median_masyr': 50.0, 'pm_dec_median_masyr': 30.0}",0.25,0.15,0.450296455103534,0.16911074350556748,0.845999744457873,0.45813094580987357,455,58,-0.200296455103534,-0.01911074350556749,6.303408821172439,6.984049823351343,False,True,AA08_epoch,AA08,epoch,True
AA00,F51,nan,{},0.0,0.0,-0.012622745403288085,-0.02398043968079626,0.5594442681809987,0.46444401467302865,7520,98,0.012622745403288085,0.02398043968079626,0.0,0.0,True,True,AA08_seasonal,AA08,seasonal,False
AA01,G96,nan,{},0.0,0.0,0.12159438193483803,-0.00703443522034277,0.6591549910749426,0.5640410752900883,11605,99,-0.12159438193483803,0.00703443522034277,0.0,0.0,False,True,AA08_seasonal,AA08,seasonal,False
AA02,F52,nan,{},0.0,0.0,-0.019530281006479515,0.005180227391273293,0.5775386429273526,0.5127952578586693,4341,96,0.019530281006479515,-0.005180227391273293,0.0,0.0,True,True,AA08_seasonal,AA08,seasonal,False
AA03,703,nan,{},0.0,0.0,0.28295224689424864,-0.017995743073265586,0.8979297364029056,0.7042395827295425,31218,98,-0.28295224689424864,0.017995743073265586,0.0,0.0,False,True,AA08_seasonal,AA08,seasonal,False
AA04,691,nan,{},0.0,0.0,-0.043775936624271136,-0.02451198056817031,0.6686674420672244,0.5030010663332165,1893,82,0.043775936624271136,0.02451198056817031,0.0,0.0,True,True,AA08_seasonal,AA08,seasonal,False
AA05,W84,nan,{},0.0,0.0,-0.2088315187929789,0.041065675973748654,0.5327050579836768,0.27782876038001403,137,14,0.2088315187929789,-0.041065675973748654,0.0,0.0,False,True,AA08_seasonal,AA08,seasonal,False
AA06,W68,nan,{},0.0,0.0,0.19317980897194553,-0.011401719921901803,1.1444131347964714,0.817055350885522,12957,89,-0.19317980897194553,0.011401719921901803,0.0,0.0,False,True,AA08_seasonal,AA08,seasonal,False
AA07,T09,nan,{},0.0,0.0,-0.23898510045092924,0.22887912727682647,0.30147821288172394,0.4056505435443489,9,1,0.23898510045092924,-0.22887912727682647,0.0,0.0,False,False,AA08_seasonal,AA08,seasonal,False
AA08,V00,SeasonalBias,"{'amplitude_ra': 0.3, 'amplitude_dec': 0.1, 'phase_days': 0.0}",0.1309006649950388,0.0436335549983462,0.33358981217826716,0.063541834334586,0.8058488054299356,0.4444819614964366,455,58,-0.20268914718322836,-0.0199082793362398,3.464926166202357,2.093978199202637,False,True,AA08_seasonal,AA08,seasonal,True
AA00,F51,nan,{},0.0,0.0,-0.012643438510788696,-0.023871984778766956,0.5593780735405315,0.46451078931950074,7520,98,0.012643438510788696,0.023871984778766956,0.0,0.0,True,True,AA08_step,AA08,step,False
AA01,G96,nan,{},0.0,0.0,0.121178926542937,-0.00716615056314946,0.658868692152499,0.5644591066600149,11605,99,-0.121178926542937,0.00716615056314946,0.0,0.0,False,True,AA08_step,AA08,step,False
AA02,F52,nan,{},0.0,0.0,-0.019659624747520203,0.005287371062806395,0.5775390558540847,0.5127966736082827,4341,96,0.019659624747520203,-0.005287371062806395,0.0,0.0,True,True,AA08_step,AA08,step,False
AA03,703,nan,{},0.0,0.0,0.2815714609347506,-0.016592276322019837,0.8963957683453617,0.7037799231756725,31218,98,-0.2815714609347506,0.016592276322019837,0.0,0.0,False,True,AA08_step,AA08,step,False
AA04,691,nan,{},0.0,0.0,-0.042090771635892615,-0.02518334368150061,0.6739890281730337,0.5038892269009325,1893,82,0.042090771635892615,0.02518334368150061,0.0,0.0,True,True,AA08_step,AA08,step,False
AA05,W84,nan,{},0.0,0.0,-0.20896061494687182,0.04108027210869461,0.5326108809355297,0.2780136138197647,137,14,0.20896061494687182,-0.04108027210869461,0.0,0.0,False,True,AA08_step,AA08,step,False
AA06,W68,nan,{},0.0,0.0,0.19249242561862212,-0.011467601996853673,1.143941332948088,0.8168943060294693,12957,89,-0.19249242561862212,0.011467601996853673,0.0,0.0,False,True,AA08_step,AA08,step,False
AA07,T09,nan,{},0.0,0.0,-0.23898510045092924,0.22887912727682647,0.30147821288172394,0.4056505435443489,9,1,0.23898510045092924,-0.22887912727682647,0.0,0.0,False,False,AA08_step,AA08,step,False
AA08,V00,StepChangeBias,"{'delta_ra_before': 0.0, 'delta_dec_before': 0.0, 'delta_ra_after': 0.4, 'delta_dec_after': -0.2, 'change_mjd': 59945.0}",0.2832244008714596,-0.1416122004357298,0.4824945372679759,-0.12198815759294358,0.8818796159623192,0.4461259818948622,455,58,-0.1992701363965163,-0.019624042842786224,6.8505755593015865,6.770938242262582,False,True,AA08_step,AA08,step,True
AA00,F51,nan,{},0.0,0.0,-0.012704086827233355,-0.023772894818460507,0.5593872923462201,0.46446174436292875,7520,98,0.012704086827233355,0.023772894818460507,0.0,0.0,True,True,AA08_dcr,AA08,dcr,False
AA01,G96,nan,{},0.0,0.0,0.12143548160820196,-0.006639350153257718,0.6585961612868512,0.5642198427489981,11605,99,-0.12143548160820196,0.006639350153257718,0.0,0.0,False,True,AA08_dcr,AA08,dcr,False
AA02,F52,nan,{},0.0,0.0,-0.01957167392978925,0.005311374499672611,0.5775224630507049,0.5128448368713725,4341,96,0.01957167392978925,-0.005311374499672611,0.0,0.0,True,True,AA08_dcr,AA08,dcr,False
AA03,703,nan,{},0.0,0.0,0.2834898014118235,-0.016573864721175006,0.8986647671459513,0.7060117568111098,31218,98,-0.2834898014118235,0.016573864721175006,0.0,0.0,False,True,AA08_dcr,AA08,dcr,False
AA04,691,nan,{},0.0,0.0,-0.04377720805956361,-0.024430146516790565,0.6688419212052834,0.5032248799175167,1893,82,0.04377720805956361,0.024430146516790565,0.0,0.0,True,True,AA08_dcr,AA08,dcr,False
AA05,W84,nan,{},0.0,0.0,-0.20906665946430011,0.04112765872161141,0.5326791251299451,0.278037316690903,137,14,0.20906665946430011,-0.04112765872161141,0.0,0.0,False,True,AA08_dcr,AA08,dcr,False
AA06,W68,nan,{},0.0,0.0,0.1926311354926987,-0.011633727582433038,1.1441381341768515,0.8170451104631252,12957,89,-0.1926311354926987,0.011633727582433038,0.0,0.0,False,True,AA08_dcr,AA08,dcr,False
AA07,T09,nan,{},0.0,0.0,-0.23898510045092924,0.22887912727682647,0.30147821288172394,0.4056505435443489,9,1,0.23898510045092924,-0.22887912727682647,0.0,0.0,False,False,AA08_dcr,AA08,dcr,False
AA08,V00,DCRBias,"{'bandpass_nm': 200.0, 'ref_wavelength_nm': 550.0}",0.0884146053559574,-0.1126402786094595,0.2893956944450888,-0.09419493835344407,0.8268598264717694,0.44399218750255254,455,58,-0.20098108908913137,-0.01844534025601542,2.2808557469990887,5.41158003676938,False,True,AA08_dcr,AA08,dcr,True
AA00,F51,nan,{},0.0,0.0,-0.01592865378307303,-0.01619739655197525,0.5622795445745385,0.4567090576790063,7520,98,0.01592865378307303,0.01619739655197525,0.0,0.0,True,True,AA08_trailing,AA08,trailing,False
AA01,G96,nan,{},0.0,0.0,0.11732621844120428,0.005306412107920548,0.6597117545075366,0.5706457426227334,11605,99,-0.11732621844120428,-0.005306412107920548,0.0,0.0,False,True,AA08_trailing,AA08,trailing,False
AA02,F52,nan,{},0.0,0.0,-0.014478707204922682,0.005781936811088216,0.5772235572637197,0.5160922452052675,4341,96,0.014478707204922682,-0.005781936811088216,0.0,0.0,True,True,AA08_trailing,AA08,trailing,False
AA03,703,nan,{},0.0,0.0,0.30632282472994193,-0.02217734737961715,0.9123763986606769,0.7089991235433486,31218,98,-0.30632282472994193,0.02217734737961715,0.0,0.0,False,True,AA08_trailing,AA08,trailing,False
AA04,691,nan,{},0.0,0.0,-0.016846521583178814,-0.017393772574535768,0.6831219108243353,0.5472886644439975,1893,82,0.016846521583178814,0.017393772574535768,0.0,0.0,True,True,AA08_trailing,AA08,trailing,False
AA05,W84,nan,{},0.0,0.0,-0.20313160527099178,0.04050022037977996,0.5365215521533242,0.277013409244103,137,14,0.20313160527099178,-0.04050022037977996,0.0,0.0,False,True,AA08_trailing,AA08,trailing,False
AA06,W68,nan,{},0.0,0.0,0.18602695587126786,-0.012868326805842446,1.1413886297469527,0.8078258603264781,12957,89,-0.18602695587126786,0.012868326805842446,0.0,0.0,False,True,AA08_trailing,AA08,trailing,False
AA07,T09,nan,{},0.0,0.0,-0.23898510045092924,0.22887912727682647,0.30147821288172394,0.4056505435443489,9,1,0.23898510045092924,-0.22887912727682647,0.0,0.0,False,False,AA08_trailing,AA08,trailing,False
AA08,V00,TrailingBias,{'trailing_factor': 0.1},1.0908616842077965,0.1719399033801899,1.3052115061675702,0.2079431191849584,8.512905145719007,3.625592806481137,455,58,-0.2143498219597737,-0.03600321580476848,2.7333647647211152,1.0115872576912062,False,True,AA08_trailing,AA08,trailing,True
