obs_code,n_objects,n_obs,bias_ra_arcsec,bias_ra_ci_low,bias_ra_ci_high,bias_dec_arcsec,bias_dec_ci_low,bias_dec_ci_high,bias_ra_median_arcsec,bias_ra_median_ci_low,bias_ra_median_ci_high,bias_dec_median_arcsec,bias_dec_median_ci_low,bias_dec_median_ci_high,rms_ra_arcsec,rms_ra_ci_low,rms_ra_ci_high,rms_dec_arcsec,rms_dec_ci_low,rms_dec_ci_high,sem_ra_arcsec,sem_dec_arcsec,chi2_per_obs,bias_significant,sigma_model_source,obs_epoch_start,obs_epoch_end
006,126,1908,-0.08444616620156871,-0.12181830699672262,-0.04811862738699974,0.04918152125347689,-0.002018149243256804,0.10242630014003948,-0.06858127196862274,-0.10681605670100747,-0.03404198198509082,0.04231534522849542,0.007415988236926066,0.07073734054208837,0.3778395963493419,0.34845479087759906,0.4102677765082197,0.3788502422076637,0.3430603624280204,0.4180511451998853,0.019401545777616366,0.026649947375340932,3.0716560538201265,True,,,
010,40,188,0.04004861631550168,-0.4236491885116757,0.45936317848324004,-0.32585826210642976,-0.831401070633031,0.15497037941723613,0.1448471213711795,-0.37385740359909614,0.6213509544350517,-0.02077910842007702,-0.5585169338051699,0.42680460312212176,1.7282667515564047,1.4005927928781412,2.1150243870539156,1.8035773289535917,1.4148335198944275,2.2152327707603336,0.21455844613421107,0.27025969434419433,10.404886424711677,False,,,
012,94,612,-0.06835282218183376,-0.15192643935089514,0.010264304010750206,-0.027819632431847194,-0.10193032466741418,0.04525025804346604,-0.008179263113390204,-0.057992791190502935,0.055462054067683696,-0.014702387965881414,-0.07718235387077499,0.025337545975148146,0.5521536063019535,0.48611011470004745,0.6197776011204806,0.4834002704059798,0.42853993756659714,0.5447734012658701,0.044479354490217685,0.0370270306826866,2.1819234438770714,False,,,
026,25,112,0.23278965112929328,0.008840252055483331,0.4764706914924789,-0.16374087558798334,-0.40863447886904675,0.04383813026522604,0.08858351399580053,-0.02995789325823919,0.469156571327221,-0.09325328390445975,-0.31184213951496176,0.09211952357843778,0.581664104016211,0.38865945193747875,0.7842167950941988,0.5124043430103451,0.35757275612456657,0.6952224176663243,0.12356566091202212,0.11571118391744743,2.2834450568099656,True,,,
033,1520,9257,-0.009654122183070261,-0.022410553354628663,0.002430917307723669,0.017819549506885312,0.005559135068074721,0.02916515159638513,-0.007086774252454507,-0.017365139076774422,0.004411396427822215,0.03139239422331741,0.02183756477620591,0.04103680299883725,0.28705085965497196,0.2784176431939866,0.2955747439782654,0.28190908557632977,0.273639531465707,0.29057658437749784,0.006279648359046,0.0062057179402030226,6.138588791373291,True,,,
046,987,10142,0.03597877379047454,0.009889053235409654,0.06160876350630489,0.16536395926887676,0.1433975137997779,0.18773312352853808,0.021634626443450634,0.000960611369358541,0.051093799081435895,0.17538521952502606,0.15729108840787376,0.19308857561810555,0.5443815315221238,0.527085152401518,0.5630098880444093,0.5353754621102637,0.5177600974234194,0.5526295256494081,0.012725469845924387,0.011620705078066569,2.0448933910658655,True,,,
048,20,263,0.07333193416207304,-0.11982121247037926,0.24505403791948577,0.19900276495391675,0.06948831640356823,0.3465408440901739,0.05874979073700332,-0.07727313814332118,0.15377829741804366,0.07163716345112774,0.01191391497722923,0.36460462046903785,0.6252886030108323,0.5003627977991331,0.7523714367873752,0.5092221161958201,0.39660362618079725,0.6351719297133539,0.0934890882879606,0.07271831691906225,2.2381695979648946,True,,,
049,96,422,-0.05382443029769349,-0.2573473713055423,0.13308741395981416,-0.10208741229038319,-0.2751277300077493,0.07514232877731776,-0.004692181970856003,-0.17865935790899679,0.11620139568534253,0.001490631750034055,-0.14407534015319357,0.09991913821885134,0.7813175778187539,0.6571608136341498,0.9168374759238404,0.7272282482173287,0.6139908635539888,0.8485284617837286,0.0975253601749197,0.08926655338135099,4.580225727077006,False,,,
069,72,2027,-0.06105674159828099,-0.12107121818867589,-0.0033949879693079494,0.1625505954709131,0.10772845523408128,0.2193914723695961,-0.022749409727262672,-0.09438471011904255,0.027644745424752468,0.13715431568499525,0.06851482708563612,0.22992109668202865,0.30586015076737905,0.2668201899869399,0.34541442556168517,0.32793061023156245,0.29258924710174156,0.36626108832539916,0.029208503491770038,0.028200263259948337,1.9611652172849938,True,,,
071,264,2043,0.007971106262509154,-0.07227096443665261,0.08634686214273495,0.15092431732173112,0.0878797529198879,0.21465762803015687,0.011532213155861153,-0.048916904323918695,0.1034675044572049,0.12298567918467285,0.06299329215448068,0.18288024522803425,0.7622556685256225,0.7063495782970708,0.8199539762659288,0.6627062086589165,0.6166545461970285,0.7106582141660397,0.03929370517461385,0.03259526913488178,4.464264388054814,True,,,
073,72,724,-0.05335153618774659,-0.11480101433281778,0.009987814527852254,0.02015365740425355,-0.055127898874671726,0.08873567562571612,-0.043241523998471684,-0.08927527383357867,0.001614493951455802,0.015900877587022855,-0.02626407225372012,0.052216730603404926,0.37025389315151447,0.3188186040072496,0.4256772104689665,0.4082569626654176,0.35146197671834023,0.47198448075902255,0.03277965230896616,0.03698343549053,6.747072074968758,False,,,
084,326,6454,-0.031213293366534826,-0.06060924950862926,-0.0010575157525088892,0.11933550116863566,0.0926295121946413,0.14854423523331084,-0.043773500821031555,-0.05942068130401936,-0.020819806402750867,0.09891276697440296,0.0691863549262033,0.12524024472837172,0.388250644017641,0.368777150081346,0.4092531799185232,0.38106395361803336,0.3628018298030902,0.40072994119470884,0.015287864424357195,0.014450653554775397,1.6613793025353327,True,,,
088,45,657,0.0812059426404739,0.013453528875766275,0.15240315466906507,-0.010609552941266392,-0.10321536925225122,0.07599259382387462,0.05560460580777197,-0.0016082021242382596,0.0879166696197293,0.02209111235487171,-0.037364751710811106,0.07376300472667907,0.3476392424511221,0.296478197539494,0.4035176177365894,0.3851370989354518,0.3195885727502534,0.4577434040389635,0.0351506324687864,0.04723465542738475,16.47110048301387,True,,,
089,253,6899,0.0054044526137698515,-0.013653592094370679,0.02532171805748257,0.05185726921302062,0.02620295743175395,0.0781891173890278,0.010028515355548549,-0.005568940678350388,0.02361508164566619,0.03661880438503573,0.013868103945924304,0.06127135769530337,0.24712535436635338,0.23334356497341277,0.26227732122471265,0.30164973144245016,0.28499937652074986,0.3184878673864432,0.00980155759298258,0.013075202674637349,3.0715207263399305,True,,,
094,36,374,0.03311433214606362,-0.07795343782710797,0.13973997994225798,0.026855507336021527,-0.044711795563899495,0.10450673593019791,0.04019210092009927,-0.004732833965626352,0.10765974409939448,-0.02765081194411323,-0.06884391223928764,0.03761244690861652,0.3083447756533617,0.23696996894437625,0.3930050662748283,0.2908020681268913,0.22975559444886487,0.3538421702817461,0.05474256076305833,0.03907386524876635,2.7591677288989707,False,,,
095,151,919,-0.04883470729715704,-0.17242776583205363,0.06892129444708983,0.11660934841150984,0.008170603551290817,0.22933888139924277,-0.018698378202165744,-0.06741105324846898,0.07268868043542367,0.09820544341572202,0.05025927910331518,0.15666921546306778,0.7259620725642242,0.6400024714614031,0.816560682582316,0.6535052488627157,0.5736475053046904,0.7383301405274305,0.06314752668067823,0.05622231207531064,5.171735775985471,True,,,
097,20,160,0.25792379887026934,-0.04287376190659891,0.5768096493124281,0.39683378512271195,0.22005280364613175,0.602089489653158,0.08217938607611233,-0.05216199857334758,0.2590237323236844,0.3618264979738939,0.16134459948894259,0.4928671383152583,0.6830463072290286,0.44859112579047233,0.9330404703178958,0.612189680354077,0.44770502030411713,0.7902230307593859,0.16158125299592938,0.10041567340915641,3.5238784360535123,True,,,
104,973,3406,0.0008589178035746276,-0.023509158576030777,0.025178334208925148,0.045419210783104784,0.022773966811381455,0.06810277196570157,-0.02062626150559804,-0.03830092645991011,0.007448542679324331,0.0262727644855687,0.0002980456542900356,0.04666439506166853,0.42209853651340695,0.4024825193296749,0.44217494675970614,0.3976607711737381,0.3790426566729911,0.4156773756802718,0.01241466117576791,0.011727561261998585,5.6102348019083275,True,,,
106,1092,5261,0.005009424877820717,-0.010029953275000243,0.020727459325662077,0.017126936054333002,0.0014414992317582122,0.032663630286084634,0.0057924274573229705,-0.010460296839591451,0.019295105912767733,-0.0023002882723943685,-0.024758027555622508,0.013612303265242431,0.35573962899740624,0.3441509641452464,0.3678625511098468,0.35218712011354975,0.34020160842200453,0.364093324949203,0.007818505710268974,0.008111249950537539,2.2669097135066396,True,,,
107,92,528,0.025920303806712137,-0.03006498607447947,0.08184010334967244,0.11213845665967186,0.058149030890383716,0.16729534379790723,0.0037382141429566445,-0.023351110141283583,0.053826325704519035,0.07824972197628777,0.038890050216826566,0.16212090040292892,0.323973094666391,0.2832095378336794,0.3657207632646178,0.3585030590901606,0.31504473266757455,0.40280730773413453,0.028888800253402062,0.02889427152523704,2.5261097862277704,True,,,
108,192,1027,0.12683593138299543,0.039490209550345615,0.21258128395134016,-0.14387621716206592,-0.2437684892808837,-0.03925740062926868,0.084073782213231,0.006404157811978345,0.1971512241526053,-0.0755818155358412,-0.1265648508109507,0.0009756056708054572,0.8430433248393232,0.7699430223180133,0.9171997507881364,0.9362913272485387,0.8450311541249067,1.0310033712978577,0.04412743871629233,0.05081337229666322,9.556394284483323,True,,,
113,544,3219,0.03375409652439822,0.006995099328410355,0.06067984898787119,0.09526583971241585,0.06451232707698788,0.12424440073531176,0.030517957570826898,0.005142034988049923,0.05278065866387934,0.08458017341652635,0.05236563821198459,0.11865789051803688,0.3629297748586962,0.3441214137087545,0.3818769575032758,0.37635796830717694,0.3549057459339373,0.3993209321211616,0.013676127923062907,0.014882723050013928,2.1309118950923285,True,,,
114,91,483,-0.0816525287230305,-0.17327531100903143,0.006375447287726688,0.008179070084579606,-0.05897145266386848,0.07213432653767637,-0.06341624790942547,-0.13672960418347077,0.04794036418536034,0.021487347466120355,-0.03286935832983451,0.05921286870147924,0.5222673850832176,0.45497973731679,0.5900747769639915,0.4073369078613475,0.3528363371831901,0.46341533297536913,0.04498511197601099,0.034035311641671465,4.077456890464607,False,,,
118,944,7450,0.06158824184781276,0.03440234590281232,0.08875483076442651,0.07767685020309821,0.05384170207702063,0.10210900326851147,0.046376888197783475,0.023001216691636538,0.06902479069449409,0.08822086767002547,0.06032774303070809,0.11835237339385873,0.4979146909116678,0.4791870498479907,0.5171416688210642,0.45588582097906954,0.43986390600708364,0.47340383554759957,0.01371292200841963,0.012749008660199967,2.905278472462195,True,,,
120,65,405,0.08169259629884433,-0.059913514732408184,0.223189027554474,-0.01881359456416115,-0.14850627501314187,0.10161233031228938,0.2058878784905184,0.057962733564411284,0.3102448417298396,0.01515312652102807,-0.10169756256903639,0.21849435281211527,0.8375965571537486,0.7244570714815101,0.9542791049774021,0.6518827003274732,0.5726083389239834,0.7395818983828805,0.07451459877140165,0.0637254488990054,2.7088436458003957,False,,,
121,32,260,0.026092572556132766,-0.13683242125175044,0.16912301291072582,-0.1327539494911334,-0.30185534104546496,0.016345578422023634,0.08535858554075017,-0.08327849957805285,0.209329704818922,-0.06231495800320248,-0.14167934812547855,0.02453801976116665,0.5267061646891544,0.42826889466569573,0.6364153399667564,0.5200654143549743,0.3969571617469495,0.6523807912918589,0.07977314533875439,0.0817614594877336,2.910573802868844,False,,,
122,152,770,0.07648975510692081,-0.01200352884111221,0.15692651694332524,0.11537153874143465,0.031543034037254405,0.20479441600473242,0.02545583221868796,-0.04976293333754115,0.10622126096574339,0.1174971993524565,0.04977427853560812,0.14819356044597498,0.4921901011484034,0.4336489732242908,0.5522236266830701,0.4931808389976828,0.43692295664719116,0.5533311696868695,0.04530435455681034,0.044479667030043385,15.39863527286462,True,,,
126,144,551,0.03528660918498538,-0.03673472805955428,0.10915015126042453,0.05054547642264578,-0.03391013790055189,0.13433046283724848,0.04483880814987415,-0.032341141439454026,0.13196069248325618,0.0415910105017403,0.005628214719877178,0.12144732050742846,0.4824335203479776,0.4352965037340735,0.5305592024178398,0.4826587921989187,0.4304548049870086,0.5400586548648191,0.0372358039024272,0.040861538096436195,21.21522723765598,False,,,
127,227,2105,0.0908086139456189,0.046086652053110196,0.13792186794004754,0.2667139844188723,0.22828529964286629,0.30624913059134057,0.07114465364232998,0.02800461950666295,0.11085164795994484,0.27855766656606257,0.23754979263513887,0.3175205116399773,0.3777714807332673,0.3469035788065474,0.4095537700949531,0.4267366209070995,0.39949294367332383,0.45474070218616824,0.023206123105818644,0.019483293011922607,1.232253314418049,True,,,
130,1727,7580,0.009014520057475798,-0.00036157350640802865,0.01824529420267146,0.01820297177843642,0.009416012780203676,0.027152198435836876,0.00495160331720515,-0.003204324872921083,0.012996028741201766,0.013100997031756378,0.004685803388390245,0.020957008836308688,0.24301540732844507,0.2361432777873514,0.2497559580329791,0.2330591537281843,0.22662195412323616,0.23956739765871657,0.004614327838990627,0.004437837439112989,2.477758983411444,True,,,
132,31,102,-0.07041944934554552,-0.2023505206360748,0.037915885765959445,0.09556862815944013,-0.024874275625479853,0.22296724030867535,-0.004798212028858513,-0.12814998601272437,0.06238070245123626,0.052208034537670756,-0.06327945386459533,0.16135665255108123,0.3836908138331689,0.30663520844167824,0.47974906013886637,0.4163247341559263,0.30957231619195824,0.5440800914451263,0.06055453819002284,0.06548072514001631,1.6896810387768275,False,,,
143,128,772,0.06844324301524571,-0.019027577454658672,0.16546085735824145,-0.01866698549483446,-0.09451091724662077,0.05906452792982881,0.04949329930499809,-0.008609874618008254,0.13404396665549856,-0.028964158537725382,-0.10280136091722625,0.0881073185354353,0.5510159154497949,0.47856382393916197,0.6329907472511318,0.4599012905321263,0.40636273962104197,0.5193305461064732,0.048908159775420346,0.038620235279643755,2.9089963457033825,False,,,
145,25,207,0.030379195754737753,-0.08351978227306422,0.14193162095487263,0.060664405110611594,-0.02493303386748477,0.14750636870073222,0.0032021689244428712,-0.15570724924782903,0.18448513920893497,0.10541019441888011,-0.0598970512950725,0.16191704767045678,0.33622162906193764,0.25809473813927386,0.42108353596732917,0.2780231962907537,0.21814957254784492,0.34372610874837356,0.057365808786594995,0.04417912584057028,0.9009139526032972,False,,,
147,41,142,0.009592333354432186,-0.16194037077357995,0.15721736770571038,-0.014663995930401125,-0.1521640390171208,0.14490155666986534,0.08057812697861277,-0.056589662636364536,0.14009951043724023,0.003166176539082244,-0.12284078222251082,0.08713318106988563,0.5400081237301496,0.4104413020537129,0.6799956759101546,0.5088837252425454,0.41011346657499953,0.6251495261057544,0.08287679910659919,0.07658984367425309,5.117030916790557,False,,,
151,682,7541,-0.0461868230856931,-0.07393158828122796,-0.01919286403844419,0.14408107678935503,0.11848252139902586,0.17125806985874653,-0.0680950599692311,-0.08889264703285892,-0.051220165010974525,0.13291552566829617,0.11162806077624765,0.1544731178075076,0.4758471017246578,0.4560311322403667,0.49647309618867325,0.48173867561665756,0.4625267825485337,0.5023337484885243,0.013855943659518657,0.013104150857206944,2.4417927111994824,True,,,
152,74,475,0.003113492787502545,-0.13647009400109258,0.13111598337159905,0.1261183606783513,0.002053577341023711,0.2572664008783956,0.02665374758836449,-0.035565029155624046,0.17199368306221918,0.06294279093905786,-0.012888496861762633,0.1360909766159324,0.6900804808629107,0.5908179734423561,0.7853353235691091,0.6278213229397226,0.5269076156323569,0.7348946503697673,0.07011779078493444,0.06350745143336185,7.2748069455809485,True,,,
157,276,1125,-0.025757623061567904,-0.05168296095978431,0.0008743905854585557,0.042491329673356885,0.014417913828837756,0.07160633283616978,-0.03467276979748309,-0.0516106473427034,-0.006365776706392934,0.029540756970192206,0.002270439467659813,0.060800854422211614,0.27682800410808106,0.2578880265558426,0.2965108997098291,0.2684011158699641,0.24683293451331656,0.2894293423117474,0.0140973352763865,0.014750549686095994,1.5632274841607077,True,,,
160,1307,28346,0.010376883177109754,-0.0001324806946534444,0.020347556890381965,0.011956333785997073,0.0018341323504508572,0.02197602686822419,0.0080471461295565,-0.000519144608829793,0.016369534833573136,0.014015649790621865,0.0034908155662094487,0.02094105031029667,0.3144784388374682,0.3067549038637729,0.3221901291593817,0.3219607680105056,0.3140150774838132,0.3300496076460436,0.005081228124145333,0.005177130765022395,3.668578286347234,True,,,
163,57,256,0.03169189558216176,-0.09314206425286031,0.15643041340357094,0.035975387158294826,-0.05955152484971504,0.13468769960135757,-0.014571561600076702,-0.14321039308213326,0.11494957852850873,0.01104054807257171,-0.05463582674201106,0.1827113021008131,0.5384574000929944,0.4593695415577183,0.6220242937986971,0.4859542282451238,0.4182525517211433,0.5547705364971391,0.06300206570984132,0.05020914341512733,2.333536343811541,False,,,
168,225,2578,-0.021588719496225924,-0.04941871705149637,0.00871839645802654,0.006910716219859737,-0.025822040951479185,0.04305107067781226,-0.012529394412627196,-0.041539004483056224,0.018373422082615477,-0.004707096923652898,-0.03294164908329683,0.022298186445652846,0.28359503618756976,0.2640432474551525,0.30499613626591454,0.31320807334505324,0.29021852786600316,0.336379872958512,0.014812988982202865,0.01763421022988055,1.2404314257464186,False,,,
169,22,187,0.05381606899348943,-0.15209381667079788,0.2797948974287804,0.039841372507059256,-0.11151052529462661,0.17739431472894557,-0.039497899705465474,-0.12513573627275443,0.18044070635243736,0.02147075729732051,-0.02568732950214425,0.11750014708539425,0.5843657321394008,0.4255442961006127,0.7554959732898966,0.3781410562104899,0.2772807914493049,0.4934162739395825,0.11480453455071607,0.07478978465311792,3.4915997077383794,False,,,
170,396,1907,0.0520719696312113,0.011625969005160625,0.08839415080609556,0.04632582295614708,0.00588572594166565,0.08642417638296652,0.06316793371126582,0.023015091768163895,0.08746475817946728,0.017423103551981813,-0.018968248413244737,0.07008715996647966,0.4186656779041807,0.3888581679440949,0.4494153637326762,0.41484901806895585,0.3864505243365712,0.445658660738814,0.019850900753330437,0.02068664806766607,2.3230999095761447,True,,,
176,232,1420,0.01730810963664297,-0.026411017936932915,0.0644981343116914,0.0815495104163635,0.035550110768519994,0.12530303449954935,0.029890708493374496,-0.01397743534964458,0.06743734447887756,0.06886974004331137,0.03202740731103049,0.12725510448063915,0.36890558139430546,0.33613502128098005,0.4015781037452796,0.37138604827585714,0.3394743128826828,0.4048569855302268,0.024105859429237222,0.023642275091679602,1.7756211793144898,True,,,
185,267,1286,-0.004605511344868324,-0.04313288854436401,0.034097795355488326,0.03684092617921575,-0.0018690304773915413,0.0730162678965427,-0.006827073678880394,-0.04141312265733008,0.026081903844260623,0.05641099930215887,-0.0022074083643630615,0.09842784280209571,0.3761445782310678,0.34644119483217445,0.4053342647644009,0.37525006103574987,0.34781010030937864,0.4016662537184999,0.019914363929556596,0.019049072283173867,3.9260473442172645,False,,,
186,24,197,0.040979472778619346,-0.009814416580391653,0.10056602740579731,-0.009977699744053109,-0.05579213419293163,0.03233718223706422,0.0277052356386362,-0.041550275674870484,0.07219446847170533,0.002280481783571986,-0.03286853828576852,0.0225127945280823,0.2934462544100103,0.2417728570379125,0.3511583008365351,0.24745732202647108,0.2012858814257878,0.29249733181201687,0.030189936929584778,0.02248826569193205,5.286938917527496,False,,,
194,25,100,0.028419159867204447,-0.015179613602609316,0.07384376093834878,0.004280240805081195,-0.0694136504191258,0.08043639095335178,0.03550399585666948,-0.054304018291049395,0.1070138026959644,-0.04523281406818569,-0.09990667434191128,0.12457514759995902,0.20797154083741268,0.16639742651176906,0.25300571074329314,0.20500600928151058,0.15754393337454728,0.258599824040878,0.023192207611734565,0.03769148092054276,2.8509480270760124,False,,,
196,73,344,-0.0008103570929985492,-0.07638498656956308,0.08119967961286949,0.07729371306684103,0.014428257711243241,0.1385562205587565,-0.02966310132201938,-0.1298977966041463,0.048023132646339346,0.046457817580147776,-0.029069340850451653,0.12984574554764095,0.35712235872579867,0.31663637622391394,0.4036792015642124,0.3002385773923452,0.2615316815624096,0.34326485776645976,0.04037642246859057,0.03304280385616344,2.6793909130786453,True,,,
198,363,2913,0.006932115273985806,-0.027709465004689383,0.03874374128552377,0.18302774955627182,0.15205147108327136,0.21609539549030232,0.004300895586166676,-0.02537853495674717,0.030361033011741194,0.19338490291627153,0.16555982833381222,0.21911884687510258,0.3423211052294727,0.3211654567626947,0.36681756847179176,0.36944087528897895,0.3477470806710823,0.3927813297019536,0.017041894877739616,0.016597368789690706,1.5227454649023378,True,,,
201,52,210,-0.0061309512356330495,-0.13245212055341582,0.12234131959704493,0.08234691404093913,0.010183129549192996,0.1527213062709786,0.05883080007118047,-0.09934994511373557,0.19213674977179934,0.06805496991759696,0.01576505319249577,0.12846913167557328,0.5553640192004896,0.47233038656407444,0.6467811036282854,0.4126083170035829,0.35174012268504434,0.47973729565429185,0.06422587828523625,0.03562633685884871,2.075380042736135,True,,,
203,427,1415,0.0020568296250820734,-0.019067208517565312,0.02562074557662571,-0.005893702275866996,-0.025373669329997708,0.013905074644574942,-0.016587680355476843,-0.03598779845978514,0.007705673747694843,-0.010774505443578164,-0.03066836532424233,0.005478424450089392,0.24279624972056263,0.2272830615331019,0.2582346222425733,0.23008949658582817,0.21595142486579325,0.2439292795803394,0.011208665040429267,0.009989995826251352,2.0547963952851713,False,,,
204,2368,9222,0.005446223146069086,-0.0026579690686924402,0.013339058952073997,0.025952554037547208,0.017866992218411273,0.03348251662440993,0.0032345113559890267,-0.0030724293496054537,0.010739271493842255,0.023213776916186646,0.01520465368242907,0.029539908300790785,0.21846580190961493,0.2129179078085465,0.22413473382400004,0.21858887317968473,0.2129144144874473,0.224288477500553,0.004083118152992264,0.00399867592946061,2.0073573919545895,True,,,
209,53,398,0.0973749491812727,0.007091308942060484,0.20046904090737483,0.056491232483986534,-0.02605825072831954,0.1345174764061125,-0.0058055386735115745,-0.04986915111287371,0.0834092590881907,0.035211987309935466,-0.013150116907922893,0.11016131554697495,0.3663976099797634,0.29716924501991393,0.44504660807948077,0.349580926245859,0.2940758988390725,0.408455886622418,0.05095742267420113,0.04246169249952027,1.6541782989022058,True,,,
213,61,231,-0.0001012626271132884,-0.12142441663236272,0.1286703072705866,0.12162829120153128,0.008478406984838352,0.2330613648022385,-0.009010165620861174,-0.12427295882861067,0.11824390349465397,-0.02741884375865311,-0.07337714423911734,0.1205458778343882,0.46319054934862386,0.3743671755212014,0.5576811583653479,0.47784417411868946,0.388986462497927,0.5688953851507542,0.0644887403148155,0.059704519035014614,4.221269091678377,True,,,
215,131,370,0.057640066215313826,-0.006193938142049887,0.12136782632825752,0.1911992011830679,0.12464249665695008,0.257490171062009,0.014790767132354004,-0.016198993475808592,0.09665920164669402,0.18265655267555303,0.10166920324494733,0.26483912682255806,0.38859461848719057,0.33994096238952853,0.4380769523073571,0.4250263672793217,0.3778235004497719,0.4751189615253147,0.03363067297488383,0.03411046326322152,2.6597569642138588,True,,,
221,61,196,0.0017345790433471694,-0.051748013696504135,0.05527778278361442,0.012970194112109572,-0.03907346317449605,0.06470663319677337,0.0007011439736885247,-0.0572941414988102,0.06461103415976242,0.008194667315919446,-0.07869960104272877,0.06574702095695883,0.2595170171262684,0.22104171348633492,0.30319973588206045,0.25937172622722887,0.22032931044706916,0.29893529836193894,0.02832894226837864,0.027071788177601436,6.485438815360388,False,,,
232,40,185,-0.1423893430767814,-0.28895951678638604,0.010839009941514497,0.14059756092970294,0.012367876261122467,0.26121844860390264,-0.09112395504387091,-0.295677349741393,0.08329823840372577,0.12039123020421982,0.02931305711138421,0.23527062260200182,0.5780718561702833,0.46428533912882014,0.6998622828057028,0.4632067205313161,0.37150806897955707,0.5668165325101202,0.07899149359359951,0.06451175614748829,2.784312524947164,True,,,
233,100,602,0.2076749000800047,0.11821855241741612,0.3075649698043157,0.03208924960161481,-0.04785608816924972,0.11576483957912215,0.1783632247172368,0.0485158619343511,0.3380667974648847,0.028376315303262345,-0.01791480158687924,0.12176777436287978,0.5282034768689994,0.4624075282417542,0.601586493743223,0.4295635443153726,0.3741899541597853,0.48637989318747776,0.04782563606404513,0.04203672940428064,1.2760775223951006,True,,,
238,44,312,-0.023051993616778708,-0.11867460526771997,0.06982839843846363,0.02684942461707712,-0.07494185802311164,0.13188904648266925,-0.05019951456099882,-0.1375253401785109,0.1101134052952748,0.08665372417695494,-0.09527655907106691,0.1960440814116282,0.3693891006399227,0.30944109229412053,0.4363574220744507,0.4291522653564201,0.3610299696578938,0.5003142541307201,0.050059630752129915,0.05380310910502484,2.5627392703904284,False,,,
240,333,2910,0.047451200494338236,0.02025013878871789,0.07438078312736625,0.048949538827708194,0.018614705601978074,0.07966083199437765,0.03646095333527442,0.0032543239630782087,0.061535626416867606,0.0638616894406141,0.026085737410141974,0.08667552869834338,0.316282265703222,0.29531710785007437,0.33634142695012764,0.33343161406740107,0.31229783228356905,0.355851850974322,0.01404061653308671,0.01632084961805617,1.734423983416627,True,,,
246,1082,10667,0.096727058919573,0.07141516570086108,0.1221131457698201,0.18026214182063371,0.15561807113477216,0.20277704488160245,0.060611836505597615,0.04431775861652759,0.08876951147732419,0.16318053351673195,0.1377319525719001,0.18471059862346983,0.5344148431646893,0.5177003506938701,0.552389572168532,0.5263049736078599,0.5101555629921869,0.543169571033369,0.013336153157642548,0.012248174616695561,22.142102652059695,True,,,
260,228,569,0.07508881036372636,-0.09818762853869746,0.2356117231604946,0.019027063317534506,-0.11837124940568104,0.15161532911171588,0.021249475736412685,-0.13461101102979828,0.09733842213582976,0.06428477493525264,-0.0686742635398474,0.17290996758980712,1.1447295063958567,1.0309852987074657,1.2675797544505716,0.9155371454015834,0.8214594076807334,1.0199956117439746,0.08612109366399591,0.06865107597890417,10.479781025220106,False,,,
261,197,495,0.10588511426495006,-0.016839432842647852,0.2236390586772182,0.15003774042167559,0.06055337071861947,0.2487606927145246,0.09147650090528767,0.005425109693879437,0.22227271396814252,0.1992297844219948,0.09121591637537563,0.2666982078892488,0.8259019692363235,0.7364173807089237,0.9189999624688816,0.6488367217207498,0.5864054589560658,0.7152106784518014,0.06187108990616554,0.04710567939121644,4.857573868950818,True,,,
290,189,732,0.029749772837170695,-0.003633570796698464,0.06319204372157981,0.07435673076674906,0.04434458340996298,0.10554067547584335,0.025663181332845505,0.003942795064107307,0.05101693170128118,0.076378594054205,0.03107784453845852,0.0950997076373028,0.2370897717266858,0.2130598809167802,0.26365970387974635,0.22637483687961243,0.2049204483934434,0.24896214317557466,0.01710759700859673,0.015368090465542609,3.143590155442133,True,,,
291,4875,32319,-0.05462357492001637,-0.06384328650197815,-0.04579006050285495,0.20750301509375804,0.20075031256319234,0.2146965014415983,-0.04564478285063929,-0.05712296630574613,-0.03837123393672396,0.20442956845840854,0.19640936141058774,0.2111354976165103,0.3899542865334498,0.38353228018311447,0.3968982696659771,0.3779929816637011,0.372158895433156,0.3834752720573924,0.004687576339548936,0.0035343302177790145,2.5481097474908263,True,,,
294,23,126,-0.16801104467479266,-0.3454822845480972,0.02761067408333678,0.09447861872019744,-0.05275253422393198,0.2282678007451427,-0.21249124230382033,-0.4388903300816478,0.03598923079445355,0.14684809413161304,-0.09166268915095088,0.3258375793798507,0.8831693205259196,0.687929560982124,1.112283319876553,0.6578745427406673,0.5273838011794187,0.8062221748387334,0.09462965231851259,0.07305743450649978,5.602000068151625,False,,,
300,621,4889,0.15641719789346664,0.11987314646580412,0.19553750944402942,0.18165407759811156,0.14739697002683366,0.21735708434532033,0.11102847754640381,0.09006065129338277,0.14830394241530614,0.13459101389943218,0.11295140037220892,0.1695794690553267,0.5652461259419986,0.5401808139573487,0.5907832416973963,0.5494664750021819,0.5236268588745936,0.5772540271914086,0.019219133065601274,0.01869165538380984,2.8230805376574906,True,,,
304,21,221,-0.01962197071323196,-0.08143212030194175,0.03637054802480693,-0.03333135682734455,-0.09990560354186802,0.040537430740902526,-0.02968346089150333,-0.04676216547005976,0.024321676542925406,-0.060951016713666206,-0.12168220108748073,0.04224453660441441,0.14489009819454113,0.10660046277084248,0.1870102579489545,0.17387552401629044,0.12755684496496555,0.22625767037070904,0.030928917369617805,0.03776076689231419,0.37730384632410924,False,,,
309,288,2127,-0.012349521510327052,-0.027970780953234894,0.0031210421570281627,0.02625141002088749,0.01112894984964917,0.04002629448168482,-0.013510059515461414,-0.024132564053607582,-0.0014073057324867537,0.019840506025783355,0.005164231034416655,0.03137564121153957,0.12820235679852265,0.11827490299650452,0.13899501641246118,0.12357256201442916,0.11417076282143608,0.13266314815490407,0.007831964708044054,0.007237894865250727,2.3705752799470132,True,,,
322,79,546,-0.058316806496293214,-0.19314538994199704,0.07326628183243045,-0.12205075614317307,-0.22586183671594853,-0.02230909763932124,-0.1390973089023238,-0.20996519456813803,-0.0031591035235105877,-0.08590565726080968,-0.2271310938703244,0.009535455725284692,0.6493343571758905,0.5667494642474061,0.7413358825707088,0.625256361203983,0.5455997139363861,0.703346408052265,0.06738122416682561,0.05444034452460296,3.1678469559380815,True,,,
323,43,340,0.06019535912756888,-0.11072817398862377,0.22988310561508343,0.11238874732743494,-0.06527662455084329,0.28826843163216004,0.07858265028032002,-0.04243773207490571,0.2226123990375421,0.08888049934925193,0.034030722242732736,0.22439474512898627,0.6396238505702321,0.5331050780118083,0.7509731260332707,0.5983480447585691,0.49054304480879574,0.7204380839141847,0.08849059971894768,0.09281629216307102,5.998643687102775,False,,,
327,372,2851,-0.01607291228044822,-0.040190157057029885,0.009763360705404527,0.00024230247342488123,-0.02436644317920954,0.023668865830903416,-0.013592999126558574,-0.027960329006835677,0.0025762961752722685,0.004890459684148141,-0.014648360389202253,0.02239427120835913,0.2875030964346859,0.27019942329042757,0.3058008074579163,0.27768328119888946,0.26062701394248217,0.29463021933141337,0.012537547439095662,0.01209119356593114,3.345289320399404,False,,,
333,200,1219,0.07981219115780169,0.015419088657479301,0.1448169530920631,0.10942539683039565,0.05948393501571063,0.1581177739823792,0.0647439269379251,0.00964981214282411,0.1526264407597833,0.10381656218694246,0.053032585590973014,0.15153620600258932,0.5411007314595726,0.49590906419521835,0.5850903595004483,0.486171425420521,0.45087062292073726,0.5229114019339586,0.03274877462056774,0.02464980144833277,2.6584563615993577,True,,,
344,28,108,0.16680956355610918,0.009093989280533163,0.3311973939648203,-0.07716363053519955,-0.2887955007080725,0.12761500042501003,0.03895019185593113,-0.08505380701033025,0.43104324650575365,-0.07965883662571624,-0.3633937274093224,0.22943196308160552,0.4964056957794843,0.38727964224076994,0.6090340333278224,0.5399463319051752,0.4255751132750911,0.6634987754809051,0.08564736107257154,0.10701184581912489,1.7467814689888652,True,,,
349,42,380,-0.007517223695156268,-0.14247922499773621,0.11125128470554439,0.12917600316876135,0.046458697958443186,0.21170581819121648,0.004013463421661504,-0.07816754865947721,0.11135279326107761,0.11325016782226527,0.0497656093614296,0.16979451377068244,0.4512234333772022,0.3665255395692334,0.547805740605158,0.4042417116007871,0.34655065816197544,0.46832388043566164,0.06710649885593786,0.04339071833309816,1.0658234595424316,True,,,
355,234,1455,0.036488454151818,-0.009986780173433794,0.08168375161019857,0.051780022321810504,0.008628589883950061,0.09249304590048131,0.029997029062581632,-0.011182048803486458,0.06880898427499313,0.02757086966873601,-0.008458592014122246,0.07237966928150819,0.4249916202936066,0.39478517265036106,0.45458632421215,0.42311557473859474,0.3945975294354806,0.4530366481245359,0.023604124708504984,0.021570791655739222,1.6740941437197878,True,,,
360,406,2608,0.06566446464696911,0.028752232787217207,0.10385944713897424,0.0024927093459510743,-0.02719784063860261,0.032009110598101194,0.050779346273696555,0.01556098336994765,0.0916911942312556,0.02491921500746841,-0.0025870370192482284,0.05442814787200652,0.39113272164170404,0.3674995403501075,0.4154754642306367,0.3565763009066958,0.33743326715336935,0.37675412765579425,0.018323939084862004,0.015086440454341163,0.6556735488267755,True,,,
379,286,10524,-0.0584786638099368,-0.09666090687301047,-0.020788088733655914,0.09114076226591443,0.059901191010107414,0.12284311443019127,-0.03989626860911569,-0.1086754908395469,-0.00945428589425953,0.08939497175603803,0.06563026542213582,0.10995397878425259,0.4292295548242283,0.4061272376288304,0.4534118397347889,0.3749574076149213,0.35364822749650376,0.3976154152301863,0.019010380486115298,0.016061681570892987,2.4159364953928413,True,,,
381,75,334,-0.0234001059004613,-0.1608510117155954,0.13425714671071748,0.08360635393049964,-0.033110014950254424,0.19794964394262402,-0.11287426283815576,-0.2311426065860645,0.055189056990866375,0.09298621744019323,-0.009133217584280016,0.19601702660381193,0.6770739715236453,0.5588165086888534,0.8119980049048098,0.602134060582812,0.5127386368282567,0.6975299865998602,0.07512152377970537,0.05910717833987603,4.382478120822195,False,,,
385,32,221,-0.021501961038683494,-0.26712834537093333,0.18760927523490892,0.06533747467930498,-0.10047499949543763,0.24447294631022956,0.08520936652064434,-0.06809894729347628,0.22885557350135516,-0.03546004404289883,-0.14641195543898533,0.17844003541144715,0.6312582218671821,0.4931501140777698,0.7885424732172758,0.5811687224592803,0.469461566345435,0.7158240445808971,0.11510737539584034,0.08969257277163849,2.049172561913098,False,,,
400,24,102,-0.03834498953096809,-0.5309601424770948,0.368408084604171,-0.07757788959807037,-0.4243531225739908,0.2708863632243828,-0.06210520168310316,-0.2194180077779473,0.5498622122492449,-0.04620479730564897,-0.25383627558710486,0.2614188639043391,1.2886897466180376,0.9279388977020231,1.6802927503057972,1.0867000230191404,0.8466655042499382,1.344735044689906,0.23274736076583097,0.18311040480360863,14.484903898885149,False,,,
402,346,2286,0.13599409551463137,0.08783448907964983,0.1826422827846997,-0.06840526040020842,-0.1071674332515506,-0.03108544787002163,0.09839082110522382,0.05742883126747414,0.14438128985148962,-0.05924551956280055,-0.08331794893722742,-0.030267760637059382,0.5325954334388653,0.4973994961442118,0.5682842423661115,0.4839196387130808,0.45509155721924105,0.5162203838778413,0.024455121916590876,0.01976245501868085,2.5228011043608407,True,,,
411,34,335,-0.07655714380917786,-0.210234428537691,0.06031882560316314,-0.06206754859632063,-0.1925435844129775,0.06330040299363453,-0.09005620407592697,-0.26792406709803335,0.17012654509102332,-0.04013308072390309,-0.13085394512869436,0.03187289159384932,0.6094056279996525,0.5378350528618946,0.6821965371276303,0.526691488528864,0.44713631519274055,0.6183553882478491,0.07291049602077426,0.06598762609674391,3.0341198121920034,False,,,
413,952,7511,0.00830332659892146,-0.014265424669690814,0.029151970727694456,0.01246728868119268,-0.005771034440386356,0.03091425358478789,0.019411601668757317,0.0031675731120816932,0.031834839362424226,0.013829141590721017,-0.0005775072960045868,0.032249224007241395,0.37629872149903476,0.3591184348063607,0.3945743908579313,0.35972618844140014,0.34429758371624836,0.3755934633266826,0.010522187659225463,0.009645465051850948,0.7925497698677564,False,,,
422,311,1777,0.00903205881612929,-0.04261027636095956,0.059716438181353956,0.027974577808584977,-0.01612829820736421,0.07104775688926976,0.006826977633774989,-0.038079712078674076,0.039342228899508606,0.02004011809617623,-0.01689687680652696,0.057155837739486515,0.5213180405921239,0.48484833530404947,0.5574549612217479,0.43827063945182737,0.40575008698778964,0.47183154038864,0.026039079172645162,0.022009282610689834,1.7584346768887285,False,,,
423,113,1131,-0.054825491227872954,-0.13130503370762447,0.014562566666745325,0.012764372284274218,-0.047602315548639154,0.07393995212830017,0.02434391173801788,-0.04440974734918498,0.06024457404658262,0.005876193846110489,-0.03900812135810838,0.05033075271434484,0.4146869822508242,0.3595588883578137,0.47430214247613117,0.3735025154782175,0.3268482497658441,0.41997067440662955,0.03882481883385044,0.03128940757541623,2.0213822911697057,False,,,
426,166,1117,0.040096722625968424,-0.03669255312428908,0.12459625600669655,0.026208377581683765,-0.03678515817610907,0.08775354731873249,0.002437411792730446,-0.0508498020521574,0.06420553616002306,0.0004114142852242363,-0.05792406735269123,0.06822841852570649,0.5542875131451567,0.4957155722009113,0.6197652908580792,0.49071796991803646,0.44882666054736653,0.5369506268599162,0.043223008027238476,0.03384849633276885,1.184312646216485,False,,,
428,407,2225,0.003669568337449742,-0.04456945518521696,0.04898538940422128,-0.00857577281301911,-0.04623116987634416,0.02889748877650179,0.030954387657702625,-0.005586407384248823,0.052589690322213,-0.01298769718076187,-0.032160760282096135,0.035049978356482825,0.53483807083444,0.49987369869503967,0.5706369217798407,0.411020450935115,0.3860814701895713,0.4367802672522415,0.02348887057893957,0.018981976366175407,2.9524922814748864,False,,,
432,57,460,-0.018888368238709756,-0.09333184305283064,0.055760093340046044,0.012406300551771613,-0.04461618692485302,0.0701392056912133,-0.038953119339493004,-0.09362832205777041,0.011636196340179882,0.019783296669587003,-0.02338864636592624,0.08342403967553653,0.40297063011497114,0.35228871797767936,0.4514521518847406,0.34461200865912184,0.2960060141625538,0.3932626385430958,0.0377494416175133,0.02849318200026491,2.3738415035873706,False,,,
434,88,517,0.04680902085118508,-0.014776597319803244,0.11097928804771327,0.17645485181428713,0.10562010957728837,0.25791828535236977,0.03527896236729634,-0.011909384597884907,0.10095378520262188,0.16193621703552352,0.09467672046238329,0.24162514478037267,0.41932450166178314,0.3682520624688435,0.470416680501992,0.45935810135365657,0.4024501826660369,0.5194953419781446,0.03237314548308446,0.03899939678666274,2.1198417114295562,True,,,
446,59,244,0.03142682063947736,-0.08851110622739704,0.1598663730993805,0.03501092495194928,-0.15470911802697998,0.21205944513495104,0.034387305382311335,-0.06272781913976166,0.19913861586624373,0.011130688191940408,-0.08907446548995779,0.13620046678006759,0.5913172576943294,0.49778543615281323,0.7014591140409093,0.6692590986301411,0.5488459927313466,0.8147852626304068,0.06665925825562836,0.09554184578905424,4.24808917722978,False,,,
448,1310,8407,0.006531899649653633,-0.012537956126046024,0.025708772005611915,-0.01654300577340996,-0.03342715341808936,0.0008148871803916513,0.012004507911099097,-0.0038001712866973275,0.029553872511367103,-0.021617841612275868,-0.03483173990392885,-0.007129807703165625,0.45304237798207325,0.4390228020188949,0.4684459821456712,0.4002580300398886,0.3876961078088739,0.4133145785994665,0.009759973512377276,0.008773776220001387,3.7262893010306213,False,,,
461,505,2504,-0.041045501887591006,-0.06350794355785933,-0.018839316254549623,0.2215760688703021,0.20159414362264705,0.2415512265128974,-0.04158815843523449,-0.06689939037012808,-0.014955825661577693,0.2147156914899478,0.20029253731280505,0.22630106316827714,0.3052826857650936,0.2879502611026892,0.32238371452577896,0.35012525692084,0.3339788567037897,0.36681645608594193,0.011355742142534396,0.01046531699225652,1.1302879169982643,True,,,
463,20,234,0.015433037168128754,-0.15182720821648693,0.18301640101524544,-0.03538970420144808,-0.24445265806142394,0.1889764487448576,-0.014853674796326941,-0.1335575199015322,0.22973731702955216,-0.0824237542981233,-0.2538883976673796,0.1555226410697673,0.5543157737680174,0.419640353039693,0.6884429815957764,0.6700707937484256,0.5233637897619962,0.8373573333346497,0.08732585591197996,0.11670035151204401,4.548403046094927,False,,,
469,48,227,0.10813249811071146,0.021918137463942958,0.19629626642161277,0.11051408519260048,0.014189076736924084,0.2036651894848046,0.06016521769121132,0.0018413678764022739,0.1703832329247516,0.14849236640088748,0.03244116319706336,0.24579055380506531,0.4571812466114949,0.3790731496550132,0.5342516087793853,0.4171599286412088,0.35071702706942015,0.48529867926472864,0.04596600736502214,0.04759746041280918,2.0653828437353123,True,,,
470,55,227,0.04976386056697399,-0.07975144665754388,0.18490378450885023,0.26260357944474666,0.08072662439613097,0.46420569467604994,0.05715527907175381,-0.04834181714059352,0.1495999315547402,0.13570864884968614,0.04105971875674186,0.28028397493188933,0.4944890627411748,0.4007851324023931,0.5906816721962406,0.6439421528675161,0.5130642670055741,0.7824485775157879,0.06681049076944177,0.09683798186642094,3.739258827144454,True,,,
473,111,350,0.03847273852200151,-0.038365410496539645,0.11558560729833005,0.09243051560027117,0.014986419759378672,0.16702718812527453,0.031235730094649247,-0.05415756408353868,0.10326382977355314,0.09902436860532557,0.02898850219708038,0.16445803335471965,0.42056977175264043,0.3658023320811086,0.4762951011452799,0.41663506817290114,0.3595087392493077,0.4754266083456891,0.039169055192755965,0.0391258629453454,2.952653111700709,True,,,
474,1656,9352,-0.005522004046785288,-0.019022422653329707,0.008901953399954426,0.006743400469831137,-0.005520890453240753,0.018661182650242993,-0.004036699440264467,-0.012645357151372522,0.009832871085729143,-0.00857399147839999,-0.022586383021536705,0.0012230312333836538,0.3526496105390609,0.34210543617332195,0.3634522455566105,0.32891884317272235,0.31900574927739656,0.3391448519033319,0.007142202985903528,0.006304448283663657,2.624989250751089,False,,,
493,195,931,0.012879437807762665,-0.032410331908242024,0.056952351616308725,0.08810434394670398,0.05409972698956208,0.1233718826362573,0.02176120402079364,-0.0004012470746510145,0.038703821104682304,0.05515747287262229,0.02739619663501003,0.07960791609125106,0.3204724133104307,0.2838763119127469,0.3599416856490129,0.2718432568678638,0.24420477439286242,0.30160868752664083,0.022841308310768152,0.0181121983757594,1.2779927377446054,True,,,
510,75,481,0.015870808570529166,-0.03134912854857161,0.06528552170204897,0.02945854068806182,-0.015783811958964354,0.0801353078085225,0.028396390510732488,-0.01885456478195407,0.055011689129066274,0.021656482951470934,-0.02498617657016311,0.0722950404505194,0.2564881363232549,0.2186474101363748,0.2974999641770588,0.26739061507170236,0.2336971751647409,0.30191944090600237,0.025036149322718162,0.02505851380280927,1.0371433554795213,False,,,
511,95,949,-0.053081959073896935,-0.133847515782407,0.01914615435593429,0.002521074537124199,-0.07557957457312925,0.08057693203430293,-0.0702475667984814,-0.10552595914680615,0.04693807634800704,-0.031769715191387604,-0.0775075649783365,0.06639356108031791,0.4035471248823162,0.35504915192241354,0.4526451872330313,0.4346967785764547,0.37812663394706475,0.49417860199774877,0.03942679529218942,0.04110712385286992,7.1967755049151245,False,,,
540,259,1288,0.00805350566460161,-0.0602320445169421,0.07311383801571801,0.06559143373578359,-0.003590710909270231,0.13439800444854255,0.040032659308673696,-0.0002921319955040191,0.10304572033333728,0.13826288714192003,0.09099125693552423,0.19003619291480672,0.6095868467820479,0.5583232761535285,0.6614694814296397,0.6123807772432988,0.5662070198174824,0.6600421813703095,0.03464967131966235,0.03466092277331037,3.1909243380052987,False,,,
557,799,9579,0.030432347664950482,0.010483844529560518,0.0505584843817732,0.06789839256074762,0.04937027059869083,0.08661031535539422,0.03487929103888151,0.014731613800043364,0.04781321163070768,0.061792586983244746,0.04559553530469884,0.07859694693753536,0.3644088908418185,0.3489913695884788,0.37878213397852273,0.3475072960465826,0.3348602725523756,0.36060481308052217,0.01034271003453488,0.009582240697330125,0.8640470469326903,True,,,
560,259,1163,0.15676672861115046,0.11124100404651113,0.20197994304013892,0.23121804075391764,0.18539868124390607,0.28018412171626983,0.13028590894645492,0.09845910051973294,0.16934896012571451,0.21809928777116738,0.1744373869797755,0.26388920321664955,0.3745259507945278,0.34097981311133596,0.41052084952847745,0.4103617773542495,0.37470229467120925,0.4470206500245255,0.023151200453672947,0.023616053385217807,1.6852232007031738,True,,,
561,68,320,0.12691546685638497,-0.006019445933854979,0.2592791451874742,0.17272271967214012,0.015328332431458988,0.3381597665658801,0.0732965270601306,-0.048003813993830385,0.2256814454676775,0.1988957119660416,0.11355015473235142,0.2591881010744146,0.6811154405846255,0.5650625511588802,0.8037637224063976,0.6805528543327546,0.5457834208962592,0.8321046422115917,0.07154140087011475,0.08560200227471675,7.590248651125827,True,,,
566,295,1569,-0.0008683821579454837,-0.05932391446365794,0.054766167859087715,-0.037712129887157546,-0.09044495915344634,0.013883905878631676,-0.011011875731734858,-0.06380927288024157,0.039347077342893354,-0.019030123870322768,-0.08285313956619689,0.03116158116904799,0.51822889080401,0.4823437334021933,0.5561530595977021,0.46343747351340814,0.4271203230981252,0.4996131469561437,0.029505674050976496,0.026991618776216714,2.49357656895016,False,,,
568,1819,8277,-0.021563920884818216,-0.029068251379634324,-0.01408876241602468,0.05389903263071708,0.04583839341119129,0.061534683131424794,-0.0212533343713959,-0.025914679860829303,-0.012781311042466608,0.03669465670839145,0.030797601780818695,0.04498878896879161,0.15460748949008946,0.14889917918498638,0.1605322078914564,0.15075924887439937,0.14514877220662784,0.15682585133556626,0.0039535267521457335,0.003917203870696679,2.5777339863195086,True,,,
585,66,3118,-0.018211193722998384,-0.09867845509218061,0.061372468007703705,0.06678159083635275,-0.02115888357574079,0.1582785207844343,-0.010563102189188737,-0.0709351744240542,0.047604074571835006,0.08792038489716456,-0.00011746095689947931,0.15894414639714533,0.39833691753913275,0.3401507575270872,0.4625386775978919,0.42249869880489016,0.3580073248211261,0.49288336124961096,0.03937065752163184,0.046184547935268654,3.6431989252514008,False,,,
586,20,131,0.008065077014052954,-0.25069761282870834,0.22081295420510444,0.0903882515817616,-0.10934320398184541,0.2946045293109081,0.07254184970975286,-0.1072985766684657,0.16260775951313217,0.04276338304952887,-0.10154774178891496,0.2979150087637907,0.4803430769620009,0.33096798283639767,0.6641906528321455,0.5226238963369275,0.3940138630813993,0.6645671923745036,0.12107499760228285,0.10583476775656246,3.8701920001601793,False,,,
587,753,2773,0.0405907418322297,0.0021929059665533263,0.07724249316627792,0.05283307622478027,0.01485729854695143,0.08919369596505611,0.033728522248062415,0.013473033182685166,0.054037088937533145,0.06149974965126148,0.03280187846383953,0.08930504434882128,0.5447086053619054,0.5176679395198327,0.5725180715292512,0.5612550143858532,0.535243530900206,0.5881804423445812,0.0192031115086788,0.018950241213316295,4.63409070516012,True,,,
595,893,2842,0.03785469359227408,0.018432819895614266,0.057167880399678336,0.04060789350905279,0.017908936783638894,0.06445496057881017,0.02785489536607111,0.004771528147760375,0.0554563289482451,0.04171121910161446,0.022772619254851634,0.061162559816807516,0.35492761450079385,0.33923379039414014,0.37014755448021097,0.3793030866694077,0.36280650952427396,0.3959582967338291,0.0103039513913152,0.011721746512051278,6.503312841506654,True,,,
596,37,166,-0.26616638737845294,-0.5415094170820987,-0.029393527219470993,-0.08480915944068029,-0.2878946077710155,0.12139508957424498,-0.10231364316205081,-0.23918678117367628,-0.023364008003264103,-0.07612652056891989,-0.30115225414846236,0.18574592663167522,0.8931513299481203,0.6715567273399901,1.137753399957401,0.7152740372765493,0.5692964212981029,0.8598230776225275,0.13286157721402914,0.1043195190660638,6.398028027988576,True,,,
599,208,795,0.07480976874232165,0.015360752235779537,0.13665743256876664,0.291441707205708,0.24934349788472246,0.3320117591805591,0.09506443210484074,0.04588669242705242,0.1464002835902105,0.302697569597985,0.2658933853222578,0.3470513695418586,0.4298786453139075,0.38730113590088594,0.47694594792920036,0.43492113105133995,0.4030254825135782,0.4657861911491395,0.030928899259078657,0.020518869719592884,1.2274131480576977,True,,,
608,1931,13188,0.06988748074018382,0.04281670904563472,0.09750206211040068,0.09246842365113611,0.0636373170345981,0.12369738165202959,0.05773327628872969,0.03545288146593976,0.07846121783459788,0.06352749415352577,0.04266204407950003,0.09737654626768233,0.6560433405099332,0.6378372990831482,0.6741011896663606,0.7294827680452796,0.7098721328101968,0.7497522453090717,0.013919916133955273,0.015275185106856961,3.0900539844612234,True,,,
610,97,2203,0.13143530151928057,0.0078699896713375,0.259553236119121,0.24765214124156978,0.12591353208390887,0.37388019506401327,0.04355484462455652,-0.09037989231287771,0.11386617192187375,0.17393121694738056,0.06424567654097046,0.2513362155659138,0.6574266588925926,0.5703087839812573,0.753961256296633,0.6665678261643222,0.5820003387104491,0.7578616151341261,0.0647085999679829,0.062468844242526786,3.427806287704091,True,,,
611,218,893,0.0513207133782096,-0.01642207223558939,0.12029394650005722,0.19562181879664375,0.13350630749424874,0.25241577275792015,0.03405403301688677,-0.008634420926315783,0.10099321855119418,0.17476215967398012,0.1354398537003476,0.22731698744005158,0.5807085169533087,0.5314965789558591,0.6319422380757023,0.5564821855872588,0.5139865758326074,0.5993810188235602,0.03418657229062237,0.030541204769786633,2.2571769816148195,True,,,
619,35,287,-0.01237745504864202,-0.18880673840705958,0.19445533334910728,-0.10034472832618027,-0.3170842738453905,0.09896690291936315,-0.03508307137284308,-0.15700235414582603,0.0326447862188236,-0.05029476476732242,-0.137842121058561,0.04282666001543589,0.43984085761674396,0.28283065179179334,0.6259243420336286,0.4653826186839178,0.3060338821416395,0.6698197114986444,0.10112186414274817,0.1088236325106291,4.238562504703691,False,,,
620,205,852,-0.00102169212887046,-0.06396502442218774,0.06407392810536246,0.12270712666162216,0.05316097439108911,0.18723361192720295,-0.0248966618687331,-0.06634285629031007,0.021298420076694618,0.12366845885241062,0.08147907381008679,0.17979004597421522,0.5415708392082236,0.4928191345435071,0.592832192200295,0.5154193609688442,0.4628091976143983,0.5694594134720669,0.032714935428963254,0.03514128741478536,2.8192857155193063,True,,,
621,135,825,0.06917952421015158,0.03305910653712832,0.1146371731320433,0.08336753612146937,0.04650728093361444,0.12062680330638924,0.04377713657274518,0.011839182067757775,0.0771656808729846,0.07984829390283998,0.029886428852624443,0.11818724363550359,0.3563047252758225,0.32294265351229423,0.3897826436195654,0.32043714270801477,0.2874931124979361,0.3521284277277646,0.02126412074959096,0.019034203544003297,1.8045017056362296,True,,,
628,106,467,-0.005720441958739514,-0.05637433520239501,0.05284571238623455,0.21987694705803287,0.16911666166283862,0.275738670637818,-0.028660507064497028,-0.05948558024393491,0.03704876165277445,0.18002970823705056,0.12703245631513482,0.22884638174709743,0.3253532876565075,0.28373272700756136,0.3765577867447325,0.370737632229078,0.323718190372977,0.4204682415108073,0.027485970992635243,0.028280015549411733,1.9492272099893555,True,,,
629,21,103,0.15769823619107382,-0.1373787762982407,0.47970633960027875,0.2232510787743132,-0.15868116230770166,0.5868621977684386,0.06461321355534355,-0.3214545122601364,0.2615535005932716,0.1973558660910868,-0.11168684170004273,0.667263967007905,0.7515109513849866,0.5718606343188685,0.9648730128590401,0.9129488652297311,0.7022492793986586,1.1724697163536892,0.16729903688870348,0.18833549715486855,6.597642747571866,False,,,
636,99,459,0.13919609360817203,0.020144140835020866,0.25406837392478343,0.20128393762149738,0.10883261350028993,0.3023961395463575,0.13187894264770075,0.03236746128166842,0.18909493691004126,0.24542543420452145,0.15127691413354682,0.33794260519464103,0.6073344420984301,0.5252123347971518,0.6963971729137832,0.6311174461765984,0.5681071955511411,0.7013474514598391,0.05828382906074934,0.04973179504104323,2.9726251017729406,True,,,
639,104,624,0.0567878778265931,0.00596333363761049,0.10808672214144575,0.17692398432270182,0.12757605374187295,0.2270646394260306,0.05052372702073761,-0.002016919844506621,0.15026332681936688,0.19754186504089252,0.15955232531332797,0.2343063773558196,0.3459672272485404,0.3076172005639219,0.3854953876039158,0.3617534675551703,0.32333375659493796,0.4055843918436107,0.027145709927863297,0.026371647571772537,1.0795346467835834,True,,,
642,61,679,0.051269033826167376,-0.11880267259733478,0.22135641456961425,0.13854144752389555,0.006871927028289174,0.26254912803004754,0.012713914215679,-0.05547069993645873,0.19094806596789785,0.15672017040545327,0.04030019596929047,0.2845743030704617,0.941508379851475,0.8067162857106496,1.0790537746202982,0.8338983832818431,0.742006465554776,0.9311477174455789,0.08923455257330597,0.0681319257656184,4.984185538049796,True,,,
644,3602,32429,0.02076704181144327,0.010912034588722298,0.030888702503223075,0.2950804496524323,0.2866490622388753,0.30395000899979885,0.0066774977096222595,-0.0038360802302639927,0.015618118873275508,0.2912616681287794,0.2825416770382416,0.2987537539212326,0.34026183202295573,0.3338679987119882,0.3466101737768421,0.4285677022662729,0.42153231844947375,0.43567791660542193,0.00491224259726443,0.0044255737880035855,0.9330353285766171,True,,,
645,1990,8985,0.04304504011411056,0.03528448596206561,0.05114165270163693,-0.011895349112893723,-0.01749984801474151,-0.006409441558706501,0.036339895415955045,0.030178970010718224,0.04375842876775997,-0.0053469684707874165,-0.009651917697857115,-0.00037650678808676406,0.16467816071436392,0.15895223501379574,0.17042620152764723,0.12205012614857816,0.11784494541251858,0.1264941028865448,0.004081576662044375,0.0028974705918649603,1.363317449439393,True,,,
648,22,117,-0.022586724595269028,-0.06760097302402518,0.02787935136263553,0.02823861936709464,-0.07558975011355919,0.13173062519638126,-0.02254954998244664,-0.09280973679364794,0.023564973570875964,0.05741809198953618,-0.03721220603338793,0.09432021488853046,0.13344499975009833,0.11092061100498017,0.1570165652769775,0.2362574542316686,0.17280441308854952,0.3144889221618225,0.02484718592741262,0.05589811699502933,2.4095150347807643,False,,,
649,620,3396,0.021613187987433346,-0.0062279481906856405,0.050248389821993186,0.08342285394357306,0.056163118279564286,0.11017090438334302,0.028629429696720145,0.004824013865528121,0.04941802221662612,0.10617464169833113,0.07681418689373665,0.13255289734077635,0.442834455283211,0.4192614874145354,0.4662382728215005,0.44760666186033604,0.426435259989999,0.468418216685607,0.014622527950580161,0.013945830215732395,2.0252462458275753,True,,,
651,304,904,0.09794040334626529,0.038009685549951724,0.15970206057521114,0.19636429828191326,0.13912127248174433,0.2510058146484156,0.08234474638180982,0.025127079187940955,0.13840299358877442,0.21647644447355674,0.15375324030364773,0.2612215425157771,0.5287048108584222,0.4852105849804337,0.5742346323972312,0.5240431044101495,0.48667984909163414,0.5680939648515874,0.029948957635564755,0.028262172102320154,2.4540680005245754,True,,,
654,149,1362,0.012067073429683097,-0.0007813772376122204,0.024834378610432018,-0.043681823032996066,-0.05740092459888999,-0.030055632578313788,0.011026459504394796,-0.0036667380309776086,0.020633152695162426,-0.042990821272503865,-0.056778169509863474,-0.030481214614352936,0.08854274454831353,0.07999068852844325,0.09768508830193007,0.09665137662047783,0.08800217525305166,0.10663887038187049,0.0064900077417222824,0.0069534847947759085,8.96903543017702,True,,,
657,51,270,0.0732339276956174,-0.1831257276489157,0.3223275078526246,-0.0026469781710553664,-0.317284243260468,0.35024773761827044,0.07668889062555599,-0.10897973132127771,0.2559389658058345,-0.05685059207833909,-0.306932159445239,0.25084017374375883,0.9742205371276406,0.7992052849885619,1.1578833695759172,1.1470432997224487,0.9183865105631973,1.3886263172646178,0.12822863766604908,0.17266769545713356,3.6108113957690784,False,,,
658,557,3907,-0.12295784050676062,-0.17251928291768637,-0.07823798667553641,0.0664228411361874,0.03137602362278322,0.10174304368056891,-0.07871626526701787,-0.14498192357443365,-0.036310513855026275,0.07573576851298876,0.030460170252979424,0.11449699706247429,0.6134746340811381,0.5811729761552995,0.648930670479389,0.4920133254470818,0.4697103663290854,0.516142910897373,0.024475664567832883,0.018390571210141083,5.940047754595013,True,,,
670,575,2842,0.18038289310056246,0.1367437290996656,0.2250117834804173,0.11333548667767401,0.07681082701319288,0.1502997818744041,0.12302144538885165,0.10056431464070413,0.15353620651936023,0.10764979006745445,0.0791404525656958,0.14705686640894555,0.6520187895877614,0.617366065961791,0.6872313208936468,0.5726492425029479,0.5453720470028316,0.6004030780915312,0.022120715499877597,0.018424534434010875,3.2034194581251576,True,,,
671,48,191,0.07040169299742849,-0.04578059628732805,0.18720102216726742,0.21437767128920357,0.09135822567791356,0.3322640927905773,0.07491418406487363,0.01583286048893284,0.1769405696077471,0.16189995573938631,0.11809598729888293,0.25867738930074324,0.45137902534610835,0.3803484469231122,0.5236963040845135,0.470835350789171,0.3827771231109524,0.5638975472468569,0.059154006072770805,0.06172384146670812,1.4643160271417412,True,,,
673,998,4205,0.06562967502590357,0.04069501235457938,0.09100895503392079,0.15346357460756402,0.1298879440964039,0.17698696383444387,0.04749800660133077,0.029198342189638182,0.06690320769201952,0.13289454855609506,0.11435801832533343,0.15528682312506703,0.4286785907348732,0.40959366484656834,0.44923645960710945,0.4071631548899608,0.38876827801224245,0.42533716008207834,0.013206324392967227,0.011975563952357866,2.5980840621536267,True,,,
675,453,3024,0.03622592679880199,-0.05399512081312759,0.12532561367334313,-0.2961665531881463,-0.39129523926473736,-0.20389022837365492,0.06119064420976762,-0.009626556871301956,0.14526768411304605,-0.18922689772617185,-0.31070235179235794,-0.11443335286713818,1.1524049744668454,1.087539177464723,1.21902891539618,1.2294025785682168,1.1587778381560534,1.2997729119915393,0.04612773925844005,0.04800288368281734,13.64372550758322,True,,,
678,36,194,-0.0685091853892059,-0.2742518945180211,0.1373668696751609,0.2110954880921518,0.05260625286427011,0.36902082801154723,-0.07769405648082442,-0.3063711993149505,0.03044701032360273,0.22758587571303224,0.04524666888585216,0.4235127563584129,0.8048690413583282,0.6530494579386406,0.9665377984127633,0.6969524439471907,0.5892903084271452,0.8161805370558423,0.1088148677484031,0.08065684040274208,4.8499643543399955,True,,,
682,112,366,-0.19847310928402345,-0.36417099826120414,-0.02567273297324614,0.2246717556950962,0.08500716874596567,0.3762670240046432,-0.30215298084826214,-0.43755920208943255,-0.1174081816465966,0.1737654848701653,0.059621280007027266,0.3597288617716339,0.9008535958198668,0.7900218448343533,1.0134705366881918,0.8362541612686764,0.7325358172306768,0.947691621151886,0.08500498610927268,0.07589470478819173,10.915107559666456,True,,,
683,530,3374,0.03660521741258463,-0.011132428791619398,0.08725738113759111,0.185614584810392,0.12148675819688899,0.25358999946184896,0.024681609885360528,-0.014628609176247802,0.08047126746339707,0.18310698483996873,0.09049104147127451,0.25288397531184614,0.8122609519343404,0.7773341957795176,0.8476260609781711,1.0141831766621108,0.9704741343129755,1.059915882929691,0.024915882259466057,0.034432317608507304,11.00348404036024,True,,,
684,44,195,-0.05992162241919545,-0.1669903946423804,0.05172424011618758,-0.09312247321130718,-0.21847772012064196,0.034824123514665246,-0.11898269949664134,-0.22170254539807166,0.09056057300569623,-0.0320123950149076,-0.21455026193102356,0.1291592934876462,0.4764859337849861,0.4030147448199913,0.5549351021072605,0.4509955658483317,0.3751400436517224,0.5346377064415756,0.056186886710745135,0.06618283840553012,2.095847667577055,False,,,
688,157,706,0.3658812172577274,0.2720106628994022,0.4682804096485766,-0.060971308969400735,-0.1711892988041916,0.047984602978357785,0.22131075501358763,0.14144963491415444,0.3216626297965516,0.08778693225792722,-0.017578397786977007,0.1571906613577312,0.7189715465478479,0.6386028396631883,0.8119885147685088,0.7157120866228042,0.6319405733972778,0.8067822490129705,0.048484582670687386,0.057445364502309,2.1700290229125345,True,,,
689,74,339,-0.055469162853030114,-0.15628176565477192,0.04333587846782767,0.04046784967429359,-0.0666100528180926,0.1470392242099743,-0.029566776722099463,-0.10730779338904702,0.05742226832086146,0.0028365369758631687,-0.10932149941090819,0.06388087183085478,0.39932530119003334,0.3330872442386018,0.4712264200789073,0.42581556742643967,0.3572614392964614,0.501013552697971,0.05000814188066617,0.05413885381434394,1.7758957246010632,False,,,
691,8162,83628,-0.13524156573937396,-0.14167922246056827,-0.12874834692463563,0.1505993095678802,0.146037892156381,0.15499805179005383,-0.1481426568076053,-0.1541437763560158,-0.1415389622717973,0.16157181439707458,0.1574625620452963,0.1658552717337236,0.3985562654337443,0.39414260072446206,0.4025986933320749,0.3308920176551091,0.32766718102749437,0.33422437719570597,0.003234955426818927,0.0022855040507905474,2.7556160838343216,True,,,
693,94,413,0.06670918630509562,-0.05027167569043878,0.18186683364058617,0.1272188270014179,0.0450315187054649,0.21542139685431252,0.020011323678310187,-0.047101036980494664,0.07636786252357675,0.13930024693218357,0.0840784845895115,0.17880650216873237,0.5172542083796549,0.4359543776892011,0.5966907847927002,0.4075029239040999,0.3494621952449318,0.4658831640896387,0.05966020091285396,0.04256591871908716,1.856175581495841,True,,,
695,958,4004,-0.0020737604386517903,-0.018980748190410866,0.015521431630515205,0.18272834023055629,0.1688229394430468,0.19612597766901957,-0.010610149524998827,-0.02364792042665878,0.0038622875368904686,0.18584436009145833,0.17048507966528348,0.20506333173110347,0.258113725238364,0.2456033633399916,0.27042427171912664,0.27826602108145493,0.26827217853851426,0.28879684580567544,0.008574953905443107,0.0069914584030523795,1.4830033269565486,True,,,
696,447,1392,0.0424714411418945,0.0021386782025055798,0.08457914576838742,0.06706697225461118,0.03257967961163732,0.10333982539241979,0.04369244225078547,0.018274010522520413,0.0856154685970979,0.06857151438826037,0.031417740336365796,0.11932675663572923,0.4907775163437918,0.4620615595996765,0.5206037726594246,0.43443138334850473,0.4084629253699489,0.45927709777786596,0.02107030823992181,0.01814154911184778,1.992794082111448,True,,,
699,3412,41752,0.058943853362137796,0.04621949747365853,0.0719440952094737,0.3325965777649851,0.3211161049633894,0.34365421382574324,0.04548367240116137,0.034110297185931567,0.05838805651479256,0.32180656441761707,0.31241034338008733,0.33075698558552524,0.6284678856629415,0.6194157335047822,0.6373871134332113,0.6385622281776671,0.6298221488845144,0.6474976385893892,0.0065299674676259295,0.005637314942735475,3.3542146109224853,True,,,
701,100,396,0.005302976518919248,-0.09600020531250719,0.09939623573698644,0.08751429750513667,0.00938786264302299,0.16641381891275397,-0.009912611682462144,-0.11915435994110896,0.04261289632727533,0.08723411352300481,0.0056809720847539324,0.15063082931573663,0.6197898663757404,0.5401663519766506,0.6991209108988627,0.532788542688494,0.4727341870581234,0.5942253436873565,0.05253563397415929,0.040406948411743554,5.076373707113102,True,,,
703,9178,476545,-0.10678048335901759,-0.11243770683654941,-0.10074558957633807,0.088951259999426,0.0835630990524497,0.09420008957331907,-0.09596312031355549,-0.09935091879694458,-0.09182647611007339,0.08149537118441767,0.07822265468738422,0.0850855666719074,0.6422580249178899,0.6380634345471278,0.6463043903050728,0.5825868595481708,0.5788629964821852,0.5865644508707352,0.002964442340505405,0.0026819890434596704,4.110679695177841,True,,,
704,5696,291664,0.13578825169279982,0.12682357592064436,0.14517762815643392,0.377386402454618,0.36985516384406514,0.3850833634454768,0.13252552483479574,0.1232961981142043,0.1410539807477978,0.3850986882302493,0.3794049092647356,0.3919869220193467,0.6752009507267589,0.6696991103354036,0.6807292001102917,0.7373195379692248,0.7323702414567866,0.7424303664223637,0.004516691106688551,0.00390866264529209,2.394836745002871,True,,,
705,505,2069,0.010048399105015817,-0.015576051356695366,0.03560418398997065,0.007780498677020786,-0.01499971718520839,0.030842282630925383,0.006836789133191308,-0.01295838378676186,0.02612885076759987,-0.001505539671597944,-0.016982261121345488,0.029746846984579633,0.28644884151841404,0.2685999274364931,0.30541010127115137,0.271089286114737,0.2521447127617713,0.28862683378817655,0.012513496404481088,0.011784879492741474,1.7901142562334775,False,,,
709,23,187,0.17759341543912308,-0.03850775270891869,0.4310527929278447,-0.12738391118168838,-0.296713631044354,0.06092570289246786,0.23157208069678553,0.04941559169229093,0.30394217065008494,-0.08781801673441568,-0.3138471337919668,0.1431514030565495,0.6500148086400478,0.4896566858070205,0.8533314895709049,0.5665218779461433,0.46015291560353516,0.6834653674201805,0.12330925513911721,0.09302792177153742,2.6254416415565593,False,,,
711,1074,5190,0.03004281044793917,0.0008396096907641968,0.06047725533696043,0.14984075710700695,0.1262562108489499,0.17232184607702866,0.007395759021170402,-0.010883773752734617,0.030987167220635645,0.1718531599609996,0.14074233798453406,0.1973205343280365,0.5603626998866271,0.539275356976037,0.5831576131661094,0.4762551987583049,0.45884823953249787,0.4943161540096449,0.015316522423945168,0.011949449921718694,2.3740842533250084,True,,,
713,28,145,0.2660047564049681,0.03296905029404808,0.5104476541115937,0.1936095891468348,0.011228246847702182,0.3844620023594747,0.20842372275549514,-0.06077202928746702,0.4958075895636478,0.09133540573650123,-0.04334857686298932,0.4860296448424606,0.7185432150442511,0.5521937197269696,0.8841857959931982,0.614017398568169,0.4749992941305181,0.758682275640794,0.12884215889832493,0.1006068425621409,2.9058529740098664,True,,,
715,152,628,-0.12721579527270258,-0.21714712254180404,-0.03625199861480014,0.00022723036705539124,-0.07981605472802081,0.07768662044858185,-0.04379519330183691,-0.08997132814263002,0.006711120377940215,0.047096826757453414,-0.012885820546271187,0.11753528449816031,0.5839290575807702,0.515840151390593,0.6608969872938945,0.5030867362439411,0.4458310585125661,0.5619153615280904,0.047301446150240435,0.04042222124073084,3.30191713724539,True,,,
716,30,561,0.09425950432832977,0.009589518820993742,0.18744569014458998,0.044551336127943646,-0.012369259158578432,0.10705909573231444,0.06562929540386822,-0.011893708360394876,0.13547365177760629,0.045549459720976404,-0.01567706940588942,0.08537914405923885,0.30304579957111194,0.2461256339124805,0.37390522058215414,0.27957043229243533,0.2297324136769934,0.3331547790706518,0.044846951985650314,0.030672002339669966,0.34302337599103744,True,,,
718,105,779,-0.007235282403474152,-0.10682388470269283,0.09098052918310742,0.06696271002008126,-0.0004953576400259531,0.13528348704009327,-0.06677151954734191,-0.11675932947616531,0.09825372050776818,0.04611744457463374,0.0011621584675935992,0.1211415138466343,0.5977200550021347,0.5425779146305189,0.6629081113437257,0.4946515562310153,0.44463875108621354,0.5427357585067365,0.049556713845375876,0.0353597993175721,4.378840941557645,False,,,
719,75,502,0.13833803441680903,0.019400857649527935,0.2594416438033616,0.0772065266870135,-0.024846685323011788,0.1811492531785372,0.10377079827763944,-0.05561355363213866,0.28215794189047666,0.028994555192477598,-0.037447253532718605,0.07592608227255937,0.7704124620799438,0.6812518535755976,0.8582346005666031,0.6449313582280987,0.5697251144417912,0.7192984044565904,0.06372014077503661,0.05325120083489488,7.230938995907201,True,,,
726,107,1572,0.017098999053600284,-0.0836075592652537,0.12189653201351333,-0.03238526436982596,-0.13409491395378506,0.07974368647418535,-0.030433593900329268,-0.10696591100922914,0.06828430739434425,-0.027673402194636765,-0.131558574334395,0.040582533647860054,0.756106676149944,0.6780571733502194,0.8419591565578767,0.7099674497462624,0.6364585138889722,0.7876960304206738,0.053042734544366275,0.05417251790478248,6.643571550490504,False,,,
734,936,3748,0.06385535894009786,0.0344302238777059,0.09221505397553113,0.015369083954516288,-0.011608772809433962,0.042245396185723066,0.03477080264324024,0.012913268050014219,0.059633343788222326,0.026439937027937788,0.005644432538285393,0.047339493418085965,0.5207894668784241,0.49827788680521257,0.542693821802146,0.4804462371983439,0.45998926809630325,0.5012836278075297,0.014489301578886584,0.013545839137612486,6.580640122373308,True,,,
735,33,228,-0.00768534541388292,-0.12265506468101775,0.09961400252985675,0.1141753482971015,0.0055391657020822434,0.21105302359745728,-0.033108923112764845,-0.11247173289049896,0.08236928966074329,0.10701334253575355,0.026460658845658118,0.17962214286626477,0.43002464091477727,0.3379204359714657,0.5245942641462288,0.42323059247153816,0.33746360327019265,0.5149413533230324,0.059119209760804904,0.052247028020881076,1.8468009594642443,True,,,
739,119,747,0.06059346850293893,-0.03114931590179073,0.15794909395369106,0.05739933689261619,-0.03780516966331854,0.15449222779991922,0.024635942947202078,-0.03700897159027652,0.12413762894776285,0.01439544359982392,-0.08692494504884962,0.12061155934048884,0.7057084170879534,0.6375978306781976,0.7802051475983524,0.658667273109375,0.5871116555932814,0.733059835277201,0.047416163791738415,0.050545739622719035,4.816732901297313,False,,,
750,62,429,0.06300193156608597,-0.03720399148737852,0.16608317427386654,0.1605889623564933,0.08668609911734355,0.23197995222296205,0.08945157285345147,-0.05242311202296007,0.1413569078991988,0.15624334423434583,0.06173578389010119,0.23568181313589065,0.4378589583699669,0.37082729463623393,0.5111610750552911,0.3907451319352289,0.3388243483017597,0.4487250706470401,0.052984364400786715,0.03726708337713384,1.9419307874238039,True,,,
754,50,233,0.05529478810766353,-0.040982605918593776,0.16997710787499382,0.002632297739455578,-0.08421179641543931,0.09520363012989572,0.0035076756849081914,-0.0845900673692983,0.09013051949187728,0.03685328274549704,-0.04798736874800369,0.12911583150173853,0.3813824400099254,0.3040575486700099,0.4726530171685346,0.3616639401055914,0.29556503543460333,0.43295491432435346,0.052422361806600815,0.04776918620085267,2.5531796552848323,False,,,
758,32,186,-0.07335373396319608,-0.22399532653438808,0.06849647224441525,0.21414234949609834,0.07363663475187303,0.3588539636025232,-0.10015555439730056,-0.2237822402244917,0.09185333108094552,0.2378848517853971,0.16012906823028653,0.34467472712123026,0.5490754859604863,0.44045893367098843,0.6683177239026582,0.5681841364636466,0.47413149328776344,0.669165630829041,0.0748166546946802,0.07244166003970752,2.856724229611205,True,,,
762,21,154,0.06534374956529045,-0.005985349284981067,0.14861878364739894,0.19384470997229836,0.06139049719021492,0.3201811646269993,0.0025976175683503043,-0.04771703883503814,0.09309925308174474,0.13111502915705842,0.022742156909032474,0.37380198196133746,0.26517251648616746,0.20667938254525767,0.3281981982918472,0.3791523863976843,0.28882829566179646,0.46717501937072775,0.04036075906312902,0.06454885896836861,1.016410902104544,True,,,
801,171,1428,0.07703794052047697,-0.007321607126084484,0.16498060572870507,-0.03866603836074335,-0.13573542917121809,0.05615490616454001,0.05082929188477986,-0.0020374110618098396,0.13800538569609683,-0.06404962927231139,-0.1365811696189212,0.03556844677028437,0.7936221257947097,0.728602488677338,0.8629409194090276,0.7763072393456972,0.7050589768540485,0.84682623475464,0.04502481201229809,0.04978251670859762,3.676671492727408,False,,,
807,4503,37251,-0.008849184019520777,-0.014886323513324506,-0.002981162844696896,-0.024680777494924387,-0.030666069819178875,-0.018697198946016447,-0.014505368321853711,-0.018687168408900886,-0.009786561615738256,-0.02862934277061413,-0.032515776775099425,-0.023439774465109205,0.2512083103813208,0.24694823393087295,0.25553714781386627,0.2570555139007813,0.2528714094982772,0.2614946753409259,0.0030592686541042373,0.00307740037318251,2.8788332561159202,True,,,
808,257,1899,-0.050637613051290456,-0.1281688404125538,0.027370568982105985,0.1434603130431748,0.04870498954500339,0.23267801884566347,-0.09566033994218476,-0.13994726629429313,-0.015252989526622499,0.08033597027292672,0.010752888833422958,0.15628578977953111,0.8973282182641628,0.8392378051260967,0.9566539665924457,1.0221868023320126,0.9498974263654525,1.100157338846857,0.03943184755213902,0.04734163716048398,10.305996561894414,True,,,
809,284,1800,0.27103306005320044,0.15739712110798126,0.38342036375149974,0.1863753950281663,0.06977863450661888,0.31700815658764253,0.0906837732370582,0.038045696479880736,0.19032274355218054,0.07681018901365633,-0.00515522513748312,0.14508763467672486,0.9864199058152785,0.8936279697630901,1.083942670901931,0.9978454497120458,0.9009607392391722,1.0923773905004701,0.05857025907750921,0.06371474462947035,5.307274926010966,True,,,
816,21,175,0.13002809811524912,-0.050486856020417165,0.3597124984586094,0.1170472271420494,-0.08139803830419981,0.31261972071098415,0.038922103021695055,-0.10054934242952816,0.15019693216518254,0.056982091039840685,-0.11939101187365964,0.16411007153736,0.41922763864916857,0.28351192669118724,0.605433132086332,0.4401752260195857,0.32847949692171236,0.5657993263798262,0.10868326126478506,0.10276519206327545,1.8510940237601403,False,,,
821,44,128,0.007726615894656614,-0.04145338147615277,0.06005988098301918,-0.00793278216764317,-0.05580075128773136,0.04484003758725032,0.01775480241361891,-0.06085132146383595,0.08435723175996818,-0.004936979143366216,-0.08345880912976611,0.036951264510065585,0.2096358580249455,0.17372005278324187,0.24857838453837755,0.1930380918214368,0.15852389787860477,0.22819280640391934,0.025596053901481383,0.026218561153822616,1.0654068219481687,False,,,
830,26,117,0.17141343364372194,0.059247734989208836,0.2762006964120657,0.2666529664995259,0.15150690440635228,0.36796385200246917,0.17441983842900124,0.02423224300260838,0.3289883840253985,0.28622907745141646,0.18441282544634824,0.4101893377750798,0.41770523676348004,0.3263079939803949,0.518560375445862,0.4595539948763662,0.39655416873749416,0.5254610366591423,0.05794209379441392,0.056994222044131314,1.4467083608176456,True,,,
834,132,609,-0.027409770035752175,-0.16348737222854356,0.10497521835809832,0.009908547878670144,-0.11845853310462987,0.14614596356960513,-0.08784529988977313,-0.18206382477307548,-0.006176071576313179,0.06769174879644105,-0.03938302776727909,0.1491111733625594,0.6941977127630428,0.6006075068579242,0.7901835731431288,0.6742948128775841,0.5899131726669982,0.7594037459809684,0.07158233946147964,0.0695094174303964,8.316431384874969,False,,,
844,215,1654,-0.017000346023177466,-0.08726789536874753,0.051981671387861965,0.028187060306012656,-0.019009791986535088,0.07746437977338368,0.012906787620363116,-0.03962178797708696,0.06074216230674756,0.05337783928780482,0.012185030937956753,0.09492898900731461,0.5856977920234475,0.5343853846326981,0.6370483533385274,0.49592140087407277,0.4535461372934096,0.5366978070757743,0.03565059252049129,0.026619335395166154,3.0292828393049085,False,,,
848,71,576,-0.0072972559333054415,-0.10395876311071262,0.09680291876325205,0.12144402839353662,0.005386352438144159,0.22978463082730563,0.008973292277940534,-0.08964210337497819,0.06470719039300334,0.15500746105431062,0.05299037528476884,0.20144232629490944,0.719562391437737,0.6272802002121218,0.8173966470537563,0.7746085367440639,0.6805241582230428,0.8666783055853349,0.050268514067891255,0.05665752551054821,3.4458628215474714,True,,,
850,226,1082,0.05677400845695056,0.00626354428050194,0.10939792744249671,1.4727070708867987e-05,-0.049816897813283356,0.04839947806466718,0.05516230855299062,0.014279392996260463,0.10718783552476134,0.0031894680952326837,-0.03760684938498571,0.04432193371263732,0.4654519172423076,0.42618878379920266,0.506722646103348,0.44342626474515867,0.4059838015308279,0.4824581235621905,0.026802729799189504,0.024639012485600742,3.8197923704505916,True,,,
853,56,275,-0.011563766150212694,-0.09184091252793988,0.07040167022087175,0.12744913177803513,0.06821235826741517,0.19096667186883245,0.008517625701482144,-0.03408445368778003,0.08113139657571698,0.13038370249200326,0.08716284672267705,0.20978261728434866,0.30097124665502584,0.24393076106367162,0.3655424865131722,0.29966835052995033,0.26060839646791745,0.34230244777186364,0.04150691298058054,0.031800207928456774,0.5459377227949191,True,,,
854,553,1650,0.11962616304976953,0.07350145310381814,0.16739768205000313,0.2212845970202055,0.1823830015271209,0.2608355037206859,0.14081522421341713,0.090849864186814,0.18320689621475097,0.2565610897512727,0.21926913771821432,0.2913770545269756,0.6955107694784683,0.6600779945682316,0.7323165118993097,0.6235283958074231,0.5933447781481964,0.6536987510439273,0.024081550870560638,0.02066583614172666,3.4478825684045633,True,,,
858,425,1445,0.0582522690577509,0.028908452165607158,0.08917849230000317,0.07737427307008247,0.0529572932097108,0.10392110274174321,0.02420531451513369,0.0006443355747547721,0.06016860258435356,0.07630317455635804,0.05301382661020426,0.09537207279919357,0.3320349817511833,0.3101007201722511,0.35509811165666266,0.3102183174445003,0.29035100992649904,0.33056196202161825,0.015197038388273985,0.012891356987072587,5.756921488867255,True,,,
859,181,973,-0.021827252139136524,-0.10893691480221315,0.0647464072268873,0.08504691490858944,0.0023270442769206044,0.16604841787739344,-0.05073710533295321,-0.10574152564904694,0.0017188426480307989,0.052986709957281164,0.005625616351636609,0.1252422533468689,0.775218897109335,0.7166481836134846,0.8394515578864201,0.6614233485521053,0.6063379473573621,0.7175864926039212,0.04541169068223909,0.04135791128102907,6.48071638776248,True,,,
860,149,735,0.08752751114088486,-0.0505910359760339,0.22926609865039477,-0.043861378710619243,-0.16605155984662023,0.07702024166413747,0.04580610639450614,-0.09195671608168347,0.16304146684012102,-0.05268819939274749,-0.1537298508179237,0.07206442862610629,0.9674577973235507,0.8738545901832613,1.075200760326923,0.8995934488077488,0.8182291711349575,0.9894883757481231,0.07136456221424455,0.06187868766554516,6.508088490764322,False,,,
897,51,251,0.13407398383680935,-0.0824992557456352,0.3399934419650862,-0.139854142662166,-0.26238587088357945,-0.019555141524886313,0.06851515932851057,-0.05840019148002695,0.2820961572302822,-0.06735952855856375,-0.28524099886553245,0.049291767833814504,0.8707607455568652,0.7249618364508348,1.0314430893017241,0.6699608769651184,0.5875279156540855,0.7600919776748535,0.10636022791991902,0.06252933515546484,6.155264006059037,True,,,
900,430,1375,-0.020876781959022105,-0.04987690143015399,0.0075819390374760745,0.02194454410009638,-0.008262769308248142,0.052027142812029636,-0.01974637633049666,-0.03975002345563959,-0.0024710615123805443,0.027975595713058965,-0.00018609321497109477,0.051251857535561385,0.3467665779122183,0.32195536719377715,0.37108995253490457,0.3265198436612427,0.306499109295983,0.3488875564199953,0.015530874179340909,0.014990848569180886,3.0951248372786155,False,,,
903,24,107,-0.3894726002224493,-0.577516738423298,-0.19995960080610808,-0.23475044671688483,-0.46348011102715453,-0.026921091518457046,-0.37822496051276167,-0.6425078329264914,-0.1271720036407877,-0.23763356806192348,-0.5635064028240322,0.06585942935970479,0.7432571667864588,0.6102474763113228,0.8910680928833824,0.6922890811541048,0.5760243657875923,0.8118866229126679,0.09986337969949424,0.11258890195165273,3.855820535724471,True,,,
910,62,309,0.3420221165825442,-0.02821874363326797,0.6967631922573757,0.04898182981793919,-0.25054891750427444,0.38049203464381154,0.4011830260970264,0.10521835793389364,0.7902297434122575,-0.09527894576031315,-0.3958624735248417,0.18955908333353477,1.1758979267537806,0.944340198383857,1.4331467167167882,0.9535293080440801,0.7623720569594543,1.1870763685029846,0.18669377594388137,0.1598637397275876,14.10201304716502,False,,,
918,82,624,-0.04193299468472251,-0.14208210073995373,0.05367650986926398,0.04642566869153345,-0.052219993813859555,0.1499150060300962,-0.0319924913518576,-0.15574596462932694,0.07670987133539443,0.022408601696781716,-0.07596821703863554,0.1505019938083052,0.5767214659661399,0.5253696849156467,0.6335914878702434,0.5056179469497168,0.44574884596432796,0.5706181923358118,0.04962287549884525,0.05278742935815873,2.9834612965583807,False,,,
919,23,111,0.033327447131109154,-0.22073581510740525,0.28701918110448826,0.12657498204800163,-0.08633335235445222,0.3644984861067442,0.024476681754313535,-0.08401144771363542,0.3091003132323214,0.006904441091819535,-0.10074998694040715,0.2855719915542964,0.7569672772044523,0.5859067878213021,0.9312715551290478,0.6049675352166394,0.44756173447481845,0.7909507932521854,0.13507757126481706,0.1168177235048692,3.9622949803994265,False,,,
926,2305,13548,0.04095527651163753,0.03008184480476267,0.05154745100608664,0.14261341927183804,0.13263067548814192,0.15270957851442482,0.027199701962284346,0.01778364271616931,0.0401572867995433,0.13938775804426484,0.12883020123960698,0.15080848066340025,0.3525383172510098,0.34453228938203156,0.3609709352173797,0.36185673315171724,0.3545347506347659,0.36995600503113707,0.005528924158184738,0.005256581276963969,1.3216156139579784,True,,,
932,211,983,0.01947386586506568,-0.01674646264976516,0.05417407295573083,-0.022735048782571772,-0.05794168753335346,0.012693978122525013,0.022159868679203953,0.0005507952639759173,0.04870266420566116,-0.02575778486821889,-0.07181005846836896,0.010001072371323971,0.277417442097927,0.2537056880826328,0.3019041166270354,0.29109341575935216,0.26702658053135875,0.3173434588791685,0.01818569627641586,0.018267164272016426,1.4228851962567317,False,,,
938,104,735,0.0013703380160566248,-0.08067229653518075,0.08304975718933719,0.032383459019018894,-0.04176808475506599,0.10596464373738235,-0.01946837472680906,-0.07379381870694399,0.09524254180197175,0.002898672516327751,-0.04118116203244426,0.05582032919093649,0.4782730290998058,0.42069869071571503,0.5406420664329822,0.40733901613249723,0.35621512681961853,0.4638307435309387,0.04291584478019067,0.03657806477086403,2.499372648246502,False,,,
939,50,407,0.02389825329515957,-0.09445893975544284,0.14798087925053927,0.08138504805260681,-0.019767470488908114,0.17388429385224075,0.05224151848787366,-0.1026113241033831,0.13521023791743106,0.15683648050188737,0.06074937577675854,0.22708524878420655,0.4915297153047627,0.4088600089389999,0.5799099149526183,0.4476739269113731,0.3739877365074784,0.5190067726739048,0.06262483117026844,0.0495867520384784,1.887447006992685,False,,,
941,373,2884,0.05111637414967363,0.008822459378273896,0.09598720202419866,0.090374617972458,0.05224914767579856,0.12742512057975897,0.023592437690009793,-0.002291096625836364,0.060105350041894746,0.088774428198235,0.04609745954553546,0.13267248478285865,0.46609101915150425,0.43312963804262256,0.4989206440275328,0.4130213457663862,0.3870733247244998,0.4407810892009715,0.021770383160606924,0.01938475680971044,2.460925397049339,True,,,
946,58,190,0.25436561496092536,0.06699061956107168,0.4402856133579973,0.1675330616252958,-0.04088863195505637,0.36744000065494353,0.17602589277209335,-0.030927558859707206,0.4110998495848125,0.15826398062399605,0.013350843780104983,0.406312591196199,0.8375535272615026,0.7066424276200034,0.9756567064124932,0.8643326947476733,0.7347971346662197,1.0003900138669626,0.09709180823698486,0.10639645300738987,4.67127263075419,True,,,
950,368,1965,-0.023515439634098637,-0.050669437661625565,0.0070154169778385645,0.07130262527858611,0.04578346076478754,0.09743393421422238,-0.027419772294883134,-0.04649522101985932,0.00033208516434849594,0.06675452249138057,0.03677102476874028,0.09756963484113257,0.29205734492979724,0.2706403011993132,0.3147336578594109,0.2575351160201254,0.24015130918725947,0.27624261628416374,0.01503949002305113,0.012699273899761738,1.9143807579962882,True,,,
951,83,278,0.0006008753243715254,-0.07322451546299795,0.07588017217460243,0.26303547053088017,0.19695285133509993,0.32608493731323135,-0.008639531537156278,-0.06356540418846768,0.05850576187596115,0.257199775086292,0.1831169375854813,0.3445625531924179,0.40935253176724345,0.35743919140107727,0.4688203310917288,0.42629722585622587,0.37870403798958613,0.47723510717491213,0.038608927486657584,0.033524348921949214,1.4148043897501403,True,,,
952,105,745,0.06456108952345967,-0.05186192295682218,0.176119936034509,0.17729128084506973,0.07533705954748063,0.27670901724569114,0.10260049571858469,0.024575432395374935,0.16022644237790443,0.12781054111066226,0.07205910077449186,0.20446020622699734,0.6048401186364666,0.5320232533541314,0.6772649056561592,0.5221300815923348,0.4482239454106885,0.5963722730450616,0.05628190953408848,0.05195102106829239,2.631380545491625,True,,,
954,79,368,-0.12159956784546361,-0.23849314489295212,-0.011083623586772905,0.03320557033417169,-0.07057702275293885,0.1436453289638003,-0.13165964686750667,-0.20096716276774332,-0.008395739467669977,0.05851892729538122,-0.09781312310508383,0.14919693163051306,0.524126771560029,0.44764085284295213,0.6043841327629202,0.5151630970828656,0.4420363670219545,0.5969162761072143,0.05681143090254188,0.05558487936104324,5.2518321780331485,True,,,
958,490,1731,-0.029125183599742196,-0.0802574535800143,0.021836895599206995,0.019205733573973028,-0.031591465638668256,0.07280401306025958,-0.0492743962449709,-0.09114654243759349,-0.007094017064857494,0.03567773815689179,-0.005687741962212556,0.0839839555142774,0.6172233585040401,0.587274984892334,0.6491859947435669,0.6213000754221288,0.5874411716887877,0.6558047706544988,0.026243836159165635,0.026817453955613246,31.391170634274513,False,,,
966,53,137,0.16740188126735092,0.03887280088269194,0.3056397962044536,0.23621874586663277,0.11800795994444531,0.338745716734291,0.09615373575041788,0.03746062425046108,0.24280420246485776,0.28674008366329495,0.14323223428753806,0.36326216540096823,0.4544114768738489,0.3595224769189963,0.5601095454984669,0.4907020158650834,0.4121448890700103,0.5685635437327808,0.06527014054424128,0.05706450358678761,2.0948686842802418,True,,,
A06,62,222,0.01641409242743438,-0.04963102617888542,0.08752775979029791,0.03237345717269652,-0.02710942963730235,0.09091811835514803,-0.0110465687421663,-0.08255512295004773,0.05828722694899222,0.0028858283837251975,-0.0386155889067652,0.05159618019114909,0.2841745044947006,0.23625411001706204,0.3337199448642169,0.2449254089803116,0.20545108782415408,0.28741466733631565,0.03658032702770705,0.03045898522074258,1.5812496992520397,False,,,
A13,566,2388,-0.13954590103666595,-0.1801653112783761,-0.0925034051072759,0.014067724813869273,-0.031669505744955036,0.05737509343567108,-0.1090643649411302,-0.1410764324436435,-0.07827715133348033,0.005005430605997674,-0.018521865410622503,0.02139060282835705,0.5069413462240979,0.47658490222036193,0.5366732682232058,0.48422672115368487,0.45317008975851286,0.5163720077634857,0.021932741642244975,0.022500569410261344,5.6843965415584,True,,,
A14,152,543,0.006695367525227331,-0.03475296960214343,0.04895037548419606,0.054130788628831535,0.01637755652285565,0.09241219299403139,-0.010291039477293833,-0.03810263301974821,0.04743947997462598,0.02459947289534803,-0.004211949364991694,0.06334876728999461,0.29773648068693936,0.26754029904080423,0.3304072232199004,0.2738757296379094,0.24971812530038082,0.30253562664364214,0.02215569732278605,0.0192789711912679,2.414943526648765,True,,,
A16,276,2542,-0.10261320989990684,-0.19176317838195658,-0.017889645996465208,0.02586355497897131,-0.05469893651459349,0.10515130146983151,-0.0671998928463636,-0.12359011480444511,-0.026190151423392302,0.016012606511282,-0.026548972853746022,0.041122049775232,0.7206911334847974,0.6638682643259307,0.7811302473308982,0.6654264413737628,0.6075955791718497,0.7266706999844141,0.04413261223916088,0.0415598971842626,36.306304489651204,True,,,
A17,624,2706,-0.00022652162821963176,-0.01927156848829,0.017967902296545827,-0.036118902453946895,-0.051988294182976624,-0.020404391480481152,-0.00442569131820343,-0.01922918746597553,0.00971944435307347,-0.021980295179169218,-0.0349535067567075,-0.009842959092021264,0.27412821546478316,0.2602060211508875,0.2889091156442926,0.2584057015537306,0.24591906795765986,0.27069110175581473,0.0096576046901144,0.008112272961433253,3.2387567466554144,True,,,
A24,763,18435,0.08379548436041674,0.06309622686842957,0.1040320822609281,0.28230383865223335,0.26601533628829627,0.29826950399464636,0.08257698856243821,0.06725640697559582,0.10140117164612297,0.28476876435315096,0.27421328197819506,0.3010036007209749,0.444406492799271,0.4298106992861461,0.46043076660693794,0.4568094291182073,0.44258864451850055,0.47025999343660385,0.010508858137901549,0.008384371194599683,1.365202403540947,True,,,
A27,20,243,-0.01177029063156003,-0.09659946876994766,0.08106304906704519,-0.01833013305566325,-0.21138783099385225,0.12490584307198704,-0.02405281250748409,-0.13039710401393756,0.03656782480793603,1.0447336547287126e-05,-0.08939593490351469,0.05352035738576788,0.3465022499792196,0.2827702425631004,0.41242640100201183,0.4123765623159669,0.2989294841409193,0.5610829275418988,0.046624881926878914,0.09014836307909621,2.6043456144676416,False,,,
A30,115,830,0.017349265831045426,-0.03327037955154991,0.06770744194389262,-0.03910296340577815,-0.08655916925626757,0.008967196786671565,0.008562032180820897,-0.025410485270644444,0.05069215851525359,-0.003921699552620339,-0.06677899487383954,0.04193175930184978,0.28629152043392536,0.2491677762249519,0.3248901405844048,0.30168594332339305,0.26639199239386535,0.33939989608208326,0.025772874409888003,0.02392832474181667,1.2818119793459242,False,,,
A32,58,500,0.0706524875386845,0.01642121231636298,0.1266765816205925,0.12650689181763736,0.051880558378785996,0.19439862523879275,0.0727131683585745,0.021115490896100875,0.14121216110324644,0.14901523479023482,0.08732096183307117,0.22262428737604978,0.31244981381529796,0.2722085017410632,0.35475172778655334,0.36975247122782917,0.3214277829095289,0.4217749050957392,0.029241292410256508,0.036849901826507644,1.0946219947544318,True,,,
A35,99,373,0.026266614530755343,-0.016391247715809205,0.06971720359882758,0.12057294086106086,0.06487465216345642,0.17341179707528223,0.02252040636166288,-0.0120017339210385,0.058334632858801486,0.07909523537676932,0.029475791446031963,0.18227476976876916,0.22831136722077663,0.19697819633021335,0.2616303966305814,0.3060416375362517,0.2734525840111088,0.33941232123128345,0.02249624093005654,0.027939374518777132,1.0036638718980908,True,,,
A41,96,364,0.018225596121373297,-0.07043917798981901,0.10565287402016106,0.18396036520049078,0.08744504615959654,0.28511878386509326,0.015224008182244595,-0.04471364373046828,0.09280263775846649,0.21995239834708968,0.13534278344664585,0.29447764948216104,0.4955381995630159,0.4312310258675456,0.5631472911057986,0.5873861925223945,0.5231822084561362,0.6579239933268127,0.04530487734251912,0.050020013963373355,3.1065353092134695,True,,,
A44,32,153,-0.016975908581404096,-0.12859637009180125,0.08975920053961124,0.06415592615062216,-0.03611523750403402,0.16527630552715197,0.03038442502541861,-0.05279334727482765,0.064532902361225,0.07842790882099493,-0.07317242145072567,0.20109170244392294,0.3264964283701569,0.24973004199176718,0.4099702632739013,0.3187561681792558,0.25258147798053315,0.38700976258099107,0.05620900219526501,0.05300126139427444,2.079976157790873,False,,,
A48,270,1593,0.006192456385686189,-0.0420573126369932,0.05656601193223652,0.16323717357719023,0.11217397203430951,0.21656685800212344,0.017926131724437716,-0.00793349482126646,0.06258080769938425,0.16704763243069465,0.12333209372037968,0.22044667544235616,0.43894477427972234,0.40509520541687133,0.4735236426530094,0.47915335462106917,0.44261323486098636,0.5160120080499323,0.02536021580469398,0.026846808526876136,2.43125402489,True,,,
A50,415,2053,0.0707678916137115,0.020244658575146537,0.12094519051272258,0.2658231481199509,0.22596098268149586,0.3090520177060654,0.024554614643936185,-0.014366494350027218,0.0835682209544619,0.27222749075889396,0.2255362696528453,0.31181328139506803,0.5612169235125233,0.5219377384286883,0.5986037392203952,0.5467728055821832,0.5148139879531877,0.5807593265455879,0.02557465452374139,0.02123557717702835,3.085259561830856,True,,,
A53,293,1934,0.14628574868433558,0.10854408804058262,0.18353063352833113,0.30944079672536634,0.2800998007861167,0.33761518831571535,0.1322704298527038,0.08283440137184885,0.1728843256220657,0.31869555931223204,0.2883751095069442,0.35940719705716506,0.4341742579758158,0.40865686446564037,0.46077027840296864,0.4641793338355343,0.4432574617346737,0.4864118492584958,0.01863567647273681,0.014664070979979668,1.4992290284100604,True,,,
A56,54,337,0.013852847999552857,-0.12131853289324063,0.13163690736837036,0.23103646988840254,0.11841183738106219,0.34194994639259396,0.0020777585472283727,-0.0969631348770949,0.14711392403956,0.2475429099249027,0.07676720025502348,0.3737368479749683,0.5769636129848932,0.4933925401714299,0.6769045564959626,0.5764187282395741,0.5091295649631954,0.6435519311219128,0.06439662202742513,0.05786363125311547,2.4518782663067777,True,,,
A57,23,100,0.12365501901796241,-0.053203032924399415,0.28449539370954907,0.12296145423887062,-0.09034516481595664,0.2850076253504156,0.1005744419183449,-0.054067663860357495,0.388127210103613,0.16254565986315583,0.09172295889470661,0.36574868388541404,0.49575244895010917,0.39275107751116,0.6035901823857703,0.47191028813777103,0.36078766873733104,0.611454357617199,0.0860863068746653,0.10030421924300603,2.290525835828632,False,,,
A62,32,640,0.05265184419853284,-0.025990764408554197,0.1390808957104646,0.14281080110605926,0.08821492141944828,0.20148898445406951,0.033668960179074954,-0.03183983940679404,0.11990462060612614,0.09794556032063766,0.069372245056089,0.18059855148550108,0.2949004166332973,0.24922385227177443,0.3451499217371598,0.2642621052921672,0.22067217826279076,0.31144279183011947,0.04303098916469906,0.02897982406274268,0.6759880807443335,True,,,
A70,32,132,0.026467069788706193,-0.15950072911231522,0.2137533095340591,0.23578556485896918,0.08419722867387336,0.3850550238569285,0.018088768293286032,-0.09086045221251751,0.2222686298098616,0.24141503704186107,0.09349073295368271,0.37003394063752637,0.6681075643993264,0.5485512336286482,0.7880322014508396,0.6183841039569588,0.5247669567806401,0.7230057209605896,0.09395066632209097,0.0776895277365925,1.7935582128281475,True,,,
A74,152,835,-0.07468537919709521,-0.12781037118211613,-0.018991923444851982,0.14123822245009643,0.0935403252837148,0.19307013866303152,-0.06427375406953154,-0.1411695655220511,0.0019254141044620643,0.1652125041480934,0.10186441396936888,0.2055257319222599,0.4093616564144575,0.37651623871903567,0.4455595669274482,0.39087651658779493,0.3551132617840003,0.43099612065689613,0.027598636443893158,0.02549170985749906,2.6497053641779273,True,,,
A77,190,882,0.10267189696475866,0.030554198168650792,0.17540441827450284,0.2831379510518749,0.2195502633929455,0.3432174427927731,0.052496991145184364,-0.008840745852093731,0.1340845903733875,0.27158063053529524,0.21367463197046743,0.3412901571502758,0.5866208119165768,0.5375641853025275,0.6380744768362866,0.5443376567922759,0.49815101036104753,0.59431924123976,0.036765482768345875,0.031161451003557918,3.187417813621716,True,,,
A78,159,725,-0.20942660391515028,-0.27248224825149575,-0.14201031275019874,-0.25465288253645885,-0.31949060727355866,-0.19245037404383444,-0.21028395198581426,-0.26412609577683555,-0.13787102006092625,-0.21371629994035857,-0.298347163735313,-0.170816403845787,0.5105845567789455,0.463110725923952,0.5612515681509952,0.49396123462750124,0.44689028460465924,0.5441749802377936,0.03381773901120808,0.032907443503311394,4.4152179650698065,True,,,
A81,90,419,0.013855356048034095,-0.03422279084012557,0.06357483183933543,-0.058833307849840644,-0.09764061802547934,-0.021762314573892293,-0.02743507361709608,-0.07897970313925137,0.02479571916671896,-0.0671482813444868,-0.08256451677253196,-0.030363639241315354,0.27656410765805634,0.24091615386617327,0.3157504239515927,0.2468173128635922,0.21880210952473186,0.2778668847449608,0.02552001739798868,0.01961241743751464,1.359589751172649,True,,,
A89,23,113,-0.045211138426607546,-0.17828938094293229,0.08486993778180939,-0.20815628499905878,-0.35046937793126876,-0.07704903440148053,-0.026922436792603976,-0.1067261562716085,0.07540623115128785,-0.23587566328835408,-0.27476480892545396,-0.19452817952299029,0.3886555537028478,0.29594856666839464,0.5009673978659497,0.43147180915671,0.3536974698501376,0.5236211333627184,0.0674141913686429,0.07186098463605788,2.720848738781157,True,,,
A92,52,320,-0.013454185060068199,-0.17891155148452498,0.15758539285396725,0.29547135120100043,0.09151030003549894,0.5256504773541363,-0.05270192142099309,-0.09943725182093407,0.05319780630706626,0.21776404019786533,0.12011742394131987,0.36354003610597374,0.6830945600250884,0.5498729284643967,0.8230653815643193,0.8188887755924079,0.6422280073587804,1.0175533914076222,0.08871189788643657,0.11113668872603431,12.778282616509447,True,,,
A94,54,165,0.15621813710986657,0.0007386623337583186,0.3262886399228967,0.31355387722168976,0.1316137965913438,0.5071262840637466,0.05184400763226418,-0.06983635985125525,0.21312245522598078,0.25547071707698876,0.18530696347092146,0.3387835811054174,0.6586369510053042,0.5245936028756891,0.8116000867582283,0.7501815212189915,0.6020005319584915,0.9145813648587305,0.0827276975125985,0.09869446559320409,5.009715737252602,True,,,
A98,46,626,0.1753779111395807,0.03660663647026416,0.3249342169496536,0.025026766494437004,-0.1672114234468536,0.2042538588825953,0.07509662813573692,-0.11355856878015974,0.2561804730157682,0.06914465126062197,-0.07247707849502888,0.21530721959237553,0.6026995570248063,0.5040843967989841,0.7192284893702133,0.6304883678721726,0.5239148496691135,0.7548772360606758,0.0761274189673808,0.09465787189238917,13.13025785229728,True,,,
B03,107,518,0.01075674589679939,-0.030873269455994966,0.05525489952468566,0.09758494337872686,0.04537234259006742,0.14836400606065558,-0.009921709629730463,-0.04692200076947978,0.011381112168118506,0.09081029635540361,0.04675452389726331,0.1439692870084741,0.3547610807980231,0.31590903745668847,0.39405867038664416,0.3657047170992289,0.3224789040996644,0.4108752339442249,0.022015737045176644,0.026159648192109135,1.8219461401215307,True,,,
B04,60,268,-0.004813366388546414,-0.06935281028815882,0.05992466853359127,0.053247743968278326,-0.005641751752564643,0.11286274776469916,-0.020815600745263646,-0.057455211400353826,0.017356249353381745,0.04500012112274021,-0.0024736043080508807,0.1091952654358852,0.27507586280934593,0.23133491854215335,0.3172844866702741,0.2826841187749285,0.2406419877994026,0.3263819334651542,0.03430856650819405,0.029973804587620844,1.6508351513939687,False,,,
B09,69,285,0.035364172720147684,-0.060148021536167245,0.13390339767933856,0.12258567074665065,0.034383180858287246,0.21399739343448776,0.04800443911070695,-0.12477090801666785,0.17683087372680656,0.07203605142471758,-0.016029451643362336,0.19054111899379222,0.4631402619060939,0.39928283292988215,0.5331990102410917,0.42062015449696977,0.3501877228721051,0.49237043720938445,0.04884457607554557,0.04638239152709905,2.842938207885892,True,,,
B15,130,598,0.003236181266236653,-0.048308900751513464,0.055187672581189444,0.06364885410193766,0.00875828686523427,0.1208888905782352,0.021728570140894053,-0.041548976356730764,0.08421241189743776,0.040014193541964005,-0.02466244519965244,0.1078095876403557,0.2880688889467058,0.25465320823869997,0.3239881656584585,0.31648931032341776,0.27922009913815127,0.35311919050629,0.02622668575063639,0.0285188338851441,2.314880494510814,True,,,
B18,118,1105,0.029702287897012722,-0.009995506582157483,0.07130074284655263,0.020390510419662614,-0.024125686874354797,0.06520303726909775,0.0090813810991338,-0.03135733644731941,0.03073679118443747,0.020385671390209838,-0.004466104641309698,0.0666147919165283,0.26682569970741155,0.24174607346739638,0.29442849163019297,0.26874178573452856,0.23833853258349436,0.29967764277980163,0.021041664619722955,0.02342466625914721,2.011162466362681,False,,,
B19,72,360,0.003008890757351763,-0.0702267393434268,0.07944724087726049,0.01883116501142595,-0.0637648195518066,0.10034212803499691,-0.007622173302508806,-0.07278251453709492,0.0974164299436617,0.0032961851701429623,-0.050407488458503735,0.07999209415814335,0.42542898537383783,0.37467359128601163,0.4758580045647936,0.3943199534934993,0.3406681960852069,0.4501143674654615,0.03893307308855225,0.040809312820504505,2.865595184368403,False,,,
B23,57,309,0.07899673758843206,-0.1850604425045314,0.3449648487014753,0.08287790305842861,-0.14752967405732792,0.30058660261120995,0.031353691626066583,-0.2246288380295617,0.23828305736006536,0.07596413999273466,-0.1752383434904914,0.37029492345368453,0.8507483215071051,0.6755485405878114,1.0403587554861689,0.8006511499773966,0.6752521119027138,0.9333866264518541,0.13403016466681308,0.11570850563260074,12.034520358434436,False,,,
B24,28,118,-0.01946714858481028,-0.3784821846237203,0.3493267360747238,0.06290392141441892,-0.24350364739865626,0.35857252414930435,-0.17704146735679915,-0.46155670406634103,0.0915818133662704,0.18607005052105663,-0.020812573297845915,0.2616629831907247,0.9622494871564266,0.7343181000336992,1.2137007573434746,0.6594828351210781,0.4635817965882149,0.882610489121896,0.19054871236592216,0.15804629118570176,9.80532522718434,False,,,
B33,43,125,0.0030740326847102373,-0.12055382209235051,0.13243716850978632,0.057167043612240336,-0.06117623761253784,0.17801230346128596,-0.02027985161439405,-0.12894546091179993,0.05222366116015981,0.02564324010094765,-0.06875480871784134,0.16032144271775906,0.3883625759301858,0.3072845292309597,0.4820965360494861,0.38807374346811907,0.3133617896674716,0.4662474308086978,0.06479351136472818,0.061618365981269706,3.050144246175292,False,,,
B37,74,600,0.011763021139832523,-0.13094124419222164,0.1510983380892007,0.12907912966726817,0.0005402233205264267,0.26750445295842906,0.026609253872179543,-0.07064897910424349,0.13491059468604602,0.06500480338225145,-0.019068898680085766,0.20843365294211935,0.7404218135776038,0.6438767256782089,0.8385385093999378,0.6244616174625556,0.534798945275945,0.7231536864200092,0.072280415161085,0.06604890872198271,5.009334377582926,True,,,
B38,120,1411,-0.02312766829694338,-0.0588737573906716,0.0149554150401763,-0.03552637846630142,-0.0848108777404941,0.01326600641702855,-0.012058276501738515,-0.05373462751834534,0.011466417174590404,-0.03735531592027996,-0.09059535563018528,0.007853236938083864,0.3500334759269412,0.320159585811787,0.38064533347625173,0.37201310763738177,0.33625211496125634,0.4073014706892218,0.01889301167681646,0.024930717810808873,2.518565982110105,False,,,
B40,36,218,0.030738866531255373,-0.11262727858454749,0.17082529327773183,-0.1338703087080796,-0.22238640696887213,-0.04836802382149917,-0.023286761871552732,-0.11021201258879083,0.19284528699198344,-0.07016569775302628,-0.3106790149350199,0.021378263174653966,0.5954523236948238,0.49423910769887613,0.7058283980289474,0.42342594686473006,0.3574484295792795,0.4915948438638835,0.07398465979761816,0.04688388247315465,4.242527367487401,True,,,
B49,92,313,-0.05447943504488031,-0.14132119859641568,0.03127192054685599,-0.009167826005588684,-0.09496340156808669,0.0735402973589505,-0.03374296804301621,-0.10979204946883506,0.061492130733192533,-0.007305428313486573,-0.049214041341372194,0.12315605433942986,0.42577121295543835,0.36925494699749783,0.4830027678150429,0.43500379474025946,0.3783071681636198,0.49333544265164386,0.043847160742180695,0.04292938707473844,7.8657687830308145,False,,,
B66,49,190,0.2973145273189937,0.11071903689009353,0.480516505252166,0.41879581713272224,0.2476136852861505,0.5869313033554097,0.14403736002088097,0.08605202134473976,0.25164794034947024,0.43112962905951235,0.22360519365545173,0.6894208059750524,0.62483815607377,0.4922206042404555,0.7668067670406243,0.6990326445698127,0.5858214990860896,0.8113268988537405,0.09577935713979539,0.08812697693032992,4.033501613323147,True,,,
B67,640,2693,-0.062387267217418406,-0.0929729088091984,-0.030938578652246366,0.0860700656079975,0.05696606445178377,0.11442915405389438,-0.05652094607875878,-0.07456273319202933,-0.01884381685688194,0.06483385696682831,0.04462188371534559,0.09312246730850404,0.4117091895031246,0.3907908055081281,0.4333038516802311,0.38877170485029366,0.36963181095110004,0.4099095666810854,0.015907293643747957,0.014818136613040642,5.237317895644618,True,,,
B72,278,1402,0.02066223080109639,-0.002856469206066191,0.043809891932644854,0.007030279837681929,-0.013105621674954021,0.027331131202197465,0.007938291364732538,-0.009347270306811739,0.021877830799241885,0.0034718385939491725,-0.010250154254629606,0.01956927526118864,0.22350441512890515,0.2072152566482911,0.23942759330137953,0.22196664548173,0.20648386807745978,0.23755959409782948,0.011842383570375613,0.010584841963684683,1.819009801096005,False,,,
B74,134,427,-0.07059479348860288,-0.14141347635005969,-0.00015903643786390688,0.04697063840232876,-0.007676555642198964,0.10086631367169342,-0.030527482548626812,-0.0933389037814978,0.032448182370731826,0.032327802733500555,-0.011271533378121035,0.08395618167611474,0.3982152090777375,0.3518923226661177,0.448776771663198,0.35604778333153025,0.3195413577816221,0.3939306093103014,0.03530526666870815,0.027576522525625737,4.609823861103024,True,,,
B75,55,438,0.040285964574787156,-0.05194409717864984,0.1322746864361512,0.04312205444670363,-0.04188025609991816,0.13165739809487337,0.07322811535277288,0.001265420264663054,0.12324957455993625,0.03485203083861486,-0.010626519465972706,0.13992778362350577,0.4328301234240191,0.3655669669160187,0.5028378764091864,0.37799531799897096,0.31840831008555726,0.44176695420068224,0.04744211978500203,0.044935974986892176,2.6127296508985594,False,,,
B82,20,163,0.13181395797222004,0.049260584983989074,0.2249033141102828,0.039286679077504445,-0.027331512879910442,0.10976564796230931,0.11055175369886436,-0.000223442359034771,0.23504573179159766,0.023938734476610227,-0.0358855083089996,0.13255075466886979,0.28160823255952816,0.2216460265968743,0.34908248428565625,0.2769209086658418,0.2241681769739028,0.32989012627348013,0.04753271939000123,0.0361456221156277,1.4422200978066937,True,,,
B88,196,1249,-0.050329209193168634,-0.10974419235252834,0.008157184648711662,0.020626536574105833,-0.039150421262299284,0.08442786919212479,-0.01088258506104228,-0.0543189630378472,0.0348822709406319,-0.017154745057013088,-0.055687361908951516,0.02093322829850308,0.468943051952512,0.43249485104000224,0.5083871615322128,0.4315160197693512,0.3915498378633994,0.472584015661889,0.029930492263591593,0.03041129189506737,9.066709219634491,False,,,
B96,25,122,-0.15597905953213193,-0.36657086779727066,0.0325561164670227,0.28592435932826243,0.09498414162078025,0.4688805798650487,-0.0698271012565322,-0.3985685703127905,0.06271488265524015,0.3295916339696297,0.1274469309694659,0.5591946553321847,0.5842793106399466,0.43646905626111154,0.7431489754208539,0.6507251512485003,0.5152597184162084,0.7914540890198017,0.10127969926392155,0.09584094024197988,9.602421644343742,True,,,
C01,53,487,-0.06941454862843889,-0.11166210669989336,-0.027206004204791308,-0.08682407726201562,-0.13102887401223168,-0.042688135477782566,-0.05296193697600332,-0.1240709094902353,0.004185801066745699,-0.08981859906239517,-0.13581281695411412,-0.038946227051042115,0.22874830441716584,0.19590581363001744,0.2653898531489631,0.22777812787268287,0.19224492461175705,0.2649153052998315,0.02201573893127,0.022484708136777172,1.4619295418167593,True,,,
C15,31,117,0.05277090740899757,-0.10707127049183716,0.20922442636990934,-0.030740759846821734,-0.19239221756092983,0.13183123445264483,0.054293720318331795,-0.020702327892158007,0.11728991984106302,-0.09334973410588532,-0.2120203918522634,0.0783716054144179,0.5320320769974959,0.4044050342302642,0.6596679780802499,0.5522487745777699,0.4259122219248237,0.698579729254515,0.08114119300003776,0.08432591913388679,9.709560998838178,False,,,
C20,153,2806,-0.07762380043555688,-0.10763958488338997,-0.04953905826922268,0.06929838920849836,0.0430855951266505,0.09684775248839787,-0.07218807350066847,-0.08802954660842083,-0.05491839776825664,0.06473935944910636,0.043953579667957265,0.09391431618391517,0.28663702101831334,0.26498084712037157,0.3090983730289544,0.268245035143711,0.2490774061417964,0.28938336780942314,0.015100565216589505,0.01382689123718116,1.1952497017008283,True,,,
C23,333,7337,0.010470217246007227,-0.014667878167723853,0.035912150457035,0.0322282861638119,0.00925396195790245,0.054976756708347334,0.012064913636072976,-0.0057377848499164715,0.030439500281223643,0.028349044097808473,0.0054236974634560365,0.046212510603815815,0.40937243815841434,0.3887106708301842,0.4304668714024293,0.3724698421142689,0.35483450800586475,0.3922675293929087,0.013052103419255945,0.011713349851018542,4.262711716942202,True,,,
C27,52,260,-0.013353838961074314,-0.07231439963564135,0.03946831614398822,0.016845330548489492,-0.044682260172467514,0.07474735047279127,0.025305521884515514,-0.04109200625424361,0.07106972248617635,0.012815228971874149,-0.050567096293718805,0.0866345452473572,0.26616330679524697,0.2249492594939771,0.31041700909229725,0.26066331588321956,0.2265909293866269,0.30085600189598766,0.02917400978525692,0.030355032206210764,2.8405225839946664,False,,,
C32,31,148,-0.060032664366924164,-0.17836563762780352,0.06084954094592106,0.23477587466457475,0.1194766579698149,0.33359095479198436,-0.06180947296094662,-0.14922617126213888,0.027823023754689723,0.27162312276772127,0.15311956390178239,0.35907519045821346,0.3918161878726725,0.3146970272894141,0.4831054901514309,0.4185340228145447,0.3448520012476316,0.4965275817803043,0.06389808440247068,0.05812240099593344,2.6724760306287125,True,,,
C36,30,359,0.03945252396680081,-0.10664661165193932,0.16772867368393096,0.13779528760072177,0.0037090735225030883,0.2767138734837495,0.07542292304809742,-0.04156115903707516,0.20246356125855247,0.08154460476725095,-0.038429796989891615,0.32663393560057385,0.5037637260337866,0.39989147416687737,0.6184004893740004,0.5319477613652871,0.4423818050604353,0.6249923655892211,0.07330641217735018,0.07056622400075628,7.436807892073558,True,,,
C40,205,19251,0.0075083120153308265,-0.018677096469356932,0.03273871006944417,0.06411898290535213,0.04233896481488857,0.08706847641314278,0.005624870924368246,-0.012572663380813278,0.030000505347470417,0.057640659633534805,0.03444885682069655,0.06636419816649444,0.26926178592637906,0.25178294472986756,0.2872277289917884,0.2504013057660076,0.2344258429454003,0.2669219404713206,0.013031264666469778,0.011493524928266798,6.414965143692639,True,,,
C41,779,4167,-0.003927808522748369,-0.04454580750743312,0.036023170709790775,0.08901520305421683,0.0532176092145446,0.12429900244527617,-0.004995779627397057,-0.052613906386986334,0.027771148082967184,0.09722517580783574,0.06430542445414744,0.12752953862127064,0.6468857767242905,0.6208509862610084,0.6745739449189592,0.5933568096476464,0.5682490064777074,0.6177461655626109,0.020779649648533804,0.018190817354633782,4.2069112617200695,True,,,
C43,107,387,-0.0013626974717663113,-0.07406184553127963,0.07630525108158549,-0.03770164021543448,-0.1284684914193455,0.052757726208562124,0.00227641268573816,-0.09976303220158138,0.05691180681305579,-0.04914135492448679,-0.09807367989722593,0.017816442797879972,0.4337792904189032,0.3849347050472375,0.48743533688408286,0.4802512821886681,0.41851832109787007,0.5546342967868763,0.03788345826692341,0.04560623317182674,5.399180664934682,False,,,
C47,155,931,0.0071033412931786844,-0.01525596964609286,0.03030232073885775,-0.022448741029240816,-0.04403686415982465,-0.0013845864805853243,0.009657837688614187,-0.011717182547790575,0.029325046004005657,-0.02589314118637276,-0.049968675465061896,0.000546970798254165,0.19205291599658397,0.1748094621518752,0.2107577724409993,0.1828125177632009,0.16746130996997607,0.19872096893093802,0.011848965457436737,0.010967347457793606,1.1252360179990293,True,,,
C60,28,372,0.032465523260226184,-0.13040234422866226,0.20713967475161976,0.22305769635532685,0.13190343019432335,0.3225735289486346,-0.029235380876204857,-0.08358623940393178,0.10984608066388923,0.23414802904694298,0.13354864815940576,0.32335296737402125,0.4665179938003449,0.3564858756846241,0.6026933015570365,0.4323488766118753,0.34376059905579504,0.528380218920957,0.09038353960496978,0.05024926053936575,2.297200663960188,True,,,
C73,169,2822,-0.03876610055469716,-0.08077786138641971,0.0008005094854728242,0.03213146207840933,-0.004269971079930439,0.07093248139062132,-0.019085143525720983,-0.05538201044529193,0.014332554869740652,0.028273639280484986,0.004605472870444771,0.0644436643797113,0.43154898583169143,0.3919302783157896,0.4721898033556357,0.36984472488707054,0.34039554854890486,0.40144034033003734,0.021540615684179858,0.01927833446748715,5.134039015662836,False,,,
C77,235,927,0.024330542367163317,-0.010883795712792611,0.057995470739547764,0.06308542361921048,0.03034601140735018,0.09647300714127441,0.008347529911645113,-0.01590011204101706,0.04211520192847499,0.052060027090305994,0.018781895840191964,0.0721058326007551,0.33222052172203853,0.30402073971998944,0.36178022309652025,0.3181732305470218,0.2908923739132268,0.3462745285061745,0.018131519824692275,0.01661030174445401,3.446869903251332,True,,,
C82,50,212,0.07016896455402008,-0.05133767768981867,0.19697081695998725,0.09767686733030954,-0.08165691164713706,0.26419662081623263,0.0037692804824528935,-0.08746114258281627,0.2717503803387299,0.09208735213199759,-0.0903862571945524,0.24225986396633203,0.5629984065407972,0.49151253115480215,0.6345653236662736,0.6860310804910645,0.5810850718773846,0.799780061496776,0.06153269137030215,0.09047691099224044,24.8785274685132,False,,,
C91,44,307,0.07133845408100345,-0.004685655198656686,0.152649426921548,0.14561951323482267,0.07283961590472118,0.22264687551727927,0.06160489024348808,-0.007430794528072368,0.13629047301373115,0.09144181276803387,0.05596558416666397,0.15948404250138992,0.4214082346091366,0.357043144942279,0.4879897018761527,0.3895417268229307,0.3269597958688924,0.4554326816637835,0.041247881134331775,0.03824169462493693,1.7064133144955524,True,,,
C94,419,1956,0.008345536212857035,-0.045863746474989434,0.05823922669169799,0.14816223680277169,0.09752308919548797,0.19874965569069944,0.012201163282649141,-0.03569269982863803,0.059708596065029575,0.11566456251017598,0.09515667541393213,0.14801118561649673,0.6134184057800742,0.5751202147341826,0.6507185167305536,0.6235783307596445,0.5866082933562635,0.6609427958643076,0.0264380094220874,0.025059492817239504,4.699793957042066,True,,,
C95,1372,5328,-0.0006238896715565395,-0.017881903427120437,0.016093146679462135,0.01249512834997657,-0.003825120026385279,0.02900742728048336,0.004959780033332903,-0.008041298136881411,0.018754244953790376,0.018246120817444478,0.0022847706639628207,0.029434408543287372,0.40439368947496107,0.3917152555634349,0.41730638275608994,0.3778871628648542,0.36581484094363614,0.3901619283208503,0.008832748801148477,0.00846633296632774,14.285554996151824,False,,,
C97,241,2180,-0.052692194569435025,-0.1000963871141586,-0.007513542724572033,0.1444062087790523,0.10952819185174176,0.180029171720998,-0.03238706625707638,-0.05665695230524659,-0.0076840285018770806,0.15675249425939342,0.12039248743424658,0.17629120995650283,0.5233605323627609,0.48248388575731715,0.5673784545063475,0.4154597544129868,0.38375217989647187,0.4475856847144764,0.023613173332117755,0.017500177707877394,7.5784948000335834,True,,,
D00,226,921,-0.02365934304350867,-0.07772232517765065,0.029722580238811008,-0.0036107028056501108,-0.049305478682216346,0.04063844255866967,-0.006058517836214854,-0.058492593017372044,0.03452859550172049,0.011121840648442571,-0.015329919046180862,0.05192695443334561,0.5647899441992542,0.5208923043457907,0.6079274678205603,0.4042186482357827,0.36912462010705144,0.4396768324725905,0.027535227877563524,0.022710177664744296,7.483777715238486,False,,,
D03,80,375,-0.08215313430548929,-0.18130773501214656,0.005260869863331108,0.0006194358544682532,-0.06293587286961513,0.06695725760636549,-0.018924016540880176,-0.05958034861344764,0.03391182631056032,0.011903523679895889,-0.08117989885754184,0.06890639218015693,0.50808551535875,0.42968879018005596,0.5944282831663509,0.4508663850412722,0.3912200960435408,0.5110351686550669,0.0490601685246781,0.033813842766028696,7.418500141742558,False,,,
D04,37,1280,-0.21645014522056655,-0.3206793043296128,-0.12190244708959741,-0.05550043871175782,-0.12419080536731066,0.022122723571543247,-0.14802491696161477,-0.25501994788308985,-0.05156692438515074,-0.08484081313838487,-0.14491048455454347,0.007920017236759946,0.509235618204986,0.433740569287603,0.5962457446748958,0.4791294697126414,0.42620419276793453,0.5327850179441784,0.05108800423995281,0.037715841192608714,25.479075662274642,True,,,
D21,65,304,-0.09445279757353843,-0.2261237137903706,0.03478765397345201,0.2791012446763895,0.18393543721168099,0.3794243403768046,0.024941245521052074,-0.23455075450937307,0.10601929031575784,0.31069178840112954,0.17413951684082107,0.4052579571634851,0.5733787623169994,0.4901539880717622,0.658851376101237,0.5744374516019524,0.5121130912420776,0.6474184556495507,0.06679628139375626,0.04923286030550194,2.3969128378260622,True,,,
D29,8203,137188,-0.046658008981278545,-0.05021605553224166,-0.04289984426031637,-0.001819612867339139,-0.005384293062996935,0.0020154613296062885,-0.04885717379288064,-0.05123095400966931,-0.0458414268102191,-0.0035929902317377582,-0.006382379712081841,-0.0005283969953201542,0.3151826942614449,0.31216612857130255,0.31827327247445925,0.3116183960403717,0.30881218046471015,0.31451469955799694,0.0018862251595894827,0.0018910481722714844,5.215414298581119,True,,,
D35,168,1068,0.06790313888990888,0.011566736081860976,0.12471920970503624,0.26813449936246275,0.22620407233735731,0.31288800263633304,0.09176023558616281,0.026803995883125653,0.11353622131798986,0.2642547126143313,0.22291078556762045,0.3240487463120445,0.3731649646263968,0.33803483084956154,0.40957789970652275,0.3829723160450478,0.3505409159582985,0.41850674714389025,0.0286149535811855,0.022066685033784856,1.435718948964279,True,,,
D48,98,514,0.05742989149835156,0.024447632620890662,0.09062145051716153,-0.008349083870453678,-0.03577512447336624,0.019826558604995964,0.03375438476887098,0.007832248369530054,0.05357822316566446,-0.007317993077892636,-0.0372065880483774,0.015617305856530095,0.19637214743635845,0.17292019476469828,0.22063521164438418,0.18063423398897951,0.16046540392276498,0.20324724424626192,0.016969855932487347,0.014394358951985998,2.4731440116512005,True,,,
D54,138,735,-0.0226968435885532,-0.09962150767610944,0.05207250103418415,0.03337302388316884,-0.057891915946207545,0.12188453544540502,-0.055782379615162206,-0.10467870255675076,0.043272273494633036,0.08476653744398988,-0.012409368559929135,0.1499090918795784,0.5702524676654593,0.5147062316077591,0.6262076733253601,0.6559455912382648,0.5975009101072576,0.7171112156475408,0.03906789653844507,0.0477526618340397,3.9971056544253223,False,,,
D66,33,106,0.07047090771892828,-0.02388013006215167,0.17379889571889204,-0.013387482699765064,-0.13288038623139875,0.09587442460357272,0.06103526133930226,-0.027270598492231308,0.09985301147612036,-0.020435603370572153,-0.06688435368431556,0.06740614964115821,0.33117750071124324,0.2465226139243594,0.42287108753097086,0.3443084995819652,0.26042562866759555,0.44225148909257717,0.051951297088939793,0.05871858108120074,8.506161156211125,False,,,
D85,30,141,0.04311250325506812,-0.06311423655422896,0.16530207454680318,-0.05541216461895885,-0.14439738124628435,0.038281724175888224,-0.039847082258389295,-0.1293285983905178,0.12563930581739916,-0.03797849885100457,-0.15478131161721365,0.05499951484396526,0.4848228258964158,0.40440598973357067,0.5670693424128485,0.42009122027833834,0.3491932200415831,0.4969263233842346,0.059879601818341614,0.047022627238474266,3.167627631577388,False,,,
D90,163,698,0.0013357170292914971,-0.029676871526473126,0.03156869134345052,-0.020100234326219463,-0.04837893013389282,0.01057113281026259,0.0007408564479193055,-0.03483138864681284,0.027558732304998983,-0.03852631657697003,-0.057146448320111176,-0.006641424857107847,0.253131734733341,0.22943532142864428,0.27662647098034193,0.25158579090909317,0.2268282333305171,0.2754582875480593,0.015498618039248794,0.015350757506810565,1.7704555242450535,False,,,
D95,41,135,-0.09208405519400444,-0.17697810407293052,-0.01027238089969776,0.10398840462073553,0.029494317670635345,0.19004013727384467,-0.059851292405495284,-0.11555796666676589,-0.010718238422338044,0.0700694187461437,0.02358703756257796,0.11106242702254576,0.2848165660328435,0.22299127839060337,0.35295317304164614,0.23210390136202416,0.17469493703603595,0.3031182120096063,0.043217349330313216,0.04138541523300205,2.3697960985908777,True,,,
E10,114,472,2.5950299391759286e-05,-0.044606210114291965,0.04585701213477269,0.029914174283293668,-0.00930026165140756,0.06874273302013903,0.008408422008550125,-0.06469076433808187,0.05556379439428384,0.025063427428416243,-0.017167103152754618,0.06405076087672157,0.2583916731900654,0.22533035950136385,0.2925189991550527,0.2270981613274307,0.20070312753029262,0.2529746256629257,0.02373783693706046,0.020060114777705227,1.4497849104435,False,,,
E12,2753,33531,-0.03326252780454188,-0.041985661411584316,-0.024529049365741698,0.1675503293820494,0.1585175170690983,0.1768397278372227,-0.041333078587330166,-0.04891704553957818,-0.03325332017166128,0.1658964681611863,0.1585141089888399,0.17265466963749532,0.41680198374420424,0.4099646126194086,0.42388102968343055,0.4356609588670343,0.42774241432012533,0.44284759091944065,0.004559628028108652,0.004686235026256234,2.7481713291163046,True,,,
E14,114,691,0.04369946425952571,-0.007656290866649944,0.09806483922953892,-0.009075754472498997,-0.06129313641744225,0.041159383266238324,0.022527547472461232,-0.04464801799753371,0.07218343420044332,-0.033376426606636325,-0.0695255476134804,0.051222803882211565,0.40086941970138124,0.36235133674489955,0.44176737984587366,0.41185944644105643,0.373251586295902,0.45157756502625285,0.028154859220913864,0.02687623319822544,1.8689494300328042,False,,,
E16,27,152,-0.06985966111082173,-0.17462368322489397,0.04546528026519748,0.1224931487988845,-0.03756747186741911,0.29034737248289083,-0.08081753022247266,-0.24435163571407095,0.03545980447352636,0.02664835284735188,-0.06417406842729179,0.2241986458052736,0.3554936913311313,0.28434338757276756,0.4256640958777276,0.43288337667403565,0.3111254830208135,0.5632554244457879,0.05713037237194565,0.084560342124241,2.451180212294565,False,,,
E17,107,449,-0.06947569172377888,-0.1494190340479496,0.006995229791700643,-0.0014622401469468979,-0.0694307739706853,0.06972370030839817,-0.0593324505296873,-0.18211508752774477,0.021704015979045737,-0.024082410109826924,-0.056352953632630785,0.012759608094903285,0.5611836454572647,0.4989637663444172,0.6241691873585867,0.40882734248360286,0.35550603667763925,0.4668529054232079,0.04049417755002044,0.03612074462771537,4.0032361064472886,False,,,
E23,276,1023,0.05536422446341531,0.027240072534900187,0.0850033016168003,0.04009489022644924,0.004746713659376619,0.07728695752790286,0.043583331551202004,0.024596261397725822,0.06845927976950635,0.03781039117054519,0.0011809552823649483,0.07105405839809009,0.3144629742750569,0.29090776380469796,0.33647400173853276,0.3593305556120802,0.3318879571011234,0.38657163956649915,0.014448642474942722,0.019202182191570785,3.682505944934628,True,,,
E89,137,1432,-0.09904670339084043,-0.18732336787159953,-0.006317499461487384,0.18794048073933667,0.09296034324599273,0.28490990995878707,-0.07760401426834662,-0.15663984577379184,-0.023550927734651096,0.20426188076385188,0.1072397564094274,0.27754383602919264,0.5704544944647278,0.5132363496769567,0.630043716415636,0.5952658043640637,0.5345423692768737,0.6584159070991329,0.046378988864805785,0.04795122650326899,10.359510699895791,True,,,
E94,58,225,-0.06057717775550511,-0.15067928929317548,0.02556888078660641,0.1718806269906054,0.040174724218933984,0.30493857130497365,-0.07391957339778299,-0.11886277078389826,0.0343260891548184,0.10387322101390595,0.048276896104759714,0.1939685504478713,0.51310965479895,0.43546433790992906,0.6087841095746004,0.622437775064329,0.511996125242785,0.7379792923939148,0.04535797229206532,0.06924936530151711,11.677864796224602,True,,,
F51,14152,540856,0.01614626617486503,0.014874964287009577,0.01745283904420471,0.03255190836462248,0.03143097423511393,0.03368851470897175,0.01606793805210827,0.015120220142805174,0.017099278120952834,0.03757073525652199,0.03660330054182642,0.03857131241819906,0.12918975551361878,0.12829202298201053,0.13012573168863817,0.12729429502385028,0.12645914963273794,0.12807664729986745,0.0006480226388269247,0.0005979163252862474,2.2260493912703456,True,,,
F52,13625,299960,0.0024315795943816217,0.0012874798986896667,0.003604973462545742,0.016488655729524817,0.015428754968511638,0.017570093653126662,0.0037368301294669628,0.0028189745037950145,0.004628620543822193,0.019177694440486448,0.01827729721194249,0.020011476770368734,0.11072001523164507,0.10993490176358338,0.11157139419069588,0.10778243070794,0.10701159452592839,0.10855963953239926,0.0005907970788200775,0.0005441799209237021,1.984588826435617,True,,,
F65,394,1894,-0.00430777700707681,-0.02850647385526002,0.019178909498433705,0.12283498046443635,0.10025004550258258,0.14547219111526982,-0.007720958265623686,-0.025878329549453863,0.02133790145718765,0.12193710367291999,0.10291948657538796,0.14558211139323873,0.2572795796539036,0.24055960374524263,0.2753183395455923,0.264116084980056,0.24849462750409412,0.28005615440753967,0.012398961243586068,0.01161789326272478,0.8903084650830743,True,,,
F84,64,245,-0.039054973056118075,-0.13307924253952283,0.05763638722143659,-0.03731083600274953,-0.1084575482879578,0.031164547950014367,-0.02690485394132927,-0.1577770183110386,0.03659073022219136,-0.051922041297647326,-0.11546123211445547,0.00028464950876383455,0.45860593494096336,0.3932772046921785,0.5230050791049284,0.36705016371344534,0.3142793720701355,0.42541900659568405,0.04829540715244109,0.03630551393428296,2.8083978052732594,False,,,
F85,94,338,0.0022024230101971467,-0.07238626208046296,0.07469259819811645,-0.05945097896718274,-0.1359122867331078,0.019567497872505363,-0.016953583521318046,-0.09081617056449494,0.060163417892369626,-0.08127417512902468,-0.1749227955664462,-0.01505451351633269,0.40922585180743104,0.3601223904406853,0.4642364837785824,0.412592280141378,0.3539888237695261,0.4712550117131949,0.03870120214050301,0.0415368157931051,3.0326303239736996,False,,,
G00,22,103,0.055096260805706294,-0.07415129590469442,0.1746109838143159,0.04803509600718656,-0.05684416017063633,0.142431930038893,0.0012650573984518765,-0.11716358591998523,0.09570467885060763,0.07442574070797292,0.0051920963699103595,0.1624138169175282,0.28555175037621194,0.20748951958119055,0.3753612552179355,0.2712806883112711,0.21159817648811532,0.3347949940611647,0.06732657698916601,0.05272725474859246,9.593571875606159,False,,,
G01,55,394,-0.009233402235958895,-0.12324318501856059,0.09625057779265732,0.09478261871071546,-0.016447189271724155,0.2125862931059759,0.04767656265770072,-0.04899694745560876,0.09641800570133625,0.07648933502260036,-0.021083387173949683,0.21440056118242623,0.6445899418132364,0.5470826585850533,0.739591864326032,0.7051509893077924,0.6111604357795094,0.8058112373952656,0.05781995086227527,0.05840249400401327,23.287730537006404,False,,,
G02,355,2698,0.034918600560106185,0.008854589772973325,0.06175890891615053,0.06866221674407491,0.04300054620229782,0.09494519209524646,0.02641536340609503,0.012820390345553635,0.0472980608666346,0.06071636163140056,0.04268465873664695,0.08103981437452507,0.28693634633985976,0.26814285678711863,0.30626474952444444,0.29379457500014944,0.276212887638793,0.31149859000251906,0.013635434328369223,0.012661034691512672,9.227721233797217,True,,,
G14,58,221,-0.026176726448607163,-0.09018660795225865,0.03606970620615349,-0.0044342292604167615,-0.06994137596024792,0.06107694117514616,-0.014573245793830986,-0.04664360411140486,0.05301765755711948,0.01843895249713512,-0.06925557029404672,0.10507456429422746,0.3200352596350631,0.26801881322429794,0.37561044520626846,0.3439363175999044,0.2887562040098728,0.40421178676760133,0.03361713649258272,0.03384875711998966,9.828591923958209,False,,,
G17,292,1504,0.019303926631242873,0.00034013079605932356,0.03805659270999867,0.011658765407942572,-0.009150090518256314,0.03154220547990255,0.02875425057880278,0.0089089087596584,0.04827742407914024,0.012794902234567473,-0.006622527115323906,0.0279201998459655,0.21988153275878386,0.20834472586672395,0.23274344918879197,0.23712657461082867,0.2250066559233113,0.24980122326366266,0.009737753317200868,0.01023428673077111,3.921354183898707,True,,,
G19,160,895,0.028236184506352728,-0.01755685324358676,0.07266343445091723,-0.013403734895543954,-0.056703127763183155,0.027534481735159714,0.06738528048591377,-0.001271890315382107,0.09561852997856914,0.0322405637259493,-0.011935861719791774,0.06491705627800215,0.3408216869173733,0.3076224203874319,0.37410969467131,0.32956813331154805,0.300232048027054,0.36101742115533403,0.023464743856204135,0.02115927920889835,6.509824511297997,False,,,
G32,65,459,-0.048624581455720316,-0.1299858820046996,0.025166359514246815,-0.013601417513517986,-0.0875026937565703,0.06032314786369206,-0.028607069760692334,-0.08975484311577822,0.027232115112547344,0.0156315198915077,-0.05705567481513185,0.09632367705538769,0.41014601809563944,0.3500840185542341,0.47600948220307715,0.3634545318964094,0.3087601510049534,0.4226054203665819,0.04027624750039767,0.036993146031155756,4.726787553504834,False,,,
G33,202,1664,0.04098275333807329,0.01479802348424995,0.06688511117979155,-0.002679704527449976,-0.029657364966383087,0.02503629928520062,0.026987596030085964,0.006975537320469485,0.04477304077198385,-0.009185221618121124,-0.03190905255903154,0.00958604680354469,0.2541628830465736,0.23298985318811324,0.2764103951115815,0.2442154447996599,0.2245516799278082,0.26416013941937927,0.013257258028991536,0.014037930174171955,4.7795707725160295,True,,,
G34,342,1893,0.0867695565510235,0.05769965852169894,0.11580907550162232,0.02130374926520641,-0.008557679375927555,0.05208000178176191,0.08654787973265701,0.0653058923599087,0.11590487947367911,0.009329425681211694,-0.012425622301748263,0.033232214684333836,0.34073263059013476,0.31939557496209986,0.3630687857467913,0.32873471617700395,0.3083593583835655,0.35109525133998537,0.01475068262779036,0.01469715476057834,4.483651418079218,True,,,
G36,79,689,0.020855560793164776,-0.0037115929479425358,0.04386296724018562,0.019242022645881273,-0.007367667230870065,0.04788412104419395,0.02626417327761624,-0.01856398659564205,0.04571088184723649,0.028742550327010008,-0.0053997661790816665,0.04482472931286452,0.18600088351460642,0.1677357649134347,0.20574322401735323,0.174221606817823,0.15305759455936882,0.19700474437060464,0.012029358341881395,0.014344151942273026,1.054560358757838,False,,,
G37,83,252,-0.010961562437627883,-0.04117112783470115,0.016971620599960064,0.01063054463192954,-0.013976275581093984,0.03541022539368139,-0.010208988679218076,-0.03547801600042191,0.010038236983598493,0.005107778078894398,-0.009781643861028748,0.018968365860416725,0.12429531445028062,0.1037971708247817,0.14856307391280202,0.11110062374080208,0.09150959144874199,0.13223931481153517,0.014863914128714451,0.013020680715269769,7.9843039003246705,False,,,
G40,308,1638,0.009092831532970119,-0.01348380865769591,0.03271630477994044,-0.006616936147098153,-0.025019443983895284,0.012118445317550445,0.015975976986818123,-0.009940314704615316,0.03961610165693711,-0.009032475727366318,-0.0233093617265143,0.009057923522703959,0.2427118340641938,0.22735956788873116,0.2572954289315749,0.21507296282478902,0.20190952444857993,0.22927220515469643,0.011633514525960755,0.00973742689774057,2.749323873435342,False,,,
G45,4098,128862,0.02019397973929613,0.015860689538697136,0.024138695021199832,0.1153173108471097,0.11164681693475272,0.1188571381246384,0.01826828596380689,0.014793386676139568,0.022505707529407133,0.11893880976619549,0.11523569877078443,0.12216402760550849,0.307422236835541,0.3042423612941319,0.310668821311056,0.3180024153711141,0.3148698232808395,0.32114098862165386,0.0021086705655704837,0.0018376801009313871,4.121820038546377,True,,,
G48,184,1372,0.08230502039835605,0.03270296937648315,0.13031477558331017,0.0744111312270325,0.02023154585936766,0.1268926750425508,0.042061625933916755,0.008777638265374147,0.08091273907513229,0.1075384800427931,0.05532009865820697,0.16381875350372102,0.4398634834574568,0.4065709715313352,0.477972646002268,0.4572706736044966,0.42122419085059964,0.49718804119136595,0.025131486281689965,0.02700671100106403,3.353642137821451,True,,,
G56,105,413,-0.04693594159926985,-0.11761028864170119,0.018445477804388846,0.14887069060616157,0.07855795000704067,0.21802473964898839,-0.03306708747345396,-0.10187012390162259,0.016767392262657294,0.12235856688818103,0.059406646317938794,0.21030267085055954,0.5076295008936318,0.44853521824895504,0.5658486416020404,0.5031094254019245,0.44864721996320983,0.559545961648731,0.034054431358343504,0.034822602560148755,4.857378214989631,True,,,
G58,124,446,0.03689323500848549,-0.002592346343867496,0.07756766888050733,0.03039252901663358,-0.008058343305510725,0.06939643184119462,0.013181169327340515,-0.014185495777604187,0.048881333327811485,0.0232134139643847,-0.012830060990687286,0.0662559092944548,0.28530566558118126,0.25293865360930146,0.3199009273874084,0.2698623238128618,0.24293293560523235,0.2966980811431563,0.02046479054644578,0.02027182121475076,2.6095115905058814,False,,,
G68,30,107,0.18756228319845614,0.001203809953626866,0.3891319622952874,0.46201223761381166,0.22462309592207463,0.7126158302887993,0.05512355319650178,-0.04699417992933753,0.209328093772414,0.23592514656129993,0.15428342187817634,0.3909646698129876,0.5141856311672637,0.37152062443601863,0.6650631612363881,0.6236849822822212,0.41910922212782925,0.8522329155422693,0.10138560937358691,0.12564297670605343,5.4600411264247874,True,,,
G70,31,175,-0.05728665245811462,-0.13620630837183562,0.026693356230616503,0.0776724859428724,-0.00029739391975715213,0.14766750145705249,-0.08427515117021467,-0.12779899963234623,-0.06273095301215885,0.10760969458232239,0.04257033006638267,0.13412023734389322,0.3590311953261573,0.29023828497868615,0.4324793616002945,0.30377475434176476,0.24220602291863136,0.36244463520954917,0.04090476883087232,0.03907791320545618,1.5322462172178164,False,,,
G72,54,930,0.13772227373301582,0.018785659271034868,0.28376208359373933,0.22238498361295025,0.07470375810285483,0.3600638156221575,0.06516587845378827,-0.05608758754953401,0.25754875676743033,0.17346965908643597,0.0998897920922559,0.2648429404745824,0.7550515100057227,0.652894075096951,0.8646011339191105,0.8235313356229929,0.7152911994162113,0.9451845002591673,0.06596855818730292,0.07269675982560057,4.721395192636897,True,,,
G80,23,120,0.10785530160500931,0.007813104588864531,0.21207819432030756,-0.20389195366189475,-0.38006704433261174,-0.06910232465663124,0.15777791028482838,-0.03591887746677774,0.21963597746104518,-0.14382626843181257,-0.2366936292535371,-0.06541395088479618,0.35934940070433774,0.2894997060802184,0.4454895253844822,0.452595267491323,0.33240284089553473,0.6006245111682029,0.0540735471933005,0.08215226797980937,14.995354168417292,True,,,
G89,23,192,0.052712458862598795,-0.02976257582941422,0.148262373000191,-0.0294975411155994,-0.0816861936910277,0.022553103869287935,0.021126332743298698,-0.008736854316828167,0.05294796339960854,-0.05470593718115424,-0.11919192923102173,0.015863613100844783,0.19412680238632923,0.1345574995846286,0.2686162474350191,0.15628025156479602,0.12035534422491696,0.19222103351237974,0.04573539935114973,0.027254346118233297,0.6900871716605236,False,,,
G90,99,353,0.06407163723215833,0.01043223145703844,0.12540737275738698,0.2684684727464472,0.21179920373743932,0.3295644800222103,0.05510970329341062,0.019808119207116087,0.10456818462733691,0.2480773472001374,0.18022444633293944,0.3142696637411291,0.3189586161992977,0.27912060201188854,0.3640824755025774,0.4130540337365333,0.3686465417286591,0.4644454931949492,0.028684806320032473,0.030725447764758967,1.043003190908241,True,,,
G92,182,680,-0.02027505404373795,-0.07544185420986811,0.038643396870604446,0.14423853080613883,0.09624713846543513,0.19070002819308218,-0.045263564315732974,-0.10046033400504589,0.051218839705178876,0.16184364028362097,0.09694760211900189,0.19920913128265533,0.4909406284560798,0.4469170649659677,0.5368939604071922,0.4629989118504019,0.42735596754751,0.49997864959044025,0.030013875673712394,0.024508914854357234,1.3236619792702162,True,,,
G96,14245,609351,-0.0006475634050489052,-0.002559488716455467,0.0012364123760804802,0.008217952409939815,0.0065036668370575266,0.009974165610128347,0.0012701539810812392,0.00011702947634798946,0.002507732804354967,0.012078988426864612,0.010976381713227656,0.013409922640760151,0.2677192098754771,0.266243359278382,0.2691769099208978,0.2515020871067378,0.2500991254468656,0.25285818472825233,0.0009399241631531016,0.0008825195812507989,2.061777693730511,True,,,
G98,22,197,0.17161987855584127,0.08867555351369218,0.2521170420917529,0.33269132205219654,0.20852260133087716,0.450302624496127,0.12186659096557552,0.0483090405476566,0.2516257082957605,0.35837758112542417,0.1708490754278813,0.5103218790072488,0.37978609928210544,0.3090419625729079,0.4444820308068974,0.4611635525690898,0.3666193208586245,0.5549180749388848,0.043739271223540176,0.06336211944778397,1.2034578887211156,True,,,
H01,1587,7838,-0.011266908560898103,-0.017844900416272257,-0.004885307362317454,0.03725491778088063,0.030930410907542366,0.043741776422981826,-0.00886399862549041,-0.014490547404407729,-0.0014625444144859368,0.021761956209864763,0.01528179807976926,0.026455034070593797,0.12650399318225633,0.12230188946410879,0.13080753656335406,0.13099434069287605,0.12679377204738249,0.13542629577151397,0.0032278431666611807,0.003317809314631375,4.7457139834864535,True,,,
H06,408,1835,0.008885293797335058,-0.027815236914213785,0.04705578836706165,0.07238010381795726,0.034798899842900306,0.11054824296334295,0.004730544221891217,-0.019009751497554253,0.04369841542647346,0.05553445378819585,0.03128587915870895,0.09190779699936868,0.41750433206111603,0.389860431318015,0.446693346943528,0.42432082261060805,0.39719835459474345,0.45396636971559823,0.019291072002999895,0.019295796005023486,3.0874184888930913,True,,,
H07,46,217,-0.03235345986502281,-0.11707425903862562,0.054001189101652906,0.35224085356876694,0.2546573492483672,0.4569766547738414,-0.022689578872341746,-0.0903996086121695,0.07338790711662875,0.32006300670488486,0.2259445485240441,0.4037464518585665,0.39165543594128066,0.3259391331813557,0.46302895892886864,0.5555938363754177,0.46520933995611913,0.6448177617481615,0.044540091580734506,0.05118352501592067,2.445892585487933,True,,,
H10,101,566,0.027043692234901506,-0.06285319106078824,0.10763743391708928,-0.01125352218264672,-0.08412428124725395,0.06298309213831071,0.03837338571577783,-0.021292752463052594,0.1297726051046658,0.008562514808244593,-0.06983575781900342,0.04647463645832366,0.4801269960001595,0.41867544684215713,0.5496288912039171,0.44845384060591226,0.3973099961303877,0.5023028010655021,0.04520302029645204,0.03723135886935274,3.899205982583478,False,,,
H15,1627,7459,-0.006023080858399667,-0.021325552241929342,0.009615408516246482,0.01861917075627106,0.005468182818964766,0.03271630824291214,-0.0050265950084347755,-0.019517199379092947,0.008301219206907675,0.0034807634939681975,-0.008573014053858685,0.01877136569765625,0.4400141161096638,0.4280964575254623,0.4524322758801011,0.38275632277923544,0.3722317405842789,0.3933025287785893,0.007961990485635256,0.006818056856654135,4.5371599290218105,True,,,
H20,33,216,-0.2354412766035463,-0.36181928020389953,-0.09976271877606709,0.20786404661587576,0.051457319527583235,0.36229407039205297,-0.371704708723746,-0.4715222424812359,-0.15508150187220776,0.31716614116450437,0.06294588158066716,0.4294638303660138,0.5941282043122067,0.5212835570090922,0.6707640375148931,0.5347165012148085,0.4618356898717028,0.6164526020105316,0.06874594914862624,0.07958044799265374,3.8614659695561495,True,,,
H21,4886,63631,-0.006935250130673774,-0.012989604363523463,-0.0007462885525296563,0.05727570700955913,0.05106251377577861,0.06313620328275754,-0.005951715728688113,-0.012153726897117625,-0.00012663633233332694,0.049533978737281714,0.043579763393164175,0.05643175525668198,0.2905055155337459,0.2861251573073634,0.2947275851940962,0.2931069704476183,0.2887405826001395,0.29739544530559237,0.003178935834639204,0.0032380242369372705,3.3803199647259663,True,,,
H23,63,230,0.018970017198892415,-0.07623143129296761,0.11838027820664002,0.05090704748251206,-0.05050156503970089,0.14205056755936765,-0.01173476083317923,-0.07390755938588293,0.0747220018852041,0.08182854933806993,-0.019827245381520697,0.1672833733593393,0.4342189595951605,0.36217973695355254,0.5107390152204292,0.42181240164020073,0.3601798773464745,0.4864155903297434,0.04968619136297993,0.05037792676511568,7.308693664421622,False,,,
H26,112,1466,0.04180941171684972,-0.0210570799169445,0.10338998339869027,0.036365039439687115,-0.029198978041887542,0.09901261148111032,0.009378066071210556,-0.030361280694145055,0.10743249405049954,0.05565376403854572,-0.02134408256460254,0.09666914785668723,0.44716794324001946,0.4034701390816942,0.4933523827936215,0.4248583668019358,0.3869402451012176,0.463737607826958,0.031943671224525065,0.0320553516562127,2.1458152060421845,False,,,
H36,1212,4340,0.02524683950607863,0.002718638219718284,0.04642947202878769,0.00604664413963859,-0.014927901575352912,0.02772821761498745,0.029191517941801602,0.00925137290742939,0.04511673518767284,-0.003994045098920651,-0.019754835331266693,0.01379990677541152,0.47427129847490623,0.4560647242936012,0.4915317497300207,0.45706752738796547,0.44046677425906694,0.47376662424525523,0.01105989967607789,0.01092479068052495,6.664894913993611,True,,,
H41,95,3928,0.12054005784470177,0.0638552541666333,0.17769872332654643,0.03705763493003731,-0.00464930906686102,0.08397061788620548,0.07319040056633677,0.04187734155252918,0.11506043395035936,0.01707282662008228,-0.016881902213626974,0.05040673012501884,0.48789871186427913,0.444312131170578,0.5331948740300954,0.4529027639363462,0.42084852057620115,0.48833204742790576,0.029891514630254187,0.023018651752167094,2.7063205427199764,True,,,
H45,1149,30042,0.018624866466243773,0.005212139678720218,0.031132572058721886,-0.021505066806585295,-0.033356629112013376,-0.010900694080315835,0.018163763863921552,0.008462016824730407,0.02787002163410802,-0.02577486241423036,-0.03400401802490143,-0.015642667623616546,0.3316792251300024,0.32242386196424183,0.3409290767735489,0.302974556289907,0.2951657147903722,0.31073303956244963,0.006823401873644311,0.005808703463843698,2.3628813327258276,True,,,
H47,106,518,-0.008549936734444255,-0.0562388667862292,0.03712078436816824,0.021322550319816422,-0.025820735381746254,0.06524181173117419,-0.0018956647514379401,-0.0283748636170972,0.05421732665860325,0.03073870625982522,0.0012632947476909357,0.07957267275993107,0.28995022527755815,0.25629903153295225,0.32568762731614254,0.28425545766076976,0.2521085680190425,0.31862079574094576,0.024024384603905338,0.023630854139779556,1.7141149162703462,False,,,
H51,173,2201,0.06355633607025411,0.01922661129789725,0.11006233325182575,0.020054295698830108,-0.02771767877044611,0.06845630349510251,0.022437704681406753,-0.02477489130168579,0.07600847491200056,0.029677567760111635,-0.004022827385341543,0.0883716239043802,0.42745415453393454,0.3934037617562119,0.46251150817223263,0.41839303700409114,0.3838686391251157,0.45302866617244825,0.0234727773262764,0.024638379842237577,2.762119079656632,True,,,
H53,102,1960,0.21831402476068434,0.16633014455519735,0.27516692388129477,0.0741388709825864,0.03615025736804471,0.1111818007916625,0.21187598117289003,0.15810266784516447,0.2564327287225969,0.07247022262770741,0.052218826012762065,0.0998487842948581,0.6188192065154834,0.5693249737037928,0.6704384342683286,0.45217066877331946,0.414653817725605,0.4910596707279771,0.027747986843857427,0.020162886459911523,4.037024791972296,True,,,
H55,783,7443,-0.021670949878916296,-0.043523336328373546,-0.00016485281960441111,0.16588430828501147,0.14723570865262214,0.18391452536591565,-0.01993303326451918,-0.04192853805919865,0.0024674584684392454,0.16281980967813858,0.14455912781983216,0.1810170270259577,0.3992973119281271,0.3838363837116522,0.4151202749643108,0.3980613975171164,0.3843552086664345,0.41233839913887715,0.011029948512225518,0.00946430283704743,1.5983010662717498,True,,,
H68,25,176,0.3344592463016318,-0.07521709009150954,0.8043863256043687,0.06096150136797503,-0.29193729674916935,0.39551266145117564,0.16572697255594365,-0.24035311035841095,0.49730747779314155,0.16666154193601956,-0.349546300323027,0.7025051181581432,0.929670932826335,0.6382727900353977,1.295317916899493,0.8526287762467054,0.6556415046567666,1.0648456310451475,0.2306006050982269,0.17688079950744015,10.986103346285015,False,,,
H72,65,1042,-0.0009000690761122873,-0.12174627192697568,0.12169211093948212,0.1890267476508802,0.07636531136991336,0.3055925537941788,-0.023989634533882236,-0.09660157572329049,0.026841616266196043,0.21214428916737557,0.03162575166868464,0.3048527696345005,0.8222682001498058,0.7237193414140135,0.9275910213720832,0.7150885281529067,0.6329338847684457,0.8033194588074807,0.06414964808597232,0.06024724278454719,4.383266884052356,True,,,
H89,74,269,0.010185424702100505,-0.05727852875736215,0.07889810348804807,0.003690967796700183,-0.06126884864950581,0.07519160271905759,-0.00423870522860996,-0.029754959121063042,0.062227781589371076,0.0009651153297340898,-0.04050565090381042,0.03338222271622726,0.3195677696987207,0.26792415736430486,0.3722674574077721,0.31238921168707207,0.25809873649824927,0.37013883235130385,0.03570966824096524,0.03454209288717558,6.8841630417055235,False,,,
H98,30,137,-0.02595975318104326,-0.18745185332167827,0.1309753283724464,-0.038107866674757296,-0.18666687050162073,0.1079205379001783,0.03599610524324943,-0.018255822844275002,0.13342260369795228,-0.08800741853897343,-0.22360801497143257,0.17804261885601136,0.6348516332717208,0.5167798363076677,0.7541552245903917,0.45564320838102973,0.37411765379510287,0.538052370884175,0.08213226468465408,0.075618606550099,4.259311273963593,False,,,
I08,20,230,0.24077256990992207,0.04239577234160965,0.5060560172267679,0.03244599321929562,-0.23113163180958624,0.3296910345484579,0.13300456744625894,-0.02150595381220432,0.18018190728570557,-0.06414843178905429,-0.1065019929035097,0.013187623367327816,0.5817800897029064,0.40593982967249703,0.8102219593241548,0.6612112605893088,0.47990780911980335,0.8733157867049733,0.11934714193291036,0.1468300868116372,14.377105886761276,True,,,
I15,389,2001,-0.03657089711403826,-0.05533509552660245,-0.018930274739873885,-0.008420534805640497,-0.027220921199567472,0.009961824372501994,-0.035357403422662664,-0.05784433001312101,-0.018470887654952733,-0.012742777197161104,-0.027918901822090447,0.00629916135797548,0.27387332375388673,0.2584797357341817,0.2893161522359852,0.2632925155397376,0.24854595207414867,0.2789761186789638,0.009468324007576663,0.009172255840828033,2.043140558519331,True,,,
I19,87,316,0.06535641441540313,-0.018293143688113137,0.14646008022594312,-0.004944375576467771,-0.06235870211466424,0.05394519370311556,0.08256978885858994,-0.015675766067805963,0.16024007792413325,-0.06246106192691059,-0.11815788155473683,0.009685352417809767,0.45023701901736934,0.39606603175478783,0.506433830407306,0.3303566901147371,0.2894462826567592,0.3725925316327689,0.04239654562880893,0.02972606858206407,3.7774616079893364,False,,,
I20,119,436,0.014592844209125313,-0.04216709716623385,0.07042592685573612,-0.054875559911294,-0.09945400333756135,-0.008429011835145146,0.017154460722345385,-0.02880315552028768,0.0725305711324881,-0.043306970566447944,-0.07429792158697117,-0.01173778644840695,0.3374315916552923,0.2997517554854674,0.3780572564966289,0.2765310814150981,0.24283339782723984,0.30820518568594596,0.028387823705587296,0.022988740459089253,2.305062591503008,True,,,
I21,29,290,-0.03676714428093519,-0.12222245938271924,0.06052656660816874,0.08324573106270525,-0.009211654605426644,0.1682635635043169,-0.07912674035353746,-0.18902591134844487,0.059274208234661535,0.0921345722413382,-0.0025394192157079942,0.17227328096538486,0.44486040395773446,0.3776890431016883,0.5169405115234335,0.39779564460560485,0.34568313301569337,0.45952040903000524,0.048405313778182864,0.04613169321222733,2.6182749149835725,False,,,
I36,34,121,0.023387870740018055,-0.0695848533260855,0.13202114748584176,-0.016761398765871433,-0.12437274542676176,0.07915234862551403,0.027544222199061143,-0.12434842164768774,0.12780414268965962,0.033899334166953565,-0.08284085892859006,0.0877491813864041,0.33069985041584765,0.26837190848419407,0.4047454668539927,0.32742561681750754,0.26574389068494353,0.40076662905233135,0.05334300905859425,0.05265620658045143,2.539066713299746,False,,,
I39,80,276,0.0005269557625093846,-0.10000911118519329,0.09421554853436659,0.08058471512393614,-0.011956457442639042,0.17459922865472194,-0.01465715768531337,-0.07500387673641896,0.04048420646810517,0.04265433936083696,-0.026101082430329825,0.11982965319212724,0.5569898714712593,0.4818971514383222,0.6312387685442433,0.4721088514054509,0.4052562028148346,0.543477056166109,0.04940786843894209,0.047044504252601614,7.545629008115935,False,,,
I41,5481,166651,-0.014134823747587925,-0.01925344092222307,-0.009216760830880914,0.0011728614940195042,-0.003045022896417886,0.005348643743156239,-0.01599124769821407,-0.019493568007000885,-0.012479912909320342,0.0021249468299515684,-0.00039806314225331344,0.004762078493790834,0.22819242351045482,0.22485196838305346,0.23147887828987326,0.19432223531554702,0.19125432949666368,0.19734921763777888,0.0025582980857738564,0.0021837197872004717,7.376394855918689,True,,,
I42,39,168,0.10620573686692908,-0.009647525831883157,0.22884952831765168,0.12673000068292448,0.03310813887805149,0.2313580741876517,0.0423537877565329,-0.047713199741083186,0.1869311211750369,0.13649482217772402,0.02708823715096287,0.22390515547243695,0.5046815393556076,0.41195491989526495,0.5954881836906902,0.4680595289940345,0.38252714006519783,0.5582063556342445,0.06224268661550686,0.051509587654118935,7.187390290375968,True,,,
I47,45,216,-0.06941748173300778,-0.17683376507284573,0.05349755055037835,-0.015729684430220884,-0.10740353365989852,0.091571468760588,-0.0678157875720305,-0.164756796823088,0.03678865883202346,-0.030296134013951814,-0.06585708549380342,0.09280272508220833,0.38054252146791795,0.3104008965125833,0.47038869461962285,0.3580758722027401,0.2868623947148918,0.4390092579299916,0.05910441705158991,0.05236896849607497,4.332594827833672,False,,,
I52,3807,34759,-0.023030267122013025,-0.029644993884135985,-0.016334046686992426,-0.04078279262486484,-0.04753821896239664,-0.03404271746055997,-0.01877503924032589,-0.02434843870773913,-0.012967493877345896,-0.039090870287736834,-0.045254747642076154,-0.0346870258020715,0.3421490686236059,0.33689064394998036,0.3476319950735022,0.3302268882378894,0.32492370999252046,0.33584981036487055,0.00364547735674214,0.003368737093105643,5.412196287230892,True,,,
I76,66,403,-0.04634978473130762,-0.10550081414270433,0.011582503837031464,0.05292469304055799,-0.03837735060197235,0.134674473401676,-0.042204486140372366,-0.09389224780128247,0.016256093334104795,0.06764297967274402,0.02821628988671776,0.13851765466849233,0.3338991908825533,0.2836234328277064,0.3875448933716352,0.3990876768747416,0.3385101826462327,0.46706632132245346,0.02998488062070621,0.04487043648181406,3.554403946634717,False,,,
I77,114,462,-0.019806860260671477,-0.10037958775032906,0.05629170107519396,-0.021015231806182998,-0.07760833065738948,0.0355027993630953,-0.03300813975624426,-0.07803924426751908,0.03443706322001777,-0.014943785073384674,-0.051666431579988625,0.02103796587391571,0.5119324064040236,0.45692470084357395,0.5725966406300406,0.3439320910409006,0.2990001262858307,0.39058378492409895,0.040201489667587485,0.029113294671556322,3.231706183385078,False,,,
I89,61,243,-0.05566390914699643,-0.15924591543856947,0.04282203602980333,0.1419951582349888,0.061883760087079,0.22633562959625836,-0.013581723131594987,-0.11612648982549349,0.06111465681942222,0.07582756910800015,0.019922547583917094,0.17795791705950137,0.3654508851143313,0.298986635482893,0.4390349698876342,0.373964955815647,0.31706928997712336,0.4320679107433996,0.05101479350290358,0.043419477975826494,3.5226377472608323,True,,,
I93,842,2603,-0.016364743794335848,-0.032065989056310064,-0.0006737393810487043,0.09328865803852848,0.0771567776553358,0.1098573189768379,-0.00542490701795042,-0.02696014665843443,0.01002540289922125,0.0913372231991616,0.07807597627463636,0.10726232016517123,0.2798541394867854,0.2683381690303562,0.29110268361085523,0.2944208196931697,0.2827459883161393,0.30629401754521834,0.007982054664180655,0.00825538070858916,5.760114716668577,True,,,
I99,78,280,0.06688672948264014,0.020363429322006743,0.1168326163354278,0.044763021602581755,-0.002877521107251031,0.09711907005129698,0.04264838891618346,0.011043288871300789,0.09095640060604115,0.032995911710642645,-0.04358244074751383,0.1026204683597598,0.3071989712784927,0.26764350007089627,0.3479903748884061,0.28364167148300595,0.24694738047879403,0.3214486316480796,0.02443650393711503,0.025385802940674766,1.9401269427369523,True,,,
J04,1431,5433,0.06728197435273671,0.05509035671142723,0.07937494229298961,0.19211982316057358,0.1789278356453916,0.2054558387418677,0.05389008342465431,0.04004934018899279,0.06759457626228288,0.19303221912683188,0.17306602512324584,0.20805582045682058,0.26695784892931623,0.2586454638276906,0.27539414461916056,0.32391126156917543,0.3140808125900996,0.33366265541306955,0.006167880492329803,0.006823990035108393,1.6044925732422448,True,,,
J05,25,105,0.021873247030900496,-0.051627372083073136,0.10041698740913821,0.13537973947687795,0.04017332225882715,0.23850619121032685,0.0076514014836534215,-0.09548502963891814,0.14395562936220302,0.0818237792572063,-0.015455267111974536,0.25871016313223194,0.2742264308195498,0.22531794873722458,0.3270937715241293,0.3036914389351493,0.24032220334528817,0.3761751780978472,0.03911944382544623,0.05062368359598636,0.8504318750878038,True,,,
J13,38,282,-0.04897363323770299,-0.1178397526227184,0.02117707063606226,0.11678256358638428,0.05183810964521797,0.18174530657276275,-0.028233569423738746,-0.14638285243910418,0.034940299908384216,0.11193718380848594,0.029317431577613462,0.19404938122438153,0.22372927696941447,0.18279752454663387,0.26814575902868504,0.23592920142469984,0.19159510608197278,0.28371557420393745,0.03588132954777391,0.0347466799390776,1.2781759109764317,True,,,
J16,67,303,-0.045469366399294726,-0.08909474683951878,-0.002006822457979328,0.21290669315135516,0.17484516097373393,0.2504541155020629,-0.039702766995660145,-0.1041695758002897,0.03479253932506003,0.22942402576120458,0.16276908172017102,0.28988073727660435,0.25433505919019067,0.22542875834402545,0.2845225230297994,0.30249857178894035,0.27786342555254234,0.3300235555946358,0.02268201334564185,0.019374542668756826,0.732142271006214,True,,,
J19,25,196,0.021654700532885637,-0.23890344389247065,0.2829119938678906,0.29329042883743806,0.09261463988038424,0.5049796390440806,0.0670169146000281,-0.04610535181198378,0.25558521639335297,0.3062706855140667,0.25915132126566304,0.43913258168331026,0.5402958653141778,0.3698802231319124,0.7472998676220054,0.5682336745707611,0.43947933316244336,0.7159910388854823,0.13390133203675786,0.10908387084380924,2.691151981956221,True,,,
J22,40,128,-0.023108237296683175,-0.21141039319214797,0.16906666623677175,-0.02703285378701421,-0.10926539594710198,0.05086637270037361,-0.020184440810021693,-0.23281427023212814,0.10702012216382598,0.027613492516564975,-0.11474661525916474,0.11175733440409248,0.543991491984529,0.420237185482438,0.6788162457423997,0.3308986703971701,0.2639550436411585,0.3977439320707509,0.09817011569989001,0.040516440058646915,10.942689780101981,False,,,
J27,141,692,0.031090426239880578,0.0017306312435869432,0.06246448910108289,0.017646732931464747,-0.01127970384203377,0.045910853439248764,0.020125778956944194,-5.951288523858844e-05,0.048385783911595905,0.012472898792736942,-0.002640618271243511,0.031112013249412485,0.20999155515589746,0.18824852818102836,0.23437103818086855,0.1887040393212303,0.16850798572398187,0.21065219961074685,0.015387443900957117,0.014632371485940385,1.5088001812351854,True,,,
J28,53,153,0.0009695574941174643,-0.056979543997748364,0.05961070117422904,-0.0006440399097827752,-0.05484192587874935,0.05852814779951327,0.011310508553409409,-0.06076836188146656,0.08834497369459804,0.001964275596577636,-0.06645713781097129,0.08951325660540022,0.26321512138143943,0.21837343062216988,0.30868877714106685,0.2808688701450482,0.24280145935176456,0.32393373828339117,0.030816529984465352,0.029161546817245993,2.0258276372373216,False,,,
J37,26,105,0.008331685914511252,-0.14124714124188642,0.13928933506723123,0.02071734298938745,-0.12567967745249636,0.15688009903667693,0.039351403475509576,-0.10406852405600538,0.1886738220099145,-0.009003110064398356,-0.07583492211622911,0.12675124581494474,0.38069744727474303,0.2986099997020066,0.4824837877128813,0.36287141527451894,0.2797468672644417,0.45266672685072107,0.07457334488949718,0.07037685337630215,2.436404066513978,False,,,
J41,48,181,0.015866128719620842,-0.06072661073288711,0.09468512457895724,0.24675940738860436,0.16490286513796357,0.3287041577569334,0.01056896703561953,-0.07937247994518654,0.08777736556183598,0.2388752874699307,0.17554411587070717,0.3027815929280158,0.35178940892581984,0.3027654583699599,0.4059335834554974,0.46958910244804813,0.4000033957373573,0.5439744665836009,0.03936361259958459,0.04250094021935282,1.7647393346670082,True,,,
J43,2006,14440,0.008000948933231814,-0.0024669947534357545,0.01839519782836941,0.10789368371449129,0.09887756781376665,0.11746229684559065,0.005394440472522824,-0.0029172046626778506,0.013131090667371153,0.10335754837704769,0.09523270822872965,0.11054088690839681,0.31151415188093134,0.3039228048117304,0.31908327634183986,0.2945246274291619,0.2876183714829222,0.3019078539927085,0.005429935159583814,0.004767684190309652,2.6808517044176017,True,,,
J47,23,118,-0.083309411429467,-0.21684265453965665,0.031753051207090884,-0.22903399574871494,-0.4788745339027874,-0.00032992046005639303,0.019862747973898424,-0.2276933261380711,0.09672600019574537,-0.008575420019685254,-0.43405205232329713,0.10842746248158619,0.3377152564936487,0.25963075543325836,0.4369973982482114,0.5658300128246535,0.40355910313364624,0.7414449233014693,0.06260555292738412,0.12824558760563085,4.712663918961295,True,,,
J50,36,208,0.15736334752550174,0.0564237630935495,0.2601740790853396,0.14496505544161675,0.04451554375944492,0.24214137504818367,0.13629883239947096,0.04274053519983983,0.22717498985611792,0.15208561613100358,0.06493920955428223,0.23584935187153794,0.3860426209724501,0.31378316656195987,0.4639606930842481,0.3698655120431787,0.30282920218377707,0.4423561429261139,0.055143234366131534,0.05178212676665151,1.3761629538603124,True,,,
J51,217,1803,0.011206113429329643,-0.018712152072063407,0.038526157335358725,0.015311638795724187,-0.01161111834337018,0.04304942998383631,0.008098646046229193,-0.023199220086795078,0.031643631819616616,0.004405107516092244,-0.019241936811909,0.030962908152685563,0.2958107841120985,0.27449372114264237,0.319605908873396,0.2713057176193796,0.2522646726726744,0.29173329925762936,0.014923511879774655,0.014349773200560592,1.430233174501817,False,,,
J53,49,206,0.09301743699478676,-0.043877015784950825,0.23334334174183494,-0.07688407957877197,-0.2381490168709613,0.06531267430897958,0.020685879908481017,-0.04834984467933863,0.1644847283505773,0.035444243524196395,-0.13022080950353399,0.14545073170211253,0.417804536767623,0.3247172459863649,0.5226383690085956,0.4633055546897974,0.37248738944309584,0.5572411890191018,0.07224264070075358,0.0783684470935213,3.9066133650171766,False,,,
J57,121,404,0.015635942809516447,-0.036809564548078,0.0686697433524854,0.07459353405276356,0.03177952655642991,0.11694191198432946,0.016498221442011716,-0.041093374562877816,0.07388571204596432,0.05463110192707177,0.020285829740487316,0.09644147705554218,0.2986808933836668,0.26367210347762166,0.3344262166482512,0.2683651624983447,0.23808996224278464,0.29945994704067597,0.026030953441884698,0.02184863569517463,4.521296877971421,True,,,
J65,32,332,-0.010059139938289809,-0.11856158191000628,0.0970349186528621,0.14207052485808436,0.05178034939903734,0.24892934335057054,-0.0005239024369319487,-0.13366709957750553,0.05117507728568581,0.07742868028485142,-0.00785570903047983,0.1985914362364838,0.3213785998581201,0.2444764898371332,0.4068151055883843,0.3017974878242081,0.2277978388044957,0.39895501690354485,0.05822248426568236,0.0511754650044881,1.2478236571128645,True,,,
J69,333,1521,0.0375812274245394,-0.0028029488744200012,0.07620938188444751,0.03132187656049239,-0.014715675216805661,0.07544337064698443,0.013329899688821964,-0.012261182465526535,0.045079423114287864,0.030494369107714192,0.0009275565867212574,0.05482877602815961,0.3773601954963701,0.3507923850729792,0.40538149153341124,0.3877472321062257,0.35621920788071937,0.4186225566168338,0.020096559640373036,0.021670180300218056,5.212403898821807,False,,,
J75,1367,8323,-0.012981741515555062,-0.026155881021618928,-0.00015830076178818632,-0.02875325374852172,-0.04024963839112471,-0.0169280647192629,-0.007618486244971624,-0.023274389071227985,0.003489170069198844,-0.03400035509457666,-0.045381432862470206,-0.024585148449318694,0.36871282005706013,0.35958717438023,0.3783317196388656,0.33661640108884383,0.32778887511664495,0.3452355399198042,0.006557627576903754,0.005874207754391676,1.93258325962877,True,,,
J84,39,175,-0.00973033998309269,-0.13476710267547928,0.11203838959817056,-0.04672107038422391,-0.17615718781155001,0.0911258822209482,0.010853962051876729,-0.07860766701083984,0.12516838300651706,-0.03949335294635148,-0.16074948407691636,0.06434619457356128,0.3310352730385732,0.2482727488997324,0.41721438175616843,0.374692136243767,0.29135560227353635,0.46713130113611295,0.06433479649671735,0.06954310024014312,3.4332673230142494,False,,,
J87,161,866,-0.024870232342073827,-0.08133969349728311,0.03179702319269219,0.03189734318556136,-0.014893370426556474,0.07874271309484696,0.0006999770762138915,-0.03404902482607088,0.038688325760786624,0.026085394644592697,-0.010786865324341477,0.06698986193205414,0.47745165708141785,0.4284723023188455,0.5310521348135978,0.3639109900342,0.3275079761612692,0.3987218787877741,0.029293573469726306,0.023287241651000445,2.024728818976752,False,,,
J92,29,355,0.06123030376416152,-0.006234902965860067,0.12754177079649018,0.27455329992233213,0.21125130737857536,0.3365056497037955,0.08924658600913794,0.009244515491563682,0.12279311324258353,0.24256747974398252,0.19432610700533814,0.3621697717380812,0.30452197519658064,0.24971087595277153,0.3694664265881206,0.3361282893700709,0.27602497894916433,0.39728968482195914,0.03515783490315504,0.032767391793171945,0.7296742819562527,True,,,
J93,100,862,0.14799659941046506,0.08408754180386148,0.21426551231605828,0.12350538352831456,0.06429487661247477,0.17805343082015626,0.14071412307152867,0.08831378709920783,0.2245571148097099,0.09922539405422981,0.03711292687000878,0.1607473928874668,0.4904489560555826,0.44342267018402853,0.546725968098024,0.39889479150013457,0.3562946412053539,0.4440199293569063,0.03386204653435609,0.029871145239421894,2.38632554658175,True,,,
J94,38,158,0.09936701144575855,0.0035825316014703955,0.19609420440622097,0.03763664810977399,-0.09403769434075708,0.14692423641556296,0.11917572244213506,0.0020141519610413147,0.1786778047425036,0.06757895714173401,-0.0003748223917909854,0.20418756341999966,0.3565456022006716,0.2905928066105809,0.43073930701141605,0.3478558513446206,0.26908818472271373,0.4464998660455631,0.04955995175041603,0.062383852639480826,1.9613968141059048,True,,,
J95,1584,6980,0.014971074947525118,0.0001822460807280568,0.02957938995898613,-0.0010176443506324958,-0.014958967259743177,0.013654116276251517,0.015212077827260067,-0.001738095850743107,0.027595000457297902,-0.008691760570798124,-0.0218671506844359,0.002821944990216707,0.36286228368955337,0.35175189979964183,0.3741447965171155,0.3512399171631249,0.34122036686302737,0.36172680485235875,0.007667179902409323,0.00720744897429045,3.3508331398210864,True,,,
K00,29,122,-0.027797451284637953,-0.11754640851996695,0.05873257864752117,-0.02933140634535614,-0.1297981893561232,0.06392165845013499,-0.02169061078459907,-0.08241942877986802,0.0560725590176222,0.025689571272380363,-0.09255884333327913,0.05916910359111682,0.33123943965633224,0.2677684959452276,0.39743809945712355,0.36032140014282876,0.28717225352550313,0.4367639796177491,0.04357989985098828,0.051529161532951916,3.168402877121644,False,,,
K14,63,446,-0.018206726046070317,-0.05406418690339871,0.016862900725897682,-0.05545675646917881,-0.10198745701085161,-0.015096784493746344,-0.011357767284097889,-0.04592348175877778,0.0223176025117222,-0.05328906197377137,-0.08246684312709363,-0.0041830610783222255,0.24670854033569753,0.21486017546929237,0.2828385817505502,0.23911704904002656,0.2085111354512037,0.27402525446480747,0.017765781237814998,0.022307401457544673,1.2346949480980902,True,,,
K19,1478,5982,0.010109273564055986,-0.00083291650442647,0.021398493883823814,0.07380768817985772,0.061438666745756224,0.08647628811474829,0.00900549968411955,-0.0029045005049700193,0.018739809429898075,0.07340112477400851,0.05992285670672004,0.08569604173913113,0.3115862578951851,0.30208269316929465,0.3211602695517062,0.3358340819430795,0.32572620068894254,0.3464551378995123,0.005817940058755948,0.006251533156749536,9.356214862777204,True,,,
K35,109,724,0.004377606784920407,-0.04855942025618004,0.05822894194263792,0.0628284963043927,0.02541526728645182,0.0987821664295125,-0.017325556959314637,-0.04732399500675177,0.02807782341344954,0.045464493686608876,0.006152355752533367,0.0892810080170392,0.3320029100853043,0.2971344172544157,0.3694904747557868,0.2879188412341582,0.2610293609193132,0.3172034686354833,0.02693061643790299,0.019105002106599857,5.191141205251177,True,,,
K38,203,1125,-0.0024152105423100767,-0.026507968091724343,0.020721977575926632,-0.004397466718425369,-0.02752829677824774,0.01841744516009771,0.006086812188767943,-0.016100674122757962,0.024170553665111182,-0.014327011193415728,-0.03546340244952262,0.003297294945241447,0.21218908859962518,0.19446116716155867,0.23123532909388084,0.20319462271704494,0.18609781279043264,0.2211401098128345,0.012369252612302394,0.0116212823716963,4.189934554360054,False,,,
K51,87,274,-0.027117780172801614,-0.06265687201900538,0.0073237095373697636,0.07779741066289164,0.03242358535527321,0.12436161960172722,-0.017808050625062945,-0.04851667030603033,0.03099301822759364,0.03442717050745614,6.649856345575245e-05,0.12577953088452887,0.19822577636773644,0.17603193213189755,0.22170975056939624,0.2349375093317011,0.20613976448786966,0.26596184500719056,0.017695678393493564,0.023156473163047007,1.5311528408089459,True,,,
K61,88,350,-0.00536907233069866,-0.14603929079751404,0.1272226220241569,0.07825518392419623,-0.024978976968990034,0.18222414550078725,-0.06884264961801292,-0.17549973955840237,0.04091133491347818,0.0110864022058621,-0.05559924633686819,0.10142683597442748,0.5776375662113952,0.4984877306366757,0.6633481336528593,0.46706580627162936,0.39944832743666636,0.5423673268342302,0.06894823279397955,0.05439915198146429,14.434852566074891,False,,,
K62,30,116,-0.02672852333651588,-0.08527650765946869,0.03143670296967389,0.06763835297068323,0.010372158707669712,0.12499741077782746,-0.007737621349217541,-0.1249366764527359,0.03477933816128505,0.06430796713434717,-0.01125415849152489,0.16909587985654895,0.26292750896549466,0.21805242877561296,0.30737440203169525,0.2820062064417625,0.23920408649813207,0.3248064000992215,0.03084237553588321,0.029756278675980463,3.9987204066132493,True,,,
K63,139,449,0.018994223086474187,-0.0251642948648187,0.06040520090830859,-0.009116597998921448,-0.06428013192343505,0.047170067836148265,0.01966315195302633,-0.020412340973411432,0.04874105392694807,-0.042088510110716015,-0.0895009066368857,0.02545892001961647,0.31722276647237874,0.2846914136793218,0.3519533345818244,0.39797453051030346,0.3623227702445958,0.43465959326894005,0.022308183786912638,0.02901165965628475,5.970376121084012,False,,,
K73,102,1114,-0.038096399033447755,-0.11824597001279337,0.041164710124067444,0.018670319059457458,-0.0719747957223988,0.09904953160976135,-0.03801287549810835,-0.0807568397502572,0.013422918966401055,0.002884106253881341,-0.054131899145559714,0.08929184349675268,0.5161880665864387,0.46558888614878186,0.5722244864152054,0.5292727386657818,0.47100268888705066,0.5883470632466992,0.041146398300453954,0.04175059018245542,13.435107116091926,False,,,
K74,805,5619,0.00815546877094934,-0.0064415738711548895,0.022492684913205028,0.050805286322649475,0.037030882049233105,0.06448762898478085,0.011628737246870403,-0.004919515941746527,0.020907464362739932,0.049181832835643036,0.03936083125170496,0.061282516784189056,0.22736203256684992,0.2181704649547341,0.23749813125860011,0.230155342939513,0.22168822666405097,0.23965750360107327,0.007134730731979327,0.006834194699527838,2.52924286588685,True,,,
K78,47,153,0.00986483097024147,-0.045503343514259956,0.06707569094912069,-0.030875914496502715,-0.09468418320035571,0.025997665733535055,0.01205013423449761,-0.026006332158053518,0.042716175352217355,-0.009512198329275634,-0.04246190086689694,0.04587043201809138,0.22258642958205904,0.18401636848887737,0.2638391296720925,0.20878882388386769,0.16375183641201596,0.25984745599690834,0.02886085592668447,0.030868092436763556,3.68472421691778,False,,,
K81,22,291,-0.19147409409649177,-0.3205508881689338,-0.06298257377794672,0.24535912971770166,0.1379208858623292,0.35897255987872256,-0.18931555710765635,-0.28613171159226247,0.011861462478521437,0.2041709348293048,0.14875038889172743,0.25753444936271164,0.4550178038538689,0.3678131716062393,0.5453638329801453,0.4193795929686479,0.34411766834556134,0.5027893567431745,0.0686319914838683,0.05885091620297671,4.6119651245962325,True,,,
K83,318,1169,-0.054095114999033383,-0.08486938553370978,-0.0235312254968042,0.06914000604692484,0.03668421553999227,0.10493275086843998,-0.028360022161319068,-0.06540242855555173,-0.0074130134029755015,0.04952380162066561,0.03119423872638638,0.07906244355808888,0.314883252586976,0.2934517295684954,0.33819650152629405,0.321144895066425,0.296820364477736,0.3446176302916155,0.01556529404326633,0.017261799850599,9.333400352782398,True,,,
K85,24,515,-0.02583830708432522,-0.08374514636908809,0.026575204006543195,-0.014056640966932937,-0.06413546839817388,0.04156206112561709,-0.01225140811359192,-0.06390912446185514,0.04324397512865011,-0.04155633990382427,-0.09386750588133985,-0.00931445274318321,0.19181429433224126,0.15451940749024173,0.23144008584806336,0.20567129819926033,0.173391640177555,0.2368703554040857,0.028723914778689914,0.02876051330717195,1.459247723945775,False,,,
K87,705,5849,-0.0033666891532881586,-0.02543462300036073,0.018245483135876303,0.022689956920743694,-0.0019193762437707618,0.04750904892251212,0.008630935247599643,-0.010246884531017705,0.024913247518706702,0.021281418563035004,0.0056674686192081936,0.045922401032783,0.35677894460786763,0.34261499292103126,0.3719796459048085,0.36107102087205356,0.34491283334207884,0.377032289489063,0.011245294296309861,0.011952932076902107,4.870365906438038,False,,,
K88,704,3437,-0.02510752645873098,-0.03988041419572535,-0.008836321671205035,0.11400628307948608,0.09619509891244885,0.13086486500047706,-0.019663603375038648,-0.03205787467654607,-0.0033273777917834473,0.10694845385014254,0.08521385551818472,0.13419265331151564,0.2804572543470261,0.2688796190161935,0.2925409154708905,0.3032546660157687,0.29106795046589196,0.31508346258717945,0.008146718810025079,0.008687869005276,3.47859577632541,True,,,
K90,28,458,-0.05705997364831251,-0.1454882328220218,0.0268560722632948,-0.02747516016881351,-0.09804949780224367,0.04445118093861444,-0.03996268554160009,-0.13840803854244543,0.027916976510413825,-0.018695221782127902,-0.06380308844737215,0.038156559762043685,0.4191424511089311,0.35860892352753787,0.4833872299874249,0.40257994893186305,0.33203361385284874,0.477147382153028,0.045766307741588644,0.03672945431005104,4.367212866974859,False,,,
K91,145,754,-0.0037801328150647395,-0.03183528622307172,0.023706655552391136,-0.06167232819143876,-0.09038673560591777,-0.03395992737750075,0.004982946930447133,-0.02378592382160869,0.029528751838385315,-0.053041900639705375,-0.08201631555664335,-0.035497552742036476,0.18224945974241516,0.1653599867126605,0.2006333180625431,0.18552395827615792,0.16758543974295004,0.2042324898260515,0.014518253733436593,0.01453279840123031,1.356070652293311,True,,,
K92,110,643,-0.003441625121725157,-0.03378918691730323,0.025834641712811943,-0.03625039949998204,-0.0711793357447313,-0.001762290751944875,-0.009531865533192938,-0.032263544954967055,0.0393646766623358,0.000542912895440395,-0.043409755176071485,0.01721343824412358,0.17174259804686498,0.15337723108936405,0.1913321478173152,0.17986294037292708,0.1599791011279872,0.20269151714988248,0.015312013484785031,0.016627666422785764,1.3140583230114031,True,,,
K93,110,613,-0.012581294280890807,-0.04067675522764347,0.016001978506269353,-0.06792401901116081,-0.09566397587054669,-0.038630912977672724,-0.005952194497153587,-0.034659895649250524,0.015061766241113725,-0.05975611265190496,-0.08657174607478169,-0.02763384154902404,0.15480928622144555,0.1380624761028757,0.17254977178256464,0.17552332828300793,0.15638977116958563,0.19619466212617784,0.01440030447874503,0.014817526002007742,1.073110328149362,True,,,
K95,872,4562,0.010711872294017795,-0.015645795805943812,0.03823998808387518,0.0212654083644276,-0.0032620232335428784,0.04703048090120184,0.02739975109286414,-0.00012081199043235285,0.04628187856660894,0.029377792059076535,0.007799294610483343,0.05209997106600639,0.48962096205654637,0.4691432717141576,0.5100007524616645,0.46805558990705365,0.44965953704793005,0.4871030011747765,0.014106042521048539,0.012744537658835523,2.5243964810276682,False,,,
L01,1098,4407,-0.06004221185459106,-0.0783798625939875,-0.04256014679648399,0.05099815397291638,0.03335860602207639,0.06804517046581537,-0.04972967467601597,-0.07428776748710827,-0.035624100967076335,0.04554354903287816,0.030549414157565735,0.059362085483982696,0.3525172455419278,0.34025527335190364,0.36461524608197454,0.3410793749636512,0.32945888644728044,0.35265618743685867,0.008964023275028028,0.008417278208575513,8.718355936534973,True,,,
L04,679,2374,0.020923254782303106,0.0019150574874877287,0.04074161744326529,0.05302616656633216,0.033994054551565685,0.07256896078562983,0.012216219389605236,-0.005631578560182946,0.026995595313327295,0.04566957373810965,0.026317066345882267,0.06688497591937903,0.24939564374853493,0.23772652942780573,0.2619742688083902,0.25504647009829984,0.24269702514759034,0.2683563665681495,0.009476641727745204,0.00969514969038062,4.842405431599892,True,,,
L05,24,125,0.061267675750401755,-0.0957746428923049,0.2192522154086428,0.20960724748278906,0.07049395572911746,0.35464713740819376,0.04393475629594247,-0.1385223575437443,0.16733551705049818,0.19903484826059525,0.02667374830451763,0.3861732341711388,0.3853247642110331,0.2863791692268283,0.4925491491627808,0.36714326665635905,0.26142188541659417,0.48545964148507204,0.0807967653497084,0.07488966586314418,3.7815994313066827,True,,,
L06,48,133,0.03895703973571484,-0.07933283484019053,0.15501569424092682,0.06238557049714821,-0.057088105437418435,0.16864733826542141,0.049120403544838945,-0.07435835525521865,0.2126721607606605,0.09541029929209799,-0.08129439619715129,0.20224712349659058,0.37929665653660144,0.3102009597808502,0.4500210698757868,0.39832638208850435,0.338215581824978,0.4548888839249649,0.05920013273492822,0.05825926116779248,9.726298489522232,False,,,
L18,418,3742,0.02877826115468159,0.003491541288193542,0.05455134878977622,0.009866136371838068,-0.016907506310004008,0.039073809203269194,0.027584886070823773,-0.0001424866714666339,0.052316951082211134,0.012312598582394942,-0.014414569470488914,0.0362810657728474,0.40693855613181207,0.39023407516056224,0.42418778645431887,0.4090581463026477,0.38955864233803317,0.42972117465805587,0.01285837582579771,0.014602092868840686,13.845403911830468,True,,,
L34,151,496,0.0685568240844345,0.007771745767836423,0.13037767839234243,0.009291907875697045,-0.056455317634863805,0.07744136901108661,0.054347596725881804,-0.007128414107802625,0.0909682547615005,0.038787467633483175,-0.0045610925852201945,0.08706848632584752,0.44290868114791276,0.3963932583459147,0.4928148653504891,0.45890349298810235,0.42056568155235713,0.5023533690782959,0.03281595024946597,0.03283866444482528,8.671490976136933,True,,,
L38,32,111,-0.07333409237239612,-0.2109370303619541,0.05578422966730983,-0.13510512885093867,-0.30002779582563543,0.014535402015687251,0.007125837302921105,-0.09466843063572039,0.06675334089598053,-0.10557787612867742,-0.1969450994032229,0.01807584483861091,0.3781281016724256,0.277683594083915,0.491096379286371,0.39725288663742647,0.29515210660783225,0.5204507199891938,0.0720615493010268,0.07921151889278152,3.2109972020225057,False,,,
L47,159,769,0.07626077374984053,-0.0315850811527656,0.1813249682730214,0.09355812947273695,-0.008982457828503813,0.2020887721841801,0.13213456510869237,0.05855171942472981,0.2519686654954276,-0.01398927992966037,-0.08184862156834782,0.1366775635946893,0.8000379455909095,0.7277537926617572,0.8828575346887882,0.7637041173828096,0.6856859279612108,0.8440112224113512,0.05466658153234701,0.05425059628119937,14.990386564727693,False,,,
L51,46,155,-0.0005319448589638123,-0.13927484991785255,0.13540099285924126,-0.010386467813870643,-0.15176311616346505,0.13407591365085705,-0.014491803066539306,-0.15061006398165452,0.06749869992409087,-0.00807128136219859,-0.12358289101399578,0.09388451510830009,0.5472383120066081,0.4500108487432667,0.6553814666783819,0.47980347796625294,0.3808290884219775,0.5914739899177788,0.06842446390883193,0.0728928497576915,15.851652779787008,False,,,
L52,230,814,-0.08076159216021347,-0.16354369532517626,0.0025019683150194288,0.06318981123517872,-0.02202393666522084,0.1474247122732076,-0.06486838011281001,-0.14386955916398245,-0.009794056485163693,0.057371949309406034,0.014849034508252812,0.12352506988056061,0.676721834141512,0.6188154413631737,0.7398679006420847,0.7040189059098247,0.6432584063369973,0.7680220404667557,0.041486886912852995,0.04387151735909439,5.5710679914213195,False,,,
L54,110,833,0.02009894373053667,-0.03224200764097352,0.06866141318791069,0.022698696296641913,-0.0353331110274863,0.07746776162990357,-0.005099418296565433,-0.024177896959268568,0.04342142772145233,0.04714301361639689,-0.0005029146308288546,0.06963681514946529,0.35550742727324536,0.3162514278080538,0.3993062167369564,0.39832375228775563,0.35053520850270775,0.44922463758316694,0.02574926543728382,0.029216514427101853,8.572033992430915,False,,,
L63,186,1213,0.0329803855944651,0.01012665533916629,0.05715264710642431,0.012459141426540142,-0.00985822392694752,0.03676657552382087,0.03267029329948157,0.009814822425338507,0.059429721452151175,0.005221224702589566,-0.02121543763706768,0.026032406460299008,0.24942870200189526,0.2330071413725974,0.26566272161086757,0.23704598299363225,0.2216333365111744,0.25271561268665904,0.012055482450301774,0.012130073236497648,4.9823546118842135,True,,,
L65,400,3252,0.0057012034795947495,-0.011989219421720168,0.023943902725187875,0.006378100966623477,-0.008513936110938812,0.022001665547364702,-0.004763648928715181,-0.018262596509692197,0.010809525689906861,0.0008909087744868316,-0.009346221387218634,0.015211087658251188,0.24506712325209107,0.23217105116474634,0.25894408604737795,0.22629308123894995,0.21420901961271455,0.23855573341664224,0.009117829369961923,0.0075869881445447245,2.4969005741908536,False,,,
L68,77,259,-0.07098595606216551,-0.16890469921368467,0.023741406704942625,0.034890394866108204,-0.056271034792041624,0.12583625080590624,-0.024090105486883697,-0.10513219617430968,0.05602191521681757,0.023667190261456028,-0.04874084972674207,0.0924302139168276,0.3847592710669462,0.31659402194437614,0.4618929794600188,0.38034717987388594,0.31710130136085546,0.45022848335099974,0.05012606481922617,0.04716889560113904,9.600312130550693,False,,,
L74,39,197,0.02418179656543526,-0.020895589876390324,0.06876205744272545,0.0029731541209539114,-0.04934117612802136,0.05282521469123454,0.014013805212255906,-0.002376884109329951,0.09328265147444974,-0.007150636882613526,-0.036789570311768216,0.056605923643360256,0.22224634677530256,0.1853283493527063,0.2633210521416049,0.2376555105966542,0.1987467772902022,0.278364597932022,0.02383502282315384,0.02623870107149301,3.816523706828077,False,,,
L76,185,2302,-0.010331313273831716,-0.034873948094660906,0.01547473262884092,0.059711992097702435,0.03761652304945996,0.08129580613395214,-0.005215316258788876,-0.023389575859763718,0.02062750974582441,0.0486494335603993,0.031896390190889766,0.07380762016521245,0.22610866878751465,0.21045131983936866,0.2441794429627693,0.21292353147755144,0.19694111286438587,0.22989356535214533,0.012453128708143179,0.01161075907278216,5.315682006380157,True,,,
L81,50,156,-0.054837459726095876,-0.1062614841616595,-0.006473240039805472,-0.027089376887425534,-0.07832939772147914,0.018636891168888243,-0.02655431884044286,-0.0810595084216359,0.009010820394177823,-0.013534228400402526,-0.06586213878031266,0.037132882503243536,0.19479481811319843,0.15733621726895647,0.2324454552712306,0.19593825697839246,0.15983901466044648,0.23773976439341207,0.025373386268873643,0.024506901578128067,3.292564452812745,True,,,
L87,163,680,0.03761920466302091,-0.013188354466404583,0.08751483355005547,0.004221696786290217,-0.04967887206765477,0.060447893216358024,0.014027079437115572,-0.02475808237222014,0.06270319140111115,-0.018974314671993397,-0.050248108219363985,0.04852873915837108,0.47622061881744565,0.4403594088929429,0.5134306209538307,0.4651444363862087,0.4264138180163594,0.505986571903664,0.02522594247586232,0.028022675346677864,7.124961047851401,False,,,
L92,73,2764,0.007033055081160243,-0.10495670732905646,0.10613641497873806,-0.018712798536650324,-0.1193392002514889,0.08234962398398817,0.04111184916013277,-0.05705381822005425,0.08906982626363709,-0.03129344734063011,-0.0817684783671246,0.02625576736079438,0.7616548008655396,0.6805559554531713,0.8469788823662705,0.633218516463612,0.5575924003152493,0.7144072256884533,0.055622000955420824,0.05039571853752622,22.532725068331814,False,,,
L99,202,1626,-0.02400299788940483,-0.06710886291917056,0.020977726165921966,-0.01664280491758225,-0.0729275332517445,0.042351646857214445,-0.014458771034431528,-0.06013901359248645,0.03352370028925877,0.002342077508007967,-0.05792123286302157,0.05876250323337369,0.5158047448113503,0.49069421807539587,0.540583622286238,0.5675165418603902,0.5333316068548153,0.606285777601025,0.02312738748627272,0.029093416949346577,25.964142879224475,False,,,
M01,747,4421,-0.011971132376135629,-0.033039898965202555,0.009232147382292728,-0.030160907590088267,-0.05080139629860575,-0.01008307727825997,-0.01269272200228695,-0.025768690942729888,0.004021278580788157,-0.027656062611214338,-0.044576259162809606,-0.010253095552315017,0.38443975623797294,0.36778162050578467,0.4009333718832226,0.37890771976731413,0.363166610008256,0.39561495510519906,0.010701276346556127,0.010122817603103546,25.3169301187301,True,,,
M14,68,239,0.010687150435062404,-0.03628874576373824,0.053101525979875906,0.001901304751403703,-0.04500905579821088,0.04709846736260949,0.030879236795452417,-0.0018577686262946091,0.06329392973678383,0.018333538270187688,-0.04694481249867266,0.04829447871523388,0.2295344472005842,0.19635573696716638,0.2648344028767586,0.24090365201313943,0.20478474562002233,0.2785727851605524,0.022824273320960115,0.02363214535556904,3.828536109017124,False,,,
M16,20,116,0.014005543378004442,-0.07246932352145902,0.08876149317456965,0.12645706071741908,0.07061831670085425,0.18179290267860904,0.018400240852221476,-0.03796550759238722,0.0958330442008635,0.12527237664698987,0.05361389604139142,0.19533329980783165,0.25386748453007063,0.1955751109872316,0.31619368826087607,0.2686659928656095,0.2282612002562487,0.3093151042512813,0.0432659592598208,0.0293509530749285,2.603902181502728,True,,,
M19,22,128,-0.03282187438113694,-0.11695137783311889,0.040804110536294555,-0.03451332640987019,-0.1262228523384007,0.0478664681425156,-0.010965493694817741,-0.07470896704746202,0.04292665469304736,-0.023201185297178233,-0.10582181443727023,0.04164159244917087,0.26173753143381173,0.19060294066581723,0.3397029662227754,0.25199557926644106,0.19032408623365057,0.3279733475511482,0.0421918912883811,0.04491136046541186,1.3780920227290243,False,,,
M21,205,524,0.010888465651878808,-0.022213969507655584,0.04082944785062575,-0.04453173231037813,-0.07712394352909045,-0.012340930272314341,0.006423260952115802,-0.027936830518632303,0.031607815907609346,-0.02406967299606322,-0.06559929368222583,0.004359936480113902,0.24215101831900387,0.22063676143937505,0.2648836151641143,0.24296760598495618,0.2214079440915633,0.26583963616582523,0.016676978685315966,0.016417906442108558,4.0223723646530924,True,,,
M22,3616,135118,0.007585051659205081,0.003089390211851142,0.01242292671978864,0.029968126963229858,0.02542719718989347,0.034628643432441424,0.005728001883424153,0.002414594221715286,0.008997259941741541,0.03136439247704065,0.028417674443001223,0.03421716280244305,0.326402789951107,0.3228174558767389,0.330177001482906,0.3316413586519004,0.3279530265494405,0.33528043419422,0.0023353939503830004,0.002292532990096089,0.9267143335006036,True,,,
M26,234,797,-0.016757385410768856,-0.04339935275912298,0.00929458104545795,-0.002723120096205967,-0.027256146468022827,0.02080493180552821,-0.014973286309206704,-0.03242413355278016,0.017571577840894935,0.011968917931426404,-0.015572724928007986,0.03732246072303269,0.24074917485291483,0.22197585271696166,0.2607272869814115,0.23575198908645478,0.2200771039896022,0.25266927952976725,0.013258178783985256,0.01231980663030889,2.559542120908518,False,,,
M28,40,159,-0.3678313140693602,-0.5850204451713754,-0.1586754859316751,0.32412246328703825,0.10955069731864889,0.5440547250157639,-0.22685541591457237,-0.48366184438640714,-0.07037790658796989,0.24987538297883694,-0.07164438863824785,0.5261724634222986,0.7194775125988084,0.5641913588515969,0.8820045594355853,0.7348240102191594,0.5756000363295487,0.9101975701849334,0.1121950661664832,0.11190749422895889,54.28706511645667,True,,,
M31,58,443,0.03982079815929025,-0.048160423411657854,0.12371214443653485,0.04050693577874617,-0.03854728825315127,0.1288138617226788,0.018626016465568968,-0.023252176224095644,0.06919283157285062,-0.01299468193587798,-0.05030405281871708,0.057755791121794076,0.4160071511551343,0.35557642750154667,0.4854328504404541,0.3717822241577353,0.3069780113799091,0.44592619952858126,0.044140944312143965,0.04369920771603813,10.046710278881559,False,,,
M32,217,3384,0.010176122238901934,-0.016909593530128633,0.03847603142810696,-0.03624406940801467,-0.06479682398461344,-0.008369073913221624,-0.0011194443224064644,-0.015542635863258953,0.022035066681804032,-0.049554361849483315,-0.071738726555158,-0.029567855720102898,0.2917207693968075,0.2714460887433625,0.3135178631555131,0.30676765043230575,0.28330130909229084,0.3298944211132175,0.014048495291816811,0.01428027076465781,4.260469955237124,True,,,
M34,21,121,0.036697027190426154,-0.028089253461870366,0.09327619936435937,-0.0059005312893222065,-0.07665267786378294,0.050547783509664414,0.052022757479338363,0.029932342716189705,0.07185377623950033,0.010800263981280978,-0.020192475772518037,0.05169719298194764,0.18398228484391593,0.14911105937520275,0.22322306633150993,0.17322788845426704,0.13491211057191166,0.21646994970516534,0.03258916261766886,0.03253770775694419,2.3752402800833385,False,,,
M35,47,130,0.12409802571087473,-0.0411575842296606,0.30403193412864643,0.035179612657689194,-0.1260131532125987,0.19442095759003286,0.07295841457564635,-0.09389047416419471,0.2689415513041464,0.0613104711405299,-0.013907242576749468,0.28923961553850575,0.5560396304079933,0.4533617041932023,0.6786178198963531,0.49484622895741576,0.3989056607457978,0.6042983664250338,0.09203635331799068,0.08281170419912655,10.729202675422115,False,,,
M45,453,1831,0.016407190348802655,-0.01262814341457956,0.04661287028390845,0.03685290432335005,0.00785452082694827,0.06476725751647754,0.006241612370230659,-0.02026371603792439,0.031723626434002804,0.03652175493868981,0.009427303392328668,0.06235897070077101,0.30146698646278464,0.2821631976195248,0.3206172042254362,0.3176402912525925,0.2986714115306436,0.3376237968062624,0.014542368496272157,0.015212517454715179,12.197807116942418,True,,,
M49,185,1264,-0.018384831725811866,-0.03985011264289686,0.003804153767550267,0.00468843841873485,-0.018400090167055728,0.02724207885822314,-0.012976542514475435,-0.037150551642242166,0.008878096133479877,-0.001863604704629059,-0.019684929991209965,0.01643793328121035,0.19280595359511948,0.17965431145693386,0.20780667690504465,0.20253672998702688,0.18784543903031045,0.21845376546976306,0.011184160875154019,0.011232961720306573,2.127568156274402,False,,,
M52,74,398,-0.10635981343550134,-0.17448796686719337,-0.04598497377967036,0.0928662554436018,0.006926472474325495,0.18342420451439367,-0.06436489244069188,-0.11974189924210314,-0.003136259328173513,0.09194907970989874,0.05612752365959928,0.16868657225846406,0.39052490272978707,0.33155981334134077,0.4553333776354238,0.4173563817029677,0.35540067944516496,0.48885960052802346,0.03277570406846451,0.04409548544442463,2.2325635849313206,True,,,
M54,42,165,0.021363249680168048,-0.04050649339675208,0.08663651553442404,0.025317600736413887,-0.04555336429800375,0.1023864969704505,0.010562429747420506,-0.058715642756500576,0.09308831553750624,-0.012967922204332183,-0.05954071049742993,0.1042391135669618,0.2669402404564972,0.2301642935562527,0.3058945290648998,0.30395229066851137,0.2543419420190731,0.3503524329293498,0.03239693508923167,0.040887697354885434,8.526291093866568,False,,,
M57,70,234,-0.051234159019448895,-0.12285591079556335,0.01706514082902225,0.03805320531654966,-0.02519131789273255,0.09689652356893887,-0.005028501988232015,-0.08045262584301321,0.026086051967414398,0.05416588576041548,-0.03223544473058837,0.10852167193515783,0.31826023251079094,0.27503193300440093,0.36989657052608765,0.3142452447163068,0.27731744684611864,0.35071163521725174,0.03575168069489809,0.031516511814486094,3.254219927313258,False,,,
M59,43,132,0.15286893194528625,-0.09610827824196767,0.4028629112339045,0.1564032363457771,-0.07562769351477086,0.37551764153019224,0.12205000877050808,0.03297903631531965,0.22836211567207498,0.06824622277861181,-0.058750510730476435,0.20269389080453948,0.9460697133677496,0.7569090119316149,1.1477396051310758,1.0924476503100866,0.8802685909804461,1.327937728741711,0.12896074838828903,0.1192102709554669,93.31037260010257,False,,,
M73,114,843,0.010958948827239558,-0.032609386814058255,0.053528816048530665,-0.00022235336949054507,-0.038065422519225234,0.03780386585560377,-0.007042497975000003,-0.027001884448987514,0.017693287834659177,-0.037045028474329555,-0.057863457150068576,-0.0014689411889534654,0.27854727985263755,0.24449968719739815,0.3138220809547148,0.2477082149061535,0.21960320733980684,0.27534540672998326,0.021415718366628117,0.019057763147486945,2.558378814890716,False,,,
M75,48,142,0.005562212359280813,-0.11172207603466913,0.12674742104747996,0.03351582435222045,-0.08597297404712129,0.15471641673890713,-0.021039283240680773,-0.12145953343459442,0.1313321513870887,0.0067330991225134085,-0.06928958979579569,0.0970015478820585,0.5050447120773898,0.4208740543125966,0.5914970503980872,0.45052462950715455,0.3779670895734576,0.5280441839373755,0.05907055287913112,0.061603025900309805,24.767497017437336,False,,,
N31,24,218,-0.10593949790682251,-0.2256771047939776,0.0038408472828768544,-0.013939232377200133,-0.1250582399951751,0.08183254519016438,-0.059780995955846766,-0.20396284574031728,0.09661961307227393,0.022805220451260766,-0.10118099546282955,0.1209534289088765,0.4169514947946946,0.3313095559151437,0.5154579479073789,0.38885278488575586,0.3021996947270161,0.4863432677100093,0.060126286445027294,0.05457369426059639,8.472759685770567,False,,,
N42,26,654,-0.05400645393595745,-0.11658625196574506,0.0002901757469707814,-0.013001106367853761,-0.06698566187899527,0.040913185361294756,-0.038501060198742054,-0.08126966109523491,0.014156228608120578,-0.01007959169816792,-0.06485997236893581,0.02665179806732292,0.18256309352503236,0.13960992313499665,0.22722407575023768,0.17423879499374342,0.12228941213110679,0.23276130560599498,0.030546452708609347,0.02858304236912425,2.644797181136062,False,,,
N51,25,105,-0.2088859093862165,-0.46438584066660515,0.018269111197581806,-0.002464018257499028,-0.41019738726175514,0.3784587150714229,0.007763991341375638,-0.5951635016604097,0.13852579791307817,0.14057389030739387,-0.10568757425062358,0.3818312145952518,0.6535188400569539,0.4984436586773911,0.8289275358160328,0.8382925504282008,0.5870652471040597,1.1334109091192601,0.12355271293337197,0.20790204023376604,22.995687600795204,False,,,
N56,254,920,-0.03277338037178469,-0.10020775335851798,0.029322822005626147,0.03560066426542559,-0.03702591698461343,0.10237962490011106,-0.01988868079579551,-0.057995063861934856,0.016263227249447443,0.08918045058585733,0.043068715497440735,0.12783112886722847,0.6101158383441704,0.5647647765852731,0.6576133291244624,0.5964499942103242,0.5474136133281589,0.6470980014422645,0.0331616850628804,0.03630998268089783,5.719260889798496,False,,,
N86,246,1756,-0.04582122554566958,-0.10040908864061455,0.004483373618087542,0.07196353586875083,0.020349928206875055,0.12479698402092773,-0.030897802770605984,-0.0635834243930023,0.014102999802374632,0.05847386842383229,0.004075300486006641,0.10468465714374986,0.5930384532026266,0.5548239574536065,0.6335420364654049,0.5820495119940687,0.5431625005251395,0.6180964967766512,0.02690300139490397,0.026634209201569347,277676356.2220646,True,,,
N87,47,155,0.10405466199516944,0.017942488600330948,0.1952260326708189,0.03702720788927825,-0.023277142330517288,0.09991946576194856,0.07974304886205716,0.016289239626094982,0.14481196631950813,0.0030576355911193787,-0.0510999328099615,0.09403687018938456,0.3308089304343091,0.2698987825770406,0.4039889886093755,0.30611525471334655,0.2563027504477657,0.3614386898701904,0.04530864414024874,0.03270640721313213,9.971837006607782,True,,,
N94,239,829,-0.011437451636245358,-0.03901969742393186,0.015202934384484206,0.1480807880609297,0.12377504953873895,0.17182492208607159,-0.008641795612196199,-0.03647309297020901,0.015552563669902516,0.15025983887966277,0.12809277690593035,0.17022353662845546,0.23627495577271282,0.21522078657667365,0.2589100111050117,0.2789814351607425,0.2581270852491906,0.3006544791735431,0.014275282144697195,0.012643794465824448,8.356729130217957,True,,,
O17,55,179,0.7102276924437781,0.5432502311904343,0.8872769929456942,0.05868842649945202,-0.10502282140324981,0.22202404293898825,0.6107047549914448,0.4371156994373742,0.9287575028308086,-0.0032611404733984273,-0.10876376769459739,0.11119933953480654,0.8389707704023135,0.7051083618028409,0.9822823639067816,0.5377913545972091,0.4338283816906304,0.6514377434710922,0.08726544537585217,0.08514748062678439,4.050392363586403,True,,,
O18,3710,46384,0.008087545069885616,0.005149786844547173,0.010929528641463664,-0.0012347668176907274,-0.003748473193530781,0.0012977274016049362,0.007841353117958421,0.005540712056868971,0.01020082948326214,-0.0029965555480894386,-0.00466019753625169,-0.0009944630456904554,0.12669340915448482,0.1245355120577386,0.12883977455628928,0.11905856166783434,0.11709524857339285,0.12102223960912883,0.0014378558988665526,0.001313749251325088,1.4003642455359564,True,,,
O85,66,1217,0.043160832406360906,0.012986891822284357,0.07773017713229725,0.012949607591242071,-0.03032236591941893,0.05668318425951767,0.016769004274661513,5.488084333848405e-05,0.039758645460878296,-0.0005365807683020215,-0.020020401522784424,0.04855636294011145,0.1846139671617692,0.16101898357643574,0.21098962689293188,0.21352154872610485,0.18640696906415313,0.2441834500141842,0.01650787281748614,0.021558331592172485,2.9364610811689884,True,,,
P07,3032,68955,-0.024807728296459535,-0.03034524045057403,-0.019195914498610054,0.09954029602423599,0.09474158999937887,0.10437725421654334,-0.038547461818401796,-0.04390254640591998,-0.03163724704370613,0.10111404875582275,0.0971858750000303,0.104736237340284,0.3388534722722633,0.33478874551670473,0.3433365509182107,0.337576620815495,0.3337007373811772,0.3416959600601,0.002921839987119352,0.0024373995937437523,7.904459820697298,True,,,
P13,124,485,0.005796449576233236,-0.031868097656184105,0.04268180557785606,-0.03194824065968096,-0.06558114687233763,-0.0008742442039729262,-0.02125643369454229,-0.0493341038569186,0.011858559491005533,-0.014383216666571386,-0.04317762475381955,0.015301993489913457,0.2759636764743765,0.2473855323639033,0.3082409016167275,0.2289118415374105,0.20506908059414652,0.25438258843419725,0.01984587637123405,0.016788560834012832,3.2026189045920495,True,,,
P87,27,133,0.06631333298877436,-0.04545887887521069,0.17333207888494517,-0.05208285265351805,-0.12842391210247178,0.021745051044364572,0.07066877981476925,-0.04530668744823411,0.19841522134917677,-0.04223351887091553,-0.1507690418465657,0.020604022215309215,0.3803261207030576,0.3033177360836273,0.46293133633859895,0.319737190483463,0.26123884799037606,0.38167733118680036,0.05902005138282542,0.03971911827064596,3.6087719297549636,False,,,
P93,100,457,0.155938241788546,0.08703502313354147,0.2227758405384089,0.1199925690744119,0.05424090023432226,0.18787386867475095,0.14129756401467525,0.07186547666762286,0.22149399714750526,0.10646944431651484,0.04640729031908375,0.18857125927631557,0.4460903463232041,0.4010901247420517,0.49618033359518093,0.42905610143666684,0.3790215186703137,0.48110256089044345,0.03454525371765022,0.035947211918183605,2.8756563702496902,True,,,
Q06,175,518,0.00011877665790546896,-0.08175426398126605,0.07725907702134972,0.13405460362044055,0.06436044866251052,0.20551866445058442,-0.009642219778655876,-0.061381302709124154,0.08024679231684151,0.0948209269608924,0.04996977827360638,0.18389208893552222,0.5454324079007978,0.49441411405988184,0.6016052045742568,0.5095867908341849,0.46518807009587926,0.5582941801687891,0.03968080285326716,0.03609458358087577,10.545867793936937,True,,,
Q10,49,161,0.1270453066962565,-0.0503841889335031,0.30346958392556483,0.0683744234730664,-0.11898066563381998,0.2545536818488752,0.09485659507853401,-0.049987807842580945,0.247992889162406,0.0660609857078498,-0.0937451040272208,0.1648476528700371,0.6657891942306275,0.5396771601959004,0.8153713931356961,0.6737192885483959,0.5537323382135039,0.8029957035158902,0.09199739718546451,0.09614546781037267,8.899387484842348,False,,,
Q21,121,774,-0.07607233487838314,-0.18581080686454876,0.03259690509392985,-0.004898135775393739,-0.12558446207734483,0.11800110092287763,-0.004847843051750896,-0.08084971444792294,0.03872046929033088,0.020138347674780732,-0.05720826660649436,0.10705311641077131,0.6263619820889066,0.5438259754362262,0.7090014715570134,0.6616943178769152,0.5746725583899265,0.7546695017412287,0.05705433324376572,0.061832508221676415,13.44108137737006,False,,,
Q60,553,2365,0.009914741223080704,-0.01934536378590488,0.0411454410120469,-0.06475446841846308,-0.09119095027097338,-0.039184253773037934,0.005947035856081954,-0.026535781073540706,0.03489165570952272,-0.045338775839809387,-0.07654575447517686,-0.019816156058194423,0.4893098987228459,0.46701783829983745,0.5131040536165319,0.4267754191556866,0.40507100351573544,0.44767842490445464,0.015615557399333646,0.013661025369087408,6.182480182298656,True,,,
Q62,336,1734,-0.08224689219567344,-0.13314084853776495,-0.03571345700092767,0.019845136843820475,-0.02363481505794797,0.06324351073765301,-0.02395945489631135,-0.05356089086144914,0.0018178877095025618,0.011951288959011208,-0.03465200091701259,0.05745718883770177,0.4119976194004561,0.37523866938921435,0.4503003849716388,0.3801807447371979,0.3500773032655609,0.4112800790471783,0.02537068881674605,0.021640533003498587,7.510009778598962,True,,,
Q63,34,208,0.0017347456618529485,-0.049028540769449375,0.052746291188828176,-0.016780674713847313,-0.06142925800754413,0.03340203236080388,0.014353538765493584,-0.04524764792256927,0.08132382595016933,-0.031938033156220236,-0.06531342728282041,-0.0025560822962233942,0.15999866026530493,0.13215985657530224,0.19106354766050526,0.14807874243211142,0.11700994445318415,0.1842028566915838,0.026936253343438663,0.025111645018880035,1.6315280589755565,False,,,
Q64,23,131,0.04153604413886473,-0.022569402037957174,0.10676377192281379,-0.06606217162114944,-0.144725908201409,-0.0055723381648539625,0.06103562852882477,-0.04628906402244982,0.1288098300113895,-0.0382628322327605,-0.12140146788492956,0.0241165145546951,0.16167899290855473,0.12856617144067997,0.19944439015679444,0.15706822781353094,0.11270417236745599,0.22026356925950466,0.03291813586743262,0.03494903230812176,1.7950141565885587,True,,,
Q68,71,849,0.05825018666183237,-0.018110034056060965,0.13976683084068445,0.1137918253559677,0.013923074568451781,0.20432944014959445,-0.001113397337405564,-0.06046529598792109,0.04158351110424831,0.17257790305202597,0.09258393207289828,0.24241193092535696,0.46289721680552304,0.39435906147483174,0.5293617335720783,0.503263844821801,0.43436275781195277,0.574577628240255,0.04230365124318721,0.048265458214086454,6.975101344488265,True,,,
Q73,40,206,0.05596985916761339,-0.017678554168502312,0.1311753918985762,0.02008552559932597,-0.03991706570674611,0.08895809575751051,0.04121071595674623,-0.03154625095066424,0.13423706579013728,0.016801758066309347,-0.05543102237348663,0.07195736848098373,0.26512481771011415,0.21322135056535038,0.3221924462368982,0.23622222540858068,0.19500550774164227,0.2809742430236408,0.03855138365564875,0.03451582516536519,2.132719070172621,False,,,
R17,1739,39098,0.021074013717636616,0.015829067071870706,0.026515099207533272,0.03962036226225722,0.034971949755617925,0.04439720554879272,0.0187198943004668,0.012379721165653751,0.0231197780068835,0.040360912754269784,0.03659573119866866,0.044676156868384,0.22125609345455957,0.21721207621556426,0.22546557194294023,0.21535515602758154,0.21156473773780102,0.21921563945557923,0.002689143907393801,0.0023634476603347668,0.7961521509177237,True,,,
R57,23,108,0.044535946065100133,-0.05188125896367011,0.15787804331019653,-0.11437150389025252,-0.24244374417558925,-0.0074927065576502454,-0.0487382953347226,-0.09793651930518305,0.1824008359962334,-0.08497578603865463,-0.16609870625545753,-0.004509524496221218,0.3686337341568032,0.2790656907272024,0.46826906451304673,0.3155913554423876,0.23989492838677906,0.4049029542290716,0.05489429028842957,0.060507901584001315,8.608775352375089,True,,,
R59,28,101,-0.01604499270359837,-0.12204214119104763,0.09025357688495451,0.12512023585762502,0.04493808131098807,0.20674166894517548,-0.03885987139520147,-0.15768953041757416,0.18041276846959226,0.09033073691377957,0.04448006122325543,0.2480791434038565,0.35552243906176934,0.2856210323080563,0.42777507513791463,0.354473613346629,0.28514940072278017,0.4270820364276399,0.05560551113992552,0.04398964233152838,2.2660815917297032,True,,,
R93,27,113,-0.08560763416672615,-0.16113623740294283,-0.005948377263739584,0.05665048429634056,-0.07006147171030794,0.16388438854320259,-0.07288642403843697,-0.2144890114390524,0.02435517744581441,0.06754157199928557,-0.06339287008927386,0.1885125478987959,0.45561612668896223,0.3898021229325718,0.5232472606371528,0.46239289628310626,0.39087916180510535,0.5388605696334042,0.04100211779663524,0.06173981677059703,21.595086796783107,True,,,
T05,6029,381846,0.007620359944918559,0.004435845047258675,0.010775339367883266,0.02578083496330972,0.022901750610981177,0.028781009840832573,0.007179163237598503,0.0048001290109208035,0.009298979655929383,0.027724364015002924,0.025473674357101572,0.02961452365807887,0.32576093387859223,0.3229002163513677,0.3286947732950262,0.3210846294844189,0.31845799979728046,0.3237304787374697,0.0015932195931109804,0.001544550987817958,2.696481956316236,True,,,
T08,5946,361695,0.01193816178334256,0.008629903619425618,0.015155451564763243,0.021395334325381505,0.018185507759646998,0.024538405645755438,0.011977062156548604,0.009752788764940833,0.013789074471331524,0.02486537230013433,0.022888492132654197,0.027043207401416806,0.3357328576557643,0.33297131429311283,0.3385984876251295,0.3412652772209122,0.33833409619505933,0.34414573036373675,0.0016331204752522276,0.0016227563074058258,2.6802036484903664,True,,,
T09,709,4013,-0.10109166862151496,-0.11183155100161118,-0.09007638781470334,0.08564500702845282,0.07742241146460752,0.09420587398514935,-0.10488783850331933,-0.1114233511757654,-0.09989664684061633,0.08921502685943494,0.0803051526345605,0.09530082947366458,0.1883145655023089,0.18048216062803737,0.19631370833895734,0.15806736858145426,0.15212951091638188,0.1644583560801176,0.005523457592800747,0.004407024140601886,0.4258389946676834,True,,,
T12,880,3099,0.013942877078702594,0.005701831406698674,0.02162400146881949,-0.0007839889819732136,-0.006735441368502271,0.00481837017080641,0.007597421619404307,0.002543079187097521,0.014213192334602024,0.0023682281058867716,-0.0021710941276786855,0.006865634070291847,0.0973374865776726,0.09180112528675283,0.10280103754146701,0.0766402315426601,0.0726226995355385,0.08082619185339568,0.003935076716756962,0.002943626404668351,19.253551661385195,True,,,
T14,381,1452,-0.0011439064208711282,-0.008971366321854158,0.006962915415708706,-0.003215116564278735,-0.009539442015211454,0.0032538048023095217,0.0013731901828747557,-0.005933125236795408,0.00825362545833365,-0.001947149271686044,-0.009083665039355537,0.003902357494212083,0.0657792683397626,0.05994396025217842,0.07179598276269646,0.057799477785026525,0.05335684459626589,0.06270539618492853,0.004067830515097013,0.003375138519547629,34.65344089451366,False,,,
U52,588,3547,-0.03330101057371779,-0.060363971423848806,-0.005655427660237518,-0.016930822133411707,-0.041303518782188034,0.006840475185678049,-0.00946034277256515,-0.03145152512356954,0.01388091234818191,-0.010057300882948539,-0.024892945247501075,0.005276974731396322,0.4950355027982235,0.47243233315355615,0.5167797453645582,0.4337942579839932,0.4153062710113699,0.4531577955042412,0.013763933584055697,0.012471555731504824,5.940096983654273,True,,,
U55,266,1233,-0.05774124275202333,-0.10650251528657351,-0.011987289842008744,0.06242500727541449,0.020105612927298858,0.10470859315713738,-0.033139401440114326,-0.06910745078885931,-0.00521425780375992,0.051240097258542505,0.022527733053721022,0.07711922112747516,0.48580907490894404,0.4477768707293351,0.5248475103109315,0.45751501731916294,0.42279085610721456,0.4919719516254528,0.02435186044931585,0.02157856598642625,13.054406539553801,True,,,
U63,44,210,-0.003404888054649778,-0.05681323446360763,0.05161175057304316,0.021697356849184137,-0.025802529760825355,0.06657963451181928,-0.02656696632705785,-0.06871500369944274,0.03608296803077339,0.03868706584846393,-0.006574123517566477,0.05588003111799569,0.2750944705481663,0.2296650744009941,0.3227391129108086,0.2709166058072157,0.22607845726111372,0.31596875591216156,0.028725641403448406,0.02333611372202098,6.266252878270697,False,,,
U68,485,2047,0.009068029421733079,-0.01205608108785015,0.03023322134575322,-0.01464053404203479,-0.03591935391026278,0.007471457946765375,0.006051839249322302,-0.013485045243603241,0.024302307274935663,-0.024556917638562936,-0.04690544954684128,-0.006475492754809409,0.3107393309640101,0.2924813227675675,0.32866684119912076,0.3300420775071576,0.31138957258012717,0.34966966318928916,0.011025137971407509,0.011165573009278548,6.3934078371415035,False,,,
U69,31,191,0.04136200954057483,-0.01784014910933668,0.10009914111445002,0.04927897202006965,-0.03663480612584843,0.13445361591132787,0.057267519223993896,-0.003097862669358529,0.10809835060101478,0.0949894503548876,-0.0223351284134643,0.1553638525393808,0.23111225860676596,0.1905313759601586,0.2750707234495745,0.2996347702508244,0.24558120446127862,0.35252511238779366,0.03075340691473064,0.043524244286409546,1.9565238967350354,False,,,
U71,127,598,0.01852407365079734,-0.04157248312096225,0.08005439163318069,-0.01491048676317301,-0.0862432482685895,0.05904041951823276,0.019317868009923533,-0.03270681521932329,0.05188221409861001,-0.03477660547268613,-0.07686407403406648,0.011919171437035914,0.46358840143951996,0.41905643871317444,0.5140502986022875,0.48422233882610066,0.42778390681554523,0.5458077717548903,0.03218569343236561,0.03680842462912536,9.824994313730924,False,,,
U74,305,1060,-0.02088102584457839,-0.05686325612526193,0.014373185553440622,-0.02104564835015798,-0.05480103572481864,0.012594298232719318,-0.006815017328849898,-0.03527350088477547,0.018435308729801612,-0.011704956422775581,-0.048034974606725456,0.015370867727426685,0.4552411756921446,0.4218049977869196,0.4907702737120421,0.4694852908809452,0.4373152541557909,0.5025072033052127,0.018448774574800937,0.017120551060322974,18.94967295549432,False,,,
U76,65,286,-0.017295357765983798,-0.07589092664316513,0.042884393339025155,0.04657736523562361,0.002818892314998393,0.09141048207969513,-0.021652165416809113,-0.0757010844389132,0.013983408314481837,0.04354293182657898,-0.00463885156420929,0.07713855795721258,0.29978431451345566,0.24919914926247888,0.3547000733859802,0.25544320098915835,0.21466121743575056,0.30044803507302287,0.031278414127500126,0.023745445693511176,6.722067059354546,True,,,
U94,25,113,-0.03816027049787702,-0.1459558773103289,0.06753929295441158,-0.03869100116818355,-0.12434701284965534,0.04204467387992292,0.017480831951224806,-0.10260311441486214,0.026736561924410356,0.01357003530131351,-0.12300105293960861,0.08376981148856544,0.2670124480814289,0.20075903809985665,0.3393044211000321,0.2631502801854005,0.20619001244923907,0.3260808901911805,0.05327698319327525,0.04425978123876058,5.920139948485984,False,,,
V00,5535,31220,0.021723377950979332,0.019115059833293747,0.024283998649059578,0.008856061562921532,0.006486506057495926,0.011358666298081977,0.02105609345857562,0.01869744062227809,0.02353890591001552,0.010763574361405404,0.008407297381474166,0.012818789169344313,0.13086178788085082,0.1288441812777765,0.13304666844679838,0.12440283923343577,0.1224381352983817,0.12634807611412605,0.001343117336842774,0.0012334207568094183,2.5593943665496357,True,,,
V03,24,110,0.13564613549565283,-0.05050869961891542,0.34868102360967956,-0.1794218862653377,-0.33776341122358056,-0.044072163335733175,-0.07730552712184786,-0.14054552360983075,0.14619747900838642,-0.06491358500986255,-0.2027742010866973,0.007798852017515401,0.4431564782342496,0.3149335342413321,0.5929464546996424,0.42290258957259486,0.31065698584582924,0.5498977320291908,0.10230132519930804,0.07703931544956591,6.215365208051455,True,,,
V06,1379,7276,-0.008325725952745182,-0.020666433081932573,0.004252684014117054,0.006331913605813826,-0.0030602884615271034,0.01573080289868232,-0.005656551389105091,-0.017496228986763684,0.006083802896187346,0.007247826518153033,-0.0016724244293442325,0.015573988265416006,0.258930034218912,0.25082337087414075,0.2680457051423307,0.22397084989630683,0.2170150533303846,0.23106512502766582,0.0061636742809859394,0.004903950129339704,7.296919114476879,False,,,
V11,39,134,-0.027131322378274314,-0.1385955948257263,0.08346620460521877,0.02708157736060038,-0.07916301896701006,0.12883536845801738,-0.025937097313602147,-0.08036332137315505,0.05509060644377345,-0.006245374240165802,-0.09435690004693242,0.10880563929731579,0.3694639396893415,0.28925096190552096,0.45336713532645945,0.40742147889030367,0.3341510651146605,0.4849068491468348,0.05695312582610483,0.0545214801653402,10.519452445824026,False,,,
V19,29,113,0.09398792688694027,0.0276386237215828,0.16814137590804487,0.009061698432965042,-0.06078839891725408,0.08602541166820742,0.05848924781148459,0.02267895881777415,0.11210302063011181,0.007400907811927482,-0.06127463933154331,0.06770851681949352,0.2536991185650322,0.2002198384202614,0.3148099602130602,0.22100456101611873,0.16875977243223114,0.2762567896554354,0.03622122025475607,0.036818019644255864,4.371684200283807,True,,,
V21,59,312,0.0028273144995796784,-0.05192691167086876,0.05753500055100779,-0.04370151928749458,-0.0979387713301191,0.009441848906204925,0.013784428491330334,-0.046366599607878554,0.06045817621147273,-0.023693645394473606,-0.05392822929763952,0.013992965053546413,0.24332343441247864,0.202626162194277,0.2896599715667266,0.24510037020940795,0.20840662407210359,0.28595188153905315,0.02862132962099097,0.02801109796105174,3.7028152976211097,False,,,
V30,35,139,0.15125572308098764,0.06089825647600032,0.24433767242983873,0.12869174294772184,0.023101119665959784,0.23196607662919647,0.08364748940301352,0.03838334264530915,0.29062646211845344,0.16545597565951198,0.0013483617357579474,0.24558834093397763,0.3987483857001193,0.3251952282933617,0.47976983077699237,0.3949069934316157,0.325701045106096,0.4708178568936405,0.04885630157078855,0.05593255810927684,1.6597622021175735,True,,,
V37,93,571,0.02818613117801944,-0.004109845601536061,0.059792568412051446,-0.015305624651666334,-0.04557650171681327,0.01571498347427479,0.043340717679432185,-0.003853260473917642,0.05519677100597656,-0.023231643096721655,-0.047044589889821964,0.008647895798503669,0.17159861254855877,0.15052349795135586,0.19480736411836366,0.161193905165316,0.14191484629452306,0.1836819166547591,0.016948504597338425,0.015757180688633583,1.01127841035203,False,,,
V93,52,656,-0.016580466759452114,-0.050824713967445374,0.01780073015242552,-0.012140196047651899,-0.04434264978689137,0.019993397899915714,-0.02244202535788617,-0.041512598613144644,0.023702100163546784,-0.014887399431451342,-0.06429220732926044,0.03157551138437238,0.2455253590664946,0.21968551873251582,0.27032821388131306,0.24105666677698556,0.21283467689768854,0.2721676008416617,0.017701146145565144,0.016727937243225344,4.293477390470554,False,,,
W05,85,280,0.0531508832706068,-0.035018710874583574,0.14593817769907827,0.04244762205801531,-0.045468749103929985,0.13285237192619573,0.022125249420752113,-0.04169386530936528,0.0761603705901392,0.06005395178263484,-0.03702528803870564,0.18084028444320666,0.4635861112957461,0.39680391612804894,0.5376500827088744,0.4796420375779864,0.4196707298669027,0.5476840327750048,0.04695786160395568,0.04530621996018244,6.495402879396243,False,,,
W13,45,140,0.04250864522149949,-0.02593114840160629,0.11241349273041717,0.06600792307124219,-0.009614085053266663,0.1422277454670997,-0.013139120503414092,-0.06737850052461429,0.12183069935280155,0.0615349744151672,-0.03387835589876431,0.15424286608691773,0.35256133233324705,0.3043171326586649,0.4066023103485086,0.39682423881458045,0.33181211409419303,0.46212275426248633,0.03601083138278721,0.03949339606234284,13.597765289274069,False,,,
W16,164,753,-0.021634366842065614,-0.06498958718874956,0.01943425186943571,0.002157458630820095,-0.02911929334213617,0.0341038563398959,-0.014208745831433764,-0.05198890165842115,0.024854199274449915,-0.003796141036134641,-0.02890710146239428,0.03520615720766784,0.31405820899728826,0.2852272780513241,0.34364619515310413,0.271665802815354,0.24645835070004962,0.2979828151754383,0.02108912647563977,0.01629593705783943,5.460091068749215,False,,,
W19,29,289,-0.033896657060627854,-0.07020832960862478,0.003056770436819238,0.031533940264334516,-0.08999868687643504,0.15399042503646618,-0.008666777578702628,-0.0588651002596672,0.010257803236651694,0.10454955586389758,-0.18142953154551833,0.21607680707214938,0.1622640343436906,0.13521496952871284,0.18872938532421452,0.34784521786281863,0.2922878456936719,0.4072141902475484,0.01855234783481351,0.06482295530737761,1.9623309129143638,False,,,
W25,67,462,-0.0009790025767499346,-0.08496026886245149,0.08299233219655579,0.11156320611449143,0.05437402815083652,0.17072745826935867,-0.025833609360109262,-0.07884971171454067,0.06754918138740468,0.1088851321512152,0.05590928664993555,0.18167824070630445,0.40207472711132525,0.3461175771217174,0.46185188012194917,0.3257747762352873,0.28794939196467606,0.3726905704130759,0.0427570848912079,0.030356177638949548,3.8835342789899423,True,,,
W27,24,126,0.07325573085178945,-0.04119905632950458,0.18559762074998543,0.03535611275164737,-0.09696596730231226,0.16788260037638822,0.057729654125489416,-0.025271741714253712,0.1758793988644921,0.03611334110225073,-0.05540551198224275,0.23227146581987768,0.2911891381135385,0.21340189357617234,0.3763429292532927,0.3304040378795486,0.24960341412409276,0.41952254248911586,0.058973244212144456,0.07229527014863338,3.8125955911559317,False,,,
W33,151,573,-0.01577414700766311,-0.0540816656057113,0.022895605435772206,0.044559517176539006,0.008013259397538991,0.07747102241033589,-0.025704737725273083,-0.05315540575820315,0.00841032753547312,0.060535938783345955,0.02959977476137965,0.09585803329557052,0.2977206417205874,0.2656812500396704,0.33046455134815717,0.2636973629000917,0.2370617442501348,0.29158032039399506,0.019586464608125864,0.017962057054250073,5.082791967705069,True,,,
W34,414,1405,-0.009556658706734595,-0.03161204645498541,0.013931335696750204,0.025319800199203712,0.003353429508348082,0.047424597940294334,-0.014183050897056295,-0.03617315674566472,0.008908937506871106,0.024717877460034288,-0.0038659222681758365,0.04876945997551729,0.29186903536819364,0.2742169210987799,0.31031845864531205,0.28125874599698913,0.26210260464787677,0.2998868368581552,0.011667078404052079,0.01171024688277931,8.171740438936776,True,,,
W42,78,260,-0.015173793839028006,-0.0790840476325767,0.04797747941134748,0.05898939540010485,0.001880142506997956,0.11974457783148124,0.013712213741879718,-0.07234829146020033,0.061831618831834724,0.07522906595056611,0.010522931219725251,0.1283926845118799,0.33140717334397946,0.2821369366351835,0.38398498655875873,0.308682757198034,0.26871554342759263,0.3517803942105236,0.03289520743188631,0.029888019451301172,5.619697215834035,True,,,
W45,35,120,0.03462266315590071,-0.019476249069508896,0.09547423598130511,0.06443941127173705,0.00682979207055163,0.11901474527463525,0.006645799637972553,-0.024947796188062248,0.07064151720869777,0.05725738833035621,0.01853225387762336,0.11758129734502631,0.18865485650024538,0.15241853306334766,0.23139192471678058,0.21275556557177608,0.1650873962826793,0.26085169091300936,0.029806069027934576,0.029289640988254276,2.891150407805534,True,,,
W46,487,1454,-0.0005789220176868341,-0.024873619637134338,0.02433212719537445,0.03799541351970044,0.014359214389908965,0.061548196243229,0.016953379307027856,-0.0048359226866752205,0.03613761791458155,0.03810147195295599,0.020827508794951655,0.06390492074075382,0.30199002998619084,0.2836996729658724,0.3215282319138033,0.2838911734012628,0.26688674130603224,0.3017032729866806,0.012975941243399474,0.012285758283310721,6.514237759085597,True,,,
W53,30,274,-0.004730851346363557,-0.05350522423157832,0.05104324353880865,0.043040204146297514,-0.02292610975526446,0.10512888362449681,-0.012495093333233457,-0.08103118255704117,0.03331264567205902,0.029161592550330795,-0.011803699159041902,0.07376904574854848,0.2420095479779673,0.20612886613904546,0.2789314584659113,0.2437328741232476,0.20583145787075954,0.28333349231967186,0.028324436340862985,0.03182646356044943,4.108535102706136,False,,,
W57,59,162,0.0583600373876221,-0.021837431178019433,0.1351498478351936,0.06324875163881756,-0.02898497439896916,0.15386704301486448,0.038541847713136144,-0.02078266905108317,0.10429248757042522,0.08305484215469505,-0.011821373716713879,0.12102537128839685,0.36607676534786937,0.30506356475119495,0.43368613519634747,0.38658604666241336,0.3222636143923621,0.44917168648507805,0.040303014727564014,0.045484073186672656,12.722972563641548,False,,,
W62,51,192,0.020331055533288615,-0.05180689491809941,0.0991586711957099,0.10905546239863598,0.042136934116174855,0.18632552570433342,0.028367580784195507,-0.054421283191234175,0.10437531242630686,0.06841123465051169,-3.8390961383235895e-05,0.10194851131615223,0.23972374137300592,0.19128007610352818,0.29342879323406706,0.24798915938478402,0.19333799071643137,0.30874669264852594,0.04021458718188114,0.038498006323119886,8.761697202542871,True,,,
W68,3689,173435,0.011444912241725539,0.007461623706587572,0.015633748988050068,0.027621660535749087,0.02334821175720273,0.031737114298274555,0.010670020969717564,0.007711181840112397,0.014172313585254006,0.02989240238668119,0.027245169539607806,0.03282150303024918,0.31560813681089356,0.31231117462438246,0.31885856775863014,0.31985050396532894,0.31647040638755847,0.32304491313705613,0.0021313308402807814,0.0021065945432170623,1.271455255194857,True,,,
W71,31,530,-0.14997405910116993,-0.19680280697928285,-0.10150995305517845,-0.1826769177937885,-0.2603765905413932,-0.09643433862388058,-0.15915178386617512,-0.24198735102863642,-0.06969559490095083,-0.20215153262697072,-0.2756689663492864,-0.1134701832360463,0.3384263244493692,0.3005400174307324,0.3759980348161672,0.3911756645996848,0.3319432464293817,0.4533005423317201,0.025148667067332178,0.043534225274795446,5.144052579398649,True,,,
W74,40,674,-0.009191679054395583,-0.030274510966938693,0.011213227215540064,-0.05290340083517255,-0.08378078992279515,-0.024597086941512736,-0.001474697257276321,-0.02722140313339117,0.021824052583148887,-0.05398833225006783,-0.07493509417745514,-0.025646505183663723,0.08962483316855355,0.07823814769555434,0.10181713427738026,0.1064250165147032,0.08862457727556594,0.12662973358207186,0.01085126497928343,0.014599639977984205,3.659855905909197,True,,,
W84,2153,22759,0.0500640257692188,0.04486700064051808,0.055625949839975576,0.06880039143447973,0.06456008346941197,0.07308038009314655,0.04643988835303912,0.04048093985464225,0.051798735998425154,0.06457230735013031,0.060501756788237264,0.06921990639814357,0.1454448046451011,0.14183510647750494,0.14934253292579364,0.12337845797353125,0.12038739913087132,0.12639894935198584,0.002879825058009825,0.0021482717419311417,1.1907803948213551,True,,,
W85,179,1303,0.0021262620074419722,-0.02088454446928352,0.02485799202180475,-0.03255182127147566,-0.056624803301274194,-0.009298987921342951,0.008682412124013272,-0.02252982142782117,0.03129503036986996,-0.027170634514295244,-0.043940290767530144,-0.009570728441232745,0.1548323724017698,0.13937867301017798,0.17075050537234826,0.16394838149766985,0.14982599370795743,0.1791914774006174,0.011785013197231086,0.011855744668401783,1.1800208073584144,True,,,
W86,193,1128,-0.0011982889379060905,-0.02388764876669971,0.02122286089893299,-0.05629783527909855,-0.08493295296421897,-0.029312674831952407,0.008313900267454943,-0.019395911125831458,0.03686754852740357,-0.04292076183105564,-0.08353254770447904,-0.0200815960780254,0.16965612237447436,0.15578304080736083,0.18422967302103743,0.19222893379264389,0.17576779696199307,0.20965353574443601,0.011713464436684156,0.014119464765369398,1.4260811772195865,True,,,
W87,76,556,0.0011977453413810298,-0.033022389021147396,0.0355641561487425,-0.027392628238684644,-0.06235683125271696,0.006671512683291195,0.0013928553474992645,-0.019184494940645648,0.03653478429201364,-0.02713483139370254,-0.06430910975581128,0.007559996187652636,0.1606530140118073,0.13904622579013118,0.18693320845073969,0.1674126562904747,0.14415453820124446,0.19264950635494396,0.017849895957398505,0.0173782623864794,1.8052190076039485,False,,,
W88,182,1013,-0.004572843613864768,-0.033443790804975684,0.02220976662401784,0.007906821922272524,-0.019630850957775392,0.0369952539755111,-0.0028962805408096824,-0.018578945992816936,0.023402900932968186,-0.013455880666731757,-0.03534085587268976,0.018275853841787027,0.22325503882449005,0.20487799112172117,0.24336279650827028,0.22811368071451388,0.20828591957268855,0.24875853662162598,0.014000248220559487,0.014589035483929728,4.250214848125692,False,,,
W91,260,1326,0.022963107649750403,0.008383660856812579,0.037608218044248534,0.06807788708000587,0.05710441583042462,0.07881507251028518,0.021047546296165766,-0.0005248699131454558,0.04762185636432525,0.0691991354060173,0.053243248287060396,0.08488177646504105,0.13417962694962424,0.12553926719680986,0.14323216508492048,0.12106737427657507,0.1135900139876483,0.1284704351591518,0.00774433661245389,0.005576282884787895,1.0507207005873371,True,,,
W92,479,2206,-0.18328900981393728,-0.2555876785662654,-0.11065626495937272,0.09723056481290902,0.042638415561168264,0.15082455430706285,-0.22345374055021877,-0.3161075745762172,-0.13698020011929757,0.17277360539367237,0.11623722125726488,0.2297978815906987,0.9130345233522297,0.8715997562782499,0.9557167219631999,0.7335114095526835,0.7005264512314202,0.7669472373739339,0.037428497520691315,0.0288583883166022,7.002237433841551,True,,,
W93,31,104,0.027950962677046373,-0.003513590439059904,0.05803857177252934,0.029102592110949364,0.007162933547881277,0.049148054318717764,0.03586475955049073,-0.016547384521038735,0.07656114214235256,0.019792925681372253,-0.005008724598809522,0.054681972507353294,0.10140960745505548,0.08370895597876125,0.1204894401312233,0.07528075169778027,0.06147426151135096,0.09042189665879596,0.01636191802863824,0.010718023807600662,0.8362554260619155,True,,,
W94,1385,6691,0.02630190117839964,0.012941084944231053,0.04001633711209361,-0.014355678297548486,-0.0255199967445598,-0.0037108747137992145,0.03269955261716171,0.018842618999202084,0.04630849985158771,-0.009979092435433554,-0.01906949284080639,-0.002028553649324749,0.3554731444220023,0.3454616577057742,0.3663336741277504,0.3080172759665146,0.29937199942996456,0.3168850216023383,0.006773200424764944,0.005663350585671456,7.184701386072426,True,,,
W95,155,744,-0.008247982776432223,-0.06232228346504063,0.03938440993444927,0.06191967936837162,0.030961449012601307,0.09385530138733215,0.02647571599098307,-0.021440087993086512,0.06473609119609658,0.047625950606569996,0.026068153159286567,0.07830666140336007,0.33423812906730593,0.3001901827668355,0.3713492538049224,0.27061936923943175,0.24509798639180821,0.29813390038485,0.02549033986619443,0.016931639340554444,1.7835071096106914,True,,,
W98,321,1220,-0.0549055230443432,-0.10236635140515575,-0.008234774561343753,0.008121040871897772,-0.03730533578891845,0.05368699438137505,-0.05442049668277612,-0.11152844320152122,0.010711889888662033,0.009041724848302124,-0.034478710841057136,0.047741694882219556,0.5818858924196502,0.5479470258733204,0.6202272161144698,0.5378230931483157,0.5063508836216499,0.572151024121665,0.025311472619720256,0.023332344662828502,8.989268673953202,True,,,
X04,79,261,-0.01925309090156038,-0.08918040627327112,0.05645634104572635,0.043726841935673125,-0.028341678822868185,0.11613494342159067,-0.03309850079094515,-0.08529030337441944,0.04642249696545415,-0.005291877381097265,-0.04983735921655352,0.05358131398260415,0.3888182272268863,0.3296343799161693,0.45235213314307154,0.405327721428157,0.34758429964002163,0.4679359063286462,0.03855696075776233,0.03753690240895447,11.58880564413343,False,,,
X05,504,7592,0.004249505779154663,0.0005404335983694892,0.007984531848744484,-0.03090664170998429,-0.034648705467668545,-0.027170151797169185,0.003947162041501426,-7.02215078811292e-05,0.006741904087238662,-0.030870931142779057,-0.03459148012167544,-0.026711379694046185,0.04550481067691313,0.04298427328952922,0.04792859134721754,0.055533288992201335,0.05305811971439649,0.05814720712133081,0.0018863344537917081,0.001894789906654144,14.527147958945156,True,,,
X07,44,149,0.017987529506684564,-0.05258678435193099,0.09692587322200479,0.04969496215591868,-0.018463156248170957,0.12210772137046351,0.01227537020780856,-0.09444266517275318,0.06508600104113084,0.05157632668471024,-0.03144471021059303,0.09541206207508424,0.2583173525041314,0.20821317469399017,0.3170061008126704,0.23747048652351782,0.1928575109151302,0.29183273216742867,0.03883967572143704,0.03524821848886676,7.690169832288381,False,,,
X09,60,159,0.033344508896337444,-0.09060452988413778,0.152448077066129,0.037360800884390616,-0.1186549456597392,0.1811128270474929,0.04623590919321656,-0.09144649599586892,0.12112922335489607,-0.01627237847188212,-0.10412255581897512,0.12383189081504042,0.5085765579519967,0.4265902660064542,0.5969408440999014,0.5435723354490403,0.4574638740073309,0.6355703395809953,0.06451930521262049,0.07323496888631,34.44527494391266,False,,,
X10,71,384,-0.042893416505761464,-0.10447427040303389,0.01579157164927645,0.1229516188079434,0.059789363401237215,0.18359314681794428,-0.06134600703179643,-0.0969612305401032,0.018787638234979708,0.12123015927656411,0.04383549843964829,0.21137720080357525,0.39406888725851436,0.34939746545015155,0.4417559055815929,0.4393930405387628,0.3866148939604792,0.4948242556589745,0.032287637985917654,0.03329397304607071,5.757549066918113,True,,,
X19,30,143,0.26326176409490937,0.10707029119349946,0.4455053762222411,0.052087863741426176,-0.12285086159027989,0.2151272012613785,0.2151582723653181,0.12149290191583328,0.3612585454197562,0.07848321765120403,-0.18547176556822365,0.21774573522478136,0.614846957294027,0.482538951905661,0.7692063387147675,0.5346790178508507,0.4399978697610903,0.6328754513233832,0.08915801581572537,0.0846238520675973,15.66112273729748,True,,,
X33,74,577,-0.042919693153762234,-0.15025905924355432,0.06815439618966264,0.1240654751840051,0.010221197793416736,0.2402848590313548,-0.05762121264142096,-0.11676687069372295,0.03632778124569027,0.09490033139059051,0.02372814762470199,0.19509994132569375,0.6114550282445264,0.5322903002360735,0.7004196338656002,0.5775318182226112,0.5023978859752531,0.6649990106734093,0.05677677808764254,0.056914896761613924,14.008274159182815,True,,,
X74,302,1404,0.025409254409816527,-0.00888121755614136,0.05855379559171935,0.021891994240302148,-0.007747613454487319,0.050911532066071324,0.012272025442521976,-0.013430231756656795,0.045485759414725546,0.029984149944084493,0.0019244245538452276,0.049937341668737645,0.3900529070935991,0.3665007156679335,0.4145375090724164,0.34142330584866726,0.31702887792091233,0.36499320857645334,0.017411001042195996,0.014738013750021461,4.048629740533385,False,,,
X76,49,210,-0.00014100816429948927,-0.1184515348224626,0.11386139105549989,0.033222278281101074,-0.023589310294928105,0.09202022139962941,0.003606953396571031,-0.07909228125185143,0.13373715658871102,0.018316982924559966,-0.04606452761528601,0.04252914602034252,0.4227698500786407,0.34810998806823074,0.5100303950817962,0.31657631259692925,0.25750597497864786,0.38564826298383603,0.05969221011410798,0.029634731974454265,15.119967146037,False,,,
Y00,1016,6758,-0.1048122915649632,-0.12726687442910756,-0.08224946014754365,-0.04435792671275481,-0.06669256881750302,-0.02367135453951154,-0.08971313220072646,-0.11374460852324508,-0.07263864045477517,-0.02643172806786609,-0.037562734124207964,-0.007600653375869906,0.513862255018616,0.4961017453483972,0.5315601759140451,0.45531386317621325,0.439677511958692,0.47119838740728137,0.011853530325166948,0.010948463169821296,6.201472813112409,True,,,
Y05,156,517,-0.010096751981086416,-0.06858632747094404,0.045058051208880984,0.009595696996248345,-0.03813336551696559,0.05772074175091901,0.032934473055777014,-0.025579832124489145,0.07716949180033661,0.015021681905835749,-0.02174512037186105,0.053052914957163466,0.37417996922534824,0.3332776322522405,0.41680685399789275,0.32181511454026346,0.28518905570241576,0.35822844613907007,0.029438203305932942,0.024205809451639502,6.092819096003384,False,,,
Y16,26,188,-0.0687705236004644,-0.24936665915880993,0.09230821677858413,-0.058392558279660174,-0.23044074234320205,0.11876011574213621,-0.018931372254145273,-0.2006988325372377,0.12935088509075426,-0.10491930758007584,-0.24740711254196412,0.10633905990457296,0.580924875366197,0.4721095969263761,0.6974578996254632,0.5419221500515822,0.4371193670381088,0.6622374711949858,0.08852625073163736,0.0879905326300393,8.980750782015026,False,,,
Y28,21,658,0.05702109248534583,-0.04014893331339072,0.1659044702580403,-0.03192308550722944,-0.1254090437698638,0.051850803957640225,0.0440924009990476,-0.05355507737920925,0.13372350481986858,-0.0403378218720718,-0.11326296399971625,0.10373531930412128,0.19016228915165656,0.12492669790900013,0.26596636125524553,0.1905037052862185,0.14200131869176288,0.24718601096323212,0.053594048547840605,0.04640059963469613,2.470667439007586,False,,,
Y84,214,1345,0.03617732063566753,0.011241490526019861,0.06067175047540981,0.07773703752305626,0.05599552840485526,0.09926885189529036,0.04534493321855791,0.023211863213733887,0.06579525148186602,0.06961009611208269,0.056807749401599494,0.08301421659524522,0.22696964776585626,0.20879497143988968,0.2477492768983425,0.2109561882816085,0.1953702134379386,0.22731484271707159,0.013308037191462781,0.011160225049008089,3.0178624351874785,True,,,
Y89,150,503,0.009501328433265642,-0.04884656725337359,0.06868277447644294,0.06624388549883321,0.012818517788402423,0.11790057643706758,0.03404309172614604,-0.022956715029587776,0.07441725654024056,0.05656571184680104,0.015803023990388358,0.09830740397886117,0.4402844454598691,0.3980256487353903,0.489073326447265,0.4352714082525576,0.39258580147726285,0.4808482355591494,0.029739650878590183,0.02638102955867746,13.409517633296517,True,,,
Z21,37,216,0.05732486442241651,-0.022073277280316207,0.14134842866094707,-0.016382318955762934,-0.0796644768787181,0.04577096971171309,0.0574374805685585,-0.04945469403852987,0.13212912753037723,0.009762052538064836,-0.04955171448841611,0.033670140248481015,0.24412082272473953,0.19500119488863268,0.3030591631863696,0.20326396914210013,0.1650706048681527,0.24935433081184394,0.042071274395300354,0.0320935043666536,2.178756586234256,False,,,
Z22,1092,7203,-0.08339358447800653,-0.1090773990665655,-0.05921900442409791,-0.013438138519295702,-0.038040135348493494,0.011214786046993488,-0.06636422177386098,-0.09200497332509679,-0.05081162120502554,-0.01081189671957266,-0.028399735042134763,0.012043088623578604,0.5581967711700828,0.5414629707790585,0.5756239068038628,0.5613800962816742,0.5434877051096618,0.5799237988695629,0.012853313262098902,0.01276948843074842,3.254095076544505,True,,,
Z32,76,934,-0.04801699281058589,-0.0842150765598561,-0.01310230429145784,0.03565095046353108,0.007069203672418565,0.06420087607993033,-0.012641857486506786,-0.03303291379951628,0.016728488815214534,0.046425269476010556,0.010334539347143236,0.059598821266388616,0.1784088903033177,0.15483281775680988,0.20365903058970694,0.14975547563744235,0.13251939059874246,0.16895070482113717,0.01790760804476335,0.014548216423946264,1.9705059657585393,True,,,
Z35,43,332,0.2069821802455591,0.07424660718112283,0.3372721143602264,0.25438572041926294,0.07198992115887408,0.4241192928217815,0.16840542869997036,0.04643315633417793,0.4155274756484502,0.25677723901615934,0.15826043605475792,0.4218823697299807,0.7659376621750962,0.6828318339698185,0.8510655310811943,0.911817653930365,0.79256864393978,1.0272231361158053,0.0678835039936893,0.08766945550012704,4.580312975393173,True,,,
Z36,24,792,-0.030363612206489563,-0.07946791258999615,0.01636615077777882,0.1497020864716925,0.09775867216496827,0.20663035615349212,-0.035920977922196035,-0.08277792054221589,0.03242254928254727,0.1537736208555119,0.10226763909741976,0.1854844424579024,0.19690374916456022,0.16438425312126156,0.22909158322951628,0.2683956175283194,0.22551182140445747,0.31695110072325705,0.024588147092629083,0.02863733217094296,1.4227924527477993,True,,,
Z43,239,1616,0.01702845719479162,-0.007088330128328194,0.04047619735951572,0.030095372903293106,0.009330533441378424,0.05114042311748855,0.01035119454062533,-0.006444928437119514,0.029213031501207003,0.022711860781186033,-0.00040950476076773157,0.050532132204228475,0.2242421216285013,0.20750296640885554,0.24218108057615945,0.23403130559672236,0.21987133074215656,0.24909068072571414,0.0121566039703689,0.010703503749367545,3.060908221153682,True,,,
Z45,60,270,0.0002027314276439812,-0.05255520704925024,0.05165951821758802,0.06461815363645694,0.0025604792088258924,0.1301358102008482,0.0063914636403042385,-0.026869066947292856,0.052032137752604395,0.07208951119587292,0.010524264291511543,0.12955442656163996,0.22139316979209572,0.18374054666817966,0.26555748723273204,0.3036511851929449,0.25624812143383163,0.35239260116234616,0.026845884858242314,0.03216392517777219,4.150268544443127,True,,,
Z52,33,402,-0.008670870403939946,-0.050558366815762326,0.040145562411648045,0.08928780353123046,0.0505022812469771,0.12801537471186664,0.018796755737235646,-0.043084452137566336,0.037466952520041494,0.06193767540196404,0.02837138960325447,0.11331589593055469,0.16625616129278434,0.13549784486427027,0.19970225219612944,0.16952853603552145,0.13742994254119656,0.20262372854704636,0.023485596359582667,0.020622350008621355,0.9835568879724059,True,,,
Z80,716,6038,-0.0074161908855015415,-0.026366411246414565,0.012498330043855886,0.01829718105880524,0.0013589184745905424,0.034552991674833576,-0.020838489141114667,-0.034659055268621244,-0.006932583471794763,0.018288842073843625,0.0020897653220457763,0.035834407258540764,0.37912698598501204,0.3654209302966469,0.39253022166715235,0.3330828346490011,0.319592665253258,0.34669448401547753,0.010023095191608787,0.008646184973873424,3.984625741426002,True,,,
Z81,108,745,0.04618077410816999,0.012107496325787307,0.08066176666826422,-0.014028324632167745,-0.035933231632789706,0.008827271800109995,0.03884261327459751,0.007836342688480555,0.06165561151153192,-0.015521552868755442,-0.03426999135669462,-0.0005605256896501487,0.25032746466214084,0.2254058383236442,0.27639638487166684,0.20094881145762405,0.1822459904141817,0.219027688499552,0.01706653135179162,0.011649344868247584,1.4576915691000611,True,,,
Z84,251,706,-0.048643586674839576,-0.07403804230870556,-0.02460028357263044,0.0700195362461991,0.04723265067799742,0.09394415275276638,-0.018846114072376775,-0.05131205055976214,0.0039053670382993566,0.054040551122014335,0.029247038216873023,0.07872232858119332,0.21867787790628893,0.20059855627568868,0.2361583060320335,0.20974182441604855,0.19297522128469222,0.22682559637380745,0.012701219339084788,0.012020225058902519,4.342944517909328,True,,,
Z99,121,525,-0.003030186601756031,-0.044744237783458374,0.04048178579256864,-0.020235116048347417,-0.07540221636988999,0.03549963477387389,-0.002891290301905836,-0.05519399512021122,0.058333031526960455,-0.018242484372166246,-0.06030291535878973,0.01898081301519028,0.2551804827032086,0.22657290106392178,0.2874227754918017,0.3040259007593055,0.2621354021430273,0.3450828720266491,0.02228669018243818,0.030218085728707798,6.407170438822558,False,,,
