stn,n_obs,mean_ra_arcsec,mean_dec_arcsec,std_ra_arcsec,std_dec_arcsec,sem_ra_arcsec,sem_dec_arcsec,snr_ra,snr_dec,mean_at_arcsec,mean_ct_arcsec,std_at_arcsec,std_ct_arcsec,sem_at_arcsec,sem_ct_arcsec,snr_at,snr_ct,mean_speed_arcsec_per_day,detected_ra,detected_dec,detected_at,detected_ct,at_better_than_ra,ct_better_than_dec,at_gains_detection,at_loses_detection,ct_gains_detection,ct_loses_detection,scenario,target_station,applied_bias,is_target,corrected_snr_at,corrected_snr_ct,corrected_detected_at,corrected_detected_ct
691,3214,0.13613875763801092,0.0036924751723982348,0.4354270633588009,0.3724611042268508,0.007680552857187846,0.00656988836705264,17.72512476241934,0.5620301238169652,-0.05516321875072883,0.0022605393808483275,0.4510482309851145,0.3746780269655567,0.007956096602033186,0.006608992946688981,6.933452609993679,0.34203991426270597,716.8270511350477,True,False,True,False,False,False,False,False,False,False,AA00_clean,AA00,clean,False,0.0,0.0,False,False
703,11201,0.10596755937673527,0.01377987932255961,0.48780085619099245,0.385894576413907,0.004609079080725703,0.0036461982322114847,22.99104821608975,3.7792457910885076,0.21368975691234662,-0.002752111452186647,0.45465122624799675,0.381955679819821,0.004295858503178712,0.0036089808192805092,49.74320191277886,0.7625730337728176,941.5147765161167,True,True,True,False,True,False,False,False,False,True,AA00_clean,AA00,clean,False,0.0,0.0,False,False
F51,11792,0.030476261980413838,0.000607134735934697,0.28591548080551216,0.195867801813104,0.0026329580244086235,0.0018037208025748416,11.574913727407019,0.33660128278611745,0.14711277002128678,0.0012047146172535354,0.2555793686082908,0.18449779546101602,0.002353596760674301,0.0016990159108426206,62.50551176792887,0.709066118548626,711.6464864123344,True,False,True,False,True,True,False,False,False,False,AA00_clean,AA00,clean,True,0.0,0.0,False,False
F52,6019,-0.017268718322460776,0.0005062424051965786,0.2862513072000036,0.19311407207456416,0.0036896511552901557,0.0024891539050155755,4.680311930763752,0.2033793106069152,0.19238552867590225,0.000854299610275179,0.22758629096445931,0.17526202823299278,0.0029334853685000334,0.0022590490547403502,65.58257652884559,0.3781677996245948,654.8380885051354,True,False,True,False,True,True,False,False,False,False,AA00_clean,AA00,clean,False,0.0,0.0,False,False
G96,14710,0.07079275686573822,0.006467874351040778,0.3212622380959296,0.1976785627102618,0.002648825472772363,0.0016298710219768112,26.726093354744048,3.9683350791746266,0.16702605703098156,-0.005042812344207323,0.2934811692270232,0.18243848941859217,0.0024197689757593866,0.0015042157486364126,69.02562133170768,3.3524528305056545,768.1307070317077,True,True,True,True,True,False,False,False,False,False,AA00_clean,AA00,clean,False,0.0,0.0,False,False
T09,76,0.18758608737704044,0.03538836868954113,0.30454192625159826,0.2581920965768825,0.03493335475268245,0.02961666465788223,5.369827453019986,1.1948802844051114,-0.05115665091324606,-0.07656830147185381,0.3207942911915789,0.2912626838432762,0.03679762886760137,0.03341012118150731,1.3902159592214147,2.2917696423751615,490.29880288748876,True,False,False,False,False,True,False,True,False,False,AA00_clean,AA00,clean,False,0.0,0.0,False,False
V00,470,0.06287298105620164,0.029277152013130595,0.4937642251563852,0.37510267379067336,0.02277564535574832,0.017302196139348733,2.7605356543863286,1.6921061220978972,0.3115752705535209,-0.006679720987877251,0.4082331893558976,0.35403439636308437,0.01883039286669904,0.016330388968030667,16.546403081399966,0.40903624530645694,871.7454556161142,False,False,True,False,True,False,True,False,False,False,AA00_clean,AA00,clean,False,0.0,0.0,False,False
W68,4780,-0.04955952264205588,-0.006673935827525007,0.38007972697371434,0.40386573148567034,0.005497443279011089,0.005841482177586238,9.015013002730049,1.142507265216505,0.2681575607141653,0.057883246066674506,0.32293874090658153,0.36125505273803776,0.00467096055047411,0.00522516467136083,57.40951091675284,11.077784090505903,922.4097525475556,True,False,True,True,True,True,False,False,True,False,AA00_clean,AA00,clean,False,0.0,0.0,False,False
W84,354,0.0058858451106142025,0.030193397515855088,0.2969090336315719,0.24682679857946754,0.015780537094612655,0.013118696333642278,0.37298129178528283,2.3015547237285725,0.14010232331513953,0.01791081087936441,0.26701919185942036,0.24232661194349936,0.014191909928007698,0.012879514112498755,9.87198509755533,1.3906433676704542,646.7304445115977,False,False,True,False,True,False,True,False,False,False,AA00_clean,AA00,clean,False,0.0,0.0,False,False
691,3214,-0.16287094199485855,0.004969247898720923,0.39439253742976893,0.36082198340825694,0.006956739681827475,0.006364584447795003,23.41196443217691,0.7807654905800658,0.22014250497491894,0.007331080209048168,0.37395732175009766,0.3520258974856549,0.0065962803365469174,0.0062094291794389765,33.37373394444924,1.180636737644624,716.8270511350477,True,False,True,False,True,True,False,False,False,False,AA00_constant,AA00,constant,False,26.63842205268448,0.5591442036381911,True,False
703,11201,-0.08545246055048744,0.012563789938243216,0.4784141612822538,0.37886341176434335,0.0045203871102383,0.003579762936971344,18.903792632481572,3.509670936163388,0.3310531915586475,-0.004798481423632119,0.373970918661503,0.3610812850038876,0.0035335352862267805,0.0034117451333487542,93.68894456751171,1.406459520298995,941.5147765161167,True,True,True,False,True,False,False,False,False,True,AA00_constant,AA00,constant,False,21.099431200451942,-0.4120461097650604,True,False
F51,11792,0.5304762616481034,0.000607134735934697,0.28591548217561163,0.195867801813104,0.0026329580370256893,0.0018037208025748416,201.47539542534972,0.33660128278611745,-0.10651779260144768,-0.005677238886118854,0.5391503945807066,0.3152500542314762,0.00496496500915238,0.0029030962494424562,21.45388585923437,1.9555806622702143,711.6464864123344,True,False,True,False,False,True,False,False,False,False,AA00_constant,AA00,constant,True,-46.160223710847774,-2.045934340952443,True,False
F52,6019,-0.10766958576037035,0.0011558376715342707,0.28783587029943697,0.1906909184168739,0.0037100754640125946,0.002457920539550818,29.020861382674248,0.4702502188071136,0.2542049189516899,0.0015631287012504225,0.20177361965506463,0.15957004990647003,0.002600771595244531,0.0020567864815923802,97.74211599992074,0.7599858882970857,654.8380885051354,True,False,True,False,True,True,False,False,False,False,AA00_constant,AA00,constant,False,15.768739434233805,0.23201455809415275,True,False
G96,14710,-0.11471676192965828,0.00608660752704745,0.31100661579421063,0.19321990142034606,0.0025642672820776514,0.0015931091053905664,44.736663268858265,3.820584231458057,0.29360141074254,-0.003409023222407196,0.18810035185942595,0.160174627727979,0.00155089812732337,0.0013206489394219183,189.31057144885096,2.5813243176490284,768.1307070317077,True,True,True,False,True,False,False,False,False,True,AA00_constant,AA00,constant,False,44.039686967807505,0.8162032601840572,True,False
T09,76,-0.08882523814095183,0.03997702568526801,0.29377816008548674,0.2615699281519004,0.03369866609557765,0.030004128512719167,2.6358680752829136,1.3323841640100025,0.151259513079389,-0.0323215370693312,0.26272362986578485,0.2665937207389208,0.030136467175398432,0.030580397044301554,5.019152118894282,1.056936475432522,490.29880288748876,False,False,True,False,True,False,True,False,False,False,AA00_constant,AA00,constant,False,4.255717255454821,0.976914762627854,True,False
V00,470,0.008972918939971193,0.010502168194455373,0.5067363363514438,0.3730858236831668,0.02337400422632144,0.017209165781044172,0.3838845434051389,0.6102659668735059,0.35278486022874067,0.004895399808546172,0.3900504988253775,0.34536941050644604,0.017991687893682235,0.01593070297453678,19.608213654741128,0.3072933954245994,871.7454556161142,False,False,True,False,True,False,True,False,False,False,AA00_constant,AA00,constant,False,1.5823127758573334,0.5073739196149448,False,False
W68,4780,-0.07366891079364982,-0.007946690120960906,0.38518015484857276,0.4046270642014405,0.005571215466662288,0.005852494034110991,13.223130793357166,1.3578296833185972,0.2875882487084192,0.05875069438860159,0.31935650499216256,0.35974014113646885,0.004619147371938237,0.005203253109098218,62.26002886496876,11.291146741616753,922.4097525475556,True,False,True,True,True,True,False,False,True,False,AA00_constant,AA00,constant,False,2.957846706325224,0.11763572379103966,False,False
W84,354,-0.16910906226851427,0.08162380953361563,0.3118794630761213,0.24100955200870466,0.01657620644250168,0.012809513166745633,10.201915791475408,6.372124254145473,0.29116186464745636,0.06179047655366502,0.22192683000247862,0.22938794142160954,0.011795277935159165,0.012191831532995245,24.684612456614182,5.068186546577433,646.7304445115977,True,True,True,True,True,False,False,False,False,False,AA00_constant,AA00,constant,False,8.185869264586152,2.4742145349272175,True,False
691,3214,0.13359360316779553,-0.005864457851591769,0.43711523112499256,0.37787452675719085,0.0077103306612132045,0.006665376409439907,17.326572495760495,0.8798389605253457,-0.05429328024326892,0.01308416858515296,0.4557493847860104,0.3753913466244399,0.008039020846518644,0.006621575282067637,6.753718055947201,1.9759903086184243,716.8270511350477,True,False,True,False,False,True,False,False,False,False,AA00_dcr,AA00,dcr,False,0.07691486521355063,1.156935668090991,False,False
703,11201,0.10218131019213017,0.008335749441719761,0.48433576583097726,0.38685303484943484,0.00457633851602912,0.0036552544088640465,22.328180014268852,2.2804840674032003,0.21415763881949634,-0.0006008655340590526,0.453035926931213,0.37897209940337895,0.004280596040647929,0.0035807898927813935,50.0298642492508,0.16780251063329713,941.5147765161167,True,False,True,False,True,False,False,False,False,False,AA00_dcr,AA00,dcr,False,0.07715121529042412,0.4231425297283984,False,False
F51,11792,0.024654411913065326,-0.13840185668048063,0.31600044498244156,0.2278814526176606,0.0029100064990855677,0.0020985302985104945,8.472287577643781,65.95180292546465,0.1480745420374356,0.0721889795279175,0.29467900359889326,0.23980958265443808,0.002713660152169996,0.002208374877782808,54.56635456692204,32.688734260731444,711.6464864123344,True,True,True,True,True,False,False,False,False,False,AA00_dcr,AA00,dcr,True,0.26774451080747613,25.475998942881517,False,True
F52,6019,-0.016920833276319647,0.005536966921200069,0.2871200951922813,0.19468650278761473,0.0037008494434334132,0.0025094218327108963,4.572148512105256,2.2064711675910442,0.19084100632998516,-0.00110476603083118,0.23043140876384177,0.17644152645501313,0.002970157662779177,0.002274252258596811,64.25282021945434,0.4857711041750525,654.8380885051354,True,False,True,False,True,False,False,False,False,False,AA00_dcr,AA00,dcr,False,-0.36998211047439056,-0.611148791486562,False,False
G96,14710,0.0710236687737329,-0.0016105777400182556,0.3258000143745676,0.20520505378031936,0.00268623969695208,0.0016919273700403803,26.439810585153413,0.9519189585424207,0.16872394234088176,-0.0015379954437246225,0.30027030303209573,0.18619274282210085,0.002475745771126062,0.0015351697820310463,68.15075453572916,1.001840618364594,768.1307070317077,True,False,True,False,True,True,False,False,False,False,AA00_dcr,AA00,dcr,False,0.4904520982123239,1.6306922951574456,False,False
T09,76,0.19805808857708546,0.02467420139385054,0.3047216905550215,0.2594985900656618,0.03495397513247924,0.02976652973914493,5.666253632853616,0.8289243526228841,-0.05017422058370271,-0.06417588823754485,0.32711230261215,0.29467754984926586,0.03752235448092783,0.03380183317692419,1.3371820952548612,1.898591946230786,490.29880288748876,True,False,False,False,False,True,False,True,False,False,AA00_dcr,AA00,dcr,False,0.018693495082263673,0.26074559813080184,False,False
V00,470,0.06082475805903923,0.02437630397551472,0.49455338610908756,0.3738739809789122,0.022812046636099606,0.017245520766152215,2.666343753777238,1.4134861049460503,0.31366497334076665,0.002823543604364147,0.4075572721314244,0.35208152959953054,0.018799215130018,0.01624030994130563,16.685003664855998,0.17386020430452143,871.7454556161142,False,False,True,False,True,False,True,False,False,False,AA00_dcr,AA00,dcr,False,0.07853616250621963,0.41262836613678106,False,False
W68,4780,-0.048825048391977544,-0.0018959324664501323,0.381410084716429,0.40474007174088106,0.005516685468773746,0.005854128566273813,8.85043177979665,0.3238624579194892,0.26887274910935843,0.055016671119342005,0.32340912239976016,0.36297045007307394,0.004677764111397592,0.0052499760435048125,57.47890289171217,10.479413746546093,922.4097525475556,True,False,True,True,True,True,False,False,True,False,AA00_dcr,AA00,dcr,False,0.10818896661065189,-0.387005569342579,False,False
W84,354,0.011230964374703802,0.036369652822273765,0.30699444581322227,0.25661291472268505,0.01631657070430229,0.013638822538363488,0.6883164715329837,2.6666270288342453,0.1416584659333764,0.005834918800972803,0.2785118277816896,0.25262980660339207,0.014802736635662856,0.013427122730312676,9.569748447195353,0.43456211119602434,646.7304445115977,False,False,True,False,True,False,True,False,False,False,AA00_dcr,AA00,dcr,False,0.0758840015278795,-0.6490450129958482,False,False
691,3214,-0.033786277436466415,0.005542125941066736,0.4183396169688494,0.3653672555172693,0.007379145236402822,0.006444759075468075,4.578616676331541,0.8599430756322288,0.09758476175413441,0.006739153305060091,0.41562820456356336,0.3568695486646319,0.007331318291206092,0.0062948669531385365,13.310670452159638,1.0705791488889276,716.8270511350477,True,False,True,False,True,True,False,False,False,False,AA00_epoch,AA00,epoch,False,14.118677986245313,0.4906935386314947,True,False
703,11201,-0.03315549382383108,0.011851514863941174,0.47591328650968817,0.37826985338470365,0.004496757119738173,0.003574154587834467,7.37320094036157,3.3158931917161008,0.29458028618411997,-0.005023519025702913,0.39011517146524954,0.3630464126083522,0.0036860773265436617,0.003430313014929405,79.91701206668397,1.464449163630129,941.5147765161167,True,True,True,False,True,False,False,False,False,True,AA00_epoch,AA00,epoch,False,14.29028229050987,-0.4561851332467079,True,False
F51,11792,0.28047626248565,0.15060713473598328,0.2859154780943521,0.1958678018131472,0.0026329579994419073,0.0018037208025752393,106.5251563242182,83.49803058264663,0.022362069484536257,-0.07832543051964237,0.3844082067550227,0.25889405756524353,0.0035399645719521085,0.002384121294928408,6.3170320013131445,32.85295537867942,711.6464864123344,True,True,True,True,False,False,False,False,False,False,AA00_epoch,AA00,epoch,True,-29.34639111824714,-27.165887404742293,True,True
F52,6019,-0.08319490872326027,-0.0011683102856804134,0.285279768861742,0.19185403662304198,0.0036771284612027856,0.002472912612338554,22.624966628456402,0.4724430130895649,0.23676984306781765,0.002722959285429483,0.205955685568456,0.1631624708526788,0.002654676551975656,0.002103091178762572,89.18971423905087,1.294741432481131,654.8380885051354,True,False,True,False,True,True,False,False,False,False,AA00_epoch,AA00,epoch,False,11.218522458895123,0.6054359393608496,True,False
G96,14710,-0.08361511736151869,0.005313578280435952,0.309354041427472,0.19240821663230578,0.002550641712187421,0.0015864167180276267,32.78199245389533,3.3494215107883263,0.27175006272141283,-0.0030742323768641624,0.19939317608235496,0.16161941891320922,0.0016440081070039046,0.001332561325131975,165.29727655459027,2.3070100556608115,768.1307070317077,True,True,True,False,True,False,False,False,False,True,AA00_epoch,AA00,epoch,False,35.79801734236339,0.979600994169138,True,False
T09,76,-0.012853619053787586,0.023039986210909327,0.2971915597309364,0.25998978260698247,0.03409020988790483,0.029822873387814346,0.37704722546598446,0.7725609102549953,0.09381744306379895,-0.03743702700718836,0.267006333785961,0.2738451721898737,0.030627727006797206,0.03141219557242511,3.0631539533762355,1.1917991189400363,490.29880288748876,False,False,True,False,True,True,True,False,False,False,AA00_epoch,AA00,epoch,False,3.028108479640441,0.8533127926577349,True,False
V00,470,0.022622012424016524,0.010389518601141897,0.5047593367263411,0.37174896061559215,0.02328281203370051,0.01714750088600923,0.9716185652863787,0.6058911249054829,0.3423795749190124,0.005450098224638255,0.3950890220499127,0.34641229328739537,0.018224097639532838,0.015978807570123862,18.78718945053836,0.3410829125214884,871.7454556161142,False,False,True,False,True,False,True,False,False,False,AA00_epoch,AA00,epoch,False,1.1755129824216874,0.5309057831802911,False,False
W68,4780,-0.0674309882252078,-0.007792942703848403,0.3835868270856971,0.4043828383151036,0.0055481696992096905,0.005848961570098522,12.153735714827361,1.3323634649418865,0.2826694443797545,0.05854574946781256,0.319699853533837,0.36016373162296583,0.004624113538241858,0.005209379888581006,61.12943422388991,11.238525644126131,922.4097525475556,True,False,True,True,True,True,False,False,True,False,AA00_epoch,AA00,epoch,False,2.207905160201741,0.08979023642155896,False,False
W84,354,-0.10316795144934814,0.047149317180834135,0.30204855649173523,0.24501990442135768,0.016053699652691163,0.01302266099265136,6.426428404748034,3.6205593624406194,0.22315593139137185,0.06242585732797631,0.23966478591095336,0.22996595148917273,0.012738039655045497,0.01222255242147976,17.51885984300422,5.107432161081992,646.7304445115977,True,True,True,True,True,True,False,False,False,False,AA00_epoch,AA00,epoch,False,4.355178734580794,2.5070538791039896,True,False
691,3214,0.08934038293245433,0.005645682391930078,0.42334854413620404,0.3696197778450207,0.007467498334094801,0.006519769852847689,11.963897269926079,0.8659327736030699,-0.01133821296193203,0.002628724093702458,0.4340630592752665,0.3678486033775432,0.007656493017222471,0.00648852788315516,1.4808624439972609,0.40513412919544933,716.8270511350477,True,False,False,False,False,False,False,True,False,False,AA00_mag_dep,AA00,mag_dep,False,3.9690090176970414,0.03975330893608179,True,False
703,11201,0.08340227625682961,0.01330979653449505,0.48960124710514114,0.38773609717638446,0.004626090416384948,0.003663598191058079,18.028674053025583,3.6329847981093866,0.23350815205885023,-0.0025881967766813348,0.44358916766500506,0.3819146618716861,0.00419133654066566,0.003608593253403403,55.71209798909751,0.7172315068317292,941.5147765161167,True,True,True,False,True,False,False,False,False,True,AA00_mag_dep,AA00,mag_dep,False,3.302070695888179,0.032117489131800896,True,False
F51,11792,0.10978566576145404,0.03233089660843698,0.3064390221566331,0.19821545775320074,0.002821956614962291,0.0018253400570783533,38.90409412368697,17.712259413287594,0.11381209327257368,-0.014809653628339536,0.30403119985293287,0.2016157280705806,0.0027997832963367426,0.001856652698814579,40.65032226654337,7.976534134679624,711.6464864123344,True,True,True,True,True,False,False,False,False,False,AA00_mag_dep,AA00,mag_dep,True,-9.104459092365872,-6.363223057404635,True,True
F52,6019,-0.04222211173243522,0.0002342077282315516,0.28537994905166936,0.1906214928010101,0.0036784197389863466,0.002457025674453836,11.478328936998981,0.09532164464810196,0.2084931969403739,0.0009054632167319544,0.21806875055719183,0.16890793432126658,0.0028108085349767566,0.0021771476298296784,74.17552435391976,0.4158942665742838,654.8380885051354,True,False,True,False,True,True,False,False,False,False,AA00_mag_dep,AA00,mag_dep,False,3.964715292940208,0.016307648913175453,True,False
G96,14710,0.012183846659954705,0.004011585004222068,0.3188869319410634,0.1932868912036446,0.0026292409380759326,0.001593661439973891,4.633978759234896,2.5172128179795763,0.21308196773164484,-0.002541551563463319,0.2550205124284743,0.16960045497062357,0.002102658667273234,0.0013983654225362932,101.33930487537162,1.8175160244262658,768.1307070317077,True,False,True,False,True,False,False,False,False,False,AA00_mag_dep,AA00,mag_dep,False,14.366921016969771,1.217870210446492,True,False
T09,76,0.10959300381240807,0.029808508200789455,0.29374753819017724,0.2580669475551015,0.033695153523285185,0.029602309080544693,3.2524856649391234,1.0069656431085736,-0.0031307270241914794,-0.05553142503620199,0.2920417729341083,0.27844953452274257,0.03349948882926921,0.03194035215422565,0.09345596406402766,1.7385977702457887,490.29880288748876,True,False,False,False,False,True,False,True,False,False,AA00_mag_dep,AA00,mag_dep,False,0.9651076193900825,0.45513235001081714,False,False
V00,470,0.047782261503694926,0.017143900242429354,0.49751531303418156,0.3723442966782081,0.02294867013731462,0.017174961690860645,2.082136403451144,0.9981914691287015,0.3225139461272628,0.005064840332875091,0.40301459325708955,0.34937203459800914,0.01858967697853663,0.01611533025646054,17.34908823319699,0.3142870950996879,871.7454556161142,False,False,True,False,True,False,True,False,False,False,AA00_mag_dep,AA00,mag_dep,False,0.4133958955966477,0.5118996729704223,False,False
W68,4780,-0.05306303014743435,-0.006886994809411023,0.3810902968818402,0.4039133459075278,0.005512060082684444,0.005842170868839276,9.626714758448708,1.1788417292182576,0.2717212374723852,0.05817495100705136,0.32201929576094823,0.36098501378223774,0.004657661768198804,0.005221258849141755,58.338550756867086,11.141939652467887,922.4097525475556,True,False,True,True,True,True,False,False,True,False,AA00_mag_dep,AA00,mag_dep,False,0.5402507154893127,0.03949036273013751,False,False
W84,354,-0.03062767097257019,0.028244651382619276,0.2928777511344349,0.24476772684145978,0.01556627684726743,0.013009257905499266,1.96756560821072,2.1711193357677776,0.16930170554168322,0.030063407511933635,0.25041275959011283,0.2346745919434054,0.013309288011019606,0.012472813838063722,12.720568177764848,2.410314777583554,646.7304445115977,False,False,True,False,True,True,True,False,False,False,AA00_mag_dep,AA00,mag_dep,False,1.5007677822422685,0.6778137311866832,False,False
691,3214,0.14199234503421437,0.0042862756122587645,0.445819358665992,0.37742602474115944,0.007863863864084572,0.006657465225844399,18.056307622861375,0.6438299663390453,-0.06456147143955596,0.006626754793481415,0.46596383779246103,0.3742406674292573,0.008219194870655172,0.0066012783066980016,7.854962980627032,1.003859326269817,716.8270511350477,True,False,True,False,False,True,False,False,False,False,AA00_seasonal,AA00,seasonal,False,-0.8215851073974796,0.4674211362827894,False,False
703,11201,0.11722775141841692,0.022733504900304683,0.4999488650530057,0.3864698670023391,0.004723861850800328,0.0036516339746519256,24.81608377233892,6.225570541327775,0.20429471232746452,0.003276370679133593,0.4686964462586499,0.3900428512418424,0.0044285674332957695,0.003685393995170646,46.131105691536696,0.8890150370427046,941.5147765161167,True,True,True,False,True,False,False,False,False,True,AA00_seasonal,AA00,seasonal,False,-1.5227434681765284,1.1687216044429438,False,False
F51,11792,0.026235989991581495,-0.0008062904021018481,0.36733024018007526,0.21294250773682113,0.0033826958259317525,0.0019609595216872546,7.755941220152385,0.4111713644186277,0.169173222215445,-0.027455496184953368,0.32406199366108546,0.21569272480474047,0.0029842442396332174,0.001986285908623153,56.68879911660229,13.822529810919757,711.6464864123344,True,False,True,True,True,True,False,False,True,False,AA00_seasonal,AA00,seasonal,True,5.804350931846172,-10.964930211601585,True,True
F52,6019,-0.014615696807501148,0.005543892742741969,0.2893821553131346,0.19607051765245115,0.003730006385352322,0.0025272611645027142,3.9184106667743968,2.193636661145321,0.1900864497641338,0.002173176570248706,0.23259338831211565,0.17940680970228,0.0029980246109375273,0.0023124734316844033,63.40389904427466,0.9397628273142004,654.8380885051354,True,False,True,False,True,False,False,False,False,False,AA00_seasonal,AA00,seasonal,False,-0.5481228455210858,0.4079705040357226,False,False
G96,14710,0.08681634934824559,0.008320622912626656,0.3340701895661447,0.20446061753031242,0.002754427763005452,0.0016857894507083088,31.51883324524628,4.935742662958667,0.15667115171956505,0.0011169266780415334,0.3175548216973718,0.1887432995859069,0.002618257613154385,0.0015561992679916838,59.83794372732221,0.7177272866108957,768.1307070317077,True,True,True,False,True,False,False,False,False,True,AA00_seasonal,AA00,seasonal,False,-2.904449821360857,2.8459963860490967,False,False
T09,76,0.19550245480161488,0.04730372969273405,0.31225225677767254,0.25790875592100004,0.03581779032069442,0.029584163255629906,5.458250021879758,1.598954456950277,-0.05083293721078084,-0.07842791629197325,0.3392251111988047,0.2847659301732622,0.03891178891649835,0.03266489242601604,1.306363408782473,2.400984986238899,490.29880288748876,True,False,False,False,False,True,False,True,False,False,AA00_seasonal,AA00,seasonal,False,0.006044451704119152,-0.03979908748937556,False,False
V00,470,0.06582327489446912,0.023022317496732937,0.4927930518603735,0.37432183389421775,0.022730848472049568,0.017266178680701016,2.8957684960773507,1.3333765346970345,0.30694990676132294,0.007200005282048667,0.41209257502782076,0.3514876216370264,0.01900841305300747,0.016212915009800283,16.14810799330552,0.44409073122855774,871.7454556161142,False,False,True,False,True,False,True,False,False,False,AA00_seasonal,AA00,seasonal,False,-0.17286961507861653,0.6031584642034691,False,False
W68,4780,-0.0411742704844448,-0.0033449452155779385,0.38111045795116105,0.4045740858204532,0.0055123516908055035,0.005851727758974953,7.469456376145719,0.5716166837132342,0.2638609252630439,0.056361953228024,0.3257037994108028,0.36295286554946227,0.004710954139217018,0.005249721702338254,56.010081496335424,10.736179253639309,922.4097525475556,True,False,True,True,True,True,False,False,True,False,AA00_seasonal,AA00,seasonal,False,-0.6476614976895065,-0.20538905872646557,False,False
W84,354,0.02784999390275099,0.022365488125279453,0.30846233578800203,0.24577954150449047,0.01639458817623467,0.0130630352480999,1.6987309228737986,1.7121203227659247,0.12312472236135873,0.01314406870597168,0.28323863311066544,0.24745913861567118,0.015053963504446764,0.01315230482738081,8.178890717051967,0.9993737887376224,646.7304445115977,False,False,True,False,True,False,True,False,False,False,AA00_seasonal,AA00,seasonal,False,-0.8206125209511296,-0.2589454599332129,False,False
691,3214,0.12010360538194997,0.001226025507314314,0.43506342860718183,0.3742269779282004,0.007674138657967024,0.006601036835863265,15.650434626596509,0.1857322626429455,-0.04258182605059709,0.005653969626363464,0.44829931206761575,0.37541824718535266,0.007907608074739753,0.006622049784452456,5.384918631288957,0.8538095922561781,716.8270511350477,True,False,True,False,False,True,False,False,False,False,AA00_step,AA00,step,False,1.1215975988959999,0.3627100929946654,False,False
703,11201,0.08786225023564383,0.01607807706132999,0.47777680697001274,0.37894379153441254,0.004514364946910218,0.0035805224205024563,19.462815095571678,4.490427701070992,0.2185527893645407,-0.005735940154375301,0.44214794040274646,0.36950155436598525,0.004177718831018905,0.0034913056484203483,52.31390579514845,1.6429212254649042,941.5147765161167,True,True,True,False,True,False,False,False,False,True,AA00_step,AA00,step,False,0.811546039334931,-0.5942283632900116,False,False
F51,11792,0.12063908694802972,-0.04447427639024838,0.3052584540235008,0.2121300052839013,0.0028110849184359806,0.0019534772935573194,42.91549008599512,22.766722980055672,0.10320394699737791,0.021439633830273374,0.30653535970664775,0.2227196224233316,0.002822843774778361,0.002050995683761746,36.56027581812638,10.453280813809801,711.6464864123344,True,True,True,True,False,False,False,False,False,False,AA00_step,AA00,step,True,-11.946988488141344,7.597648507935882,True,True
F52,6019,-0.039309234389710124,0.004963801886790995,0.2866538170955343,0.19322692239899017,0.003694839327583891,0.002490608495158643,10.638956367127065,1.9930076912689638,0.20299626571496182,0.00040409483955827525,0.22232299278151532,0.1744567648085688,0.002865643812032425,0.002248669569827945,70.8379264940778,0.17970396583842874,654.8380885051354,True,False,True,False,True,False,False,False,False,False,AA00_step,AA00,step,False,2.587426670505696,-0.14124306723193208,False,False
G96,14710,0.0553552945005067,0.00733446875820394,0.32488945742516323,0.20019634276905826,0.0026787321029806024,0.0016506302621355844,20.66473703694122,4.443435290417255,0.1757107536789768,-0.00448718631890683,0.29040581398154186,0.18307897005565416,0.0023944124963912053,0.0015094965480117837,73.38366047780127,2.9726376816277433,768.1307070317077,True,True,True,False,True,False,False,False,False,True,AA00_step,AA00,step,False,2.551180402591043,0.2607324710928329,False,False
T09,76,0.16346512838339933,-0.024697523952351207,0.2985802717992829,0.26648814625913464,0.03424950608705214,0.030568286820922483,4.772773305633056,0.8079459636399045,-0.03873721998390127,-0.01851621080215822,0.31228133591349005,0.2974452950905533,0.035821125926336364,0.03411931532977254,1.0814071021542329,0.542689987275359,490.29880288748876,True,False,False,False,False,False,False,True,False,False,AA00_step,AA00,step,False,0.24184027906584882,1.2156702496758618,False,False
V00,470,0.05064118561175843,0.03203865322685502,0.4968537342431108,0.3802127859880238,0.02291815378324798,0.01753790803827798,2.2096538006815623,1.8268229686760775,0.3163963372723673,-7.238181798204105e-06,0.4088397835961248,0.35714702802447457,0.018858372972560045,0.016473963960367228,16.777499190027747,0.0004393709865832896,871.7454556161142,False,False,True,False,True,False,True,False,False,False,AA00_step,AA00,step,False,0.1809031393885454,0.28765162117476634,False,False
W68,4780,-0.054204597125655785,-0.006786223655476463,0.38117764031019946,0.40321876140894763,0.005513323411162978,0.005832124453278446,9.831564935208814,1.1635937658466262,0.27096171158126564,0.05791460866883987,0.3220566405646819,0.361048034105414,0.00465820192050297,0.005222170370139848,58.16873467606327,11.090141562594967,922.4097525475556,True,False,True,True,True,True,False,False,True,False,AA00_step,AA00,step,False,0.42508258280881417,0.00424542865100851,False,False
W84,354,-0.02278397903371349,0.0426128491786177,0.30137509018574393,0.24803062529964626,0.016017905322374976,0.013182679001939394,1.4224068987277112,3.232487810129385,0.1611506785974141,0.017786429025796406,0.2580365028501689,0.24848443803038608,0.013714485393677905,0.013206798876447266,11.750399229102774,1.3467630719747203,646.7304445115977,False,True,True,False,True,False,True,False,False,True,AA00_step,AA00,step,False,1.066512315383519,-0.006742565027374679,False,False
691,3214,0.13041096115784934,0.002867987571843861,0.436844804154585,0.3719373055952434,0.007705560565794232,0.006560649016963673,16.924266579222916,0.4371499777580224,-0.050210288909568614,0.0036335826386039386,0.45128715234388217,0.37416055837058027,0.007960310965997086,0.006599865252914063,6.307578827516246,0.5505540642666287,716.8270511350477,True,False,True,False,False,True,False,False,False,False,AA00_timing,AA00,timing,False,0.440080481689919,0.14700558548527,False,False
703,11201,0.10041016439875682,0.015575925118882908,0.4884412939735845,0.3855604793782513,0.004615130378809312,0.0036430414528855985,21.756734080535832,4.275527830336778,0.21590289306543514,-0.0018337597661685562,0.45185165573276415,0.3830852639037225,0.00426940622919639,0.0036196539091387044,50.56977047276045,0.506611906055101,941.5147765161167,True,True,True,False,True,False,False,False,False,True,AA00_timing,AA00,timing,False,0.365409865915054,0.17966656810338674,False,False
F51,11792,0.04455635554414279,0.000607134735934697,0.30768788005710357,0.195867801813104,0.002833457182966255,0.0018037208025748416,15.725085175805685,0.33660128278611745,0.14111386625162678,0.0028355041532811057,0.2779132328595364,0.19449226794120222,0.00255926637650168,0.0017910536922257757,55.138405109873155,1.5831486044158576,711.6464864123344,True,False,True,False,True,True,False,False,False,False,AA00_timing,AA00,timing,True,-1.7253293040213946,0.6605837160772091,False,False
F52,6019,-0.02184249162628929,-0.0007373443038063498,0.28643726589581203,0.19312140250673213,0.003692048079599558,0.0024892483910033667,5.916090786298303,0.2962116221391393,0.19509364980294588,0.0018431500904279884,0.2260801591872093,0.17503259105716545,0.0029140720043959287,0.0022560917122948663,66.94880892052211,0.8169659417582634,654.8380885051354,True,False,True,False,True,True,False,False,False,False,AA00_timing,AA00,timing,False,0.6549470618880203,0.30972355733233964,False,False
G96,14710,0.06219857140480077,0.005978345492654532,0.3196807824533621,0.19740963059058242,0.002635786280818401,0.0016276536613144582,23.59772939765373,3.6729837770441582,0.17296316444757504,-0.0047002867611084095,0.28750281042212333,0.18020206140455508,0.002370477066502802,0.0014857762721305113,72.96555064451647,3.163522563439843,768.1307070317077,True,True,True,True,True,False,False,False,False,False,AA00_timing,AA00,timing,False,1.7527060753655574,0.1620054870967305,False,False
T09,76,0.1869833860167918,0.0329098646730829,0.3043538991576255,0.25764131106141336,0.0349117865658068,0.02955348522626391,5.355881334355043,1.1135696660181453,-0.04982534522744105,-0.07430578365870899,0.3202053033241384,0.29136699978827346,0.03673006732567651,0.03342208704104528,1.3565274679638324,2.223253849092515,490.29880288748876,True,False,False,False,False,True,False,True,False,False,AA00_timing,AA00,timing,False,0.02560599419268367,0.047876366953487154,False,False
V00,470,0.06247765117313612,0.029532374700987078,0.49394381197639087,0.3747595438236723,0.022783929078048618,0.017286368734200315,2.742180725682243,1.7084198049390549,0.3117619101416627,-0.0058552595856414934,0.408064047001233,0.35391758023529263,0.01882259091166016,0.016325000641856217,16.56317728015506,0.35866826066940527,871.7454556161142,False,False,True,False,True,False,True,False,False,False,AA00_timing,AA00,timing,False,0.007010021641666079,0.03570511620749864,False,False
W68,4780,-0.05188188119155576,-0.007644441046689003,0.38011220488949454,0.40355919131872847,0.005497913037030659,0.005837048404719898,9.436650023765454,1.3096415374091515,0.26887494784359006,0.05860547327405571,0.3226016755686525,0.36094324419320206,0.00466608526393531,0.005220654697090974,57.62323931835415,11.225694223123307,922.4097525475556,True,False,True,True,True,True,False,False,True,False,AA00_timing,AA00,timing,False,0.10865733014177446,0.09777915743798878,False,False
W84,354,0.005915329379102752,0.027862117942077356,0.29706193495861344,0.24695456608923086,0.01578866370845691,0.013125487100169806,0.37465674665895343,2.1227492533756633,0.13983102143206783,0.019019804074500213,0.2671051523148347,0.24234251195969805,0.014196478674666379,0.012880359188825196,9.849697564903636,1.4766516830525585,646.7304445115977,False,False,True,False,True,False,True,False,False,False,AA00_timing,AA00,timing,False,-0.013515342590893997,0.06088357648156461,False,False
691,3214,0.741177422768658,-0.11101874869830489,4.27686088083549,1.5903834819263676,0.07544008818539599,0.028052974709264877,9.824715752547837,3.9574679636965358,-0.7598692295971742,0.1094656559604508,4.058206004157047,2.079446843332261,0.07158320725370523,0.036679624988686474,10.615188376570574,2.984372277366919,716.8270511350477,True,True,True,False,True,False,False,False,False,True,AA00_trailing,AA00,trailing,False,-9.784323497644078,2.8764237943636246,True,False
703,11201,0.27015440799397017,-0.184507026732236,3.969507875489659,1.6188105562639694,0.03750664944001622,0.015295639144210213,7.202840350376372,12.06272094893639,0.09795798214392544,-0.008924618376445152,3.6314475096849765,2.299434219078729,0.034312421836113105,0.02172664115314917,2.8548839429581365,0.41076843463912843,941.5147765161167,True,True,False,False,False,False,False,True,False,True,AA00_trailing,AA00,trailing,False,-3.34675514130982,-0.2802583924476967,True,False
F51,11792,-0.38549264081483986,-0.008056682249612113,40.34003500892927,1.2472220128316598,0.37148607197640565,0.01148550333004873,1.0377041560775495,0.7014653183316721,0.9577399013934775,0.7674658874104539,33.70371824017723,22.17146455950931,0.31037310446735034,0.20417409844471074,3.08576963534618,3.7588797661241027,711.6464864123344,False,False,True,True,True,True,True,False,True,False,AA00_trailing,AA00,trailing,True,2.6117076952588967,3.7528494055508563,False,True
F52,6019,0.06362233928876875,-0.20966077376664347,1.946437099496296,1.3890013898077305,0.025088702521935728,0.017903605865537374,2.5358959568810713,11.710533360780646,0.06653012316271008,0.034816531568975274,1.7442089820925004,1.6486513591330314,0.0224820726542519,0.021250377688740905,2.9592522088984365,1.6383958948373012,654.8380885051354,False,True,False,False,True,False,False,False,False,True,AA00_trailing,AA00,trailing,False,-5.55097977180638,1.5892394819798215,True,False
G96,14710,0.17383563421299256,-0.19709299638900354,4.723541063028396,1.7099846183481862,0.038945865420074055,0.014098920688515839,4.463519614674979,13.979296766279708,0.06935876283181751,0.040400048307659774,4.583845279692625,2.0704772284130084,0.03779406572045237,0.01707120281524611,1.8351760126797845,2.366561322297625,768.1307070317077,True,True,False,False,False,False,False,True,False,True,AA00_trailing,AA00,trailing,False,-2.578916190029914,2.6516859989019745,False,False
T09,76,0.6181606651026162,-0.160641377321903,1.0340779085846785,0.43729142857712433,0.11861687113864484,0.050160767001163654,5.211405925385451,3.2025303225163277,-0.3265363197561602,-0.08429240873907894,1.0992089827795997,0.5919461429551989,0.12608791773074776,0.0679008793989577,2.589751069198053,1.2414037857125728,490.29880288748876,True,True,False,False,False,False,False,True,False,True,AA00_trailing,AA00,trailing,False,-2.096569544007038,-0.10206893699308502,False,False
V00,470,-0.13784036554468249,-0.05924788274933389,1.6078055323983693,0.7583662267831308,0.07416253900394962,0.03498082556612745,1.8586252223287774,1.693724541673043,0.5713283684635458,-0.047183450233408024,1.439569086591657,0.883749947985209,0.066402370424722,0.04076434535551296,8.604035741634261,1.1574686118938728,871.7454556161142,False,False,True,False,True,False,True,False,False,False,AA00_trailing,AA00,trailing,False,3.7634080495942253,-0.922348263898667,True,False
W68,4780,-0.3890964437128191,-0.0001382666019069552,2.6457265538080295,1.5465338383851408,0.03826758079717051,0.022368943808943526,10.167782640223463,0.006181185982132674,0.19106882886539647,-0.1533924792780261,2.332447969467121,2.01064691304971,0.03373634399152488,0.029081838820027243,5.663590248943279,5.274511017934402,922.4097525475556,True,False,True,True,False,True,False,False,True,False,AA00_trailing,AA00,trailing,False,-2.263443319000186,-7.1503718337698645,False,True
W84,354,0.5600730505114333,-0.3255369302344989,2.254887833599532,1.5898112919845817,0.11984593620166774,0.08449751683112486,4.673275275425146,3.8526212656060754,-0.6781575521491466,0.20369331150169032,1.6179943899648905,2.2163368849466925,0.08599543158865036,0.11779697639802789,7.88597184316765,1.729189642469469,646.7304445115977,True,True,True,False,True,False,False,False,False,True,AA00_trailing,AA00,trailing,False,-9.388169537906025,1.5677982393831165,True,False
691,3214,0.13613875763801092,0.0036924751723982348,0.4354270633588009,0.3724611042268508,0.007680552857187846,0.00656988836705264,17.72512476241934,0.5620301238169652,-0.05516321875072883,0.0022605393808483275,0.4510482309851145,0.3746780269655567,0.007956096602033186,0.006608992946688981,6.933452609993679,0.34203991426270597,716.8270511350477,True,False,True,False,False,False,False,False,False,False,AA01_clean,AA01,clean,False,0.0,0.0,False,False
703,11201,0.10596755937673527,0.01377987932255961,0.48780085619099245,0.385894576413907,0.004609079080725703,0.0036461982322114847,22.99104821608975,3.7792457910885076,0.21368975691234662,-0.002752111452186647,0.45465122624799675,0.381955679819821,0.004295858503178712,0.0036089808192805092,49.74320191277886,0.7625730337728176,941.5147765161167,True,True,True,False,True,False,False,False,False,True,AA01_clean,AA01,clean,False,0.0,0.0,False,False
F51,11792,0.030476261980413838,0.000607134735934697,0.28591548080551216,0.195867801813104,0.0026329580244086235,0.0018037208025748416,11.574913727407019,0.33660128278611745,0.14711277002128678,0.0012047146172535354,0.2555793686082908,0.18449779546101602,0.002353596760674301,0.0016990159108426206,62.50551176792887,0.709066118548626,711.6464864123344,True,False,True,False,True,True,False,False,False,False,AA01_clean,AA01,clean,False,0.0,0.0,False,False
F52,6019,-0.017268718322460776,0.0005062424051965786,0.2862513072000036,0.19311407207456416,0.0036896511552901557,0.0024891539050155755,4.680311930763752,0.2033793106069152,0.19238552867590225,0.000854299610275179,0.22758629096445931,0.17526202823299278,0.0029334853685000334,0.0022590490547403502,65.58257652884559,0.3781677996245948,654.8380885051354,True,False,True,False,True,True,False,False,False,False,AA01_clean,AA01,clean,False,0.0,0.0,False,False
G96,14710,0.07079275686573822,0.006467874351040778,0.3212622380959296,0.1976785627102618,0.002648825472772363,0.0016298710219768112,26.726093354744048,3.9683350791746266,0.16702605703098156,-0.005042812344207323,0.2934811692270232,0.18243848941859217,0.0024197689757593866,0.0015042157486364126,69.02562133170768,3.3524528305056545,768.1307070317077,True,True,True,True,True,False,False,False,False,False,AA01_clean,AA01,clean,True,0.0,0.0,False,False
T09,76,0.18758608737704044,0.03538836868954113,0.30454192625159826,0.2581920965768825,0.03493335475268245,0.02961666465788223,5.369827453019986,1.1948802844051114,-0.05115665091324606,-0.07656830147185381,0.3207942911915789,0.2912626838432762,0.03679762886760137,0.03341012118150731,1.3902159592214147,2.2917696423751615,490.29880288748876,True,False,False,False,False,True,False,True,False,False,AA01_clean,AA01,clean,False,0.0,0.0,False,False
V00,470,0.06287298105620164,0.029277152013130595,0.4937642251563852,0.37510267379067336,0.02277564535574832,0.017302196139348733,2.7605356543863286,1.6921061220978972,0.3115752705535209,-0.006679720987877251,0.4082331893558976,0.35403439636308437,0.01883039286669904,0.016330388968030667,16.546403081399966,0.40903624530645694,871.7454556161142,False,False,True,False,True,False,True,False,False,False,AA01_clean,AA01,clean,False,0.0,0.0,False,False
W68,4780,-0.04955952264205588,-0.006673935827525007,0.38007972697371434,0.40386573148567034,0.005497443279011089,0.005841482177586238,9.015013002730049,1.142507265216505,0.2681575607141653,0.057883246066674506,0.32293874090658153,0.36125505273803776,0.00467096055047411,0.00522516467136083,57.40951091675284,11.077784090505903,922.4097525475556,True,False,True,True,True,True,False,False,True,False,AA01_clean,AA01,clean,False,0.0,0.0,False,False
W84,354,0.0058858451106142025,0.030193397515855088,0.2969090336315719,0.24682679857946754,0.015780537094612655,0.013118696333642278,0.37298129178528283,2.3015547237285725,0.14010232331513953,0.01791081087936441,0.26701919185942036,0.24232661194349936,0.014191909928007698,0.012879514112498755,9.87198509755533,1.3906433676704542,646.7304445115977,False,False,True,False,True,False,True,False,False,False,AA01_clean,AA01,clean,False,0.0,0.0,False,False
691,3214,-0.2019862830757228,0.005305773958673516,0.38999000029225916,0.36178802708063507,0.006879082774308815,0.0063816246139041495,29.362385902678376,0.8314142995991033,0.2599490679524468,0.007896437059102335,0.36356455123615766,0.35211644110284657,0.006412960947418446,0.006211026289715856,40.53495258802254,1.2713578546877449,716.8270511350477,True,False,True,False,True,True,False,False,False,False,AA01_constant,AA01,constant,False,30.8362792415106,0.6214129065029724,True,False
703,11201,-0.08711741515816704,0.011212943288165635,0.482383325878229,0.3803864850140344,0.004557890516136595,0.003594153983982576,19.11353834624584,3.119772646952901,0.3361659685716781,-0.003776754809409536,0.37360305966260715,0.3639720075544968,0.003530059500575835,0.003439058674657871,95.22954741041661,1.0981943510414984,941.5147765161167,True,True,True,False,True,False,False,False,False,True,AA01_constant,AA01,constant,False,22.02734020995568,-0.205538516408508,True,False
F51,11792,-0.12970842969393417,0.0007453231569707639,0.2770300688348962,0.1892633088118528,0.0025511334352597637,0.0017429008959513744,50.84345173843362,0.4276336989108747,0.26109777326917605,0.006771244128154169,0.1890155835417286,0.15942022125546298,0.0017406196265497152,0.0014680798312319897,150.00277446413054,4.612313298025385,711.6464864123344,True,False,True,True,True,True,False,False,True,False,AA01_constant,AA01,constant,False,38.93841103142946,2.479058769408898,True,False
F52,6019,-0.11126922208705452,0.0012549901232356384,0.28854843245833833,0.19125187852377676,0.0037192600711276618,0.002465151064108945,29.91703187169652,0.5090925832122454,0.2572201232531493,0.0024475872295086657,0.20221686184862764,0.1585910290950153,0.0026064847886183885,0.0020441673417764938,98.68468228793814,1.1973516940064104,654.8380885051354,True,False,True,False,True,True,False,False,False,False,AA01_constant,AA01,constant,False,16.5218676490981,0.5229681095903715,True,False
G96,14710,0.57079275814208,0.006467874351040778,0.3212622394484851,0.1976785627102618,0.0026488254839242605,0.0016298710219768112,215.4890012974524,3.9683350791746266,-0.0419075231527802,-0.017262311371573025,0.6184427810430058,0.28918637358897636,0.005099095995806829,0.0023843581408170824,8.218618199626418,7.239814806368602,768.1307070317077,True,True,True,True,False,True,False,False,False,False,AA01_constant,AA01,constant,True,-37.01793624400686,-4.334401623620366,True,True
T09,76,-0.06661534580842327,0.026077561913076242,0.2891314339012539,0.26353615955794174,0.03316565004675199,0.03022967072320733,2.008564454926072,0.8626478982140049,0.12615420921570292,-0.025058027216732736,0.2629954520145342,0.2688944118231345,0.030167647314267236,0.03084430441104873,4.181771548225459,0.812403706136317,490.29880288748876,False,False,True,False,True,False,True,False,False,False,AA01_constant,AA01,constant,False,3.7263402307034963,1.132817194937264,True,False
V00,470,0.0033751329034420324,0.011052633124627384,0.5081939842171428,0.37350408481277697,0.023441240508642644,0.017228458728302712,0.14398269162409053,0.6415334824159428,0.3585046280416159,0.00411384037644226,0.38712060391025777,0.3452844221176131,0.01785654191891008,0.015926782752485855,20.07693481020306,0.25829701078833206,871.7454556161142,False,False,True,False,True,False,True,False,False,False,AA01_constant,AA01,constant,False,1.808403019436026,0.4731724867767699,False,False
W68,4780,-0.045344798847255036,0.005010265576493661,0.47338252674613523,0.4120737709879789,0.006846967636981609,0.005960202615414126,6.622610365841405,0.8406200090473833,0.2697412576606287,0.07966263850665081,0.33892329317475334,0.4494279305488963,0.004902159857352005,0.006500490241529672,55.02498194873934,12.254866255734104,922.4097525475556,True,False,True,True,True,True,False,False,True,False,AA01_constant,AA01,constant,False,0.233887460440767,2.6113793894044073,False,False
W84,354,-0.17908484199559208,0.08604602491283175,0.31520767763865404,0.24139992762739962,0.016753099050720702,0.012830261396788684,10.689654579932064,6.706490402009145,0.30317426399178493,0.05921044830709494,0.22205267048216965,0.22851415516671317,0.011801966281193906,0.012145390317517562,25.688453666816894,4.875137542652245,646.7304445115977,True,True,True,True,True,False,False,False,False,False,AA01_constant,AA01,constant,False,8.83477037615661,2.3329316546845686,True,False
691,3214,0.12473699459778007,0.006229713375242654,0.4399121226274383,0.3738997364073752,0.007759665382979574,0.006595264581427869,16.075048142073786,0.9445736859117677,-0.048185398475757216,0.006852573021110706,0.4553586531632819,0.37310272006082873,0.0080321286821727,0.0065812059096253565,5.999081984667981,1.0412336455068911,716.8270511350477,True,False,True,False,False,True,False,False,False,False,AA01_dcr,AA01,dcr,False,0.6172052439937871,0.49234298235089413,False,False
703,11201,0.08444539008066068,0.018257554087131853,0.4845392296281818,0.3808051457738046,0.004578260982378816,0.0035981097797243987,18.444861576410997,5.074207071172328,0.22256649884410565,-0.0025728108478810666,0.44232857508563955,0.37688328969334045,0.004179425592144084,0.003561053377324386,53.25289179988175,0.7224858982075018,941.5147765161167,True,True,True,False,True,False,False,False,False,True,AA01_dcr,AA01,dcr,False,1.4810623725634637,0.035364361547023014,False,False
F51,11792,0.02364967949172884,0.01195361799005201,0.29183986141747603,0.19532874526468916,0.0026875148655701266,0.0017987567017826766,8.79983206593792,6.6454890637545665,0.15559382297551017,-0.00027307343728511196,0.25623584620629336,0.18474902119676925,0.0023596421764546416,0.001701329415571451,65.93958377591369,0.160505916600161,711.6464864123344,True,True,True,False,True,False,False,False,False,True,AA01_dcr,AA01,dcr,False,2.544749036683476,-0.6146162300309791,False,False
F52,6019,-0.023504465412158407,0.007885459360204532,0.28818295837437796,0.1943318629042902,0.0037145492738589847,0.002504850683436437,6.327676301824905,3.1480756167814237,0.19719670205125348,-0.00027664877394832,0.22780105091726574,0.17505038298621475,0.002936253528113812,0.002256321042292391,67.15928994657642,0.12261055442147925,654.8380885051354,True,True,True,False,True,False,False,False,False,True,AA01_dcr,AA01,dcr,False,1.1591701098749512,-0.35421288112443877,False,False
G96,14710,0.08394246679819965,-0.16697433769949382,0.35957846292570605,0.21914958259263226,0.002964744931439892,0.0018069008052712997,28.313554366186636,92.40924416679488,0.15394726366508044,0.05594627593342952,0.3456622010452651,0.25678478381983744,0.002850004558674152,0.0021172051855009094,54.01649734086675,26.424588564472646,768.1307070317077,True,True,True,True,True,False,False,False,False,False,AA01_dcr,AA01,dcr,True,-3.4982282680147514,23.48302232502589,True,True
T09,76,0.16664597536930803,0.05001309846657175,0.3048274093568317,0.2630231871953827,0.034966101910729845,0.03017082875770143,4.765929464907564,1.6576640591553313,-0.03608523776648304,-0.08501557620232819,0.31234664655635425,0.29423258839427835,0.035828617570867485,0.03375079259755415,1.007162436426914,2.51892088034961,490.29880288748876,True,False,False,False,False,True,False,True,False,False,AA01_dcr,AA01,dcr,False,0.29345176145893553,-0.17787275562155633,False,False
V00,470,0.060771531191447944,0.033297608835351516,0.49381526604677267,0.37661602820949386,0.022777999696461722,0.01737200197335725,2.667992448910606,1.916739871801692,0.31129643195992174,0.0044458735181796315,0.40999637090057744,0.35394402940234493,0.018911722366718425,0.016326220650957825,16.46050137177104,0.27231492292239734,871.7454556161142,False,False,True,False,True,False,True,False,False,False,AA01_dcr,AA01,dcr,False,-0.010448179779970933,0.4818003673783159,False,False
W68,4780,-0.05184256865321373,-0.007033462489944882,0.38106923461381087,0.4037893824105674,0.005511755439696142,0.0058403778705685356,9.405818023027482,1.2042820936961405,0.2710029330960907,0.057728605438367456,0.3223056913474143,0.36100570044439534,0.004661804171437441,0.0052215580593962686,58.132629156005166,11.055819887798433,922.4097525475556,True,False,True,True,True,True,False,False,True,False,AA01_dcr,AA01,dcr,False,0.4311650829925283,-0.02093430317325852,False,False
W84,354,-0.012247667132514956,0.041808126029602814,0.3060546263482205,0.2492018415138631,0.01626661986330463,0.01324492844139968,0.7529325228865829,3.1565384603304563,0.15261923155122425,0.020335511333856485,0.27106663402958997,0.2458126404792144,0.014407029052284385,0.01306479443875852,10.593386811212467,1.5565121540319362,646.7304445115977,False,True,True,False,True,False,True,False,False,True,AA01_dcr,AA01,dcr,False,0.618941865207973,0.1321660518538481,False,False
691,3214,-0.09767888765314835,0.006151739127470636,0.40971504346438636,0.36286523199397575,0.007227015297209893,0.00640062556715477,13.51579921117074,0.96111529457975,0.162868761017091,0.009037699558109366,0.3945185833931233,0.3561719759415413,0.0069589630224634715,0.006282562379945266,23.404171065624585,1.4385371782314247,716.8270511350477,True,False,True,False,True,True,False,False,False,False,AA01_epoch,AA01,epoch,False,20.62727364946338,0.7432214722809849,True,False
703,11201,-0.049158241253640024,0.010937930539394607,0.47936047727140196,0.3783324209435013,0.004529328556678958,0.0035747457693027364,10.853317580847865,3.059778581548774,0.3073478950291982,-0.0036897873658551642,0.3860575046157981,0.3632056808980149,0.0036477376902863644,0.003431817891628145,84.25712623131899,1.0751699193760633,941.5147765161167,True,True,True,False,True,False,False,False,False,True,AA01_epoch,AA01,epoch,False,16.6189125651063,-0.18828182009274114,True,False
F51,11792,-0.10737984558467896,0.001088600384636026,0.2753948122389227,0.1884850372343429,0.0025360745725349983,0.0017357338954468871,42.34096534367469,0.6271700906985813,0.24535525394911548,0.006803806985289326,0.1919243010548452,0.16058259558900234,0.0017674056232202062,0.0014787839834529072,138.82226622210194,4.600947171068679,711.6464864123344,True,False,True,True,True,True,False,False,True,False,AA01_epoch,AA01,epoch,False,33.37810367807853,2.485796855934276,True,False
F52,6019,-0.0911609009888034,-0.00020797770326614286,0.2867293130994648,0.1898309699897726,0.0036958124372644956,0.0024468361894439817,24.66599767608265,0.08499862155194118,0.24280950216926786,0.0031101920790220622,0.2045958394731543,0.1603927889165489,0.002637148744799421,0.0020673912189776277,92.07273675711292,1.504404222322335,654.8380885051354,True,False,True,False,True,True,False,False,False,False,AA01_epoch,AA01,epoch,False,12.78302993274447,0.7366767496185751,True,False
G96,14710,0.3207927244740483,0.15646787435109671,0.32126220117493964,0.19767856271029524,0.002648825168356696,0.001629871021977087,121.10754922834896,96.0001572156894,0.06622510871809331,-0.07383263900822754,0.4430523154547426,0.25209521598093493,0.003652991605558288,0.002078539431251044,18.12900654283658,35.521404067753814,768.1307070317077,True,True,True,True,False,False,False,False,False,False,AA01_epoch,AA01,epoch,True,-23.004785758606495,-26.81097318670646,True,True
T09,76,0.07950090581230133,0.028119725681008307,0.30680954456232046,0.25900109343352823,0.03519346841212878,0.029709462961665406,2.258967626643551,0.9464905413232019,0.01656884331467364,-0.054214403110690534,0.29995089316598367,0.274212462844901,0.034406727140402306,0.03145432670000855,0.48155825013700815,1.7235912765754988,490.29880288748876,False,False,False,False,False,True,False,False,False,False,AA01_epoch,AA01,epoch,False,1.3443610642364974,0.4871516921540698,False,False
V00,470,0.014422865267890888,0.010943538675332234,0.5059032825407391,0.37181695787914104,0.02333557831940432,0.01715063736589345,0.618063331042359,0.6380834975319961,0.3494813578767981,0.00451576959278449,0.38996326922523095,0.3464462922455054,0.01798766429226228,0.01598037582511871,19.42894598200467,0.2825821896933356,871.7454556161142,False,False,True,False,True,False,True,False,False,False,AA01_epoch,AA01,epoch,False,1.455624490681593,0.4899879599960871,False,False
W68,4780,-0.04609126540898177,0.0058393693370061015,0.4542807808697336,0.39794581200164286,0.006570681486910616,0.005755856927750156,7.014685691400456,1.014509118330116,0.26702940373674283,0.07376811511506433,0.3300418553405769,0.42567678954663507,0.004773699439012395,0.006156955606016856,55.937623880230525,11.981264741128681,922.4097525475556,True,False,True,True,True,True,False,False,True,False,AA01_epoch,AA01,epoch,False,-0.16891666958266996,1.9670936952546576,False,False
W84,354,-0.11675686260694804,0.0696227520502214,0.31386053850594575,0.24080031006533048,0.016681499413635604,0.012798392082928215,6.999182730031447,5.43996086376282,0.2446744878291487,0.042080034870071746,0.24563589913767186,0.22995028356423847,0.013055400742439317,0.01222171968066485,18.741246833870292,3.4430535120719306,646.7304445115977,True,True,True,True,True,False,False,False,False,False,AA01_epoch,AA01,epoch,False,5.422879920025016,1.3612364316491707,True,False
691,496,0.11839251761918135,0.012569493495602893,0.393204294810022,0.3711562326832176,0.017655394031894762,0.016665406817547312,6.70574201885856,0.7542266224409382,-0.05311757938441536,-0.016583729453619436,0.40075929708431035,0.37796721519157245,0.017994623648216395,0.01697122896017535,2.9518583118397315,0.977167268942914,656.1362970357915,True,False,False,False,False,True,False,True,False,False,AA01_mag_dep,AA01,mag_dep,False,0.10397146117691197,-1.0346790101102366,False,False
703,757,-0.03365784777010263,-1.7596860922129738e-05,0.413614416074129,0.36205414957542814,0.015033071652468323,0.013159081891539836,2.2389201986259577,0.0013372407791947107,0.09551218592623376,0.007741173457113007,0.39089876336028223,0.37563500789966947,0.014207457211557145,0.0136526865831465,6.722679822575061,0.5670073366123459,747.4485925416338,False,False,True,False,True,True,True,False,False,False,AA01_mag_dep,AA01,mag_dep,False,-7.961990579567255,0.7430644132017035,True,False
F51,1657,-0.04169317306640687,0.002825281087570094,0.2599163145416293,0.1827261739745137,0.006385167377688723,0.004488895616920075,6.529691486568172,0.6293933583397912,0.17780311214190136,0.003952197968956881,0.20905527439977176,0.1653479009672325,0.005135702699483265,0.004061976736963087,34.62099006622623,0.9729740530005395,633.0133720216047,True,False,True,False,True,True,False,False,False,False,AA01_mag_dep,AA01,mag_dep,False,5.432569091680911,0.624004170230529,True,False
F52,759,-0.06643834620788533,0.0032214067842583436,0.24679869153248735,0.17780696440032734,0.008958224972263546,0.006453983928531951,7.416463240607566,0.49913461513547613,0.17547177457172033,0.019034864596559033,0.1988344673043258,0.16194525427405038,0.0072172339297749575,0.005878240326028631,24.31288444840415,3.2381909450475095,561.2535397898052,True,False,True,True,True,True,False,False,True,False,AA01_mag_dep,AA01,mag_dep,False,-2.1710400775887972,2.8870039710268456,False,False
G96,14710,0.1419556855171492,0.034220454643142856,0.3392875529098475,0.19892219009138368,0.002797445221289429,0.0016401248006508214,50.744759696033455,20.864543130842094,0.14241281030119002,-0.015554002025764563,0.34353456316652314,0.1935697846902931,0.0028324620630374117,0.001595993912903038,50.278805905161036,9.745652473995069,768.1307070317077,True,True,True,True,False,False,False,False,False,False,AA01_mag_dep,AA01,mag_dep,True,-6.606988264427134,-4.792758915991899,True,True
T09,26,0.20513271250550075,0.039369886325024694,0.26732925982983025,0.22705675174011092,0.0524275812471777,0.0445294926083007,3.9126869412184355,0.8841305844496821,-0.17394891027947898,-0.07142239730649617,0.22883689464607387,0.2815212500042384,0.044878607355011806,0.05521085951010171,3.87598725832684,1.293629513111063,553.1866053962841,True,False,True,False,False,True,False,False,False,False,AA01_mag_dep,AA01,mag_dep,False,-2.1158017061920273,0.07974097720584326,False,False
V00,56,-0.0369618533540688,0.01915839956892078,0.3800490599363266,0.3392018625606249,0.05078619187311603,0.04532775552348005,0.7277933625426003,0.422663759713331,0.23108261941291955,0.03847843216202849,0.30508537014218406,0.3351197752921773,0.0407687474567559,0.04478226366699995,5.668131444509862,0.8592337459346264,736.0853949311144,False,False,True,False,True,True,True,False,False,False,AA01_mag_dep,AA01,mag_dep,False,-1.7924140194468008,0.9473693325509364,False,False
W68,107,-0.2763114390186081,0.03546360983656744,0.22806773666427288,0.2928902703164812,0.02204814030074101,0.028314771160139033,12.53218798727082,1.2524773601734913,0.3073784762814578,-0.03212146535730485,0.2311336124204493,0.25748840542029516,0.022344529697178633,0.024892343702598255,13.756318904320883,1.2904154683494917,815.5983311997802,True,False,True,False,True,True,False,False,False,False,AA01_mag_dep,AA01,mag_dep,False,1.7181414207699859,-3.5386386935205887,False,True
W84,15,-0.16130183531674297,-0.013321230875931178,0.477218704616376,0.24323846744868402,0.12321733969852672,0.0628039022390512,1.309083897699762,0.21210833086814299,0.39948081716140127,0.10344211078275825,0.23770596197971816,0.27571173244213115,0.061375415469444125,0.0711884632068246,6.508808357644171,1.4530740814312395,818.6014513742844,False,False,True,False,True,True,True,False,False,False,AA01_mag_dep,AA01,mag_dep,False,4.117455118005163,1.182283215153938,True,False
691,3214,0.09352061535769707,0.007527079634613194,0.4416654408184721,0.37458550610300934,0.007790592383561087,0.006607360959532037,12.004300925181854,1.1391960694616412,-0.01911477732253843,0.009403499301196072,0.4521950860429481,0.37316729165638196,0.007976326122962082,0.006582344896138721,2.3964387899726423,1.4285941331807566,716.8270511350477,True,False,False,False,False,True,False,True,False,False,AA01_seasonal,AA01,seasonal,False,3.1997741056775766,0.7657790516353993,True,False
703,11201,0.05916679919223692,0.01625754276779172,0.4940153069436436,0.3915806467357794,0.004667797499520421,0.0036999241481041295,12.675528276090777,4.394020557454458,0.24110477128613358,0.0009524239967022528,0.4396016818933139,0.3869738390630051,0.0041536600236572584,0.003656395850430955,58.04634224103953,0.26048164248682126,941.5147765161167,True,True,True,False,True,False,False,False,False,True,AA01_seasonal,AA01,seasonal,False,4.587858567339334,0.7210765455313137,True,False
F51,11792,-0.002446425346597948,0.0052881216662157135,0.2900680205608028,0.19542924143362425,0.0026711982163687277,0.001799682157772938,0.9158531671691742,2.938364223580253,0.17060819188595217,0.004044563878289213,0.2477195035789747,0.17840078395734443,0.002281216298303382,0.0016428693345247624,74.78825748037977,2.4618901779301856,711.6464864123344,False,False,True,False,True,False,True,False,False,False,AA01_seasonal,AA01,seasonal,False,7.168248813225459,1.2015932167004242,True,False
F52,6019,-0.03330039796324328,0.002200986750946657,0.289750632015681,0.19383960440476927,0.003734755885029883,0.002498505691830199,8.916351962044457,0.8809212475055024,0.20342555979908664,0.0035890738019742872,0.22568142942128053,0.1740957810736572,0.0029089325562798724,0.0022440166511475523,69.93134280818121,1.5993971346598055,654.8380885051354,True,False,True,False,True,True,False,False,False,False,AA01_seasonal,AA01,seasonal,False,2.672322328766608,0.8588667043160039,False,False
G96,14710,0.13508337071877563,0.027898082250831444,0.36639374132214275,0.21291616691769455,0.0030209372904532353,0.0017555059375768797,44.715714935780376,15.891761829834135,0.14647016559414527,-0.05021498342205589,0.36188042525326547,0.20897525027062164,0.002983724742097816,0.0017230128550947664,49.089704397854106,29.143707937857517,768.1307070317077,True,True,True,True,True,True,False,False,False,False,AA01_seasonal,AA01,seasonal,True,-5.35086635324506,-19.749695757475468,True,True
T09,76,0.1731678844607038,0.0350926723805163,0.30631065980569816,0.25743777705189286,0.03513624240585011,0.029530138274183028,4.928469085011542,1.1883680345376628,-0.04102453621929908,-0.06189295767384997,0.3255871899198768,0.28309186439558276,0.037347412057161244,0.032472863911549084,1.0984572681103015,1.9059901166228066,490.29880288748876,True,False,False,False,False,True,False,True,False,False,AA01_seasonal,AA01,seasonal,False,0.19325068726208433,0.31498224313460055,False,False
V00,470,0.05160974409079657,0.020133438502867248,0.49802924670147375,0.3742983820739423,0.02297237612966131,0.017265096928896558,2.2466001688070687,1.166135271975795,0.3193614671444736,0.0073831676181963755,0.40655536655275576,0.3516486419609237,0.018753000671826996,0.01622034232349639,17.029886189054356,0.4551795190845818,871.7454556161142,False,False,True,False,True,False,True,False,False,False,AA01_seasonal,AA01,seasonal,False,0.2929836940084415,0.6109790271652226,False,False
W68,4780,-0.056358802888221676,-0.006010499304355119,0.3814739674273647,0.40374594240390177,0.005517609463280569,0.005839749557728527,10.21435157078203,1.029239224206219,0.2738833945336059,0.05825946289024908,0.32118106056072016,0.3607857091082033,0.004645537600186962,0.005218376122011133,58.9562324331598,11.16428971926926,922.4097525475556,True,False,True,True,True,True,False,False,True,False,AA01_seasonal,AA01,seasonal,False,0.8691593733775514,0.050945443927008664,False,False
W84,354,-0.005238952236363372,0.043764932833603956,0.3083272037994441,0.24436991692150714,0.016387405992075353,0.012988114546802381,0.3196938087026606,3.3696140171768576,0.15903713993579086,0.005195344907493552,0.2670775736567847,0.24496669011669797,0.014195012885528692,0.013019832684268907,11.203733396954048,0.3990331545328366,646.7304445115977,False,True,True,False,True,False,True,False,False,True,AA01_seasonal,AA01,seasonal,False,0.9433172620325432,-0.6943078780189221,False,False
691,3214,0.12207536281293874,0.00921865497824407,0.43727057115646356,0.37519383125911454,0.0077130707236092964,0.006618091283641389,15.827076813813283,1.392947691886747,-0.04435337588672352,5.7160254097819935e-05,0.4520819258778794,0.3749961341529897,0.00797433007654633,0.006614604079466269,5.562019061284318,0.008641523122338138,716.8270511350477,True,False,True,False,False,False,False,False,False,False,AA01_step,AA01,step,False,0.9596363412164993,-0.23564302189556724,False,False
703,11201,0.08433825637966087,0.018817299607272388,0.4781317472700186,0.38051989771832506,0.004517718667779914,0.003595414559269899,18.66832854846762,5.233694000252787,0.22051443438859858,-0.0017422900816341372,0.440192253592788,0.37209030507847424,0.004159240152579067,0.0035157659514368626,53.01796152642489,0.49556486572209923,941.5147765161167,True,True,True,False,True,False,False,False,False,True,AA01_step,AA01,step,False,1.1413576767272584,0.2004254907808572,False,False
F51,11792,0.008707600671226674,0.003679585000022646,0.28587820403390923,0.19414589979551128,0.0026326147475261006,0.0017878640335685138,3.3075863756401542,2.058089950318159,0.15829220605903263,0.0034727995655911242,0.2475964884173273,0.18191923108340766,0.0022800834678736656,0.0016752702509351864,69.42386464766177,2.0729787111378015,711.6464864123344,True,False,True,False,True,True,False,False,False,False,AA01_step,AA01,step,False,3.41156920075181,0.9505646291481392,True,False
F52,6019,-0.039355912643904756,0.0071470722613154606,0.2864983280928572,0.19409935871659195,0.0036928351439734328,0.002501853808581465,10.65737058642656,2.8567105866860403,0.20057674566085149,0.00036806262396710043,0.22369136025671707,0.17629637335320258,0.002883281455979364,0.0022723813001197025,69.56544087809894,0.1619722112427663,654.8380885051354,True,False,True,False,True,False,False,False,False,False,AA01_step,AA01,step,False,1.9914325365646994,-0.15174898663048436,False,False
G96,14710,0.16621085353847334,-0.041241167117331896,0.33334536712198815,0.21366886071554766,0.0027484515606210754,0.0017617119408618216,60.474361607782605,23.409710839081274,0.13115817835167198,0.008820705708564016,0.3494986867254117,0.21603613562466564,0.0028816366018788813,0.0017812302574790836,45.51516949297298,4.952030020558752,768.1307070317077,True,True,True,True,False,False,False,False,False,False,AA01_step,AA01,step,True,-9.532080310769274,5.946423684882153,True,True
T09,76,0.16019640327399434,0.012312145285603,0.29724633934697553,0.26038610718447536,0.03409649354081221,0.02986833493471258,4.698324860949273,0.4122139822161291,-0.047871526700732324,-0.05579193603378502,0.3071389416809907,0.28723538947349425,0.035231252852986075,0.032948158834829155,1.3587801404761826,1.6933248474815517,490.29880288748876,True,False,False,False,False,True,False,True,False,False,AA01_step,AA01,step,False,0.0644848143534876,0.44277075599428173,False,False
V00,470,0.049669738029347196,0.04357528102874682,0.4956568606328205,0.3778546254368334,0.02286294612037003,0.01742913420317719,2.1724994568872873,2.500140312236703,0.312931475572337,-0.004681191140089362,0.40929226159777726,0.3565782054808849,0.018879244226433594,0.016447726132952638,16.57542387921382,0.2846102313626626,871.7454556161142,False,False,True,False,True,False,True,False,False,False,AA01_step,AA01,step,False,0.05086132006129,0.08622612672608457,False,False
W68,4780,-0.03624376596331583,0.0003285357923030473,0.4307395729250133,0.38823283329684727,0.006230183306631573,0.005615369167655683,5.8174477667032685,0.05850653492123033,0.2584808131855313,0.07021234503397428,0.32161937849033484,0.40296298239986533,0.004651877396248742,0.0058284248858072015,55.564837842452455,12.046538543363297,922.4097525475556,True,False,True,True,True,True,False,False,True,False,AA01_step,AA01,step,False,-1.4678962568650575,1.5750602922932553,False,False
W84,354,-0.018166522528082797,0.024245768904742466,0.2931019085507754,0.24952728514372177,0.015578190679528871,0.013262225575172858,1.1661509928720557,1.8281825148662085,0.15185413563745814,0.029526979193330426,0.2574074721864236,0.24255958541992004,0.013681052791101054,0.012891896513066868,11.099594304338394,2.2903518627691977,646.7304445115977,False,False,True,False,True,True,True,False,False,False,AA01_step,AA01,step,False,0.5961612992632143,0.6374405000530274,False,False
691,3214,0.1288034796761291,0.0036348056909240585,0.4366117439571057,0.3717413291394472,0.007701449587593111,0.006557192163556591,16.724576095859803,0.5543234970488583,-0.048624678698169214,0.002479495297844993,0.45172498364085023,0.37283165188736866,0.007968033927433968,0.006576424503944916,6.102468832462457,0.37702786618437567,716.8270511350477,True,False,True,False,False,False,False,False,False,False,AA01_timing,AA01,timing,False,0.5806841010982986,0.023484238094261724,False,False
703,11201,0.10081891481059105,0.01345614206251287,0.4869505966531147,0.38525231218435624,0.004601045241917341,0.003640129676596728,21.91217636638103,3.6966106314908656,0.21634354230192304,-0.003458849891758717,0.4515216419910594,0.38102851361922524,0.0042662880316492995,0.0036002203132557953,50.710017864941726,0.9607328415495683,941.5147765161167,True,True,True,False,True,False,False,False,False,True,AA01_timing,AA01,timing,False,0.4383243024796643,-0.13863926528998255,False,False
F51,11792,0.02123890263380629,0.00013975275675433957,0.2859438793770795,0.1937092665906637,0.0026332195431157577,0.0017838431358641019,8.065754596624082,0.0783436356844475,0.1539086094251161,0.002406906456556523,0.25120435516843553,0.18139384481635087,0.0023133078378398,0.0016704320379644722,66.53183242954738,1.4408885856197369,711.6464864123344,True,False,True,False,True,True,False,False,False,False,AA01_timing,AA01,timing,False,2.059268609210783,0.5045618322403499,False,False
F52,6019,-0.02472494121960009,-0.00101578467270829,0.2863543965365826,0.19256368538040694,0.0036909799306712276,0.0024820596670125515,6.698747130576704,0.4092507066644797,0.19661334111482454,0.0008476945635836841,0.22555289684311006,0.17364910658921223,0.002907275828909165,0.0022382592170813406,67.62803142369728,0.37872939698604985,654.8380885051354,True,False,True,False,True,False,False,False,False,False,AA01_timing,AA01,timing,False,1.0236627198622357,-0.002076986108576699,False,False
G96,14710,0.08462742573406011,0.006467874351040778,0.37263462840954875,0.1976785627102618,0.0030723937603695066,0.0016298710219768112,27.544459576002474,3.9683350791746266,0.16123488291601754,-0.004122709165422996,0.3482000632196471,0.1946246849499717,0.0028709293770210905,0.0016046916256987653,56.16121532161014,2.569159768393355,768.1307070317077,True,True,True,False,True,False,False,False,False,True,AA01_timing,AA01,timing,True,-1.5423939144500243,0.41832811555375177,False,False
T09,76,0.18658517766927216,0.03291725866013345,0.3044013265890978,0.25774757596117853,0.034917226865305205,0.029565674646246067,5.3436425060052155,1.1133606472366744,-0.050001646131799075,-0.07409124990132485,0.3201848783677315,0.2912998901653163,0.03672772442249484,0.03341438903934504,1.361414215501309,2.21734564154632,490.29880288748876,True,False,False,False,False,True,False,True,False,False,AA01_timing,AA01,timing,False,0.022215774765919735,0.05242208146408639,False,False
V00,470,0.059755900746184504,0.02844450321701987,0.49413212120126887,0.37444194080067356,0.0227926151348841,0.017271718799176283,2.62172200919271,1.6468831821402996,0.31358872848664104,-0.005049480006990376,0.4063921242869546,0.35360265805435953,0.018745470867593452,0.01631047436485565,16.728773083463206,0.3095851104043021,871.7454556161142,False,False,True,False,True,False,True,False,False,False,AA01_timing,AA01,timing,False,0.07577875693059859,0.07063258261571644,False,False
W68,4780,-0.05198877679817353,-0.007855900509570655,0.38011779498283527,0.40360401859300227,0.005497993891701098,0.005837696782889487,9.455953902867655,1.345719176884384,0.2689691995832624,0.05861020269151508,0.3225941293167874,0.3609549185290189,0.004665976115541819,0.005220823553766084,57.64478705481529,11.226237027151805,922.4097525475556,True,False,True,True,True,True,False,False,True,False,AA01_timing,AA01,timing,False,0.12293438136369031,0.09841786216618408,False,False
W84,354,0.005820635015753566,0.030165081739969485,0.29924454890596436,0.24642796026712996,0.015904668330943842,0.013097498316506815,0.36597022299603954,2.303117817694418,0.14120057558941898,0.01564331106361258,0.26834863829853395,0.2428374851305245,0.014262569209037745,0.01290666671604162,9.900079958942081,1.2120333938870211,646.7304445115977,False,False,True,False,True,False,True,False,False,False,AA01_timing,AA01,timing,False,0.054583971295403044,-0.12435836216482504,False,False
691,3214,0.8718823461366974,0.035900954215412485,6.732622025038837,1.305106136794752,0.11875756856244725,0.023020931658610282,7.34169920023437,1.5594918028430367,-0.7648619076456845,0.0780703260134105,6.609762314590601,1.8742880027322288,0.11659043064309633,0.033060802338589775,6.5602460118451775,2.361416556496694,716.8270511350477,True,False,True,False,False,True,False,False,False,False,AA01_trailing,AA01,trailing,False,-6.072985766623791,2.2485534502212734,True,False
703,11201,0.8155167082072851,0.06435902310807087,1.2454778429735003,0.7469658343472986,0.011768134062702235,0.007057848622879332,69.29872687225519,9.118787685448382,-0.2150700043975226,0.038093214451571565,1.4132194863944105,0.8562139973466178,0.013353072854517633,0.008090100650109728,16.106405375056408,4.708620584473803,941.5147765161167,True,True,True,True,False,False,False,False,False,False,AA01_trailing,AA01,trailing,False,-30.566574179781167,4.610819986357162,True,True
F51,11792,0.5094418556645826,0.04745196954334796,2.81548502009219,2.00387735469226,0.02592743091548994,0.01845344276603435,19.648759544480146,2.5714426378306317,-0.2619664151676831,-0.07539495423225619,2.4428818141391924,2.4823152075804775,0.02249617704189622,0.022859313971027802,11.644930366604271,3.2982159625530647,711.6464864123344,True,False,True,True,False,True,False,False,True,False,AA01_trailing,AA01,trailing,False,-18.085675296598435,-3.34169984298156,True,True
F52,6019,0.4772189013014608,-0.12384297465814378,4.3221276855593285,3.303876501848167,0.05571029024923644,0.042585488503858036,8.566081762749414,2.9081027131325317,-0.08390171780145293,-0.016788056415381523,4.835231259992494,2.5402202920070183,0.062323965535854696,0.03274230195408894,1.3462191803758805,0.5127329299852416,654.8380885051354,True,False,False,False,False,False,False,True,False,False,AA01_trailing,AA01,trailing,False,-4.4281795036168035,-0.5375466288085213,True,False
G96,14710,-0.6844355596723567,0.07411523836747123,67.9881726187044,1.2647075100769987,0.5605663602016425,0.010427585539319283,1.2209715178523324,7.107612600060196,1.7219692982345642,0.37984257813789185,63.9124174511821,23.16372819606899,0.5269615264293865,0.1909862598660031,3.267732484954592,1.988847671054406,768.1307070317077,False,True,True,False,True,False,True,False,False,True,AA01_trailing,AA01,trailing,True,2.950740746466128,2.01518922720337,False,False
T09,76,0.6600510125516591,-0.015184724801499927,0.7751426688075213,0.32111982039539866,0.08891496210943164,0.036834969628196684,7.423396432866998,0.4122366586635169,-0.3698721797633241,-0.22541252715069504,0.8076857680892109,0.5506359021517206,0.09264791161149732,0.06316226979380792,3.992234399349635,3.568784463993301,490.29880288748876,True,False,True,True,False,True,False,False,True,False,AA01_trailing,AA01,trailing,False,-3.197129744433278,-2.0830705650443626,True,False
V00,470,0.43481805615712904,-0.2878894340450721,3.178467032160321,3.897290562715477,0.1466117515429423,0.1797686085430741,2.9657790155366346,1.6014444144517663,-0.02444871103809361,0.353284837303281,2.868247395027036,4.148678691867503,0.1323023867129997,0.19136427826661112,0.1847941797991112,1.846137850299731,871.7454556161142,False,False,False,False,False,True,False,False,False,False,AA01_trailing,AA01,trailing,False,-2.5144773095013937,1.8742316163498371,False,False
W68,4780,0.03632294225755325,0.01889617553942077,1.1344353644454197,0.6841160206884435,0.0164083838919782,0.009895000319913382,2.213681889494977,1.9096690175333093,0.1936896459733272,-0.05647348638107684,1.0022467094242546,0.8434590568658487,0.014496417581925899,0.012199725463412758,13.361207683118828,4.629078461678671,922.4097525475556,False,False,True,True,True,True,True,False,True,False,AA01_trailing,AA01,trailing,False,-4.889437542052805,-8.616643158033344,True,True
W84,354,0.5161491330245064,-0.2732661165983187,2.551907383534181,2.105265314176027,0.1356323471715173,0.11189358901615942,3.805501738990014,2.4421963671113827,-0.2788118383150403,-0.3110739105001797,1.9210085331054256,2.7241792770685236,0.10210045159270664,0.1447884950092124,2.7307600893604347,2.1484711922752364,646.7304445115977,True,False,False,False,False,False,False,True,False,False,AA01_trailing,AA01,trailing,False,-4.063889812271284,-2.263237822232883,True,False
691,3214,0.13613875763801092,0.0036924751723982348,0.4354270633588009,0.3724611042268508,0.007680552857187846,0.00656988836705264,17.72512476241934,0.5620301238169652,-0.05516321875072883,0.0022605393808483275,0.4510482309851145,0.3746780269655567,0.007956096602033186,0.006608992946688981,6.933452609993679,0.34203991426270597,716.8270511350477,True,False,True,False,False,False,False,False,False,False,AA02_clean,AA02,clean,False,0.0,0.0,False,False
703,11201,0.10596755937673527,0.01377987932255961,0.48780085619099245,0.385894576413907,0.004609079080725703,0.0036461982322114847,22.99104821608975,3.7792457910885076,0.21368975691234662,-0.002752111452186647,0.45465122624799675,0.381955679819821,0.004295858503178712,0.0036089808192805092,49.74320191277886,0.7625730337728176,941.5147765161167,True,True,True,False,True,False,False,False,False,True,AA02_clean,AA02,clean,False,0.0,0.0,False,False
F51,11792,0.030476261980413838,0.000607134735934697,0.28591548080551216,0.195867801813104,0.0026329580244086235,0.0018037208025748416,11.574913727407019,0.33660128278611745,0.14711277002128678,0.0012047146172535354,0.2555793686082908,0.18449779546101602,0.002353596760674301,0.0016990159108426206,62.50551176792887,0.709066118548626,711.6464864123344,True,False,True,False,True,True,False,False,False,False,AA02_clean,AA02,clean,False,0.0,0.0,False,False
F52,6019,-0.017268718322460776,0.0005062424051965786,0.2862513072000036,0.19311407207456416,0.0036896511552901557,0.0024891539050155755,4.680311930763752,0.2033793106069152,0.19238552867590225,0.000854299610275179,0.22758629096445931,0.17526202823299278,0.0029334853685000334,0.0022590490547403502,65.58257652884559,0.3781677996245948,654.8380885051354,True,False,True,False,True,True,False,False,False,False,AA02_clean,AA02,clean,True,0.0,0.0,False,False
G96,14710,0.07079275686573822,0.006467874351040778,0.3212622380959296,0.1976785627102618,0.002648825472772363,0.0016298710219768112,26.726093354744048,3.9683350791746266,0.16702605703098156,-0.005042812344207323,0.2934811692270232,0.18243848941859217,0.0024197689757593866,0.0015042157486364126,69.02562133170768,3.3524528305056545,768.1307070317077,True,True,True,True,True,False,False,False,False,False,AA02_clean,AA02,clean,False,0.0,0.0,False,False
T09,76,0.18758608737704044,0.03538836868954113,0.30454192625159826,0.2581920965768825,0.03493335475268245,0.02961666465788223,5.369827453019986,1.1948802844051114,-0.05115665091324606,-0.07656830147185381,0.3207942911915789,0.2912626838432762,0.03679762886760137,0.03341012118150731,1.3902159592214147,2.2917696423751615,490.29880288748876,True,False,False,False,False,True,False,True,False,False,AA02_clean,AA02,clean,False,0.0,0.0,False,False
V00,470,0.06287298105620164,0.029277152013130595,0.4937642251563852,0.37510267379067336,0.02277564535574832,0.017302196139348733,2.7605356543863286,1.6921061220978972,0.3115752705535209,-0.006679720987877251,0.4082331893558976,0.35403439636308437,0.01883039286669904,0.016330388968030667,16.546403081399966,0.40903624530645694,871.7454556161142,False,False,True,False,True,False,True,False,False,False,AA02_clean,AA02,clean,False,0.0,0.0,False,False
W68,4780,-0.04955952264205588,-0.006673935827525007,0.38007972697371434,0.40386573148567034,0.005497443279011089,0.005841482177586238,9.015013002730049,1.142507265216505,0.2681575607141653,0.057883246066674506,0.32293874090658153,0.36125505273803776,0.00467096055047411,0.00522516467136083,57.40951091675284,11.077784090505903,922.4097525475556,True,False,True,True,True,True,False,False,True,False,AA02_clean,AA02,clean,False,0.0,0.0,False,False
W84,354,0.0058858451106142025,0.030193397515855088,0.2969090336315719,0.24682679857946754,0.015780537094612655,0.013118696333642278,0.37298129178528283,2.3015547237285725,0.14010232331513953,0.01791081087936441,0.26701919185942036,0.24232661194349936,0.014191909928007698,0.012879514112498755,9.87198509755533,1.3906433676704542,646.7304445115977,False,False,True,False,True,False,True,False,False,False,AA02_clean,AA02,clean,False,0.0,0.0,False,False
691,3214,0.05426485317724388,0.0028958148434548425,0.43038539669603215,0.3723600393171181,0.007591622263409368,0.006568105670370397,7.1479917327806755,0.4408904163217487,0.014145282781962963,0.007024498450112572,0.4382919848528537,0.3667263195883418,0.007731087568551513,0.006468731777930934,1.82966272940732,1.085915862840027,716.8270511350477,True,False,False,False,False,True,False,True,False,False,AA02_constant,AA02,constant,False,6.247580224637808,0.5151406845540988,True,False
703,11201,0.03189048926606482,0.01388586766429238,0.47802439318427303,0.3802854090667909,0.004516704312301525,0.0035931989486887844,7.060566081159904,3.8644861758516194,0.2504146822339263,-0.0026382516099740807,0.4190870595198948,0.36872102499882314,0.0039598237160118855,0.0034839306683799886,63.238846017653046,0.7572629484044398,941.5147765161167,True,True,True,False,True,False,False,False,False,True,AA02_constant,AA02,constant,False,6.285842369596765,0.02269831142400886,True,False
F51,11792,-0.04469377195396415,0.00035642340743529153,0.28327948250942353,0.19300048620114424,0.002608683463106589,0.0017773160705618976,17.132692634444776,0.2005402490523863,0.19749879187233074,0.004401798843406231,0.22412992924500486,0.17376233771257582,0.0020639830136276955,0.0016001544936684916,95.6881866606078,2.7508586582253876,711.6464864123344,True,False,True,False,True,True,False,False,False,False,AA02_constant,AA02,constant,False,16.095681215086802,1.3698387001527852,True,False
F52,6019,0.4827312809632496,0.0005062424051965786,0.2862513051302293,0.19311407207456416,0.003689651128611692,0.0024891539050155755,130.8338550547155,0.2033793106069152,-0.008284973600995433,-0.011123455159201087,0.5071680287077587,0.3080414082501108,0.0065371687603870245,0.003970515799367548,1.2673641915441285,2.8015138891961873,654.8380885051354,True,False,False,False,False,True,False,True,False,False,AA02_constant,AA02,constant,True,-28.006315602295437,-2.62199523837767,True,False
G96,14710,-0.01039967270129752,0.0038604681462953757,0.3213662103368674,0.19601929873756138,0.0026496827298278128,0.0016161902959039576,3.924874696969223,2.3886222780072828,0.22078513578465214,-0.0028151558662736034,0.2530910373374616,0.17032463814891824,0.002086750035121365,0.001404336354137185,105.80334590568789,2.004616527928038,768.1307070317077,True,False,True,False,True,False,False,False,False,False,AA02_constant,AA02,constant,False,16.82453378812229,1.0825063545856768,True,False
T09,76,0.08952288687459736,0.016952537049998228,0.2945116940408274,0.2606560942785015,0.033782808210919384,0.029899304578368376,2.6499539740944775,0.5669876704176957,0.00748203138957671,-0.037779518120545946,0.2900453931747231,0.2783195701943151,0.033270488365477364,0.03192544422333406,0.22488492826995382,1.1833670302677635,490.29880288748876,False,False,False,False,False,True,False,False,False,False,AA02_constant,AA02,constant,False,1.1820319071053937,0.8393815161595746,False,False
V00,470,0.03167040179020285,0.020323916256568472,0.5012630258024533,0.3738073197870048,0.02312153923668757,0.017242445914657265,1.3697358755402655,1.1787142240238517,0.32988128441633124,0.003238297561463026,0.3990937975998492,0.35224362234845497,0.01840882416083121,0.016247786722279525,17.9197368356761,0.1993069958890192,871.7454556161142,False,False,True,False,True,False,True,False,False,False,AA02_constant,AA02,constant,False,0.6951530248369887,0.4305382656187327,False,False
W68,4780,-0.06537443187089413,-0.006570786316796891,0.3821358076462637,0.4035879374466536,0.005527182268155313,0.005837464186453426,11.827804602635752,1.125623405458355,0.27726468987090536,0.05810022352182341,0.32007475106756234,0.3612657064374968,0.004629536026685286,0.005225318765631929,59.890383890029874,11.118981659829322,922.4097525475556,True,False,True,True,True,True,False,False,True,False,AA02_constant,AA02,constant,False,1.3847967912611625,0.029362513382033866,False,False
W84,354,-0.059948640294224136,0.03224442058343918,0.3009615966374546,0.24884629282710732,0.015995928388236758,0.013226031241905061,3.747743728229601,2.4379513395731807,0.18551347267594465,0.048534733087902446,0.2513320575052281,0.23896901401772164,0.013358148143946641,0.012701059796143136,13.887663969351294,3.821313643656786,646.7304445115977,True,False,True,True,True,True,False,False,True,False,AA02_constant,AA02,constant,False,2.33000140724347,1.6929922081554372,False,False
691,3214,0.1354634473065827,0.0025873310393533613,0.4383717448426888,0.37234218117129875,0.007732494465066148,0.006567790668285228,17.518725415010543,0.3939423727140321,-0.053112036099044864,0.0043135918604473855,0.4541144915340051,0.37431389118188174,0.008010182758364397,0.00660256990970057,6.63056483244208,0.6533201343479617,716.8270511350477,True,False,True,False,False,True,False,False,False,False,AA02_dcr,AA02,dcr,False,0.18168250822363627,0.21976615101062685,False,False
703,11201,0.10770105930634609,0.012415031496103695,0.48653638330943916,0.38754338781722103,0.004597131468431579,0.0036617773400597522,23.42788324543846,3.3904386703919873,0.21415413825470325,-0.0019163410203521685,0.45473845689990516,0.38208169200853415,0.004296682718568674,0.0036101714693901653,49.841738913885415,0.5308171749182538,941.5147765161167,True,True,True,False,True,False,False,False,False,True,AA02_dcr,AA02,dcr,False,0.0764307522657291,0.1637252985381689,False,False
F51,11792,0.03540628578518706,0.007847314111633386,0.2887694897293965,0.19905493293346083,0.0026592402168827923,0.001833070673503636,13.314436793036668,4.280966481578388,0.14378417475383184,-0.0013165714918214665,0.2613024220165541,0.18798561985582138,0.0024062996061199314,0.0017311348265521118,59.7532303908234,0.7605251027406525,711.6464864123344,True,True,True,False,True,False,False,False,False,True,AA02_dcr,AA02,dcr,False,-0.9888988511490312,-1.0394530671292426,False,False
F52,6019,-0.061257363588832305,-0.11267001079878144,0.3107048500772284,0.21905340710360582,0.004004846371725795,0.0028235003168923657,15.295808603623131,39.90437334988141,0.2000053122690413,0.04474535456486927,0.2629402522626801,0.22321021525903464,0.0033891820967491128,0.002877079712434764,59.01285518440731,15.552351355257713,654.8380885051354,True,True,True,True,True,False,False,False,False,False,AA02_dcr,AA02,dcr,True,1.6999346375219966,11.998681197808805,False,True
G96,14710,0.08207327698910234,0.0021547802932672484,0.3205259427662763,0.20091930464790891,0.0026427546757928355,0.0016565911240529168,31.055957535854166,1.3007315214846085,0.16182257222463947,-0.003067792510167374,0.29831306046424805,0.18616699998948535,0.002459608194544275,0.0015349575309081711,65.79201215200966,1.9986171919377387,768.1307070317077,True,False,True,False,True,True,False,False,False,False,AA02_dcr,AA02,dcr,False,-1.5081009838981052,0.918985756563936,False,False
T09,76,0.2021751504660209,0.045343599654938886,0.3043160257828632,0.25901102795763414,0.03490744219177418,0.02971060252973461,5.791749202227793,1.526175701403519,-0.05735829478200732,-0.08763273389702295,0.3245389317814979,0.2945453324838093,0.037227168602110255,0.03378666680496086,1.5407643647321572,2.5937075830207648,490.29880288748876,True,False,False,False,False,True,False,True,False,False,AA02_dcr,AA02,dcr,False,-0.11847788198165654,-0.23285673616512503,False,False
V00,470,0.06503500374932075,0.032620484297697136,0.4936447105155506,0.37534811600217916,0.022770132556449007,0.01731351754434282,2.856153937096927,1.884104961002327,0.30897395741623096,-0.0026127967240976444,0.410627458855064,0.354381201128696,0.018940832283369676,0.01634638587899916,16.312586099371913,0.15983941303223523,871.7454556161142,False,False,True,False,True,False,True,False,False,False,AA02_dcr,AA02,dcr,False,-0.09739680348590667,0.1760118245667294,False,False
W68,4780,-0.04808835525317219,-0.005530937551712973,0.38004681633440834,0.4037511931065228,0.005496967262112473,0.005839825503478289,8.748161115060368,0.9471066470083159,0.2677370160873347,0.05742367470957908,0.32279445800490614,0.36138848915244426,0.00466887365393162,0.0052270946851645,57.34509775433215,10.985772818035707,922.4097525475556,True,False,True,True,True,True,False,False,True,False,AA02_dcr,AA02,dcr,False,-0.06367777917514357,-0.06218100918026363,False,False
W84,354,0.008967474409378572,0.04393497449352889,0.297471597525864,0.2474900484622462,0.015810437028250184,0.013153947667191036,0.5671870039617144,3.340060003668161,0.144182322084609,0.005596547131906584,0.26737123215429914,0.24370238021519475,0.014210620658577878,0.01295263537115342,10.146096046661905,0.4320778723047013,646.7304445115977,False,True,True,False,True,False,True,False,False,True,AA02_dcr,AA02,dcr,False,0.2031505018412475,-0.6741571794165734,False,False
691,3214,0.09903289530834057,0.0014813917733691576,0.4353632639479541,0.3731481051901755,0.007679427491337854,0.006582006463642806,12.895869571012485,0.22506689738941438,-0.02285245712178419,0.0062942050013290105,0.44716428888029286,0.37158513705023816,0.007887587257666232,0.006554437071606654,2.897268375645931,0.9602968084925324,716.8270511350477,True,False,False,False,False,True,False,True,False,False,AA02_epoch,AA02,epoch,False,2.884044552292821,0.4333532845725572,False,False
703,11201,0.05896107798621154,0.013075926604497235,0.4832879769423974,0.38316223509271585,0.0045664382836164905,0.0036203811860438294,12.911830692588715,3.6117541033810174,0.23645088157676183,-0.0011149749681176355,0.4341492897668345,0.3736465252213374,0.004102142060596877,0.003530470193166742,57.6408320540604,0.31581486519152036,941.5147765161167,True,True,True,False,True,False,False,False,False,True,AA02_epoch,AA02,epoch,False,3.8319276948695156,0.32427152141615656,True,False
F51,11792,-0.009152632804712207,-0.002693015891041009,0.2828085661652902,0.19260275206428473,0.0026043468564855773,0.0017736533892538581,3.514367827741341,1.5183439489120867,0.17265751119516934,0.006125229680202521,0.2379335613558423,0.1751329551335377,0.0021910988446062095,0.0016127763290680608,78.79950811904145,3.797941208463775,711.6464864123344,True,False,True,True,True,True,False,False,True,False,AA02_epoch,AA02,epoch,False,7.9439091387706915,2.1004641999792013,True,False
F52,6019,0.2327312678514021,0.1505062424051163,0.2862512830973419,0.19311407207435802,0.0036896508446176406,0.0024891539050129184,63.07677274962317,60.464819833764025,0.09564359521848198,-0.06533572586484218,0.3508028114192004,0.2440907250342754,0.004521691135990282,0.0031462201323296337,21.152173455017593,20.766419105094222,654.8380885051354,True,True,True,True,False,False,False,False,False,False,AA02_epoch,AA02,epoch,True,-17.948742077148925,-17.089049720420075,True,True
G96,14710,0.018670216260879387,0.0006918704421102327,0.3214068022278113,0.19710424000728877,0.002650017412283359,0.0016251356985405967,7.045318334264225,0.42573087449346275,0.20217295426267654,-0.001131466128535389,0.2671850838172028,0.17388404685073452,0.002202956252046333,0.0014336838818555322,91.77347669745028,0.7892019592708257,768.1307070317077,True,False,True,False,True,True,False,False,False,False,AA02_epoch,AA02,epoch,False,10.740556011891313,1.8822581357250252,True,False
T09,76,0.11955060410059475,0.01864407537003915,0.30263399122391615,0.2593186209794602,0.034714499595405936,0.029745885869152455,3.4438233445374475,0.6267782863166876,-0.017485216287387934,-0.052710412024003304,0.3014626277920346,0.2822475327566737,0.03458013499472881,0.032376012430263855,0.5056433784903753,1.6280699217526748,490.29880288748876,True,False,False,False,False,True,False,True,False,False,AA02_epoch,AA02,epoch,False,0.6668132173368921,0.512812978026121,False,False
V00,470,0.047634079770772345,0.018226550145902513,0.4962199228462314,0.37485786385569564,0.0228889182435667,0.01729090389909611,2.0810979035307042,1.0541120494490352,0.32095490209968625,0.0012726559680271623,0.402494345528136,0.3523128957887105,0.01856567974024334,0.01625098206780569,17.287538435987233,0.07831255752526987,871.7454556161142,False,False,True,False,True,False,True,False,False,False,AA02_epoch,AA02,epoch,False,0.3547022160429497,0.3451765713266575,False,False
W68,4780,-0.05652371052537742,-0.006436955263728823,0.3813662839639063,0.40371794024826385,0.005516051938134033,0.0058393445367516525,10.247131673038275,1.102342090489083,0.27224280476339185,0.05877757073618517,0.32220702183579725,0.3609167704026258,0.004660377023381423,0.005220271782266151,58.41647647766082,11.259484790784107,922.4097525475556,True,False,True,True,True,True,False,False,True,False,AA02_epoch,AA02,epoch,False,0.6191399441177462,0.1210831106621453,False,False
W84,354,-0.03891196832483569,0.029884864244025103,0.2989071568244216,0.24497297726381415,0.0158867361441286,0.013020166842368014,2.449336853826752,2.2952750610521253,0.16654103342816165,0.03694105876864365,0.25673452304459987,0.23806659356886611,0.013645285947750255,0.012653096690427152,12.205023336694518,2.919527106482308,646.7304445115977,False,False,True,False,True,True,True,False,False,False,AA02_epoch,AA02,epoch,False,1.3429073837849734,1.0540158526122898,False,False
691,3214,0.12438791110630106,0.001997790370601115,0.4341079734223375,0.3721861729595186,0.007657285263524189,0.006565038819772437,16.244387772625927,0.3043074725749092,-0.04531589761893623,0.003457452544206282,0.4488297104636874,0.37274549482678443,0.007916963838906022,0.006574904768692972,5.723898522340359,0.5258559121143881,716.8270511350477,True,False,True,False,False,True,False,False,False,False,AA02_mag_dep,AA02,mag_dep,False,0.8773464215022972,0.12839034457896736,False,False
703,11201,0.10201779352320446,0.012405865698488814,0.48794405443090705,0.38670889679413967,0.004610432116505798,0.0036538924930597464,22.127599093796604,3.395246500014077,0.2184426274097859,-0.0020910977031067253,0.4525457151756474,0.38164821623951833,0.0042759641817263485,0.003606075691218366,51.08616866888566,0.5798818111885548,941.5147765161167,True,True,True,False,True,False,False,False,False,True,AA02_mag_dep,AA02,mag_dep,False,0.7841454567759499,0.12956440905556854,False,False
F51,11792,0.01658021089412068,-0.0022112687073068474,0.28567790911459057,0.1935047653753655,0.002630770257981209,0.001781959911093258,6.3024168848723185,1.2409194469196574,0.15695649467163747,0.003146926928613449,0.2495300963749218,0.17997171836466697,0.0022978898090121923,0.0016573358626817076,68.3046219431685,1.8987864798396743,711.6464864123344,True,False,True,False,True,True,False,False,False,False,AA02_mag_dep,AA02,mag_dep,False,2.9926197702162214,0.8182965948311341,False,False
F52,6019,0.05989160467020793,0.031370372659378275,0.311020460385627,0.19372358356167102,0.004008914447258427,0.0024970102351213283,14.939606583813719,12.563173437634712,0.16985824467968527,-0.009916675349606066,0.27232119028238133,0.18899897555622827,0.0035100981866725465,0.0024361121537952047,48.39130863194032,4.070697374977969,654.8380885051354,True,True,True,True,True,False,False,False,False,False,AA02_mag_dep,AA02,mag_dep,True,-4.924525826101903,-3.2419842619521213,True,True
G96,14710,0.05747663664393112,0.004655195912548506,0.32221161401725873,0.1969054668979647,0.0026566531313809744,0.0016234968029193734,21.634979728819083,2.8673884076504055,0.17677886663610728,-0.0027613638702374335,0.28744408818452266,0.17897744552550107,0.002369992898305205,0.0014756792443751635,74.5904625969651,1.8712493794047083,768.1307070317077,True,False,True,False,True,False,False,False,False,False,AA02_mag_dep,AA02,mag_dep,False,2.879435608147112,1.0826916546353318,False,False
T09,76,0.17249041910893145,0.02910325701105067,0.3051093083812711,0.25872686587573024,0.03499843794651442,0.029678006903455526,4.928517649060112,0.9806338109471249,-0.0392847055545993,-0.06722315693517639,0.3175409411468068,0.2899377598629543,0.03642444402357177,0.033258141977873176,1.0785258802900748,2.021254133195424,490.29880288748876,True,False,False,False,False,True,False,True,False,False,AA02_mag_dep,AA02,mag_dep,False,0.22929217136125896,0.19823518987712804,False,False
V00,470,0.055487037582182513,0.02642256113818809,0.493898723600768,0.37514509539482394,0.022781849306367043,0.017304152902034912,2.4355809239188964,1.5269491253212912,0.31528644209804096,-0.0025861625849461205,0.40491892819989644,0.35337129832677294,0.01867751739930059,0.016299802536406668,16.8805326402666,0.15866220337146775,871.7454556161142,False,False,True,False,True,False,True,False,False,False,AA02_mag_dep,AA02,mag_dep,False,0.1399263648643544,0.17741738560333759,False,False
W68,4780,-0.05005376473869374,-0.005742861768568969,0.38047834945681125,0.40412852543235916,0.005503208923256343,0.005845283208563323,9.095377885285894,0.9824779336877456,0.268613994056522,0.058160481290702754,0.3229556400859607,0.3616217080813416,0.004671204978875589,0.0052304679454102205,57.50421899087382,11.119556012524475,922.4097525475556,True,False,True,True,True,True,False,False,True,False,AA02_mag_dep,AA02,mag_dep,False,0.06909471051773247,0.03749842575050915,False,False
W84,354,-0.013487980629740845,0.02961778946232306,0.29776454967028354,0.24510278889815462,0.015826007259055943,0.01302706625289105,0.8522668041885779,2.2735579053150277,0.15616400538644049,0.022736583021216776,0.2592784688326869,0.240002542593783,0.013780495140897965,0.012755991220200501,11.332249225426926,1.7824238531311405,646.7304445115977,False,False,True,False,True,False,True,False,False,False,AA02_mag_dep,AA02,mag_dep,False,0.8119499244390955,0.26621644861728905,False,False
691,3214,0.14055613203658782,0.003766349725429331,0.4380845399668384,0.37698104627142337,0.007727428422058175,0.006649616194526145,18.189250596662422,0.5664010696631978,-0.06168176521086837,0.004719485662328039,0.457029029389865,0.3756401200107518,0.008061592658988238,0.006625963427187262,7.651312565649984,0.7122716136589773,716.8270511350477,True,False,True,False,False,True,False,False,False,False,AA02_seasonal,AA02,seasonal,False,-0.5755147776384653,0.2627490581325732,False,False
703,11201,0.11636094149168126,0.015650080670179808,0.4945867344202067,0.39246234161453125,0.004673196740614306,0.003708255009704026,24.89964534991635,4.220335610475968,0.20943561388444004,-0.0005221751274402823,0.4637510205499812,0.3917747169987632,0.0043818396387668825,0.0037017578578607997,47.79627534324339,0.14106139501572934,941.5147765161167,True,True,True,False,True,False,False,False,False,True,AA02_seasonal,AA02,seasonal,False,-0.6932681188782353,0.43133155496080877,False,False
F51,11792,0.034624587193111324,0.002542694619718459,0.28661661401590016,0.20058368256925765,0.002639414667844892,0.0018471487276528655,13.11828247941906,1.376551103683681,0.14333634466031048,0.0043585432078564555,0.26018457035391734,0.18784075393139932,0.0023960054573143263,0.0017298007753244699,59.82304598795683,2.519679300663335,711.6464864123344,True,False,True,False,True,True,False,False,False,False,AA02_seasonal,AA02,seasonal,False,-1.124401336670744,1.3007424481087038,False,False
F52,6019,-0.020364736171346206,-0.0005257632989583416,0.354304072591504,0.2113578504958825,0.004566820824499744,0.002724308038589691,4.459280745610813,0.19298966618713087,0.20392341904725808,-0.026205292982742247,0.2945658231473001,0.20388981860460043,0.003796821542285757,0.002628048451987488,53.70898178282364,9.971388831482248,654.8380885051354,True,False,True,True,True,True,False,False,True,False,AA02_seasonal,AA02,seasonal,True,2.4047089587721167,-7.808197885961038,False,True
G96,14710,0.07551103111720797,0.00745393152342181,0.3231868323295397,0.20029270278366448,0.0026646938619766213,0.0016514247559508504,28.337600875920234,4.513636783366504,0.16431818721858152,-0.0009884422500548524,0.29725142396240595,0.18698415787177153,0.0024508549410477824,0.0015416950442452661,67.0452520328815,0.6411399282526348,768.1307070317077,True,True,True,False,True,False,False,False,False,True,AA02_seasonal,AA02,seasonal,False,-0.7862295027563094,1.8822977907334175,False,False
T09,76,0.188479742747571,0.03845876287311695,0.3070300505241197,0.25878264280846053,0.035218762180653285,0.029684404956433208,5.351685609527428,1.2955881355735972,-0.04891433919183368,-0.07389445454377484,0.32553077824106935,0.2912129517442363,0.03734094119381501,0.03340441651850822,1.3099385721947374,2.212116308118494,490.29880288748876,True,False,False,False,False,True,False,True,False,False,AA02_seasonal,AA02,seasonal,False,0.04277156272250059,0.056595326493072,False,False
V00,470,0.06376380437216152,0.02103080961889902,0.4962746779487512,0.3743435267976403,0.022891443908110366,0.017267179299721023,2.785486342762774,1.2179643967233724,0.31340939953746266,0.0018262811971114493,0.4093621569316836,0.35344554931281397,0.018882468257774804,0.016303227478999156,16.597904217761215,0.11201961080797992,871.7454556161142,False,False,True,False,True,False,True,False,False,False,AA02_seasonal,AA02,seasonal,False,0.06877886042127769,0.36861680667424757,False,False
W68,4780,-0.04649981791516536,-0.003979397015893421,0.3799977877947748,0.4049173008878866,0.005496258117171136,0.00585669199471765,8.460268226831076,0.6794615491957875,0.26471299591006037,0.057081128061765976,0.32473177645542356,0.362956701573612,0.004696894875636607,0.005249777186289866,56.35914852664906,10.873057281523689,922.4097525475556,True,False,True,True,True,True,False,False,True,False,AA02_seasonal,AA02,seasonal,False,-0.5200049929624008,-0.10829301443777219,False,False
W84,354,0.009853399533352522,0.032601377942766054,0.30039571907621776,0.2470597537153176,0.015965852335188175,0.01313107775942006,0.6171546201536624,2.4827648225126273,0.13367478734116103,0.02040096864836376,0.2716209726010253,0.24561033138337468,0.014436491814944429,0.013054041831630246,9.259506329839983,1.562808585378648,646.7304445115977,False,False,True,False,True,False,True,False,False,False,AA02_seasonal,AA02,seasonal,False,-0.3175020707570488,0.13579067800264952,False,False
691,3214,0.12127277604660726,0.00449724668172556,0.4372404649832507,0.3767402249899248,0.007712539677025041,0.006645368317585706,15.724104007901301,0.6767490478781214,-0.04515746597637573,0.001838243013051238,0.4524237688888553,0.37565121881469954,0.007980359888507047,0.006626159200389126,5.658575127847238,0.2774221019234319,716.8270511350477,True,False,True,False,False,False,False,False,False,False,AA02_step,AA02,step,False,0.8879172658877597,-0.04512352723308941,False,False
703,11201,0.09032285408382433,0.014791610162580113,0.48145585121819234,0.38351616550812406,0.00454912709557424,0.003623725364827009,19.85498584370125,4.081879467509327,0.21777198147073965,-0.0029376255016875224,0.4463456419507435,0.37492112317599235,0.004217381611734542,0.0035425134741380155,51.63677407441759,0.8292489282351486,941.5147765161167,True,True,True,False,True,False,False,False,False,True,AA02_step,AA02,step,False,0.678107510791844,-0.03668396328809748,False,False
F51,11792,0.004466909817832728,0.006366927009754705,0.28727575283051887,0.1993688495782277,0.0026454845904187244,0.0018359614905608507,1.6885034348756918,3.467897906622068,0.16371754762686505,0.0003405880140319881,0.24875216405467787,0.1833506645750982,0.002290725932683207,0.0016884521335241798,71.46972289046249,0.20171612050446713,711.6464864123344,False,True,True,False,True,False,True,False,False,True,AA02_step,AA02,step,False,5.055753418931802,-0.3607572392351952,True,False
F52,6019,0.1727296438665547,-0.09449292689209614,0.3488542218748951,0.21529307312285414,0.004496574689418708,0.0027750312959049324,38.41360497647694,34.051121164484805,0.12342549785301574,0.021456662174742208,0.3543975344350863,0.2559820263316328,0.004568025505807656,0.0032994936806633114,27.019441484312228,6.50301659933129,654.8380885051354,True,True,True,True,False,False,False,False,False,False,AA02_step,AA02,step,True,-12.702558904686,5.152207209676187,True,True
G96,14710,0.047453443171494,0.010538036406458045,0.3241629685531845,0.20288359890823762,0.0026727421608038057,0.0016727868422413258,17.75459072236985,6.299688723243656,0.1787475560597679,-0.0072792134305261855,0.2881388981182464,0.18323904842054403,0.0023757216458296284,0.001510816403258616,75.23926735000441,4.818066189131888,768.1307070317077,True,True,True,True,True,False,False,False,False,False,AA02_step,AA02,step,False,3.4565813982322666,-1.0489908593485806,True,False
T09,76,0.1616691975193972,-0.01401570175165641,0.301953165744693,0.27482751979059955,0.034636403556929055,0.03152487857029336,4.667609246834032,0.4445917759969974,-0.039104271356703496,-0.029147018093887825,0.3146792396759132,0.3032440079586143,0.03609618435204001,0.03478447331383798,1.0833353180858707,0.8379318505389742,490.29880288748876,True,False,False,False,False,True,False,True,False,False,AA02_step,AA02,step,False,0.23381750485087072,0.9832187939891001,False,False
V00,470,0.04661284278038975,0.03492960404753029,0.49812242299483817,0.3770379040144102,0.022976674031585164,0.01739146165315463,2.0287027929417825,2.0084340663336033,0.31508815656227435,-0.003099719859929775,0.40809480026474154,0.3572679262603071,0.01882400945392693,0.016479540580144787,16.738631444776654,0.1880950409299906,871.7454556161142,False,False,True,False,True,False,True,False,False,False,AA02_step,AA02,step,False,0.1319359931133681,0.15430797644255242,False,False
W68,4780,-0.05484928904458342,-0.008238283625213443,0.3811804618473227,0.40322872852653247,0.005513364221654025,0.005832268616883314,9.948424743854213,1.4125350127676166,0.2706291971698742,0.05954506616894875,0.3216172975592124,0.36156517926556864,0.004651847297824645,0.005229650317064674,58.17671558058865,11.386051181022468,922.4097525475556,True,False,True,True,True,True,False,False,True,False,AA02_step,AA02,step,False,0.3749315128998344,0.22479291246641597,False,False
W84,354,-0.02722102425657322,0.027225888201208654,0.2991709475212714,0.25252386064946447,0.01590075646148283,0.013421491766392415,1.7119326569469837,2.028529218293202,0.15777762522138483,0.034240464793156476,0.2628207083384639,0.244014821422518,0.013968763046509349,0.012969241433965804,11.295031972126683,2.640128566307848,646.7304445115977,False,False,True,False,True,True,True,False,False,False,AA02_step,AA02,step,False,0.8876161075882902,0.8934077642484916,False,False
691,3214,0.1360059931956537,0.0038226651414349825,0.4355195681555382,0.37229880865196213,0.007682184560957942,0.006567025614949442,17.704077807093743,0.5820999285784593,-0.0546132113512336,0.0023561363815302228,0.4507610821501956,0.3750027524687905,0.007951031547538269,0.006614720820772933,6.86869509002797,0.3561958917647725,716.8270511350477,True,False,True,False,False,False,False,False,False,False,AA02_timing,AA02,timing,False,0.048898071168279086,0.010223645534173332,False,False
703,11201,0.10492300008890994,0.014205333308940622,0.48719741046292153,0.38586596867575845,0.004603377309098398,0.0036459279265615993,22.792613562554095,3.8962189036845234,0.2137778436072481,-0.0026000140866778688,0.45395064598218976,0.3816681139681937,0.004289238937414284,0.0036062636986886843,49.840507075159934,0.7209717047655972,941.5147765161167,True,True,True,False,True,False,False,False,False,True,AA02_timing,AA02,timing,False,0.014510419063437799,0.029811621950745604,False,False
F51,11792,0.027946396595236924,6.300238394106204e-05,0.2857044361081656,0.1953538508619344,0.0026310145415729897,0.0017989878959227708,10.621908831613212,0.035021016030097114,0.14874266776712716,0.001925760298569157,0.25436260899094165,0.18359010658099706,0.0023423917815341365,0.001690657123436009,63.500337108299185,1.1390602339611806,711.6464864123344,True,False,True,False,True,True,False,False,False,False,AA02_timing,AA02,timing,False,0.4908480749268529,0.30082827190178685,False,False
F52,6019,-0.005835187412370304,0.0005062424051965786,0.2987368038848844,0.19311407207456416,0.0038505836160651024,0.0024891539050155755,1.5154033762635861,0.2033793106069152,0.18948429257144386,0.0011578114605728393,0.24240144459379379,0.1786084260300776,0.0031244460639775996,0.0023021826236971116,60.645723655161916,0.5029190337269993,654.8380885051354,False,False,True,False,True,True,True,False,False,False,AA02_timing,AA02,timing,True,-0.6769522775265906,0.09409988666903539,False,False
G96,14710,0.0695197070574999,0.006465544658185584,0.3213571167785969,0.19768304229963984,0.002649607752921321,0.0016299079564466776,26.23773537077367,3.9668158147291703,0.167808107688074,-0.004862540472483788,0.29307097416592137,0.1820669899070735,0.0024163868940896213,0.0015011527139795376,69.44587727177525,3.2392043975281184,768.1307070317077,True,True,True,True,True,False,False,False,False,False,AA02_timing,AA02,timing,False,0.22869121778476487,0.08482913049331443,False,False
T09,76,0.18685359556116374,0.035261092768045656,0.3044424822333348,0.25812519964378766,0.03492194774146798,0.029608991053382404,5.350606356336903,1.1908913986455334,-0.050587077216273965,-0.07616487137943635,0.32061047589908465,0.29101695859763865,0.03677654380748928,0.033381934562728074,1.375525592646155,2.2816194560658176,490.29880288748876,True,False,False,False,False,True,False,True,False,False,AA02_timing,AA02,timing,False,0.010948119219885488,0.008541977799693899,False,False
V00,470,0.062470684171299945,0.02999449500874874,0.4939893903920462,0.37472788529190687,0.022786031453591343,0.017284908435022617,2.741621958107753,1.7352996182481364,0.31167531756325145,-0.005963960749952073,0.4081396445648439,0.3539728221864496,0.01882607796724426,0.016327548763052955,16.55550976180697,0.3652698170743004,871.7454556161142,False,False,True,False,True,False,True,False,False,False,AA02_timing,AA02,timing,False,0.0037573313158015533,0.030995154696792638,False,False
W68,4780,-0.05064541419886411,-0.006661636388850357,0.3798990637597059,0.40385806393196616,0.0054948301804921985,0.005841371274692486,9.216920730082974,1.1404233827272094,0.26830431274787286,0.05793291540475816,0.3227842739750847,0.3612279555266439,0.004668726352925221,0.005224772739426329,57.46841696553173,11.088121588063387,922.4097525475556,True,False,True,True,True,True,False,False,True,False,AA02_timing,AA02,timing,False,0.022221163576846746,0.006721863370213386,False,False
W84,354,0.005206748427163069,0.028452444404614516,0.2966160896935593,0.24684912391301,0.015764967299972503,0.013119882911732567,0.330273341396157,2.168650787208678,0.13947709962574564,0.019515676980721992,0.2674714304073559,0.24150101141172323,0.014215946135643488,0.012835633939310115,9.811313175704585,1.520429538034248,646.7304445115977,False,False,True,False,True,False,True,False,False,False,AA02_timing,AA02,timing,False,-0.03112517546468688,0.08826004413604363,False,False
691,3214,0.327909088163804,-0.0012572583470376421,0.8226139192617612,0.5780262100337331,0.014510190614270897,0.01019587718034366,22.59853759889981,0.12331046410224268,-0.2690234840997232,-0.007081103294534844,0.8632629159854432,0.5483595502566887,0.015227203391381242,0.009672583228984372,17.667294327466156,0.732079851566019,716.8270511350477,True,False,True,False,False,True,False,False,False,False,AA02_trailing,AA02,trailing,False,-12.447899013030925,-0.7974190532531786,True,False
703,11201,0.24462936119660839,0.004586153169099804,1.0832243662212648,0.7609030449057697,0.010235051256506965,0.007189537005163694,23.901136893778087,0.6378926996002554,0.15253826388739367,-0.051097775946054025,1.099354024249766,0.7600979891102319,0.010387455395316667,0.007181930282504361,14.68485380511648,7.1147691408995515,941.5147765161167,True,False,True,True,False,True,False,False,True,False,AA02_trailing,AA02,trailing,False,-5.440179173133427,-6.014851668395584,True,True
F51,11792,0.18173333766962582,-0.02501065424315519,1.1158699946288753,0.6515253330828231,0.010275899885789823,0.005999811024618183,17.685393949870843,4.168573666825918,0.013461238171947238,-0.00985532663353726,1.0747950165493703,0.740125621438572,0.00989764581982546,0.006815719416615576,1.3600444405662337,1.4459701215856442,711.6464864123344,True,True,False,False,False,False,False,True,False,True,AA02_trailing,AA02,trailing,False,-13.13705050243427,-1.574541653391838,True,False
F52,6019,-1.0197258347993732,0.04526333912521655,27.895024105721316,1.2353947245095132,0.3595543682412225,0.01592368474090878,2.8360824533641775,2.8425166575254197,1.3718328034123413,0.4225700977854526,25.31953738512924,11.728632748451165,0.3263574978163566,0.15117682358760684,4.2034664825879995,2.7952042367167054,654.8380885051354,False,False,True,False,True,False,True,False,False,False,AA02_trailing,AA02,trailing,True,3.613827288212287,2.789241844963008,True,False
G96,14710,0.2572231668147319,-0.08191616516230073,1.5099507686618399,0.9532750832109801,0.012449630191113227,0.007859807420673107,20.661109034254082,10.422159319939864,0.07799142644436807,-0.0029922905372946874,1.5662352128417354,0.8957560525099529,0.012913698642942987,0.0073855597325755045,6.039433674332213,0.4051541989561854,768.1307070317077,True,True,True,False,False,False,False,False,False,True,AA02_trailing,AA02,trailing,False,-6.776645939722318,0.2720540638821367,True,False
T09,76,0.6208298111375244,0.15925145305784225,0.4578904350007991,0.30421457174400696,0.05252363508900954,0.03489580461538501,11.820008460675483,4.563627485111227,-0.31759811048831005,-0.2562500345123829,0.6403558871213745,0.37372357102991377,0.07345385789114237,0.04286903365627734,4.323777124939935,5.9775090002491815,490.29880288748876,True,True,True,True,False,True,False,False,False,False,AA02_trailing,AA02,trailing,False,-3.2431339451952987,-3.305973738808436,True,True
V00,470,0.1274596377138731,-0.10602767754711151,1.3181263329507966,0.8418591845209717,0.060800633913589135,0.038832068524317205,2.096353763268666,2.73041539058666,0.4656091031503097,0.018815371777817235,1.3957247769662549,0.5550440050351004,0.06437998322852626,0.02560227082371109,7.232202927073799,0.7349102705527086,871.7454556161142,False,False,True,False,True,False,True,False,False,False,AA02_trailing,AA02,trailing,False,2.296362591485961,0.8395642875882416,False,False
W68,4780,0.11781933290725119,0.17066916228187162,1.2812515234428226,1.1934338088513876,0.018531921269140952,0.01726173275184551,6.357642642451864,9.887139647879486,0.23105425552787515,-0.05410886907142928,1.3381971165712478,1.123303581022918,0.019355577849579437,0.016247374652030837,11.9373473281706,3.330314603452931,922.4097525475556,True,True,True,True,True,False,False,False,False,False,AA02_trailing,AA02,trailing,False,-1.8634380329591602,-6.561943176077525,False,True
W84,354,0.15496273061532684,-0.1112975304826328,0.7199521513458994,0.4769255846008238,0.03826502512132406,0.025348308830852737,4.049722432534621,4.390728045224336,-0.05290054992937677,0.06689866932173397,0.6203046714712064,0.6246762584899305,0.032968821320066434,0.0332011685486688,1.6045629722643107,2.014949239622961,646.7304445115977,True,True,False,False,False,False,False,True,False,True,AA02_trailing,AA02,trailing,False,-5.377077002762715,1.3756079256729803,True,False
691,3214,0.13613875763801092,0.0036924751723982348,0.4354270633588009,0.3724611042268508,0.007680552857187846,0.00656988836705264,17.72512476241934,0.5620301238169652,-0.05516321875072883,0.0022605393808483275,0.4510482309851145,0.3746780269655567,0.007956096602033186,0.006608992946688981,6.933452609993679,0.34203991426270597,716.8270511350477,True,False,True,False,False,False,False,False,False,False,AA03_clean,AA03,clean,False,0.0,0.0,False,False
703,11201,0.10596755937673527,0.01377987932255961,0.48780085619099245,0.385894576413907,0.004609079080725703,0.0036461982322114847,22.99104821608975,3.7792457910885076,0.21368975691234662,-0.002752111452186647,0.45465122624799675,0.381955679819821,0.004295858503178712,0.0036089808192805092,49.74320191277886,0.7625730337728176,941.5147765161167,True,True,True,False,True,False,False,False,False,True,AA03_clean,AA03,clean,True,0.0,0.0,False,False
F51,11792,0.030476261980413838,0.000607134735934697,0.28591548080551216,0.195867801813104,0.0026329580244086235,0.0018037208025748416,11.574913727407019,0.33660128278611745,0.14711277002128678,0.0012047146172535354,0.2555793686082908,0.18449779546101602,0.002353596760674301,0.0016990159108426206,62.50551176792887,0.709066118548626,711.6464864123344,True,False,True,False,True,True,False,False,False,False,AA03_clean,AA03,clean,False,0.0,0.0,False,False
F52,6019,-0.017268718322460776,0.0005062424051965786,0.2862513072000036,0.19311407207456416,0.0036896511552901557,0.0024891539050155755,4.680311930763752,0.2033793106069152,0.19238552867590225,0.000854299610275179,0.22758629096445931,0.17526202823299278,0.0029334853685000334,0.0022590490547403502,65.58257652884559,0.3781677996245948,654.8380885051354,True,False,True,False,True,True,False,False,False,False,AA03_clean,AA03,clean,False,0.0,0.0,False,False
G96,14710,0.07079275686573822,0.006467874351040778,0.3212622380959296,0.1976785627102618,0.002648825472772363,0.0016298710219768112,26.726093354744048,3.9683350791746266,0.16702605703098156,-0.005042812344207323,0.2934811692270232,0.18243848941859217,0.0024197689757593866,0.0015042157486364126,69.02562133170768,3.3524528305056545,768.1307070317077,True,True,True,True,True,False,False,False,False,False,AA03_clean,AA03,clean,False,0.0,0.0,False,False
T09,76,0.18758608737704044,0.03538836868954113,0.30454192625159826,0.2581920965768825,0.03493335475268245,0.02961666465788223,5.369827453019986,1.1948802844051114,-0.05115665091324606,-0.07656830147185381,0.3207942911915789,0.2912626838432762,0.03679762886760137,0.03341012118150731,1.3902159592214147,2.2917696423751615,490.29880288748876,True,False,False,False,False,True,False,True,False,False,AA03_clean,AA03,clean,False,0.0,0.0,False,False
V00,470,0.06287298105620164,0.029277152013130595,0.4937642251563852,0.37510267379067336,0.02277564535574832,0.017302196139348733,2.7605356543863286,1.6921061220978972,0.3115752705535209,-0.006679720987877251,0.4082331893558976,0.35403439636308437,0.01883039286669904,0.016330388968030667,16.546403081399966,0.40903624530645694,871.7454556161142,False,False,True,False,True,False,True,False,False,False,AA03_clean,AA03,clean,False,0.0,0.0,False,False
W68,4780,-0.04955952264205588,-0.006673935827525007,0.38007972697371434,0.40386573148567034,0.005497443279011089,0.005841482177586238,9.015013002730049,1.142507265216505,0.2681575607141653,0.057883246066674506,0.32293874090658153,0.36125505273803776,0.00467096055047411,0.00522516467136083,57.40951091675284,11.077784090505903,922.4097525475556,True,False,True,True,True,True,False,False,True,False,AA03_clean,AA03,clean,False,0.0,0.0,False,False
W84,354,0.0058858451106142025,0.030193397515855088,0.2969090336315719,0.24682679857946754,0.015780537094612655,0.013118696333642278,0.37298129178528283,2.3015547237285725,0.14010232331513953,0.01791081087936441,0.26701919185942036,0.24232661194349936,0.014191909928007698,0.012879514112498755,9.87198509755533,1.3906433676704542,646.7304445115977,False,False,True,False,True,False,True,False,False,False,AA03_clean,AA03,clean,False,0.0,0.0,False,False
691,3214,0.04907984473689814,0.007689166797696798,0.4313309650258558,0.3695773598807507,0.007608301262370231,0.0065190216370290465,6.450828252509047,1.1794970512171867,0.020367067529919205,0.0038379292812032195,0.4364716438015308,0.36628591593615495,0.007698978343288972,0.006460963442396098,2.645424707249985,0.5940181082002677,716.8270511350477,True,False,False,False,False,False,False,True,False,False,AA03_constant,AA03,constant,False,6.822168013207268,0.1706679853979326,True,False
703,11201,0.60596755759224,0.01377987932255961,0.4878008569346229,0.385894576413907,0.004609079087752037,0.0036461982322114847,131.4725883533896,3.7792457910885076,0.030045938353939813,-0.006791823141489385,0.7388114112711833,0.4554724432756191,0.006980800006956457,0.004303617928310323,4.304082386545761,1.5781659186822785,941.5147765161167,True,True,True,False,False,False,False,False,False,True,AA03_constant,AA03,constant,True,-22.404591089620308,-0.7192487529242966,True,False
F51,11792,-0.02279025237572795,0.0030382342169699263,0.2826038522933865,0.19368314470662004,0.0026024616733880475,0.0017836025828726666,8.757190397374103,1.7034255535089844,0.1818999161863754,0.0018687647641113907,0.23318797122587293,0.17435890089279354,0.0021473973298157018,0.001605648165462673,84.70715393968884,1.1638693982332673,711.6464864123344,True,False,True,False,True,False,False,False,False,False,AA03_constant,AA03,constant,False,10.918679034549717,0.28406340385478557,True,False
F52,6019,-0.04366241382466035,-9.838018603667358e-05,0.2882363043868808,0.19279054530045897,0.0037152368800697183,0.002484983789785288,11.752255706462789,0.039589870340833895,0.21032702539579523,0.0013238418333115453,0.22093931302210845,0.17057066867779577,0.0028478087995995206,0.0021985795310479395,73.8557396919951,0.6021350670360076,654.8380885051354,True,False,True,False,True,True,False,False,False,False,AA03_constant,AA03,constant,False,4.388346532316583,0.1489518199777302,True,False
G96,14710,0.0028509671087073437,0.010152852800958808,0.31832871298733284,0.19304882130746023,0.002624638390970523,0.0015916985401041432,1.0862323429069138,6.37862795318925,0.2043302847729934,-0.005363260278827615,0.2610858405184268,0.16959937071312842,0.0021526676432444174,0.0013983564827714171,94.91956894239127,3.835402735215354,768.1307070317077,False,True,True,True,True,False,True,False,False,False,AA03_constant,AA03,constant,False,11.518226940926697,-0.1560273735531346,True,False
T09,76,0.11428488564704682,0.028747786874807085,0.3013908666864194,0.25839702385600843,0.03457190343137477,0.029640171428947613,3.3057157490302007,0.9698927330336222,-0.010841629269757102,-0.05718773874838736,0.3012074660107632,0.2784223842548923,0.03455086593107576,0.03193723780491382,0.31378748339866985,1.7906288295097494,490.29880288748876,True,False,False,False,False,True,False,True,False,False,AA03_constant,AA03,constant,False,0.7986966429013382,0.41931756322525293,False,False
V00,470,0.05141399883662837,0.029322860949788504,0.49363196056979475,0.37343728701903006,0.022769544445305986,0.017225377575834762,2.2580161390636664,1.702305846167641,0.3137536209525507,-0.0018561896800764971,0.406054077332054,0.35086182672656185,0.018729877924309704,0.01618404924306382,16.75150378558136,0.11469253783147162,871.7454556161142,False,False,True,False,True,False,True,False,False,False,AA03_constant,AA03,constant,False,0.0820186218588903,0.20979708336624583,False,False
W68,4780,-0.0657571212378006,-0.008115743025013406,0.38005826610486665,0.39852775543421143,0.005497132870691898,0.00576427411179102,11.962076010275528,1.4079384268718895,0.2805744106311123,0.0566942093455843,0.31900754816005195,0.352051482346807,0.004614100087762819,0.005092044953050582,60.8080460532773,11.133878406085064,922.4097525475556,True,False,True,True,True,True,False,False,True,False,AA03_constant,AA03,constant,False,1.8911829422859376,-0.16297157506849907,False,False
W84,354,-0.02984382156249937,0.04733397766274141,0.30499249257133265,0.24740541039958155,0.01621016808997658,0.013149449204914024,1.8410556508018596,3.599692802726097,0.16441421932274905,0.02256740650136283,0.26360388469172225,0.24548632296636827,0.01401038840004963,0.013047450858628589,11.735164981019844,1.7296410422146538,646.7304445115977,False,True,True,False,True,False,True,False,False,True,AA03_constant,AA03,constant,False,1.2191028015154968,0.2539935757132264,False,False
691,3214,0.13614879028885266,0.004753069611106382,0.43857836093003827,0.3719173227897189,0.007736138992275347,0.006560296537738146,17.599062067628218,0.7245205432047652,-0.05461781079475803,0.002334060484053799,0.4535678971174211,0.3748666618265396,0.008000541310550766,0.0066123203007797254,6.826764424393439,0.3529866034739071,716.8270511350477,True,False,True,False,False,False,False,False,False,False,AA03_dcr,AA03,dcr,False,0.048338524731069886,0.0078641611491252,False,False
703,11201,0.11993883760359397,-0.16414392307245979,0.5271489509160201,0.39715123796856994,0.004980867030586394,0.003752558937880464,24.07991156300225,43.74186409585675,0.21389264091425259,0.04457542214303135,0.4971155363937328,0.42668206775376866,0.004697090606579383,0.004031586594498883,45.53726100464094,11.056545877956511,941.5147765161167,True,True,True,True,True,False,False,False,False,False,AA03_dcr,AA03,dcr,True,0.03187343266716354,8.746613933155697,False,True
F51,11792,0.028271677399089975,-0.00035171713651001746,0.28598060993780916,0.19545255661538458,0.0026335577900142527,0.0017998968642125245,10.735164994779542,0.19540960568532229,0.14926846200059754,0.002717996687495206,0.2546386872169722,0.18336287323029976,0.002344934149574313,0.001688564561422766,63.655715887670006,1.6096492545153571,711.6464864123344,True,False,True,False,True,True,False,False,False,False,AA03_dcr,AA03,dcr,False,0.6488418849021447,0.6317470123017038,False,False
F52,6019,-0.017241622933409768,-0.0007379437614650412,0.28636073843413107,0.1934094144253054,0.0036910616748904775,0.002492960735650788,4.671182562648826,0.2960109844138403,0.19282779384599996,0.0009789139438610391,0.22715158708021765,0.1758408460326585,0.00292788223010954,0.002266509756960819,65.85913595260482,0.4319036972396151,654.8380885051354,True,False,True,False,True,True,False,False,False,False,AA03_dcr,AA03,dcr,False,0.10670839277944955,0.03894127741500868,False,False
G96,14710,0.06993248438432677,0.006458962577471752,0.32223862013012144,0.19784861283124647,0.002656875798321525,0.0016312730949212752,26.321322369870074,3.959461231587014,0.1678321262568325,-0.004693541393393665,0.2944137677932607,0.1817783614864655,0.002427458304118554,0.0014987729561928653,69.13903566214903,3.1315893271226662,768.1307070317077,True,True,True,True,True,False,False,False,False,False,AA03_dcr,AA03,dcr,False,0.23517622163510027,0.16448377028101438,False,False
T09,76,0.18976796938245635,0.032309159658253435,0.30491101617671307,0.2585326922815904,0.034975692270699674,0.02965573366465659,5.425710173617676,1.0894742994255837,-0.05299446025008825,-0.07618245397598163,0.3212543044393419,0.29228134619297685,0.03685039600601424,0.03352696976676875,1.4380974424654538,2.2722737696232875,490.29880288748876,True,False,False,False,False,True,False,True,False,False,AA03_dcr,AA03,dcr,False,-0.0352902094330357,0.008151981547662354,False,False
V00,470,0.06307613788361317,0.029813100994552887,0.4937211669686855,0.37446848638056984,0.022773659229652615,0.017272943255470758,2.7696970981933555,1.7260000541662381,0.3106814759342004,-0.005683304342905485,0.40887251067678465,0.35345035328968205,0.018859882560222866,0.016303449069928328,16.47313947698989,0.34859521556014345,871.7454556161142,False,False,True,False,True,False,True,False,False,False,AA03_dcr,AA03,dcr,False,-0.033536928860200634,0.04318050029234694,False,False
W68,4780,-0.050859462452317185,-0.007434875749750935,0.3799313477407765,0.40381424705937713,0.005495297133455382,0.005840737510893402,9.25508870897711,1.2729344086914278,0.26841358513643515,0.05840737597357362,0.3226582867938335,0.3612130349468943,0.004666904084244054,0.005224556929334282,57.51427076520105,11.179393154974376,922.4097525475556,True,False,True,True,True,True,False,False,True,False,AA03_dcr,AA03,dcr,False,0.03877472958461126,0.07093314538438888,False,False
W84,354,0.002164121110735865,0.03296443458697067,0.30060738206700016,0.24725198749626448,0.015977102096223546,0.013141294869603491,0.1354514165148504,2.508461678553393,0.14590712339442824,0.01767942917667837,0.268170944456866,0.24292894478255028,0.014253124887908045,0.012911527741702579,10.236851535498142,1.3692747698303804,646.7304445115977,False,False,True,False,True,False,True,False,False,False,AA03_dcr,AA03,dcr,False,0.28859897843408727,-0.012687463026473708,False,False
691,3214,0.08586616707841851,0.00433902320074647,0.4376207502655482,0.3721573526489319,0.007719247577055338,0.00656453045468113,11.123644658534698,0.6609799787968592,-0.010016985941986732,0.0038582813275451254,0.44800496210372726,0.3695719609085893,0.00790241599862322,0.006518926403878539,1.2675852478193907,0.5918583963840395,716.8270511350477,True,False,False,False,False,False,False,True,False,False,AA03_epoch,AA03,epoch,False,4.025979646519737,0.17211372909631356,True,False
703,11201,0.3559675170510653,0.163779879322562,0.48780078711271296,0.38589457641389,0.004609078428026454,0.003646198232211324,77.23182033235348,44.917985499442736,0.1230797445785824,-0.059865118687751,0.5823662610668737,0.42722222325511267,0.005502598277836595,0.004036690356392668,22.367568621958807,14.830247901711397,941.5147765161167,True,True,True,True,False,False,False,False,False,False,AA03_epoch,AA03,epoch,True,-12.97970042465912,-10.547655137885886,True,True
F51,11792,0.002427389256103672,0.0017839820461504718,0.28241575078083386,0.19399445177821215,0.0026007294713209068,0.0017864693687140432,0.9333493863438262,0.9986076880985865,0.16400490276520516,0.00202404850976138,0.2420181599062107,0.17857253111003413,0.0022287133749540637,0.001644450931444837,73.58725648989542,1.2308354545933597,711.6464864123344,False,False,True,False,True,True,True,False,False,False,AA03_epoch,AA03,epoch,False,5.211392440623238,0.34651422712032404,True,False
F52,6019,-0.03175330672433499,-0.0009750047227525818,0.286881408571495,0.19224751994007902,0.003697772879784671,0.00247798443607796,8.587143601470745,0.39346684690876205,0.20102915068612945,0.0003466015665606891,0.22398347185719203,0.1722825927923503,0.0028870466436905,0.002220645466218052,69.63141767226688,0.15608145101657359,654.8380885051354,True,False,True,False,True,False,False,False,False,False,AA03_epoch,AA03,epoch,False,2.1000723659633795,-0.16027143665907648,False,False
G96,14710,0.03469426271922788,0.0070767352949724005,0.31945379090466597,0.19429457003719613,0.0026339147225554254,0.001601969809418444,13.172128323717136,4.417521012797012,0.1864281423096918,-0.004699461182020642,0.2752670958239175,0.17465132739471595,0.0022695929019106893,0.0014400101536940972,82.14166609031275,3.2634916982807285,768.1307070317077,True,True,True,True,True,False,False,False,False,False,AA03_epoch,AA03,epoch,False,5.8482653370199404,0.1648842407803897,True,False
T09,76,0.18052445176097526,0.03782295419019608,0.30381301954376244,0.25828283710531064,0.03484974341903179,0.029627073310342797,5.180079795433704,1.2766348465810866,-0.045753334602462725,-0.0760154936353012,0.31855694898687,0.289880000625006,0.036540988115694936,0.03325151653889233,1.2521099445258552,2.2860759913428423,490.29880288748876,True,False,False,False,False,True,False,True,False,False,AA03_epoch,AA03,epoch,False,0.10419335318288199,0.011727676573792926,False,False
V00,470,0.0546899394624668,0.02982697834422143,0.4936234933356658,0.37456737259631845,0.0227691538809195,0.017277504536474357,2.401931127897416,1.7263475915317523,0.3112110024049026,-0.003565912389859242,0.40768496792308423,0.3529521358132764,0.018805105297665006,0.016280468011409848,16.549282627178115,0.2190300909875651,871.7454556161142,False,False,True,False,True,False,True,False,False,False,AA03_epoch,AA03,epoch,False,-0.013687950604012043,0.13503432899998677,False,False
W68,4780,-0.05754960218687978,-0.008534898807530986,0.3818029788220911,0.4036101366775934,0.005522368258218299,0.005837785274383847,10.42118154674589,1.4620097188195753,0.2741326897164094,0.058939409402158104,0.32184566041524487,0.36032832275585575,0.0046551503202143605,0.00521176052178261,58.88804246041751,11.308925104256074,922.4097525475556,True,False,True,True,True,True,False,False,True,False,AA03_epoch,AA03,epoch,False,0.9060686117300143,0.14311104598877109,False,False
W84,354,-0.012333796082282718,0.039859107893558586,0.3041772633075744,0.24832954677609131,0.01616683914346391,0.013198566499162772,0.7629070823822199,3.0199573488595886,0.15476433987299543,0.01922557139097361,0.26671408629412346,0.2457849606190006,0.014175693750170162,0.013063323270786516,10.917584888650524,1.4717213217839995,646.7304445115977,False,True,True,False,True,False,True,False,False,True,AA03_epoch,AA03,epoch,False,0.7309471577224467,0.07166931865656762,False,False
691,1540,0.20573942097730702,-0.009049930909626174,0.4000544662755547,0.3730359498828193,0.010194331757970737,0.009505836208152285,20.181746666861574,0.9520394325609016,-0.17742392168880394,0.01513149791083292,0.4073127993640311,0.37947995186784217,0.010379291211623776,0.009670044583816555,17.09403061069399,1.5647805736238756,722.8723251405834,True,False,True,False,False,True,False,False,False,False,AA03_mag_dep,AA03,mag_dep,False,-9.348712584538072,1.0988842733560447,True,False
703,11201,0.12796242632257862,0.02271775920324228,0.4944729616107091,0.385561764671962,0.004672121736604872,0.0036430535972274535,27.388504310584615,6.235911330135695,0.20690648679589627,-0.005883064161052956,0.4695482807715058,0.38303760082873456,0.004436616153554488,0.0036192035555178328,46.63610274919294,1.62551347853415,941.5147765161167,True,True,True,False,True,False,False,False,False,True,AA03_mag_dep,AA03,mag_dep,True,-1.098399594542806,-0.612578640241755,False,False
F51,6053,0.047445029113438585,0.00026732084637798005,0.26532418673916663,0.1950741803549964,0.0034102915171702395,0.0025073470709912377,13.912308925662487,0.10661501531668659,0.10162115774081107,0.0006068936429728843,0.2544525899134469,0.1885655531423579,0.00327055561563596,0.002423689729214458,31.071527190969608,0.2504007157589369,656.9265035754826,True,False,True,False,True,True,False,False,False,False,AA03_mag_dep,AA03,mag_dep,False,-11.289961295968137,-0.2019743029446866,True,False
F52,2919,-0.007052845923828775,-0.013738267692480698,0.2578237619169239,0.18662959875651522,0.004772059977254488,0.0034543272201729884,1.4779457838848231,3.977118210530357,0.14318242066987363,0.007559305362549603,0.21660431374854786,0.18455200060431418,0.004009129216232529,0.003415872956232293,35.71409474410143,2.2129937089017253,593.244820176748,False,True,True,False,True,False,True,False,False,True,AA03_mag_dep,AA03,mag_dep,False,-9.904523037391732,1.6372436779297572,True,False
G96,6884,0.04764639875429402,0.006597953222736059,0.2928589368354779,0.18962600110587136,0.003529702077844405,0.0022854801610262335,13.498702639343364,2.886900238842338,0.10187117083056775,-0.004104535640169681,0.2833140111196497,0.18268963816182532,0.003414661217230491,0.0022018791790625637,29.833463512140685,1.8641057507602035,703.6335504201762,True,False,True,False,True,False,False,False,False,False,AA03_mag_dep,AA03,mag_dep,False,-15.568240265008276,0.35185807309591666,True,False
T09,62,0.21065933943120302,0.03171935413792407,0.2891226362723955,0.23937418612521003,0.03671861152522411,0.030400552038468913,5.737127050310415,1.0433808602484043,-0.05645582689259578,-0.07485651929069571,0.31699558457536264,0.27856470627422286,0.04025847949957068,0.03537775307459707,1.4023338087867383,2.11592067853643,500.7298327600413,True,False,False,False,False,True,False,True,False,False,AA03_mag_dep,AA03,mag_dep,False,-0.0971580248813776,0.035178232210594636,False,False
V00,228,-0.011402644451604929,0.050457906361678934,0.4238657932381368,0.36311337383826847,0.02807119790984769,0.024047770646592106,0.4062044123740353,2.0982363439510556,0.20451096242912642,-0.0014134618636531314,0.39461692235534485,0.34127384374223235,0.026134144115253916,0.022601412432827324,7.825431800146765,0.06253865185877298,713.9593655755077,False,False,True,False,True,False,True,False,False,False,AA03_mag_dep,AA03,mag_dep,False,-3.323797127820514,0.188864574360725,True,False
W68,581,-0.1069807357651994,0.002533088771722283,0.3707670903434065,0.2862972535280628,0.015382010822362263,0.011877611489472827,6.954925269566936,0.21326583833520482,0.2598782453983145,0.042614733364839535,0.2914197012186087,0.2766001749691724,0.012090126429080824,0.011475308881655082,21.49508087634384,3.7136022920450764,744.1418539379446,True,False,True,True,True,True,False,False,True,False,AA03_mag_dep,AA03,mag_dep,False,-0.6387839010720912,-1.2109287139804708,False,False
W84,186,0.033178926217974004,0.014241486851545958,0.2888415739580848,0.25094835595134374,0.021178891759589993,0.018400426209808106,1.566603512336772,0.7739759225769847,0.0712236275770957,-0.004599293378037737,0.28384796150135483,0.24904634373129397,0.02081274232943292,0.018260963907405278,3.4221164347176307,0.2518647647166429,614.5416015183139,False,False,True,False,True,False,True,False,False,False,AA03_mag_dep,AA03,mag_dep,False,-2.7342708738102237,-1.0073428076781266,False,False
691,3214,0.12875675566512731,0.004576091273610662,0.4415378330003648,0.3721904384061545,0.007788341493172229,0.006565114058523318,16.531986402753905,0.6970314959980994,-0.048084639968826275,0.0014495557285122147,0.4549295606350319,0.3752464925931401,0.00802455986497878,0.006619020183550349,5.992184092074616,0.21899853578248094,716.8270511350477,True,False,True,False,False,False,False,False,False,False,AA03_seasonal,AA03,seasonal,False,0.6264154586610331,-0.08670264681424694,False,False
703,11201,0.1611628654830934,0.03217831900872861,0.5244418791549824,0.3958707015409408,0.004955288748659523,0.003740459546118876,32.52340552842461,8.602771561081855,0.20664118884038646,-0.0493510152386479,0.5062071492035197,0.3966893366762502,0.004782994437783894,0.0037481945757503626,43.20330945986414,13.166609748046008,941.5147765161167,True,True,True,True,True,True,False,False,False,False,AA03_seasonal,AA03,seasonal,True,-1.0963788541537327,-8.955747757554029,False,True
F51,11792,0.02659565888744017,0.0013902406027131197,0.2850635220102269,0.19410982659851597,0.002625112448015935,0.001787531840246112,10.131245580562167,0.7777431268142937,0.14886745252948355,0.0027723060033869678,0.2531312252447111,0.1826643111218643,0.0023310521307162452,0.0016821315949259149,63.86277276593645,1.6480910362480095,711.6464864123344,True,False,True,False,True,True,False,False,False,False,AA03_seasonal,AA03,seasonal,False,0.5297018247224586,0.6556594629735046,False,False
F52,6019,-0.01948901490773976,-1.3939357633358769e-05,0.28645063664669895,0.19324422722542522,0.003692220422590546,0.0024908315466216136,5.278399628716052,0.005596266697467004,0.1936566675224999,0.00036062456378135454,0.22685878231046863,0.17550786237135566,0.0029241081077568893,0.002262217746689717,66.22760184850202,0.15941195948491396,654.8380885051354,True,False,True,False,True,True,False,False,False,False,AA03_seasonal,AA03,seasonal,False,0.306893863545021,-0.1544172917366292,False,False
G96,14710,0.0639208099813051,0.007708265595327397,0.3220185814002063,0.19692440850469056,0.002655061566445877,0.0016236529775469552,24.075076370779186,4.7474834228267095,0.1704937520252217,-0.004391969852965198,0.2917539311923402,0.18003059681423145,0.0024055277996693305,0.001484362536805689,70.87581862436102,2.958825586110929,768.1307070317077,True,True,True,False,True,False,False,False,False,True,AA03_seasonal,AA03,seasonal,False,1.0163188216108456,0.3079758606364477,False,False
T09,76,0.18834233449508417,0.03493577104427468,0.304758213617244,0.2581435153171695,0.03495816461504073,0.02961109200520752,5.387649396617636,1.179820421284387,-0.05237657148853991,-0.07643925444643825,0.3214669569250353,0.2909578631276396,0.036874788919046615,0.03337515584741895,1.4203897303256505,2.290304045197429,490.29880288748876,True,False,False,False,False,True,False,True,False,False,AA03_seasonal,AA03,seasonal,False,-0.02341754659629012,0.0027326386388372105,False,False
V00,470,0.062355061624025904,0.029814263084715496,0.49370077779434424,0.37477328400095883,0.022772718747170826,0.01728700252131785,2.738147443715854,1.7246635469595946,0.31068725471899705,-0.006282757863186225,0.4087528178458883,0.3537398688992455,0.018854361541628905,0.01631680342918002,16.47826971138878,0.3850483270485754,871.7454556161142,False,False,True,False,True,False,True,False,False,False,AA03_seasonal,AA03,seasonal,False,-0.03332498254231649,0.01719567732694831,False,False
W68,4780,-0.05046445251269605,-0.006844890563136739,0.38065552546344056,0.40343188477300457,0.005505771583081958,0.005835207052854761,9.165736673087268,1.1730330219881417,0.2690031258805831,0.0582057191770268,0.3228157313892584,0.36093425477646585,0.004669181350489815,0.005220524674874287,57.612481865233974,11.1494002618479,922.4097525475556,True,False,True,True,True,True,False,False,True,False,AA03_seasonal,AA03,seasonal,False,0.12802907249184078,0.043658755880269434,False,False
W84,354,-0.0007002435294234138,0.03357436979927525,0.30257910631185286,0.24646501217523004,0.016081898057483706,0.013099467603203982,0.04354234350450665,2.563033156482126,0.14778693861652326,0.018106308636318666,0.2690649656642665,0.24249219901071933,0.01430064157897734,0.012888314965826429,10.33428729755576,1.4048623644229543,646.7304445115977,False,False,True,False,True,False,True,False,False,False,AA03_seasonal,AA03,seasonal,False,0.3814192648299118,0.010729486070870053,False,False
691,3214,0.13608595386407032,0.003543337808768958,0.43584650013849463,0.37219406681689354,0.007687951355415853,0.006565178060517713,17.701198612319942,0.5397169392979937,-0.0546622878899995,0.002591541797704289,0.45112545661207143,0.37485799108128,0.00795745879460155,0.006612167356411123,6.869314601677002,0.3919353001843705,716.8270511350477,True,False,True,False,False,False,False,False,False,False,AA03_step,AA03,step,False,0.04451696662387928,0.03540597669732391,False,False
703,11201,0.13778615366450184,-0.0021294144905039574,0.49042394927386646,0.3890204139970875,0.004633863874154474,0.0036757333025819686,29.734614008194885,0.5793169186154445,0.1983950043927744,0.001842771535450429,0.4689279687408667,0.38932168418127727,0.0044307550174624635,0.003678579911164082,44.776793934862404,0.5009464467138044,941.5147765161167,True,False,True,False,True,False,False,False,False,False,AA03_step,AA03,step,True,-2.4783339597819607,0.8916357271099313,False,False
F51,11792,0.028823872764903617,-0.00042754120445977504,0.2857337935966713,0.19482054018601308,0.0026312848908199757,0.0017940767081140035,10.954295699969364,0.23830709273809222,0.1484599161078964,0.0024926810601674544,0.2544483150995574,0.18330884847270895,0.0023431810378059022,0.00168806705454201,63.35827821776446,1.4766481304522259,711.6464864123344,True,False,True,False,True,True,False,False,False,False,AA03_step,AA03,step,False,0.4056286380314542,0.5377636490397515,False,False
F52,6019,-0.018167867936328914,0.0005509702439682759,0.2863555181362025,0.19268252360047614,0.003690994387588032,0.002483591438448846,4.922214999140419,0.22184415497598525,0.19316670275232287,0.0010202014798475312,0.22702056841336782,0.17492144735728954,0.002926193458169123,0.0022546591197779567,66.01296377485052,0.4524859083567376,654.8380885051354,True,False,True,False,True,True,False,False,False,False,AA03_step,AA03,step,False,0.188533561434126,0.05197955958517893,False,False
G96,14710,0.06971307867424138,0.0059202640827865525,0.3207649640915333,0.197921386940109,0.002644725420249542,0.0016318731215987205,26.359287864244006,3.6278948433114473,0.1679341928702878,-0.005071735015972781,0.29267610924841514,0.18185019555127382,0.0024131312103279887,0.0014993652321534786,69.59182001854862,3.382588116097937,768.1307070317077,True,True,True,True,True,False,False,False,False,False,AA03_step,AA03,step,False,0.2657403959611351,-0.013618005173309345,False,False
T09,76,0.18772307832431046,0.035322904268985635,0.30447670901055307,0.25817628672515963,0.03492587382207476,0.02961485114351453,5.374899974747685,1.19274292812784,-0.05131789354495362,-0.07654373815478632,0.3207679107567864,0.2912687241377041,0.036794602824197505,0.033410814050796794,1.39471252863219,2.2909869253233857,490.29880288748876,True,False,False,False,False,True,False,True,False,False,AA03_step,AA03,step,False,-0.003098581346952117,0.0005198636626542114,False,False
V00,470,0.06248446608167024,0.02978529103104329,0.49387151203561824,0.37456187257197776,0.022780594130463547,0.017277250839269398,2.7428813192414654,1.723960096900626,0.3115603347664812,-0.006114121295828409,0.40813180759820283,0.3537251849988457,0.018825716474929127,0.0163161261113613,16.549719910070735,0.3747287348784957,871.7454556161142,False,False,True,False,True,False,True,False,False,False,AA03_step,AA03,step,False,-0.0005609286992917755,0.024501196439730307,False,False
W68,4780,-0.04987169683109708,-0.006677144928739816,0.3801160136559472,0.4038532097874473,0.0054979681267290845,0.005841301064727927,9.070932330189287,1.1430920705421337,0.2684091477041231,0.05786344751234691,0.32281232076748506,0.36125154656002284,0.004669132019524718,0.0052251139582777705,57.48587672863555,11.074102493148123,922.4097525475556,True,False,True,True,True,True,False,False,True,False,AA03_step,AA03,step,False,0.0380935974488646,-0.0026792954558858524,False,False
W84,354,0.0056917906660392675,0.03016007177019372,0.29695133339938157,0.24684550431588317,0.015782785301906483,0.013119690532315785,0.3606328387012733,2.298840181931494,0.14017665946822405,0.018044368378680602,0.2669870643936346,0.24237103402393265,0.014190202372466572,0.012881875119435874,9.878411582079378,1.400756350405515,646.7304445115977,False,False,True,False,True,False,True,False,False,False,AA03_step,AA03,step,False,0.0037039947754263077,0.007331857160180067,False,False
691,3214,0.1340063196848977,0.0032779711723701904,0.4355757250310458,0.3724300771514515,0.007683175119163726,0.006569341076558636,17.441528743846153,0.4989802073250492,-0.053189149434781265,0.0028266418452831503,0.4506894327981651,0.37476056686265624,0.007949767715586233,0.006610448878338267,6.6906545370500785,0.4276021034737524,716.8270511350477,True,False,True,False,False,False,False,False,False,False,AA03_timing,AA03,timing,False,0.17551736409492638,0.06056154175324937,False,False
703,11201,0.1191469428815346,0.01377987932255961,0.49418109559081363,0.385894576413907,0.004669363985056056,0.0036461982322114847,25.516739166802015,3.7792457910885076,0.21037080539455205,-0.0017747170014255523,0.4641330616819676,0.3844772842804165,0.004385449426997196,0.003632806678177003,47.97018159632435,0.4885250327485447,941.5147765161167,True,True,True,False,True,False,False,False,False,True,AA03_timing,AA03,timing,True,-0.5406393094816102,0.19086958952977923,False,False
F51,11792,0.027836481284789584,-5.453329627805612e-05,0.2859348468276316,0.195594890491821,0.00263313636355695,0.0018012075981435891,10.571606419648889,0.030275963933452617,0.1491232027060588,0.0016021798089042262,0.2546090931033043,0.1835419889721478,0.0023446616212773577,0.001690214014710388,63.601161614449666,0.9479153497486257,711.6464864123344,True,False,True,False,True,True,False,False,False,False,AA03_timing,AA03,timing,False,0.6051553142156061,0.16584852058234933,False,False
F52,6019,-0.017809519681224194,0.00047043100178544364,0.28623970180899116,0.1928015665614081,0.003689501566997353,0.0024851258489031708,4.8270801239198855,0.18929866348340949,0.1929465723780366,0.0010741336892400302,0.22705372228148452,0.17502557321145393,0.0029266207966815497,0.0022560012554065103,65.92810814329474,0.47612282425192237,654.8380885051354,True,False,True,False,True,True,False,False,False,False,AA03_timing,AA03,timing,False,0.13539602285414865,0.06885687727854299,False,False
G96,14710,0.0687377789857349,0.006142189857497627,0.32088926652930366,0.19753969805227303,0.002645750300937186,0.0016287260749530698,25.980448329302423,3.7711619847890065,0.1680342287893966,-0.0047963151096676445,0.29232776913357955,0.18176587623623713,0.0024102591262174077,0.0014986700145927729,69.71625040711069,3.2003810465047082,768.1307070317077,True,True,True,True,True,False,False,False,False,False,AA03_timing,AA03,timing,False,0.2951882225748266,0.11608804502765041,False,False
T09,76,0.18723261423465695,0.03509065108314185,0.3045494093171808,0.25807361674725565,0.03493421311917356,0.029603074089350874,5.359577260147153,1.1853718629770622,-0.050786793740066935,-0.07614841003722339,0.32069624928694984,0.2911836258299648,0.036786382689851106,0.033401052605436216,1.38058678311087,2.279820667233397,490.29880288748876,True,False,False,False,False,True,False,True,False,False,AA03_timing,AA03,timing,False,0.007108297213907915,0.008887976702850523,False,False
V00,470,0.06273535835116242,0.029224564700652385,0.4937804367086929,0.37505266861025444,0.022776393138895044,0.017299889572373755,2.75440268213626,1.6892919794887695,0.31152801145812714,-0.006603676236453985,0.4082103054527046,0.35404470218694994,0.018829337310956186,0.01633086434023769,16.54482079286237,0.4043678337455267,871.7454556161142,False,False,True,False,True,False,True,False,False,False,AA03_timing,AA03,timing,False,-0.0017746928432523866,0.0032926941836447184,False,False
W68,4780,-0.050659120906732746,-0.006639999499455503,0.3799002802263724,0.40386658359370164,0.005494847775370392,0.0058414945024097865,9.21938568231182,1.1366953262930077,0.2682871613729937,0.05791211214381481,0.32278905981812955,0.36125208469232817,0.004668795574982633,0.005225121741781113,57.46389128934858,11.08339958488202,922.4097525475556,True,False,True,True,True,True,False,False,True,False,AA03_timing,AA03,timing,False,0.01962396041411942,0.003906380760305599,False,False
W84,354,0.005283398985276561,0.03032484015113739,0.2971334575259009,0.24687788144739822,0.015792465090019393,0.01312141135744071,0.3345518863052983,2.3110959122504147,0.14059430047008803,0.018131170893279883,0.2670779403397612,0.2422893387622485,0.014195032374509009,0.012877533065266311,9.904471984337482,1.4079692749680333,646.7304445115977,False,False,True,False,True,False,True,False,False,False,AA03_timing,AA03,timing,False,0.02450988744339617,0.012099062334724924,False,False
691,3214,0.44047984404891344,0.007958534438568783,0.7266297585557,0.49292799272344423,0.012817113904548245,0.008694818998377716,34.36653893608654,0.9153191619116731,-0.31717418048700974,-0.02158048208777097,0.7711819753081915,0.5189381250565385,0.013602976071756792,0.009153615001239313,23.316528590059296,2.357591190458543,716.8270511350477,True,False,True,False,False,True,False,False,False,False,AA03_trailing,AA03,trailing,False,-16.62630510499926,-2.1116658706578044,True,False
703,11201,-0.2837410516853879,0.049033147479326626,25.23418899268908,1.814790975376331,0.2384300296507551,0.01714739737402556,1.1900390739413276,2.85950960427387,2.360273604245204,0.36188405629210496,20.69522135947334,14.357789661749203,0.19554273148218737,0.13566230385933878,12.070372477435752,2.6675358297565386,941.5147765161167,False,False,True,False,True,False,True,False,False,False,AA03_trailing,AA03,trailing,True,10.97492099506649,2.686871731075961,True,False
F51,11792,0.16256855521795063,-0.0031312690190348803,0.5153322579558153,0.2978582526874994,0.00474562692442787,0.0027429374385059997,34.2564971513326,1.1415750775345404,0.0640521022185925,0.0017421643487957712,0.5134268320190021,0.336149388069588,0.004728080107808797,0.003095555463538954,13.547169412972808,0.5627953914300292,711.6464864123344,True,False,True,False,False,False,False,False,False,False,AA03_trailing,AA03,trailing,False,-15.726742672642953,0.15220186384876122,True,False
F52,6019,0.006472153467683967,0.005211534148536244,0.3639395831401393,0.25031178317164,0.004691018240313614,0.0032264067856874012,1.379690535428674,1.615274977617524,0.17275544583469385,-0.00093151841830276,0.32377916256708844,0.24595497973782574,0.004173368404532205,0.0031702495405723135,41.394727014055235,0.293831260404377,654.8380885051354,False,False,True,False,True,False,True,False,False,False,AA03_trailing,AA03,trailing,False,-3.8481231030616256,-0.45875060029007414,True,False
G96,14710,0.19730104869499018,-0.004637329081202207,0.564245686982743,0.31681662178771103,0.004652237864742584,0.002612171112804089,42.40992280086417,1.7752776831775658,0.10783539731483759,0.0026542081614588948,0.5793361543198551,0.3323118042696253,0.004776659628456519,0.002739929775965412,22.575482806524025,0.9687139373941388,768.1307070317077,True,False,True,False,False,False,False,False,False,False,AA03_trailing,AA03,trailing,False,-11.054166734399626,2.462510122967492,True,False
T09,76,0.1576046688682368,-0.005680054506954264,0.39553018308755555,0.26708553201825186,0.045370423610494606,0.030636811667088332,3.4737314824581302,0.1853996613184157,0.000991102069930615,-0.06869293840988727,0.3820962526751056,0.3196900749224602,0.043829446108325475,0.036670966574735536,0.022612698948580905,1.8732241014125128,490.29880288748876,True,False,False,False,False,True,False,True,False,False,AA03_trailing,AA03,trailing,False,0.9112221252376741,0.15875051087609743,False,False
V00,470,0.08720712247506422,0.010757023147797211,0.5337621968046884,0.39168217982920167,0.024620614210919035,0.01806695172606102,3.5420368366110297,0.5953977909998251,0.3452663325223013,-0.004237086833453909,0.4456563067919329,0.3577201682450768,0.020556592553522664,0.016500400947371336,16.795893172632592,0.2567869015406511,871.7454556161142,True,False,True,False,True,False,False,False,False,False,AA03_trailing,AA03,trailing,False,1.208537873579915,0.10521708560772026,False,False
W68,4780,-0.00591426866191612,0.0016696769697243396,0.4140622726503575,0.4411290484148867,0.0059889641470700925,0.006380455863021314,0.9875278122694198,0.26168615621983216,0.23025265128195258,0.05144154403403284,0.3748475124587845,0.4121836441434528,0.0054217649397624535,0.005961791812093763,42.46820986157337,8.628537469168473,922.4097525475556,False,False,True,True,True,True,True,False,True,False,AA03_trailing,AA03,trailing,False,-5.2966786717560765,-0.8125763996762836,True,False
W84,354,0.05845380211517723,0.01924911390649431,0.40746427059112933,0.26947972622429245,0.021656481644042738,0.014322685854029588,2.699136594574987,1.34395979236525,0.08335099637366411,0.03914717159682527,0.3341322180894006,0.3497088903284618,0.01775892702748775,0.01858681781636872,4.693470289317095,2.1061793354615985,646.7304445115977,False,False,True,False,True,True,True,False,False,False,AA03_trailing,AA03,trailing,False,-2.4964280592932866,0.9391181841939418,False,False
691,3214,0.13613875763801092,0.0036924751723982348,0.4354270633588009,0.3724611042268508,0.007680552857187846,0.00656988836705264,17.72512476241934,0.5620301238169652,-0.05516321875072883,0.0022605393808483275,0.4510482309851145,0.3746780269655567,0.007956096602033186,0.006608992946688981,6.933452609993679,0.34203991426270597,716.8270511350477,True,False,True,False,False,False,False,False,False,False,AA04_clean,AA04,clean,True,0.0,0.0,False,False
703,11201,0.10596755937673527,0.01377987932255961,0.48780085619099245,0.385894576413907,0.004609079080725703,0.0036461982322114847,22.99104821608975,3.7792457910885076,0.21368975691234662,-0.002752111452186647,0.45465122624799675,0.381955679819821,0.004295858503178712,0.0036089808192805092,49.74320191277886,0.7625730337728176,941.5147765161167,True,True,True,False,True,False,False,False,False,True,AA04_clean,AA04,clean,False,0.0,0.0,False,False
F51,11792,0.030476261980413838,0.000607134735934697,0.28591548080551216,0.195867801813104,0.0026329580244086235,0.0018037208025748416,11.574913727407019,0.33660128278611745,0.14711277002128678,0.0012047146172535354,0.2555793686082908,0.18449779546101602,0.002353596760674301,0.0016990159108426206,62.50551176792887,0.709066118548626,711.6464864123344,True,False,True,False,True,True,False,False,False,False,AA04_clean,AA04,clean,False,0.0,0.0,False,False
F52,6019,-0.017268718322460776,0.0005062424051965786,0.2862513072000036,0.19311407207456416,0.0036896511552901557,0.0024891539050155755,4.680311930763752,0.2033793106069152,0.19238552867590225,0.000854299610275179,0.22758629096445931,0.17526202823299278,0.0029334853685000334,0.0022590490547403502,65.58257652884559,0.3781677996245948,654.8380885051354,True,False,True,False,True,True,False,False,False,False,AA04_clean,AA04,clean,False,0.0,0.0,False,False
G96,14710,0.07079275686573822,0.006467874351040778,0.3212622380959296,0.1976785627102618,0.002648825472772363,0.0016298710219768112,26.726093354744048,3.9683350791746266,0.16702605703098156,-0.005042812344207323,0.2934811692270232,0.18243848941859217,0.0024197689757593866,0.0015042157486364126,69.02562133170768,3.3524528305056545,768.1307070317077,True,True,True,True,True,False,False,False,False,False,AA04_clean,AA04,clean,False,0.0,0.0,False,False
T09,76,0.18758608737704044,0.03538836868954113,0.30454192625159826,0.2581920965768825,0.03493335475268245,0.02961666465788223,5.369827453019986,1.1948802844051114,-0.05115665091324606,-0.07656830147185381,0.3207942911915789,0.2912626838432762,0.03679762886760137,0.03341012118150731,1.3902159592214147,2.2917696423751615,490.29880288748876,True,False,False,False,False,True,False,True,False,False,AA04_clean,AA04,clean,False,0.0,0.0,False,False
V00,470,0.06287298105620164,0.029277152013130595,0.4937642251563852,0.37510267379067336,0.02277564535574832,0.017302196139348733,2.7605356543863286,1.6921061220978972,0.3115752705535209,-0.006679720987877251,0.4082331893558976,0.35403439636308437,0.01883039286669904,0.016330388968030667,16.546403081399966,0.40903624530645694,871.7454556161142,False,False,True,False,True,False,True,False,False,False,AA04_clean,AA04,clean,False,0.0,0.0,False,False
W68,4780,-0.04955952264205588,-0.006673935827525007,0.38007972697371434,0.40386573148567034,0.005497443279011089,0.005841482177586238,9.015013002730049,1.142507265216505,0.2681575607141653,0.057883246066674506,0.32293874090658153,0.36125505273803776,0.00467096055047411,0.00522516467136083,57.40951091675284,11.077784090505903,922.4097525475556,True,False,True,True,True,True,False,False,True,False,AA04_clean,AA04,clean,False,0.0,0.0,False,False
W84,354,0.0058858451106142025,0.030193397515855088,0.2969090336315719,0.24682679857946754,0.015780537094612655,0.013118696333642278,0.37298129178528283,2.3015547237285725,0.14010232331513953,0.01791081087936441,0.26701919185942036,0.24232661194349936,0.014191909928007698,0.012879514112498755,9.87198509755533,1.3906433676704542,646.7304445115977,False,False,True,False,True,False,True,False,False,False,AA04_clean,AA04,clean,False,0.0,0.0,False,False
691,3214,0.6361387588434619,0.0036924751723982348,0.4354270632987545,0.3724611042268508,0.00768055285612868,0.00656988836705264,82.82460530635583,0.5620301238169652,-0.45989783956119346,-0.0177851392560904,0.5684845159141565,0.44505415820227356,0.010027570035015539,0.007850366396649731,45.86333857108591,2.2655170927665864,716.8270511350477,True,False,True,False,False,True,False,False,False,False,AA04_constant,AA04,constant,True,-31.61876967820644,-1.9534039436009782,True,False
703,11201,0.06615011731988613,0.013361116466657934,0.4864181392920454,0.3852930153442507,0.004596014217364727,0.0036405142681373293,14.392931394763055,3.6701178686752285,0.2356485203353314,-0.0005628171899080155,0.4354832147287448,0.3800216559544837,0.00411474590406941,0.003590706827289277,57.269276360972675,0.15674272976858475,941.5147765161167,True,True,True,False,True,False,False,False,False,True,AA04_constant,AA04,constant,False,3.6914330993080546,0.43003527607164876,True,False
F51,11792,-0.0009218918060474518,0.00080188092438624,0.2848756317852027,0.19200105096292971,0.0026233821916678297,0.001768112403020287,0.35141345739690105,0.4535237256502857,0.16849036773589732,0.00312526551382261,0.24210910870519284,0.1759803990159386,0.002229550910471258,0.0016205803282223466,75.57143770279893,1.928485406984292,711.6464864123344,False,False,True,False,True,True,True,False,False,False,AA04_constant,AA04,constant,False,6.594031760571239,0.8179643176456902,True,False
F52,6019,-0.03623811316197213,0.0006490456682743932,0.28660081957636535,0.19211345535462424,0.003694156213296163,0.0024762564036108067,9.809577903485074,0.26210761830962787,0.20532089336627524,0.0014872559515643111,0.2208442731536066,0.17153241753845444,0.002846583778257098,0.002210976043153119,72.12887775675755,0.6726694104940659,654.8380885051354,True,False,True,False,True,True,False,False,False,False,AA04_constant,AA04,constant,False,3.1645470892290986,0.2002413099479273,True,False
G96,14710,0.02907555840533569,0.006536087068429507,0.31972761156913965,0.19410509228681647,0.0026361723895483723,0.0016004075545617764,11.029460182729894,4.084014131149998,0.19556192153285382,-0.0045320637890626896,0.2688802416069588,0.17385773152054362,0.0022169329246876203,0.001433466910457502,88.21282744060004,3.1616103280795276,768.1307070317077,True,True,True,True,True,False,False,False,False,False,AA04_constant,AA04,constant,False,8.6952425470743,0.24580536392616809,True,False
T09,76,0.16996507319460824,0.024796516945796748,0.30011402745468296,0.2558764514916446,0.034425439926683,0.029351041949575423,4.937193934386561,0.844825781258353,-0.03991138717431599,-0.060051255004588855,0.3157808566459324,0.28363993383855496,0.03622254848485062,0.03253573178828483,1.1018381876418264,1.8457016856221922,490.29880288748876,True,False,False,False,False,True,False,True,False,False,AA04_constant,AA04,constant,False,0.21778516415984073,0.35417811802131155,False,False
V00,470,0.053748747307101885,0.024115554018560182,0.4948702994192274,0.37289657776509366,0.022826664757041794,0.017200436517773445,2.3546474213023583,1.4020315120282705,0.31508880976591214,-0.0022124202721377144,0.4052819158648239,0.3516751020686993,0.018694260771751847,0.01622156283725593,16.8548419011053,0.13638761532005209,871.7454556161142,False,False,True,False,True,False,True,False,False,False,AA04_constant,AA04,constant,False,0.132415935309367,0.19407997382070968,False,False
W68,4780,-0.0534066241644807,-0.006989383983033196,0.3814981858163311,0.4036825036518237,0.005517959756153887,0.005838831984607705,9.678690408156589,1.197051739364751,0.2716465830018192,0.05799739313629051,0.32259184861042417,0.3607837945620589,0.004665943127584351,0.0052183484301662735,58.21900858497089,11.114128140815335,922.4097525475556,True,False,True,True,True,True,False,False,True,False,AA04_constant,AA04,constant,False,0.5284644777672949,0.015457279366010586,False,False
W84,354,-0.03220271775202997,0.04529884000243166,0.3083662119213065,0.24532619564611055,0.016389479250360935,0.013038940187577995,1.9648408140436062,3.4741197789669434,0.17839441056276195,0.01695167931910661,0.25606546421379306,0.24617066808987703,0.013609725872097163,0.013083823391572292,13.107862145005322,1.2956212272037948,646.7304445115977,False,True,True,False,True,False,True,False,False,True,AA04_constant,AA04,constant,False,1.947414894619038,-0.052241930196703895,False,False
691,3214,0.07444074284179363,-0.17893248435174774,0.4654017047586426,0.38445912203164695,0.008209279335213461,0.0067815229154897065,9.067877922302175,26.38529524733261,-0.03270808020737643,0.1433655865556119,0.4690571433398917,0.40041561817724797,0.008273758077124715,0.007062981562355704,3.9532313976894877,20.298168031433377,716.8270511350477,True,True,True,True,False,False,False,False,False,False,AA04_dcr,AA04,dcr,True,1.9562886476338954,14.587706144021368,False,True
703,11201,0.10859493066073213,0.013227356829147057,0.487373888289371,0.38608691992333577,0.004605044793375593,0.0036480156264090758,23.581731673261274,3.6259046516660365,0.212376049320837,-0.0028179128794572424,0.455331376228468,0.3822456808542188,0.00430228502951002,0.0036117209491594703,49.36354701376542,0.7802133440328591,941.5147765161167,True,True,True,False,True,False,False,False,False,True,AA04_dcr,AA04,dcr,False,-0.2160771760660488,-0.012887565108403764,False,False
F51,11792,0.03203757374306529,0.0007481832370673008,0.28624899160075806,0.19563635944302235,0.002636029281418197,0.0018015894802561696,12.153724531401606,0.41529063378018616,0.1469188230002816,0.0013093990381512846,0.256688999315803,0.1836440272953446,0.0023638152037863823,0.0016911536721962344,62.153260866139455,0.7742637819842947,711.6464864123344,True,False,True,False,True,True,False,False,False,False,AA04_dcr,AA04,dcr,False,-0.05814244464624016,0.04366912216504345,False,False
F52,6019,-0.0162235333160049,0.000370221066032783,0.2863957822499656,0.19351864161564952,0.003691513373982595,0.0024943686252181206,4.3948190545229195,0.14842275607937014,0.19189638746495202,0.0004885548394961849,0.2281311131492122,0.1756730103093013,0.0029405078824688404,0.002264346429650138,65.25960654927286,0.21575975879789341,654.8380885051354,True,False,True,False,True,True,False,False,False,False,AA04_dcr,AA04,dcr,False,-0.11776479994667421,-0.11434791901187442,False,False
G96,14710,0.07650607736002368,0.0074079631141901366,0.32279610765086286,0.19815657726417063,0.00266147231472023,0.0016338122792321117,28.74577238203054,4.534158059867113,0.16381965142533897,-0.005684841829240818,0.2979186603179422,0.1836988437020677,0.0024563563428476923,0.0015146074415741642,66.69213605849235,3.7533433899759787,768.1307070317077,True,True,True,True,True,False,False,False,False,False,AA04_dcr,AA04,dcr,False,-0.9299216805307408,-0.3007666791244678,False,False
T09,76,0.2077982481756424,0.03187191430323009,0.30309892232413266,0.25706982915308874,0.034767830850183645,0.02948793175556789,5.976738930623991,1.080846041269478,-0.07077220472292758,-0.08355016602460832,0.32418302753700484,0.29239568288437545,0.037186343585391246,0.03354008508475152,1.9031772930407342,2.4910540868780653,490.29880288748876,True,False,False,False,False,True,False,True,False,False,AA04_dcr,AA04,dcr,False,-0.37494876837310825,-0.1474801869660524,False,False
V00,470,0.06351307102584344,0.029296749380503743,0.4941685740123107,0.3737693289968419,0.022794296577674424,0.017240693530180116,2.7863580176477343,1.6992790533176234,0.31237956117520155,-0.0054551324014347775,0.40830218921938344,0.35253252333883206,0.01883357559306981,0.01626111273126219,16.586312016617164,0.3354710401181352,871.7454556161142,False,False,True,False,True,False,True,False,False,False,AA04_dcr,AA04,dcr,False,0.03019965095882299,0.05313734515642219,False,False
W68,4780,-0.04782017206874331,-0.007747505395977872,0.3808054406071356,0.40373340372278155,0.005507939943930063,0.0058395681992309285,8.682043115129234,1.3267257323920318,0.2678450669139883,0.058186179952469275,0.32338440034208693,0.3614428401454273,0.004677406533499709,0.005227880813652492,57.26358506485909,11.129974463173948,922.4097525475556,True,False,True,True,True,True,False,False,True,False,AA04_dcr,AA04,dcr,False,-0.04727380315076605,0.04098453373658167,False,False
W84,354,0.007544264693303109,0.029967455032135933,0.29725569892201276,0.2470108393925825,0.015798962146920108,0.013128477992498394,0.4775164737497525,2.2826297952633445,0.1387428374075056,0.0174933808200714,0.26810366525080204,0.24257454108903137,0.014249549038450039,0.012892691397911897,9.736647597277017,1.3568447642285637,646.7304445115977,False,False,True,False,True,False,True,False,False,False,AA04_dcr,AA04,dcr,False,-0.06759848229266528,-0.022905884938386353,False,False
691,3214,0.3861387190984343,0.15369247517241594,0.43542702305336156,0.37246110422676026,0.007680552146235121,0.0065698883670510435,50.2748645860979,23.393468288320744,-0.25151679910996905,-0.1291826956253206,0.5075997070043711,0.40431546757422304,0.008953615215982959,0.007131771497454104,28.09108868795147,18.113689659215268,716.8270511350477,True,True,True,True,False,False,False,False,False,False,AA04_epoch,AA04,epoch,True,-16.39318245002545,-13.518492128808013,True,True
703,11201,0.07544589615142785,0.012846758645696055,0.4850614441123717,0.38663596580039683,0.004583195225162903,0.0036532033907071566,16.46141882353402,3.5165736127298644,0.22972072719255632,-0.002065967026978537,0.44051456176722315,0.3791883345720247,0.0041622855426096134,0.003582833031860945,55.19100620101357,0.5766294461970676,941.5147765161167,True,True,True,False,True,False,False,False,False,True,AA04_epoch,AA04,epoch,False,2.680066567261804,0.13492400645330274,False,False
F51,11792,0.018339282377501973,0.0004677855171236989,0.28629584162312166,0.19429403014128527,0.0026364607171067388,0.0017892281464226523,6.956023375773095,0.2614454272133937,0.15570250678577918,0.0007525098658647662,0.2507767145086511,0.18133408700758033,0.0023093697512990828,0.001669881736170109,67.42207768946152,0.4506366226812297,711.6464864123344,True,False,True,False,True,True,False,False,False,False,AA04_epoch,AA04,epoch,False,2.6050317602096134,-0.1898217894563368,False,False
F52,6019,-0.024669144041576278,-0.0024697265141186433,0.28590394952000286,0.19320735323315058,0.003685173870355285,0.0024903562573748077,6.694160142625222,0.9917161477619627,0.19648667648213697,0.0012710819776137739,0.22531639560090752,0.17407583035343124,0.0029042274338116694,0.002243759495298552,67.65540267080837,0.5664965341771825,654.8380885051354,True,False,True,False,True,False,False,False,False,False,AA04_epoch,AA04,epoch,False,0.9935099931941924,0.1308996089829046,False,False
G96,14710,0.0527730488949924,0.005286995417377304,0.3200537116544636,0.19514321691815167,0.0026388611033474133,0.0016089669513451978,19.99841857081808,3.285956503306076,0.17860094736231233,-0.004077231685710376,0.2828484825753826,0.17722312387546987,0.0023321018679978373,0.0014612147623321444,76.58368179072954,2.7903028294095433,768.1307070317077,True,True,True,False,True,False,False,False,False,True,AA04_epoch,AA04,epoch,False,3.44423961928361,0.46043692924538704,True,False
T09,76,0.1830540137951379,0.029148168184202603,0.30263533477319415,0.2569772970146711,0.034714653711077736,0.029477317591347044,5.273104992452332,0.988833807346125,-0.049426575298503195,-0.0696529007527368,0.31922580291968145,0.28834890357657045,0.03661771092361901,0.03307588766239538,1.349799702160581,2.1058512915414975,490.29880288748876,True,False,False,False,False,True,False,True,False,False,AA04_epoch,AA04,epoch,False,0.03332667339048171,0.14709455538733307,False,False
V00,470,0.05857124081038334,0.025818596322416867,0.49380176326021935,0.37363928540853214,0.022777376859362184,0.017234695066749125,2.5714655893884815,1.4980593635351664,0.3119273033875007,-0.005075814871348707,0.40686389380597243,0.3528204555784843,0.018767231972807986,0.016274394055106035,16.620847647615538,0.3118896380511438,871.7454556161142,False,False,True,False,True,False,True,False,False,False,AA04_epoch,AA04,epoch,False,0.013241498840563345,0.06956839541448888,False,False
W68,4780,-0.050659360809333615,-0.007464758055928342,0.38088128070683275,0.4035645624907085,0.005509036889167525,0.005837126092928994,9.195683715414145,1.2788413231249256,0.26961645311804905,0.05854431458465733,0.3229143935404982,0.36075954038293345,0.0046706083920859155,0.005217997619626909,57.72619549412428,11.21968978376868,922.4097525475556,True,False,True,True,True,True,False,False,True,False,AA04_epoch,AA04,epoch,False,0.22086069640289352,0.08952191085174957,False,False
W84,354,-4.808127344136077e-05,0.03093067140214406,0.3013485290929335,0.24726602980833584,0.01601649361621959,0.013142041210069545,0.0030019849908140823,2.3535667639243676,0.14767430594008782,0.016875598698647697,0.26754695726287764,0.2432578851701969,0.014219960342724434,0.012929010726055337,10.385001250418014,1.3052505761047095,646.7304445115977,False,False,True,False,True,False,True,False,False,False,AA04_epoch,AA04,epoch,False,0.3768986413560912,-0.056725768817577696,False,False
691,3214,0.20309341572818967,0.0333829253882351,0.4515277169151146,0.3707820545918164,0.007964554314792784,0.006540271398892126,25.49965857486573,5.104211026149453,-0.10793691095177874,-0.022470301320861436,0.4762069740257403,0.3805268907676498,0.008399874841845316,0.006712161792557093,12.849823715714646,3.3476995959450875,716.8270511350477,True,True,True,True,False,False,False,False,False,False,AA04_mag_dep,AA04,mag_dep,True,-4.561380850896792,-2.625421155545632,True,False
703,2752,0.11831310982427312,-0.0062673920159146725,0.5399519832531041,0.42489089732743407,0.01029273818679411,0.008099406798721401,11.494813885004124,0.7738087704032921,0.23795822567184738,0.00726811484578863,0.4959196523568193,0.4282950247919548,0.009453379748032158,0.008164297370167573,25.171762059107106,0.8902315185561953,1152.968871452626,True,False,True,False,True,True,False,False,False,False,AA04_mag_dep,AA04,mag_dep,False,2.3371744090882487,1.122539212106978,False,False
F51,2455,0.045490126892788287,0.0041795738768204485,0.2843474258262795,0.20475100893118062,0.005738832547811921,0.004132380487838381,7.926721421786837,1.0114203881082484,0.14114210542056707,-0.0054488906525049525,0.2589569778369949,0.19454170371323326,0.005226390668301277,0.003926331521841772,27.005655408925296,1.3877816027998,808.2349049222257,True,False,True,False,True,True,False,False,False,False,AA04_mag_dep,AA04,mag_dep,False,-1.0416569952146988,-1.5552458282025565,False,False
F52,1564,-0.025885649163357134,0.0030684259169103754,0.27350731067469775,0.20694126894705528,0.006915929617631068,0.005232734903833399,3.742902342060533,0.5863904771217259,0.1867070215126323,-0.00866626575528836,0.2209843080361609,0.18579511064912935,0.005587828410176303,0.004698031308119714,33.41316300490005,1.84465900436003,716.4715656463682,True,False,True,False,True,True,False,False,False,False,AA04_mag_dep,AA04,mag_dep,False,-0.899774310373839,-1.8263312675033534,False,False
G96,3347,0.0868489853850964,-0.011512185555062747,0.326450112863091,0.21860969640545794,0.005642726060264981,0.003778692615894516,15.391316972955797,3.0466054599515258,0.16889268737463015,-0.01510288437449795,0.3033525614261536,0.20310893483545817,0.005243482346490627,0.0035107602494515184,32.210023075154844,4.3018842932545605,842.4066019222986,True,True,True,True,True,True,False,False,False,False,AA04_mag_dep,AA04,mag_dep,False,0.32323202313443944,-2.6339145811352647,False,False
T09,37,0.16273431095105054,0.04108118818421733,0.3422382317430654,0.2828470129306794,0.05626361871573614,0.046499762488148993,2.8923541475929997,0.8834709251404745,0.033242315373139084,-0.02531197120305294,0.35856361066541015,0.3093864250607172,0.05894749447794584,0.05086281496600672,0.5639309298476818,0.49765179571696455,513.5960375072281,False,False,False,False,False,False,False,False,False,False,AA04_mag_dep,AA04,mag_dep,False,1.2145467993694616,0.8422776592763896,False,False
V00,72,-0.01626502725628113,0.032477844157108304,0.49060621943176297,0.3905489410628946,0.05781849744208249,0.046026634101799684,0.28131182884117684,0.7056315281555292,0.27455879218060547,-0.04270443724581257,0.407727940564718,0.3873308635259825,0.04805119860875629,0.045647380027010576,5.713880197164802,0.9355287690234007,762.6979556933921,False,False,True,False,True,True,True,False,False,False,AA04_mag_dep,AA04,mag_dep,False,-0.7172468270396476,-0.7430754647679687,False,False
W68,1306,0.004743295849099627,-0.04665656879420499,0.4338309897989327,0.6262988601117014,0.01200463564462178,0.017330457706047023,0.3951220169872195,2.6921717582753377,0.3362735524888897,0.1688744224615831,0.39809942785684704,0.5314795177294964,0.011015899495720165,0.01470669019259998,30.526200118250603,11.482829939979036,1450.2156077739394,False,False,True,True,True,True,True,False,True,False,AA04_mag_dep,AA04,mag_dep,False,5.692804051916464,7.111472662858611,True,True
W84,74,0.0025469734413437364,0.01525424335825935,0.3346518911419926,0.2710505798485638,0.0389024921464103,0.031508989887538585,0.06547070125374363,0.48412352832333144,0.23540658663678235,0.0820293182452232,0.25642866965800337,0.238643511296463,0.02980922735396175,0.027741744689747785,7.89710460595001,2.956891109863681,652.6674430309745,False,False,True,False,True,True,True,False,False,False,AA04_mag_dep,AA04,mag_dep,False,2.8866824471708816,2.096354340399634,False,False
691,3214,0.18477460997969614,0.01990442709389523,0.4575624169621947,0.37178367464038337,0.008071001149611314,0.006557939101185354,22.89364188587615,3.0351649789333184,-0.08653741017933335,-0.06459180446649815,0.47083003146572283,0.3857326611842328,0.008305030274252955,0.006803987033134763,10.419878955482492,9.49322862491393,716.8270511350477,True,True,True,True,False,True,False,False,False,False,AA04_seasonal,AA04,seasonal,True,-2.727953345704152,-7.047911978971874,False,True
703,11201,0.09799076880189987,0.014612527189874826,0.4855681220529262,0.3865583053793422,0.0045879826679622255,0.0036524696014619343,21.35813840060188,4.000725203578978,0.2165834269931701,-0.004200978675329877,0.45109075947585053,0.38025910885783415,0.004262216756328861,0.00359295044616694,50.814737817256876,1.1692281144070882,941.5147765161167,True,True,True,False,True,False,False,False,False,True,AA04_seasonal,AA04,seasonal,False,0.4781724548199918,-0.28450738083476995,False,False
F51,11792,0.030662992050173525,0.0003799841717144352,0.2861081421887354,0.19537190644850608,0.002634732217724502,0.0017991541674426455,11.637991839890185,0.21120156270685378,0.14725550493533418,0.0017528863993052986,0.2557850512138797,0.1838966012906817,0.002355490864712812,0.0016934795928700858,62.515846332220015,1.0350797297383023,711.6464864123344,True,False,True,False,True,True,False,False,False,False,AA04_seasonal,AA04,seasonal,False,0.04286555082414357,0.22851347497536753,False,False
F52,6019,-0.017796310268032158,0.00011134596795295321,0.2862339470151413,0.19328234026289787,0.00368942739028185,0.002491322806606129,4.823596831017354,0.04469351288307645,0.19230573342635746,0.0006570820106056029,0.22768295916383607,0.175434053677061,0.002934731378298204,0.0022612663856746754,65.52754192374226,0.29058142586308106,654.8380885051354,True,False,True,False,True,True,False,False,False,False,AA04_seasonal,AA04,seasonal,False,-0.019230292002576234,-0.061700953022653306,False,False
G96,14710,0.06896979154876563,0.00649312527353243,0.32176540682823834,0.19787766870314016,0.0026529741276629638,0.001631512662241922,25.997159500956737,3.9798191113086343,0.16851562503766265,-0.00456422667337491,0.29273626696605887,0.18268296528388964,0.0024136272141403975,0.0015062314660867922,69.81841439738602,3.0302292683028504,768.1307070317077,True,True,True,True,True,False,False,False,False,False,AA04_seasonal,AA04,seasonal,False,0.4358354857883283,0.22482446841081954,False,False
T09,76,0.19199339402760596,0.032936789636150245,0.305442716363881,0.2567197306678703,0.035036682465018794,0.02944777270511121,5.479782345811289,1.1184815220484723,-0.05718504512170004,-0.0765697272409012,0.32378698576536113,0.2890669134681278,0.037140914478548726,0.03315824904549435,1.5396778976653387,2.309221067006424,490.29880288748876,True,False,False,False,False,True,False,True,False,False,AA04_seasonal,AA04,seasonal,False,-0.11530312306909682,-3.0289572718255112e-05,False,False
V00,470,0.06294678454736882,0.02885944616381754,0.4943815089556667,0.3735959252493557,0.022804118534200713,0.01723269501174786,2.7603252654981483,1.6746914016724315,0.3118981107564241,-0.005231741819370234,0.4086137908328836,0.35257888381614766,0.018847948703716113,0.01626325118061933,16.548119673889467,0.3216910174519607,871.7454556161142,False,False,True,False,True,False,True,False,False,False,AA04_seasonal,AA04,seasonal,False,0.012117437361504552,0.06282659514410671,False,False
W68,4780,-0.051084878021890795,-0.006348498675255477,0.38008898665743923,0.4036759909834436,0.005497577210348244,0.005838737785884454,9.29225294475761,1.0873066933410513,0.26834012301719634,0.05790796616680791,0.32291004551030283,0.3611454631855818,0.004670545502519127,0.005223579576692941,57.45370061644045,11.08587804906565,922.4097525475556,True,False,True,True,True,True,False,False,True,False,AA04_seasonal,AA04,seasonal,False,0.027638164896013083,0.003345808801486134,False,False
W84,354,0.001651709628332716,0.03333329646770969,0.29965492482496314,0.24612454490712532,0.015926479564954767,0.013081371972067022,0.10370839466414165,2.5481498835815617,0.14505800896311782,0.01688429478557645,0.26745000419081905,0.24201349433818248,0.014214807345082887,0.012862872099538616,10.204711568834279,1.3126380061092326,646.7304445115977,False,False,True,False,True,False,True,False,False,False,AA04_seasonal,AA04,seasonal,False,0.24671613795009556,-0.056393865996224854,False,False
691,3214,0.13613875763801092,0.0036924751723982348,0.4354270633588009,0.3724611042268508,0.007680552857187846,0.00656988836705264,17.72512476241934,0.5620301238169652,-0.05516321875072883,0.0022605393808483275,0.4510482309851145,0.3746780269655567,0.007956096602033186,0.006608992946688981,6.933452609993679,0.34203991426270597,716.8270511350477,True,False,True,False,False,False,False,False,False,False,AA04_step,AA04,step,True,0.0,0.0,False,False
703,11201,0.10596755937673527,0.01377987932255961,0.48780085619099245,0.385894576413907,0.004609079080725703,0.0036461982322114847,22.99104821608975,3.7792457910885076,0.21368975691234662,-0.002752111452186647,0.45465122624799675,0.381955679819821,0.004295858503178712,0.0036089808192805092,49.74320191277886,0.7625730337728176,941.5147765161167,True,True,True,False,True,False,False,False,False,True,AA04_step,AA04,step,False,0.0,0.0,False,False
F51,11792,0.030476261980413838,0.000607134735934697,0.28591548080551216,0.195867801813104,0.0026329580244086235,0.0018037208025748416,11.574913727407019,0.33660128278611745,0.14711277002128678,0.0012047146172535354,0.2555793686082908,0.18449779546101602,0.002353596760674301,0.0016990159108426206,62.50551176792887,0.709066118548626,711.6464864123344,True,False,True,False,True,True,False,False,False,False,AA04_step,AA04,step,False,0.0,0.0,False,False
F52,6019,-0.017268718322460776,0.0005062424051965786,0.2862513072000036,0.19311407207456416,0.0036896511552901557,0.0024891539050155755,4.680311930763752,0.2033793106069152,0.19238552867590225,0.000854299610275179,0.22758629096445931,0.17526202823299278,0.0029334853685000334,0.0022590490547403502,65.58257652884559,0.3781677996245948,654.8380885051354,True,False,True,False,True,True,False,False,False,False,AA04_step,AA04,step,False,0.0,0.0,False,False
G96,14710,0.07079275686573822,0.006467874351040778,0.3212622380959296,0.1976785627102618,0.002648825472772363,0.0016298710219768112,26.726093354744048,3.9683350791746266,0.16702605703098156,-0.005042812344207323,0.2934811692270232,0.18243848941859217,0.0024197689757593866,0.0015042157486364126,69.02562133170768,3.3524528305056545,768.1307070317077,True,True,True,True,True,False,False,False,False,False,AA04_step,AA04,step,False,0.0,0.0,False,False
T09,76,0.18758608737704044,0.03538836868954113,0.30454192625159826,0.2581920965768825,0.03493335475268245,0.02961666465788223,5.369827453019986,1.1948802844051114,-0.05115665091324606,-0.07656830147185381,0.3207942911915789,0.2912626838432762,0.03679762886760137,0.03341012118150731,1.3902159592214147,2.2917696423751615,490.29880288748876,True,False,False,False,False,True,False,True,False,False,AA04_step,AA04,step,False,0.0,0.0,False,False
V00,470,0.06287298105620164,0.029277152013130595,0.4937642251563852,0.37510267379067336,0.02277564535574832,0.017302196139348733,2.7605356543863286,1.6921061220978972,0.3115752705535209,-0.006679720987877251,0.4082331893558976,0.35403439636308437,0.01883039286669904,0.016330388968030667,16.546403081399966,0.40903624530645694,871.7454556161142,False,False,True,False,True,False,True,False,False,False,AA04_step,AA04,step,False,0.0,0.0,False,False
W68,4780,-0.04955952264205588,-0.006673935827525007,0.38007972697371434,0.40386573148567034,0.005497443279011089,0.005841482177586238,9.015013002730049,1.142507265216505,0.2681575607141653,0.057883246066674506,0.32293874090658153,0.36125505273803776,0.00467096055047411,0.00522516467136083,57.40951091675284,11.077784090505903,922.4097525475556,True,False,True,True,True,True,False,False,True,False,AA04_step,AA04,step,False,0.0,0.0,False,False
W84,354,0.0058858451106142025,0.030193397515855088,0.2969090336315719,0.24682679857946754,0.015780537094612655,0.013118696333642278,0.37298129178528283,2.3015547237285725,0.14010232331513953,0.01791081087936441,0.26701919185942036,0.24232661194349936,0.014191909928007698,0.012879514112498755,9.87198509755533,1.3906433676704542,646.7304445115977,False,False,True,False,True,False,True,False,False,False,AA04_step,AA04,step,False,0.0,0.0,False,False
691,3214,0.14409065933315937,0.0036924751723982348,0.4353334004584352,0.3724611042268508,0.007678900725481868,0.00656988836705264,18.764490450437144,0.5620301238169652,-0.061290886628208086,0.0021284632807068897,0.4523467540165304,0.37502640274031285,0.007979001413466203,0.006615137990893488,7.681523470439187,0.32175644463304753,716.8270511350477,True,False,True,False,False,False,False,False,False,False,AA04_timing,AA04,timing,True,-0.5438198157017541,-0.014124466310923843,False,False
703,11201,0.10587452256640625,0.013771041758290093,0.4877892527667385,0.38588395990657937,0.00460896944356678,0.0036460979201246705,22.97140908889869,3.776925924638695,0.2137571255002131,-0.002747348500895683,0.45458399829406,0.38194622289793845,0.004295223287081411,0.0036088914637571155,49.766242919925205,0.7612721325887412,941.5147765161167,True,True,True,False,True,False,False,False,False,True,AA04_timing,AA04,timing,False,0.011089822295289714,0.0009332155028451673,False,False
F51,11792,0.029990718000235735,0.0005722033444402545,0.2857001306289298,0.195927272909209,0.0026309748929814864,0.0018042684640700109,11.399089394672826,0.31713869406634565,0.14752551186673135,0.001091029497049918,0.2553440801925387,0.18414418350957157,0.0023514300206273486,0.0016957595449317597,62.73863588225022,0.6433869119656483,711.6464864123344,True,False,True,False,True,True,False,False,False,False,AA04_timing,AA04,timing,False,0.12405987910881015,-0.04735952847556275,False,False
F52,6019,-0.01677555835778952,0.00038023666296262414,0.2862903588390876,0.19366443890470095,0.0036901545134290993,0.002496247886980272,4.546031418668354,0.1523232788481592,0.19204633347360361,0.0016260641470218489,0.22771964506718914,0.17607637868683435,0.0029352042431630442,0.0022695456673924217,65.4286099241428,0.7164712172943863,654.8380885051354,True,False,True,False,True,True,False,False,False,False,AA04_timing,AA04,timing,False,-0.08173791196151454,0.24101007265160487,False,False
G96,14710,0.07090691367073645,0.0064513628410120165,0.3212085467871726,0.19763933449483997,0.0026483827848699662,0.0016295475831037069,26.7736650743325,3.9589901564730448,0.16699300245837462,-0.005041340980453949,0.29342686011954056,0.18246285747184235,0.002419321194071267,0.0015044166646250253,69.02473423851443,3.351027078465991,768.1307070317077,True,True,True,True,True,False,False,False,False,False,AA04_timing,AA04,timing,False,-0.009660126808647657,0.0006916174144086777,False,False
T09,76,0.1874939701200346,0.035246670379064066,0.30459035481725877,0.25815830081250823,0.034938909890148105,0.029612788017839408,5.366337149886385,1.1902516695770313,-0.051111451179529054,-0.07641229971339474,0.32083176710552086,0.2912141267955074,0.03680192764975111,0.033404551306133075,1.3888253807236295,2.287481697123273,490.29880288748876,True,False,False,False,False,True,False,True,False,False,AA04_timing,AA04,timing,False,0.0008685117051505386,0.003301966373345625,False,False
V00,470,0.06283505176348608,0.029274158799216313,0.49377379991883946,0.37509805944407726,0.022776087006606997,0.017301983295411758,2.758816812793988,1.6919539395798289,0.31160912793506046,-0.006693890408662882,0.40821205961554524,0.3540300986446471,0.01882941822445441,0.01633019072906158,16.54905766182213,0.40990889327154534,871.7454556161142,False,False,True,False,True,False,True,False,False,False,AA04_timing,AA04,timing,False,0.0012714234818581474,-0.0006135404586044886,False,False
W68,4780,-0.050531795679806576,-0.006651648534738305,0.3798886358358932,0.4038673350246722,0.0054946793518222915,0.005841505371048248,9.196495817912993,1.1386873951542185,0.2682181324045895,0.05792323761022131,0.32282265698335616,0.36124252079147595,0.004669281521738171,0.005224983410271353,57.44312720402079,11.085822300670834,922.4097525475556,True,False,True,True,True,True,False,False,True,False,AA04_timing,AA04,timing,False,0.009171208202900238,0.005412036538987371,False,False
W84,354,0.007219754851454891,0.029556774443288105,0.2961751352581139,0.24640983429163685,0.01574153083614899,0.013096534931778682,0.458643757497548,2.256839278271135,0.13868405150300775,0.01748888406553733,0.26646314302370944,0.2424227340459638,0.014162356265826974,0.012884622944604667,9.792441942563267,1.3573454295657645,646.7304445115977,False,False,True,False,True,False,True,False,False,False,AA04_timing,AA04,timing,False,-0.07073849588030084,-0.023159891184775218,False,False
691,3214,-1.3777006527172195,0.0454258842472158,5.461795067935148,1.014306678487648,0.09634129167537857,0.017891483357577932,14.300209481925714,2.5389669117611584,1.9149366383561157,0.016730394722097527,5.0992998431910905,1.7576902113379838,0.0899471927127454,0.031004119198761778,21.289565361663275,0.5396184492403091,716.8270511350477,True,False,True,False,True,False,False,False,False,False,AA04_trailing,AA04,trailing,True,21.817666221310706,0.45645227632928354,True,False
703,11201,0.20389178307473987,0.017393115071225033,0.502575141057028,0.3955656749146862,0.004748676718664381,0.0037375774440801214,42.936547411904414,4.653579847227958,0.155929066250416,0.001339107977250013,0.5272145843076705,0.38553304489668544,0.004981487180158937,0.003642782232973475,31.301709833054513,0.3676058275262165,941.5147765161167,True,True,True,False,False,False,False,False,False,True,AA04_trailing,AA04,trailing,False,-8.780937036401257,0.7978466906481426,True,False
F51,11792,0.1153894871342587,0.0005509445968289418,0.3213557802511631,0.21168877419964244,0.0029593230765911083,0.0019494140545866807,38.99185190255662,0.28262061388787635,0.08586278779245803,0.007606729410960634,0.33014619119225436,0.2119450561608111,0.0030402728137651483,0.001951774121429753,28.241803631471956,3.8973410536811497,711.6464864123344,True,False,True,True,False,True,False,False,True,False,AA04_trailing,AA04,trailing,False,-15.930500868537955,2.4740384480483626,True,False
F52,6019,0.004323514923299537,0.009712035358441787,0.2911774504920655,0.1995395105596249,0.003753146936205426,0.0025719749295256425,1.1519705987505982,3.776100321566124,0.17414246645828801,-0.0011084037790986382,0.24383200266840882,0.18688886290980752,0.003142885316899596,0.002408913746773717,55.408469892906126,0.4601259719585788,654.8380885051354,False,True,True,False,True,False,True,False,False,True,AA04_trailing,AA04,trailing,False,-4.24336851322493,-0.5943175833245212,True,False
G96,14710,0.21845796731032335,0.00891324453404007,0.4244191553554131,0.22833725016516604,0.003499360138001208,0.001882653648324784,62.427975028344434,4.734404834352415,0.07777444288209708,-0.004650654534768594,0.4754750789554318,0.21892611225157801,0.003920319139498504,0.0018050582795661253,19.838803963303395,2.576456720215401,768.1307070317077,True,True,True,False,False,False,False,False,False,True,AA04_trailing,AA04,trailing,False,-19.373165015345613,0.16689983656195695,True,False
T09,76,0.26559727905130126,-0.008588601208839976,0.27706043814024833,0.26085262783831425,0.031781011871222224,0.029921848523795695,8.357105812977597,0.2870344458167346,-0.10699341722256447,-0.09256936935656217,0.31097477699067627,0.3152378791794236,0.035671253339275136,0.03616026469787347,2.999429714592099,2.5599748820977526,490.29880288748876,True,False,False,False,False,True,False,True,False,False,AA04_trailing,AA04,trailing,False,-1.0895100527354635,-0.3250128207562316,False,False
V00,470,0.06392717171014957,0.02698196748805709,0.5216783525861751,0.38419212221988036,0.024063228040692136,0.017721461131334364,2.6566332497886602,1.5225588504295888,0.3584864400565803,0.004926877135168583,0.4147519283739123,0.35177668555909586,0.019131079875754745,0.0162262485342615,18.738432037540043,0.3036362425218343,871.7454556161142,False,False,True,False,True,False,True,False,False,False,AA04_trailing,AA04,trailing,False,1.7475700042178253,0.5041713691467373,False,False
W68,4780,-0.031754356079752674,-0.006891611703424598,0.38111892064163405,0.40725073024202607,0.005512474094494944,0.005890442533379893,5.760454477502996,1.1699650178015133,0.2554058305880057,0.059261888553451436,0.3279075114285181,0.3686177056527954,0.004742828456527035,0.005331657504073071,53.8509526391406,11.11509666706439,922.4097525475556,True,False,True,True,True,True,False,False,True,False,AA04_trailing,AA04,trailing,False,-1.915609556420029,0.18467638061789327,False,False
W84,354,0.08116158332574727,0.028927075629913694,0.30495569837053993,0.23003374701199397,0.016208212500268264,0.012226155712863803,5.0074357875307935,2.365999281317671,0.07067667197846579,-0.009854785219448504,0.31341157688638427,0.22366260541628358,0.01665763737277787,0.011887533357536968,4.242898941596996,0.8290016879910873,646.7304445115977,True,False,True,False,False,False,False,False,False,False,AA04_trailing,AA04,trailing,False,-3.1725125791878424,-1.584162377493391,True,False
691,3214,0.13613875763801092,0.0036924751723982348,0.4354270633588009,0.3724611042268508,0.007680552857187846,0.00656988836705264,17.72512476241934,0.5620301238169652,-0.05516321875072883,0.0022605393808483275,0.4510482309851145,0.3746780269655567,0.007956096602033186,0.006608992946688981,6.933452609993679,0.34203991426270597,716.8270511350477,True,False,True,False,False,False,False,False,False,False,AA05_clean,AA05,clean,False,0.0,0.0,False,False
703,11201,0.10596755937673527,0.01377987932255961,0.48780085619099245,0.385894576413907,0.004609079080725703,0.0036461982322114847,22.99104821608975,3.7792457910885076,0.21368975691234662,-0.002752111452186647,0.45465122624799675,0.381955679819821,0.004295858503178712,0.0036089808192805092,49.74320191277886,0.7625730337728176,941.5147765161167,True,True,True,False,True,False,False,False,False,True,AA05_clean,AA05,clean,False,0.0,0.0,False,False
F51,11792,0.030476261980413838,0.000607134735934697,0.28591548080551216,0.195867801813104,0.0026329580244086235,0.0018037208025748416,11.574913727407019,0.33660128278611745,0.14711277002128678,0.0012047146172535354,0.2555793686082908,0.18449779546101602,0.002353596760674301,0.0016990159108426206,62.50551176792887,0.709066118548626,711.6464864123344,True,False,True,False,True,True,False,False,False,False,AA05_clean,AA05,clean,False,0.0,0.0,False,False
F52,6019,-0.017268718322460776,0.0005062424051965786,0.2862513072000036,0.19311407207456416,0.0036896511552901557,0.0024891539050155755,4.680311930763752,0.2033793106069152,0.19238552867590225,0.000854299610275179,0.22758629096445931,0.17526202823299278,0.0029334853685000334,0.0022590490547403502,65.58257652884559,0.3781677996245948,654.8380885051354,True,False,True,False,True,True,False,False,False,False,AA05_clean,AA05,clean,False,0.0,0.0,False,False
G96,14710,0.07079275686573822,0.006467874351040778,0.3212622380959296,0.1976785627102618,0.002648825472772363,0.0016298710219768112,26.726093354744048,3.9683350791746266,0.16702605703098156,-0.005042812344207323,0.2934811692270232,0.18243848941859217,0.0024197689757593866,0.0015042157486364126,69.02562133170768,3.3524528305056545,768.1307070317077,True,True,True,True,True,False,False,False,False,False,AA05_clean,AA05,clean,False,0.0,0.0,False,False
T09,76,0.18758608737704044,0.03538836868954113,0.30454192625159826,0.2581920965768825,0.03493335475268245,0.02961666465788223,5.369827453019986,1.1948802844051114,-0.05115665091324606,-0.07656830147185381,0.3207942911915789,0.2912626838432762,0.03679762886760137,0.03341012118150731,1.3902159592214147,2.2917696423751615,490.29880288748876,True,False,False,False,False,True,False,True,False,False,AA05_clean,AA05,clean,False,0.0,0.0,False,False
V00,470,0.06287298105620164,0.029277152013130595,0.4937642251563852,0.37510267379067336,0.02277564535574832,0.017302196139348733,2.7605356543863286,1.6921061220978972,0.3115752705535209,-0.006679720987877251,0.4082331893558976,0.35403439636308437,0.01883039286669904,0.016330388968030667,16.546403081399966,0.40903624530645694,871.7454556161142,False,False,True,False,True,False,True,False,False,False,AA05_clean,AA05,clean,False,0.0,0.0,False,False
W68,4780,-0.04955952264205588,-0.006673935827525007,0.38007972697371434,0.40386573148567034,0.005497443279011089,0.005841482177586238,9.015013002730049,1.142507265216505,0.2681575607141653,0.057883246066674506,0.32293874090658153,0.36125505273803776,0.00467096055047411,0.00522516467136083,57.40951091675284,11.077784090505903,922.4097525475556,True,False,True,True,True,True,False,False,True,False,AA05_clean,AA05,clean,False,0.0,0.0,False,False
W84,354,0.0058858451106142025,0.030193397515855088,0.2969090336315719,0.24682679857946754,0.015780537094612655,0.013118696333642278,0.37298129178528283,2.3015547237285725,0.14010232331513953,0.01791081087936441,0.26701919185942036,0.24232661194349936,0.014191909928007698,0.012879514112498755,9.87198509755533,1.3906433676704542,646.7304445115977,False,False,True,False,True,False,True,False,False,False,AA05_clean,AA05,clean,True,0.0,0.0,False,False
691,3214,0.1264010965285408,0.0028160858831191775,0.43821265940922716,0.3722375791158788,0.007729688337052227,0.006565945579444341,16.352676979566915,0.4288926627621388,-0.046033728182114375,0.0035905558088638254,0.4526974855298254,0.3735152201579616,0.007985188010839743,0.006588482050835288,5.764889708247877,0.5449746665711284,716.8270511350477,True,False,True,False,False,True,False,False,False,False,AA05_constant,AA05,constant,False,0.8099113838360043,0.14252158079083097,False,False
703,11201,0.09749252952797659,0.013132559118205505,0.48777145999239974,0.3857733523142685,0.0046088013251574895,0.003645052823271274,21.15355439511056,3.60284466506568,0.21752328577518687,-0.001836835696998272,0.4514260955723706,0.38118134099888407,0.004265385243156767,0.0036016643317924742,50.997336318958176,0.5099963594009097,941.5147765161167,True,True,True,False,True,False,False,False,False,True,AA05_constant,AA05,constant,False,0.6332484305756966,0.17951163770269532,False,False
F51,11792,0.026297179548877645,0.0006329379658492643,0.2853461247521246,0.19483670364776004,0.0026277148994638356,0.0017942255553054496,10.007622803464477,0.35276387853115415,0.14954773226890844,0.0011798365393475075,0.2534516128404125,0.18285189666051513,0.002334002537908771,0.0016838590454573174,64.07350885012355,0.7006741701631427,711.6464864123344,True,False,True,False,True,True,False,False,False,False,AA05_constant,AA05,constant,False,0.734603435944597,-0.010400195838987027,False,False
F52,6019,-0.02259116347153747,0.0011249342257957286,0.2863809599437095,0.19251460679755097,0.003691322321092961,0.002481427066058845,6.1200733792459685,0.4533416440816124,0.1948316302325729,0.0010899823242485063,0.22632230391559544,0.17435307259488006,0.0029171931415029567,0.002247333023630921,66.78736058326066,0.48501148373972097,654.8380885051354,True,False,True,False,True,True,False,False,False,False,AA05_constant,AA05,constant,False,0.5912641718571924,0.07396278394996839,False,False
G96,14710,0.06283831957942812,0.006084990778739183,0.32069262453262176,0.19688172124868072,0.002644128976461222,0.0016233010186869543,23.76522482028391,3.748528898023592,0.17136878490448357,-0.005120910242027748,0.28906359541215726,0.18066233529288897,0.002383345827747901,0.001489571256586502,71.9026097301269,3.437841740960291,768.1307070317077,True,True,True,True,True,False,False,False,False,False,AA05_constant,AA05,constant,False,1.2786219628525293,-0.03689166421359455,False,False
T09,76,0.18386561076215097,0.03601199919646548,0.30705912646172023,0.2580976638256984,0.035222097419434585,0.029605832478425066,5.220177792725625,1.21638191470241,-0.05132483041140981,-0.08008157326074698,0.3207457453861614,0.2905605331383476,0.03679206028181328,0.03332957897187785,1.3949974537517333,2.402717817957334,490.29880288748876,True,False,False,False,False,True,False,True,False,False,AA05_constant,AA05,constant,False,-0.0032319979780376772,-0.07444613899499343,False,False
V00,470,0.060924905397391524,0.029411442304977234,0.4958971378187236,0.3749253992133831,0.022874029280498677,0.017294019072851715,2.6634968701965085,1.7006713234835935,0.3128983998198001,-0.0076181631487045876,0.4095790528431576,0.35375463145938624,0.018892472920136235,0.01631748437530203,16.562066868774096,0.4668711777800356,871.7454556161142,False,False,True,False,True,False,True,False,False,False,AA05_constant,AA05,constant,False,0.04960346411290057,-0.04065065781509548,False,False
W68,4780,-0.050578507410110836,-0.006834760486874599,0.3802841568598343,0.4037482291337963,0.005500400136806235,0.005839782632809879,9.195423269602138,1.1703792618024167,0.2686242530926409,0.05796871282839648,0.32284879666516864,0.36120300118069293,0.004669659604040113,0.005224411801729067,57.52544636449123,11.095739583394097,922.4097525475556,True,False,True,True,True,True,False,False,True,False,AA05_constant,AA05,constant,False,0.0706594073816205,0.011566808813437149,False,False
W84,354,0.5058858477999264,0.030193397515855088,0.2969090391481973,0.24682679857946754,0.015780537387817987,0.013118696333642278,32.057580509929416,2.3015547237285725,-0.14467557911749648,-0.1464979224612592,0.47974657403430965,0.36601723422869564,0.025498242727622862,0.019453596515290647,5.673943128667684,7.5306343660469635,646.7304445115977,True,False,True,True,False,True,False,False,True,False,AA05_constant,AA05,constant,True,-9.75878914346041,-7.046866135372249,True,True
691,3214,0.13487286668358406,0.004034511642550948,0.4355404528071792,0.37231911402228185,0.007682552947960796,0.00656738378393605,17.555735391239157,0.6143255480849837,-0.053882233197240635,0.001497148486739694,0.4508875629329503,0.37459792789610497,0.007953262558008477,0.006607580069106247,6.774859097664811,0.2265804532191164,716.8270511350477,True,False,True,False,False,False,False,False,False,False,AA05_dcr,AA05,dcr,False,0.1138692700302923,-0.08168515002954849,False,False
703,11201,0.10608299520413732,0.01289314206222449,0.48773570293875573,0.3858560994616588,0.004608463467841646,0.003645834675416849,23.019168090274746,3.536403378123651,0.21370690384489388,-0.0024565619071635057,0.45460314191409074,0.38188433451686354,0.004295404169212906,0.003608306699628615,49.75245528153728,0.6808074012711689,941.5147765161167,True,True,True,False,True,False,False,False,False,True,AA05_dcr,AA05,dcr,False,0.002822568166312271,0.05791236278264137,False,False
F51,11792,0.02996160793392052,0.00042938615889705624,0.28619871083601023,0.19527743261731728,0.0026355662524746673,0.0017982841703679004,11.368186212654697,0.23877547607462432,0.14742153437989602,0.0015414130022102645,0.255829470189866,0.18362866497752753,0.0023558999132152914,0.0016910122026337748,62.57546577125073,0.9115327493258135,711.6464864123344,True,False,True,False,True,True,False,False,False,False,AA05_dcr,AA05,dcr,False,0.09271875988934354,0.14045963024696909,False,False
F52,6019,-0.019207758131105306,0.0006255030757620937,0.28636331943827353,0.1930095474537751,0.0036910949428779994,0.002487806629463813,5.203810367481022,0.2514275299189575,0.19377458639313622,0.0006945694760302444,0.2267525161763494,0.1750828687050561,0.0029227383848782185,0.002256739768659882,66.29898433458669,0.30777561758602767,654.8380885051354,True,False,True,False,True,True,False,False,False,False,AA05_dcr,AA05,dcr,False,0.33544158104900273,-0.050022820257171925,False,False
G96,14710,0.0728980840223638,0.006121319929775622,0.3218811914396177,0.19790843180794065,0.002653928778386293,0.0016317663057952385,27.46798806963052,3.751345954402709,0.16546912668639704,-0.005154393396011714,0.295431922941348,0.18286259820586928,0.0024358530513738565,0.0015077125497719099,67.93066872119813,3.418684414871709,768.1307070317077,True,True,True,True,True,False,False,False,False,False,AA05_dcr,AA05,dcr,False,-0.45345785093305535,-0.05239146313723061,False,False
T09,76,0.1877298859894426,0.03531186176699626,0.3044879067019228,0.25820995445679856,0.034927158285366376,0.029618713097195385,5.374897220541897,1.1922145857964357,-0.05119863396356914,-0.07651355614188265,0.32078238049253605,0.29132672562968764,0.03679626261672046,0.03341746727822129,1.391408537787317,2.2896276221312495,490.29880288748876,True,False,False,False,False,True,False,True,False,False,AA05_dcr,AA05,dcr,False,-0.0008067653163729093,0.0011585273303806813,False,False
V00,470,0.06309990192213699,0.029831387756008517,0.4938042213481665,0.37531331914709537,0.022777490242504347,0.017311912485105017,2.7702745671420934,1.7231711274924202,0.31182184884244263,-0.006740835390955247,0.4083192064609175,0.35408233196926314,0.018834360539889298,0.01633260007266445,16.556009331032772,0.4127227361819292,871.7454556161142,False,False,True,False,True,False,True,False,False,False,AA05_dcr,AA05,dcr,False,0.009258373596148995,-0.0026460780237694778,False,False
W68,4780,-0.04959021895562564,-0.006672195111278729,0.38008846569836596,0.4038700122723699,0.005497569675237179,0.005841544094548391,9.020389351133815,1.1421971662433466,0.2681749069139832,0.057875810300697855,0.3229375361884087,0.36126260319168396,0.004670943125525204,0.005225273880528552,57.41343872257691,11.076129524304196,922.4097525475556,True,False,True,True,True,True,False,False,True,False,AA05_dcr,AA05,dcr,False,0.002625934915290203,-0.001006250698286323,False,False
W84,354,0.06450937955726105,0.1758185513823246,0.3495005244918473,0.2544482128233366,0.01857574329710022,0.013523769930486842,3.472775141511098,13.000705593635852,0.11343639095980845,-0.07283210914323855,0.33294700582596687,0.30494257180650786,0.017695933706404383,0.016207514831261365,6.410308313867292,4.493724664237764,646.7304445115977,True,True,True,True,True,False,False,False,False,False,AA05_dcr,AA05,dcr,True,-1.1755477933129013,-4.383330193588406,False,True
691,3214,0.13286935166442365,0.004258783306714241,0.4369270090536525,0.37240280948728616,0.007707010588371004,0.0065688600987932715,17.24006346441359,0.6483291229625363,-0.05186351340621719,0.0020755245926396644,0.452054865876209,0.3744574659223405,0.00797385276176589,0.006605102442645455,6.504197526056588,0.3142304923598402,716.8270511350477,True,False,True,False,False,False,False,False,False,False,AA05_epoch,AA05,epoch,False,0.2929378521300185,-0.01980085686342682,False,False
703,11201,0.10549278282872297,0.01311840671052091,0.48785112903432704,0.38580412149213694,0.004609554093238702,0.0036453435516950656,22.885680630900907,3.5986750012686515,0.21407562804185595,-0.0025189910762792103,0.4544535652161533,0.3817944908056531,0.0042939908653601595,0.003607457794251309,49.85470038346258,0.6982731940186153,941.5147765161167,True,True,True,False,True,False,False,False,False,True,AA05_epoch,AA05,epoch,False,0.06352895707117331,0.0456848603012141,False,False
F51,11792,0.02801294675449303,0.0003767314636772626,0.2855364989326844,0.19530317031659897,0.002629468030231477,0.0017985211854524372,10.653465428148598,0.20946734835513864,0.1486228846587296,0.0014714521730190121,0.2543586260663234,0.18339258258298702,0.0023423551033056452,0.0016888381509406805,63.450193546224384,0.8712807513256468,711.6464864123344,True,False,True,False,True,True,False,False,False,False,AA05_epoch,AA05,epoch,False,0.45477861432617567,0.11134545934881528,False,False
F52,6019,-0.020706668398722202,0.0006726595267785245,0.28645374959244513,0.19280436700814613,0.0036922605470671153,0.0024851619454074746,5.608127632046497,0.27067029898054923,0.19429005761197823,0.0009243181376640257,0.22650838836067635,0.17491929822626173,0.002919591686664166,0.002254631418441473,66.54699645140036,0.409964187540226,654.8380885051354,True,False,True,False,True,True,False,False,False,False,AA05_epoch,AA05,epoch,False,0.4601687348000825,0.021937995880101677,False,False
G96,14710,0.06935031185214798,0.006077234213917697,0.3210309115655449,0.19743691315466536,0.002646918172338168,0.0016278786076110842,26.200398855128583,3.73322321793764,0.16768659982513445,-0.00492706919463929,0.2931965919758368,0.18105160101560247,0.002417422620095609,0.0014927807746677798,69.36586033041357,3.3005979700775656,768.1307070317077,True,True,True,True,True,False,False,False,False,False,AA05_epoch,AA05,epoch,False,0.19311793829337412,0.05461612622992465,False,False
T09,76,0.18724761906233803,0.03548270474994865,0.3045672712697501,0.2581710092110816,0.03493626202565209,0.02961424577113192,5.359692428596131,1.1981633779961847,-0.051194939735780876,-0.07643695715174319,0.32078428666737474,0.29110054259578744,0.03679648126997022,0.033391522304865646,1.3912998734898412,2.2891126811731244,490.29880288748876,True,False,False,False,False,True,False,True,False,False,AA05_epoch,AA05,epoch,False,-0.0007357731754379221,0.0027806039185192207,False,False
V00,470,0.06270500422722662,0.029324245916328144,0.4937361301491693,0.37505867872651383,0.022774349429700996,0.017300166798364415,2.7533170341827793,1.6950267739095155,0.3113849475999704,-0.0069126969655469005,0.4083370547412173,0.35396618857396667,0.018835183819668606,0.01632724277732608,16.532089656316877,0.4233842210729346,871.7454556161142,False,False,True,False,True,False,True,False,False,False,AA05_epoch,AA05,epoch,False,-0.007145975812501705,-0.010088845032231487,False,False
W68,4780,-0.049689393723423986,-0.006604371467986109,0.3800978562898989,0.40386642096491243,0.005497705500014575,0.00584149215015977,9.038205797544494,1.1305966520566963,0.268183606484428,0.05787027208363385,0.32294078749175864,0.3612723734568188,0.004670990152121154,0.005225415196875065,57.41472316370493,11.07477011936617,922.4097525475556,True,False,True,True,True,True,False,False,True,False,AA05_epoch,AA05,epoch,False,0.003942889736890875,-0.0017556904018875626,False,False
W84,354,0.25588588930714534,0.18019339751588712,0.2969090806282508,0.24682679857929696,0.015780539592457957,0.01311869633363321,16.215281347504853,13.735617696547651,0.047035979283891007,-0.14972693997706293,0.3529297430979256,0.31311894242498955,0.018758004209666133,0.016642084026634377,2.5075151257111368,8.996886431857721,646.7304445115977,True,True,False,True,False,False,False,True,False,False,AA05_epoch,AA05,epoch,True,-3.9566068966873527,-7.966141020736204,True,True
691,2442,0.1616481464518447,-0.0011710113450692696,0.4279310658695277,0.375021718016434,0.00865966288703247,0.007588983161900711,18.666794373012706,0.15430411691360005,-0.07610067912782045,-0.0015309787905119947,0.44889185673442134,0.3776354804588856,0.009083827892129132,0.007641875563092539,8.37760028388026,0.20034071189356467,738.7919970128083,True,False,True,False,False,True,False,False,False,False,AA05_mag_dep,AA05,mag_dep,False,-1.7338930359273665,-0.3752745273923307,False,False
703,8474,0.10389303991776964,0.00664596386961812,0.4901346573807613,0.3903477190559729,0.00532440622714617,0.004240405763592725,19.51260581660301,1.5672943204348593,0.20357022084633716,-0.0019448269433736843,0.4597849944012024,0.3880407261993021,0.0049947132904669,0.004215344554500349,40.757138399691335,0.4613684405222262,967.6704973508477,True,False,True,False,True,False,False,False,False,False,AA05_mag_dep,AA05,mag_dep,False,-1.5360591051375354,0.14547704362963407,False,False
F51,9545,0.029185802350233138,-0.00017819776547071037,0.28412000175440155,0.1961308035992278,0.002908130172418322,0.0020075105735801306,10.035933957510236,0.08876554266557019,0.1414650110529106,0.0006834310616618282,0.25582598063055945,0.18584352266117377,0.002618524738020172,0.0019022143892095584,54.02469909826791,0.35928182729488206,726.4650349824591,True,False,True,False,True,True,False,False,False,False,AA05_mag_dep,AA05,mag_dep,False,-1.6041087286685387,-0.20438446501963337,False,False
F52,4698,-0.01850250626970432,0.0011076158097488872,0.2864098071840344,0.1946991744857716,0.004178605568597388,0.0028405837869399306,4.42791404117019,0.38992541421990096,0.18665764182408,0.002255659224524616,0.23164121648064903,0.17824352347020853,0.0033795535377067554,0.0026005023608023686,55.231449876879076,0.8673936461371435,672.5448595537521,True,False,True,False,True,True,False,False,False,False,AA05_mag_dep,AA05,mag_dep,False,-1.2799397697037782,0.40681689239678104,False,False
G96,11538,0.06668614625860042,0.005611303478386375,0.31921300997622115,0.19794711960539074,0.002971770833612346,0.0018428242529485094,22.439868345278782,3.0449477042687705,0.15955695992876587,-0.006568820327190811,0.2932079131753794,0.184619233258275,0.0027296717155226293,0.0017187459018718752,58.45280185944144,3.8218682121870087,778.7725052393674,True,True,True,True,True,True,False,False,False,False,AA05_mag_dep,AA05,mag_dep,False,-2.0475663726143973,-0.6681234105624422,False,False
T09,73,0.1946391280753327,0.037535807393486685,0.3059250815898924,0.2629505868705974,0.03580582250535085,0.030776038343230512,5.435963048921601,1.2196438987652565,-0.05375118213671252,-0.08042988706669657,0.3264607196068583,0.29412157723434496,0.03820933713726101,0.03442432681464305,1.4067551589188758,2.336425850816759,496.62991327266616,True,False,False,False,False,True,False,True,False,False,AA05_mag_dep,AA05,mag_dep,False,-0.048909744468345256,-0.0804973962573992,False,False
V00,387,0.04378274239831573,0.03580806402937234,0.48583450392933597,0.37448083475763727,0.02469635575582465,0.019035930639166684,1.7728422294851962,1.881077668758509,0.28761055655336276,-0.02190566337767528,0.41519454484726426,0.3516770551150225,0.02110552483303477,0.017876749374607183,13.627263895526978,1.2253717339009584,845.0142741946358,False,False,True,False,True,False,True,False,False,False,AA05_mag_dep,AA05,mag_dep,False,-0.8472663581615388,-0.6288385169966586,False,False
W68,3683,-0.034332915154179265,-0.014732078855326822,0.3841154391894237,0.43467484189089467,0.006329376120121615,0.007162483679613626,5.424375878853535,2.056839430888802,0.265854158518967,0.06921271381102945,0.3337335864484097,0.3886072751706513,0.005499194192783877,0.006403391680274782,48.34420265933229,10.808758430978783,996.3090922551378,True,False,True,True,True,True,False,False,True,False,AA05_mag_dep,AA05,mag_dep,False,-0.31924332623487917,1.3708211892995952,False,False
W84,354,0.14160396934356564,0.009603489550091127,0.37807078166138647,0.25487163442171695,0.020094235333371475,0.013546274534533996,7.046994672566467,0.7089395335675954,0.20356388821076218,0.04891757181201466,0.3309691105126906,0.2729513286367699,0.017590809756558027,0.01450719944048997,11.572172687210807,3.371951424027745,646.7304445115977,True,False,True,True,True,True,False,False,True,False,AA05_mag_dep,AA05,mag_dep,True,2.8077950108462146,1.5983275870549865,False,False
691,3214,0.13304017420554795,0.0037955450281827847,0.43663114936812697,0.3722793530450812,0.0077017918820842125,0.006566682435047244,17.27392485312722,0.5780003930029362,-0.051839855757273866,0.0024405425226331485,0.4516090503599073,0.3745842831123077,0.007965988965677753,0.0066073393870448895,6.50764845151443,0.36936842194278036,716.8270511350477,True,False,True,False,False,False,False,False,False,False,AA05_seasonal,AA05,seasonal,False,0.2951839500503587,0.019261234959995356,False,False
703,11201,0.10581382316649281,0.013799750030142718,0.4878008925234893,0.38587968362504077,0.004609079424020204,0.003646057514865982,22.95769142424502,3.7848415648621367,0.21374364979080657,-0.0027357210298957274,0.4545961221200882,0.3819343205157192,0.0042953378413553844,0.003608779001837048,49.76177839444644,0.7580738605780817,941.5147765161167,True,True,True,False,True,False,False,False,False,True,AA05_seasonal,AA05,seasonal,False,0.008871411668050383,0.003211461459269006,False,False
F51,11792,0.030041718281493324,0.0005854412496645649,0.28573199580347414,0.19602017406574052,0.0026312683351790876,0.0018051239785908664,11.417200549197748,0.3243219062003585,0.1474695169343789,0.0010542000523238438,0.2553743535571528,0.18430390075117398,0.0023517088040568507,0.0016972303599842664,62.70738821064257,0.6211296222238308,711.6464864123344,True,False,True,False,True,True,False,False,False,False,AA05_seasonal,AA05,seasonal,False,0.10722285200759729,-0.06267499252599094,False,False
F52,6019,-0.019521703417797097,0.0006182634400367812,0.2863238604082502,0.1930511169859373,0.0036905863336522938,0.0024883424421169235,5.289594024610704,0.24846396925609723,0.1939194660452968,0.0008281895073642526,0.2266816364473461,0.17502962895746121,0.0029218247769140777,0.002256053532156223,66.36930030078919,0.367096567328662,654.8380885051354,True,False,True,False,True,True,False,False,False,False,AA05_seasonal,AA05,seasonal,False,0.37048605046159566,-0.008178164906430708,False,False
G96,14710,0.07032364806908248,0.005991907573319082,0.3209456930312477,0.19780842095162177,0.0026462155406633816,0.001630941710581866,26.57517764084062,3.673894373074417,0.1672821711219878,-0.005132996260330623,0.2933436510252459,0.18180729383034214,0.0024186351303438886,0.0014990115050179673,69.16387222830221,3.4242540788698608,768.1307070317077,True,True,True,True,True,False,False,False,False,False,AA05_seasonal,AA05,seasonal,False,0.07485939643065193,-0.04246735762061085,False,False
T09,76,0.18742007696907503,0.03553397632219726,0.30456940909065394,0.25815819639055715,0.034936507250527854,0.029612776039820137,5.364591131709175,1.199954245235736,-0.05109261830566898,-0.07652328722239875,0.32081407013262303,0.29117261840472247,0.036799897667738786,0.03339978996716622,1.3883902277929467,2.2911307914698034,490.29880288748876,True,False,False,False,False,True,False,True,False,False,AA05_seasonal,AA05,seasonal,False,0.0012304188236965535,0.0009528490642145657,False,False
V00,470,0.06283941754533981,0.029188797604888097,0.4936939096776138,0.3751998834110961,0.022772401944569615,0.017306680084776767,2.7594549621202655,1.6865624985211942,0.31151949331629075,-0.006578549422386065,0.40822356006504557,0.3540882467495848,0.01882994870063293,0.01633287290113622,16.54383122699743,0.4027796862319561,871.7454556161142,False,False,True,False,True,False,True,False,False,False,AA05_seasonal,AA05,seasonal,False,-0.002094535579717914,0.004380401449296046,False,False
W68,4780,-0.04953268897438742,-0.006627908939129404,0.3800952326239674,0.4038555816804927,0.005497667551516884,0.005841335371602394,9.009764324639939,1.134656464230924,0.2681300603203467,0.057866594182176996,0.32296561086972325,0.3612545551606419,0.004671349195507763,0.005225157474440509,57.39884754884005,11.07461248110482,922.4097525475556,True,False,True,True,True,True,False,False,True,False,AA05_seasonal,AA05,seasonal,False,-0.004162935176918451,-0.0022534540626485884,False,False
W84,354,0.07051425304414655,0.05173619657850014,0.3195784246118661,0.2553063448012163,0.01698540163140784,0.013569379130528251,4.151462212925132,3.812716564319776,0.10090478777738383,-0.04069040078434422,0.30083944583002875,0.26945662047047364,0.015989436146070384,0.014321457797069592,6.310715828599279,2.841219194366523,646.7304445115977,True,True,True,False,True,False,False,False,False,True,AA05_seasonal,AA05,seasonal,True,-1.8334381984132175,-3.0424805711896967,False,True
691,3214,0.13630390404682516,0.0037247800841092014,0.4355916169286619,0.37247444951410935,0.007683455438348987,0.006570123766256799,17.739922504986115,0.5669269281104156,-0.05530317828520473,0.0022144762140754097,0.4512679712321727,0.37465798603103845,0.00795997262794982,0.006608639442118807,6.94765935388005,0.33508806668463403,716.8270511350477,True,False,True,False,False,False,False,False,False,False,AA05_step,AA05,step,False,-0.012436026955514165,-0.004928504079745534,False,False
703,11201,0.10602414459942254,0.013778295469844435,0.48783649803931073,0.3858915403931003,0.0046094158495021366,0.0036461695457919935,23.001644473208945,3.778841136377167,0.2136943742575258,-0.002732856143745284,0.4547002568150718,0.3819529693200025,0.004296321777808417,0.00360895520860793,49.738912797759006,0.7572430207022213,941.5147765161167,True,True,True,False,True,False,False,False,False,True,AA05_step,AA05,step,False,0.0007599831418232077,0.0037727015368474223,False,False
F51,11792,0.03043586610937465,0.0006350315151787372,0.28590605926452567,0.1957948551731101,0.0026328712626779442,0.0018030490465699395,11.559952262313708,0.3521986916477952,0.14717113867364084,0.0012126834896020418,0.2555106022563602,0.18444782616927127,0.0023529635003918742,0.0016985557502129734,62.54714050988476,0.7139497714160925,711.6464864123344,True,False,True,False,True,True,False,False,False,False,AA05_step,AA05,step,False,0.017538443034974014,0.003316982943404291,False,False
F52,6019,-0.01706554481298114,0.0003998095509012382,0.28624314964192704,0.1932576611734855,0.0036895460080198224,0.0024910047041958637,4.625377966797657,0.16050132311183377,0.1922592823842818,0.0008869692630496948,0.22765347807474115,0.1754378483691993,0.0029343513802625536,0.002261315297556927,65.52019764145602,0.3922359982298603,654.8380885051354,True,False,True,False,True,True,False,False,False,False,AA05_step,AA05,step,False,-0.030426752397662054,0.010220826602619745,False,False
G96,14710,0.07068936978887046,0.006558149130355363,0.32126169165598095,0.1975853686226145,0.002648820967343826,0.0016291026314098557,26.687107456626656,4.025620610949366,0.16705967426474908,-0.005106843489514377,0.293479232107912,0.1822701783473675,0.002419753004101852,0.0015028280142563876,69.03996977441803,3.398155637949887,768.1307070317077,True,True,True,True,True,False,False,False,False,False,AA05_step,AA05,step,False,0.009823686744490467,-0.030113863184174517,False,False
T09,76,0.18760004392054055,0.03530684505438062,0.3045439873885728,0.25821214121927083,0.03493359118130827,0.029618963936054073,5.370190626748925,1.1920351140778054,-0.05123110947569813,-0.07660427705134654,0.32077296600194427,0.29128233004282955,0.0367951827005864,0.03341237475515146,1.392331977057466,2.2926917829908464,490.29880288748876,True,False,False,False,False,True,False,True,False,False,AA05_step,AA05,step,False,-0.0014308504669479222,-0.0007613776122959726,False,False
V00,470,0.06283983876442176,0.029279249611895913,0.4937571095496273,0.37510453934286675,0.02277531713728341,0.017302282190854664,2.7591202522292146,1.6922189390352114,0.31153280645305126,-0.006681844009347298,0.40825175698324495,0.3540367238949752,0.01883124932748339,0.016330496329071013,16.543395556787765,0.40916355968021,871.7454556161142,False,False,True,False,True,False,True,False,False,False,AA05_step,AA05,step,False,-0.0015945482799978462,-9.192664953270243e-05,False,False
W68,4780,-0.04958668609992824,-0.006702475889528816,0.3800786670515655,0.4038608988243764,0.005497427948380487,0.005841412278353354,9.019979264036778,1.147406752022336,0.2681638434238975,0.05791140730412327,0.322933580577737,0.3612482256917621,0.004670885911883544,0.005225065925500422,57.41177337293599,11.083383086420465,922.4097525475556,True,False,True,True,True,True,False,False,True,False,AA05_step,AA05,step,False,0.0009511067589506228,0.003811016758179509,False,False
W84,354,0.07142254139952436,-0.0025749640661653253,0.3642634437717862,0.2709461753824314,0.01936038360417465,0.014400626747421503,3.68910776045386,0.17880916652647666,0.14701408827741666,0.01219977946490725,0.34307657875184283,0.2677625845419119,0.01823431443316841,0.014231420803303186,8.062496060175231,0.8572425503766721,646.7304445115977,True,False,True,False,True,True,False,False,False,False,AA05_step,AA05,step,True,0.29912918330441424,-0.2975402792229092,False,False
691,3214,0.1359478018134335,0.0036876813663472368,0.43543940430699535,0.37245489483025035,0.007680770540728654,0.006569778838723296,17.699760862864743,0.5613098183170901,-0.05501276962427347,0.0022172274850813444,0.4510746142463443,0.37460741016998855,0.00795656197970369,0.0066077473281305425,6.914138262808102,0.3355496775190162,716.8270511350477,True,False,True,False,False,False,False,False,False,False,AA05_timing,AA05,timing,False,0.01337093948798501,-0.0046344460782381264,False,False
703,11201,0.10597090586382557,0.013791852559114534,0.4877934597725266,0.3858862406150127,0.004609009194260375,0.003646119469831679,22.992122904808202,3.7826112592386414,0.21368182380985654,-0.0027511549998857103,0.454642691140682,0.3819537777907752,0.004295777857595423,0.0036089628475976503,49.74228903201845,0.7623118098090286,941.5147765161167,True,True,True,False,True,False,False,False,False,True,AA05_timing,AA05,timing,False,-0.0013058165710905846,0.00018739794575430919,False,False
F51,11792,0.030086729406846834,0.0005718497906038241,0.2857148205766717,0.19594518560980193,0.0026311101707764354,0.0018044334197717172,11.434994148484591,0.3169137660264406,0.14746650911559045,0.0010926815714847717,0.25540094146553266,0.18417012595608218,0.0023519536486050494,0.0016959984455065745,62.69958134721459,0.6442703850229065,711.6464864123344,True,False,True,False,True,True,False,False,False,False,AA05_timing,AA05,timing,False,0.10631330039958545,-0.04666801773144951,False,False
F52,6019,-0.01730070401605701,0.0005034520693492284,0.28624349517161224,0.19310937552595278,0.003689550461742723,0.0024890933686072727,4.689108929515818,0.20226323194574497,0.19239165914705464,0.000860143362053551,0.22757388400101164,0.17525659259531318,0.002933325448297516,0.002258978991804951,65.58824192478116,0.38076642818456946,654.8380885051354,True,False,True,False,True,True,False,False,False,False,AA05_timing,AA05,timing,False,0.0014777697312823232,0.0018291858602872575,False,False
G96,14710,0.07076086004355672,0.006481279470406734,0.3212507291338103,0.1976738519338441,0.0026487305807234023,0.00162983218135662,26.715008524661283,3.976654495195895,0.1670452911513341,-0.005048468012732918,0.2934542440183265,0.18242676284652423,0.0024195469758782977,0.0015041190623810159,69.03990408811819,3.3564284497140866,768.1307070317077,True,True,True,True,True,False,False,False,False,False,AA05_timing,AA05,timing,False,0.005620867516420802,-0.0026587210638125895,False,False
T09,76,0.18759585948786092,0.03539303171531655,0.30453991364272853,0.2581913171996245,0.03493312389061203,0.029616575257179423,5.3701426782010655,1.1950413377636173,-0.05116813499165496,-0.07657112503728584,0.3207918073448848,0.2912667798113908,0.03679734395084531,0.03341059102127277,1.3905388133449648,2.291821925225221,490.29880288748876,True,False,False,False,False,True,False,True,False,False,AA05_timing,AA05,timing,False,-0.00022068001135296288,-5.9758784312461236e-05,False,False
V00,470,0.06286695492690979,0.02926916492164878,0.49376593109996547,0.375107056189313,0.022775724045057916,0.01730239828432429,2.7602615312048107,1.6916247355238723,0.3115739212244005,-0.006671842808810361,0.4082342086116283,0.35403984816941747,0.018830439881460066,0.01633064044110479,16.5462901124879,0.40854752958843554,871.7454556161142,False,False,True,False,True,False,True,False,False,False,AA05_timing,AA05,timing,False,-5.066907455249197e-05,0.0003411229800293164,False,False
W68,4780,-0.04956348980202793,-0.0066680789640506995,0.3800819097912705,0.4038678859769879,0.00549747485111255,0.005841513339979212,9.015682862468672,1.1414985425804796,0.26816209615184183,0.05787910951969296,0.3229394200178582,0.361256882589843,0.004670970373086205,0.0052251911381934295,57.410361173980576,11.076936324228749,922.4097525475556,True,False,True,True,True,True,False,False,True,False,AA05_timing,AA05,timing,False,0.0006865901199582067,-0.0005597858053146483,False,False
W84,354,0.014914640671947213,0.030193397515855088,0.29740810378820304,0.24682679857946754,0.015807062374167822,0.013118696333642278,0.9435428493229064,2.3015547237285725,0.13553227283978012,0.014623149800907941,0.2697025410482647,0.24318185056065986,0.01433452832831175,0.012924969532152957,9.454951689766721,1.1313875645532847,646.7304445115977,False,False,True,False,True,False,True,False,False,False,AA05_timing,AA05,timing,True,-0.2265598857524782,-0.180179837584288,False,False
691,3214,0.20480385085177133,0.019204401455476264,0.45442490553437037,0.38231254897880923,0.008015658190045252,0.006743659242830138,25.55047208800892,2.8477716272355242,-0.12630190990919216,-0.011949885694240634,0.4790838099275955,0.38648440745063045,0.00845061971295005,0.006817247180287131,14.945875474155148,1.7528901884026047,716.8270511350477,True,False,True,False,False,False,False,False,False,False,AA05_trailing,AA05,trailing,False,-6.129174818134711,-1.4966333530184452,True,False
703,11201,0.15655335720670852,0.013620816206945609,0.49008259854496,0.39008889455690937,0.004630638556929575,0.0036858290441821205,33.80815740248877,3.6954552269442127,0.19112202664123668,0.003102064981519521,0.4837541882536324,0.3827258222950181,0.004570843369779295,0.0036162576567984397,41.81329596740592,0.857810829847189,941.5147765161167,True,True,True,False,True,False,False,False,False,True,AA05_trailing,AA05,trailing,False,-3.597758583756224,1.1458516611765186,True,False
F51,11792,0.0589631634106649,-0.0057451088076001765,0.32233799880160113,0.20981592132831658,0.002968368197921415,0.0019321671990397142,19.863830724218634,2.973401479155371,0.12395612180564798,0.00659362087994068,0.3053660322307494,0.20678231688516668,0.002812075591984781,0.0019042311350708436,44.079939443647376,3.462615834025514,711.6464864123344,True,False,True,True,True,True,False,False,True,False,AA05_trailing,AA05,trailing,False,-6.314805498086275,2.111632720040926,True,False
F52,6019,6.285622749330236e-05,0.0018072231343427775,0.295222560770163,0.20134129849717017,0.0038052865961316963,0.002595199169129575,0.016518132315500103,0.6963716526423354,0.17797058462888077,0.0011511074614439427,0.24448211354510263,0.19038468473240044,0.003151264954955132,0.002453973324501362,56.47591909053383,0.46907904415702784,654.8380885051354,False,False,True,False,True,False,True,False,False,False,AA05_trailing,AA05,trailing,False,-3.348167750362798,0.08898560535472491,True,False
G96,14710,0.11425934497802072,0.004670344585566105,0.3681339075607603,0.21731442493874606,0.00303528506032195,0.0017917698257669005,37.643694976675874,2.6065538767331,0.14416560408908174,-0.003889200309621813,0.3654394485310807,0.2036658548161904,0.0030130690919732963,0.0016792365868097904,47.84676344566194,2.3160526278256635,768.1307070317077,True,False,True,False,True,False,False,False,False,False,AA05_trailing,AA05,trailing,False,-5.91559846722133,0.5117066506987441,True,False
T09,76,0.15163255534850023,0.0020836772373676303,0.2662531079322274,0.2651483510709302,0.030541326075794916,0.0304146017727534,4.964832076125025,0.06850910799148686,-0.009852424795517269,-0.026842549630142338,0.29461671913448323,0.27725486034287794,0.03379485541538732,0.031803313627370725,0.29153623160735015,0.8440173858814816,490.29880288748876,True,False,False,False,False,True,False,True,False,False,AA05_trailing,AA05,trailing,False,0.8267200608558725,1.0780216746035272,False,False
V00,470,0.05773782212253513,0.0245168617536797,0.5197815673847794,0.38045646223544294,0.023975735863531394,0.017549147985422953,2.4081772693516363,1.3970400029701966,0.35710827652489335,0.0066855067132310765,0.4123691423031911,0.347809986293555,0.019021170150139904,0.01604327834099516,18.774253829082475,0.41671699331848505,871.7454556161142,False,False,True,False,True,False,True,False,False,False,AA05_trailing,AA05,trailing,False,1.7011867296811387,0.5838245887330757,False,False
W68,4780,-0.04553884899739929,-0.0030269914916156103,0.3817592857661683,0.4070187856738807,0.005521736285293738,0.005887087705387865,8.247197374978725,0.5141746892687374,0.26681955004055774,0.05934545606341244,0.32266360536347466,0.36694119128832103,0.004666981011617057,0.005307408532157285,57.17176679664864,11.181625779105135,922.4097525475556,True,False,True,True,True,True,False,False,True,False,AA05_trailing,AA05,trailing,False,-0.20263916376004454,0.1963256394186409,False,False
W84,354,-2.028083063396408,0.9341998508901753,2.5511156484728836,1.193192626945402,0.13559026692777704,0.06341747261854962,14.957438386611324,14.730953668073518,3.2209853719951,0.6065710126426207,1.2101185681144304,0.8332944111423488,0.06431707624196285,0.04428909826328354,50.07978534157324,13.695718278948998,646.7304445115977,True,True,True,True,True,False,False,False,False,False,AA05_trailing,AA05,trailing,True,46.7762716738341,12.762609286070955,True,True
691,3214,0.13613875763801092,0.0036924751723982348,0.4354270633588009,0.3724611042268508,0.007680552857187846,0.00656988836705264,17.72512476241934,0.5620301238169652,-0.05516321875072883,0.0022605393808483275,0.4510482309851145,0.3746780269655567,0.007956096602033186,0.006608992946688981,6.933452609993679,0.34203991426270597,716.8270511350477,True,False,True,False,False,False,False,False,False,False,AA06_clean,AA06,clean,False,0.0,0.0,False,False
703,11201,0.10596755937673527,0.01377987932255961,0.48780085619099245,0.385894576413907,0.004609079080725703,0.0036461982322114847,22.99104821608975,3.7792457910885076,0.21368975691234662,-0.002752111452186647,0.45465122624799675,0.381955679819821,0.004295858503178712,0.0036089808192805092,49.74320191277886,0.7625730337728176,941.5147765161167,True,True,True,False,True,False,False,False,False,True,AA06_clean,AA06,clean,False,0.0,0.0,False,False
F51,11792,0.030476261980413838,0.000607134735934697,0.28591548080551216,0.195867801813104,0.0026329580244086235,0.0018037208025748416,11.574913727407019,0.33660128278611745,0.14711277002128678,0.0012047146172535354,0.2555793686082908,0.18449779546101602,0.002353596760674301,0.0016990159108426206,62.50551176792887,0.709066118548626,711.6464864123344,True,False,True,False,True,True,False,False,False,False,AA06_clean,AA06,clean,False,0.0,0.0,False,False
F52,6019,-0.017268718322460776,0.0005062424051965786,0.2862513072000036,0.19311407207456416,0.0036896511552901557,0.0024891539050155755,4.680311930763752,0.2033793106069152,0.19238552867590225,0.000854299610275179,0.22758629096445931,0.17526202823299278,0.0029334853685000334,0.0022590490547403502,65.58257652884559,0.3781677996245948,654.8380885051354,True,False,True,False,True,True,False,False,False,False,AA06_clean,AA06,clean,False,0.0,0.0,False,False
G96,14710,0.07079275686573822,0.006467874351040778,0.3212622380959296,0.1976785627102618,0.002648825472772363,0.0016298710219768112,26.726093354744048,3.9683350791746266,0.16702605703098156,-0.005042812344207323,0.2934811692270232,0.18243848941859217,0.0024197689757593866,0.0015042157486364126,69.02562133170768,3.3524528305056545,768.1307070317077,True,True,True,True,True,False,False,False,False,False,AA06_clean,AA06,clean,False,0.0,0.0,False,False
T09,76,0.18758608737704044,0.03538836868954113,0.30454192625159826,0.2581920965768825,0.03493335475268245,0.02961666465788223,5.369827453019986,1.1948802844051114,-0.05115665091324606,-0.07656830147185381,0.3207942911915789,0.2912626838432762,0.03679762886760137,0.03341012118150731,1.3902159592214147,2.2917696423751615,490.29880288748876,True,False,False,False,False,True,False,True,False,False,AA06_clean,AA06,clean,False,0.0,0.0,False,False
V00,470,0.06287298105620164,0.029277152013130595,0.4937642251563852,0.37510267379067336,0.02277564535574832,0.017302196139348733,2.7605356543863286,1.6921061220978972,0.3115752705535209,-0.006679720987877251,0.4082331893558976,0.35403439636308437,0.01883039286669904,0.016330388968030667,16.546403081399966,0.40903624530645694,871.7454556161142,False,False,True,False,True,False,True,False,False,False,AA06_clean,AA06,clean,False,0.0,0.0,False,False
W68,4780,-0.04955952264205588,-0.006673935827525007,0.38007972697371434,0.40386573148567034,0.005497443279011089,0.005841482177586238,9.015013002730049,1.142507265216505,0.2681575607141653,0.057883246066674506,0.32293874090658153,0.36125505273803776,0.00467096055047411,0.00522516467136083,57.40951091675284,11.077784090505903,922.4097525475556,True,False,True,True,True,True,False,False,True,False,AA06_clean,AA06,clean,True,0.0,0.0,False,False
W84,354,0.0058858451106142025,0.030193397515855088,0.2969090336315719,0.24682679857946754,0.015780537094612655,0.013118696333642278,0.37298129178528283,2.3015547237285725,0.14010232331513953,0.01791081087936441,0.26701919185942036,0.24232661194349936,0.014191909928007698,0.012879514112498755,9.87198509755533,1.3906433676704542,646.7304445115977,False,False,True,False,True,False,True,False,False,False,AA06_clean,AA06,clean,False,0.0,0.0,False,False
691,3214,0.12793135224307778,0.003777146322563014,0.4395555418539443,0.37212294805383184,0.007753375609768072,0.006563923587691381,16.5000844383063,0.5754403249979768,-0.04712337647556553,0.003501220360596655,0.45332494436918025,0.3746108481203502,0.00799625583639978,0.006607807970570334,5.893180188289508,0.5298610940557429,716.8270511350477,True,False,True,False,False,False,False,False,False,False,AA06_constant,AA06,constant,False,0.7127486682474309,0.1327543534982952,False,False
703,11201,0.07497205737475714,0.013531934282152294,0.48406910174107043,0.38192812374583146,0.004573818889704624,0.0036087204504792656,16.39156669353797,3.749787346469342,0.22328618053089092,-0.0010426705616627843,0.4412349719414499,0.3760776322264279,0.0041690924750317875,0.0035534409696587397,53.55750247041197,0.2934256036798379,941.5147765161167,True,True,True,False,True,False,False,False,False,True,AA06_constant,AA06,constant,False,1.6030655043982889,0.3375173766166254,False,False
F51,11792,0.020681843911002282,0.00033966721395833937,0.285351364418694,0.19345413008801507,0.002627763150863516,0.0017814936173977506,7.87051295098874,0.1906642890219811,0.15318028070695663,0.0021095687865745416,0.24997782675959496,0.18243583896196966,0.002302012899184769,0.0016800276248818522,66.54188634703291,1.2556750587496424,711.6464864123344,True,False,True,False,True,True,False,False,False,False,AA06_constant,AA06,constant,False,1.842987249495411,0.3786979423909224,False,False
F52,6019,-0.02195592996730799,0.0015603814294325139,0.28714175652016316,0.1921287867549362,0.0037011286482490214,0.002476454018494828,5.932225559815434,0.6300869783081631,0.19595123287767868,0.0010773184470473814,0.22617848148154926,0.17403248230438842,0.002915339334737406,0.0022432007583593396,67.21386788249424,0.48025948771313903,654.8380885051354,True,False,True,False,True,False,False,False,False,False,AA06_constant,AA06,constant,False,0.8621634650269129,0.07005260096685564,False,False
G96,14710,0.06294538633308867,0.006236851246711014,0.3217487802239859,0.1983746690372121,0.0026528370403627864,0.001635610458337313,23.72757367881166,3.8131642011210376,0.16966047961967543,-0.005370582220567492,0.29071459605456673,0.18315463989624484,0.0023969584221912974,0.001510120450162454,70.78156969638712,3.556393279747812,768.1307070317077,True,True,True,True,True,False,False,False,False,False,AA06_constant,AA06,constant,False,0.7734700492231845,-0.1537770456181234,False,False
T09,76,0.18738932204459693,0.035214832752428336,0.3048342779694281,0.25824411810410597,0.03496688979462958,0.029622631936304746,5.359050322896527,1.1887813624443657,-0.051287744717092056,-0.07722037973419597,0.32077476652034753,0.2912886638441063,0.036795389234211814,0.033413101291985506,1.3938633558306122,2.3110808858894556,490.29880288748876,True,False,False,False,False,True,False,True,False,False,AA06_constant,AA06,constant,False,-0.002519187825667742,-0.013800261155943499,False,False
V00,470,0.060759992635960006,0.029964629895543087,0.493338560706508,0.374854011204978,0.02275601091879031,0.017290726189570078,2.670063433032926,1.7329885145956463,0.31124099882270123,-0.0055631337652590936,0.40790153151090786,0.3535614881493736,0.018815094631079506,0.0163085753387466,16.54209053557356,0.3411170902244273,871.7454556161142,False,False,True,False,True,False,True,False,False,False,AA06_constant,AA06,constant,False,-0.012557456620455794,0.04838059278760946,False,False
W68,4780,0.4504404753885475,-0.006673935827525007,0.3800797228406687,0.40386573148567034,0.005497443219231042,0.005841482177586238,81.93635794414865,1.142507265216505,0.08625000004779254,0.05926081182518565,0.5442024118020359,0.45104577424412146,0.007871300884694725,0.00652389060549968,10.957528026339398,9.083661178381567,922.4097525475556,True,False,True,True,False,True,False,False,True,False,AA06_constant,AA06,constant,True,-19.874347707102995,0.16481137659684172,True,False
W84,354,-0.004953436634340207,0.0352463694764657,0.3008625607057125,0.2462175184070174,0.01599066468785203,0.013086313457834287,0.3097705274317515,2.6933765257903874,0.1441969251321854,0.01862583250551348,0.2660213830749613,0.2458553270108967,0.014138876989454454,0.013067063202320256,10.198612325415613,1.4254031083438994,646.7304445115977,False,False,True,False,True,False,True,False,False,False,AA06_constant,AA06,constant,False,0.20439359110084138,0.038971107959141056,False,False
691,3214,0.1362548119828279,0.003355176533848433,0.4354262547871794,0.3724260855826672,0.007680538594691092,0.006569270668773704,17.74026786051298,0.5107380564781553,-0.05506318148716755,0.002413310092257502,0.4511166016251248,0.37461275143791894,0.007957302600370607,0.006607841543428846,6.919830029412608,0.3652191228249735,716.8270511350477,True,False,True,False,False,False,False,False,False,False,AA06_dcr,AA06,dcr,False,0.00889024731079553,0.01634660790750981,False,False
703,11201,0.10231527649956278,0.011176743567696719,0.48245529634328077,0.3866557834376085,0.004558570542751329,0.003653390641418061,22.444596511127,3.059279629445395,0.21613524196168915,-0.003241513950615351,0.45147496452129926,0.3772132535649653,0.004265846990706706,0.00356417110366455,50.6664309415099,0.9094720360878705,941.5147765161167,True,True,True,False,True,False,False,False,False,True,AA06_dcr,AA06,dcr,False,0.403940182088151,-0.0964856389716257,False,False
F51,11792,0.029771914902342936,-1.4434410864348348e-05,0.28610325690771393,0.19714074430331874,0.0026346872298146804,0.00181544316239523,11.29998072083761,0.007950902106626192,0.14793783733614527,0.0008495519880870817,0.25599336961701014,0.18479664057310863,0.002357409241463903,0.0017017679361394766,62.75441477623074,0.4992172963455416,711.6464864123344,True,False,True,False,True,True,False,False,False,False,AA06_dcr,AA06,dcr,False,0.24767979576487492,-0.14769408029315367,False,False
F52,6019,-0.016784690122673175,0.0008543939288157139,0.2863136568872146,0.19369096888175816,0.0036904548148356804,0.002496589846503379,4.5481359249267825,0.34222438660172505,0.19185617360052473,0.0010123821849515149,0.2280206146389154,0.17596837984989153,0.0029390836061566642,0.0022681536107503272,65.27754882461757,0.4463463938919944,654.8380885051354,True,False,True,False,True,True,False,False,False,False,AA06_dcr,AA06,dcr,False,-0.12747756390509396,0.0493819441077368,False,False
G96,14710,0.07125932020747473,0.006476342147218845,0.32154488633286443,0.19824250521308465,0.002651155923603636,0.0016345207600708667,26.87858513829473,3.9622269141066493,0.16692504070917208,-0.006144929307475081,0.29420342985104947,0.18262557919248334,0.002425724055790703,0.0015057583144907605,68.81452171391368,4.080953263441393,768.1307070317077,True,True,True,True,True,True,False,False,False,False,AA06_dcr,AA06,dcr,False,-0.029482767492447735,-0.5178212567306357,False,False
T09,76,0.1877566120519853,0.03533417949805031,0.304458870906353,0.25819179823467225,0.03492382765119179,0.02961663043568367,5.376175083877955,1.1930519771580037,-0.05135589687656459,-0.07671930420478446,0.3206905738199821,0.29131867666124356,0.036785731669141376,0.03341654399822004,1.3960819738063213,2.2958479550988566,490.29880288748876,True,False,False,False,False,True,False,True,False,False,AA06_dcr,AA06,dcr,False,-0.003829348616789946,-0.003195582351824048,False,False
V00,470,0.06318446074353369,0.029488638171575855,0.4937343144741081,0.3750255420288639,0.02277426567885562,0.01729863831647876,2.7743797158823975,1.7046797344438864,0.3116645405369733,-0.007356165532679965,0.408105624974345,0.3540390187842642,0.01882450876054828,0.01633060218442042,16.556317325536188,0.4504528032467676,871.7454556161142,False,False,True,False,True,False,True,False,False,False,AA06_dcr,AA06,dcr,False,0.0033527326938612005,-0.0292898964690824,False,False
W68,4780,-0.0522508522450153,0.1504752104246099,0.39075121170324506,0.4399598890766527,0.005651794794864196,0.006363545234303376,9.245001657260419,23.64644312001698,0.26956870809050465,-0.0054297720717946425,0.3561742852045615,0.41479797402433194,0.005151676849341166,0.0059996052738829275,52.326400893134256,0.9050215512395717,922.4097525475556,True,True,True,False,True,False,False,False,False,True,AA06_dcr,AA06,dcr,True,0.20292698043491397,-7.957916231197163,False,True
W84,354,0.00575719425243334,0.02991083176128079,0.29680434202703077,0.2468328322724396,0.01577497279861011,0.01311901702080561,0.36495747573907644,2.2799598257891454,0.13984581685666084,0.018242274963716044,0.2669539359272228,0.24236194925917992,0.014188441614342424,0.012881392269636988,9.85631971838946,1.416172614098191,646.7304445115977,False,False,True,False,True,False,True,False,False,False,AA06_dcr,AA06,dcr,False,-0.01278190332373759,0.018196603618298387,False,False
691,3214,0.1311899862141953,0.004108269600852311,0.4372638689772535,0.37209622413629867,0.007712952503025385,0.0065634522011414,17.00904889051714,0.625931213476023,-0.05031371058276338,0.002250861042580247,0.4517884052220894,0.3744839849187839,0.007969152628699884,0.006605570214566501,6.313558407899603,0.3407519668198641,716.8270511350477,True,False,True,False,False,False,False,False,False,False,AA06_epoch,AA06,epoch,False,0.4306518421041027,-0.0010357691445272083,False,False
703,11201,0.08567072746454132,0.014245042644745588,0.49148828984965026,0.38963870159729486,0.00464392049832877,0.00368157531045838,18.447931547357896,3.8692791654374683,0.22063985008145345,-0.0018271554625567958,0.44948710777574596,0.38753367781528414,0.00424706434851753,0.003661685593261375,51.951143654903525,0.49899299544431736,941.5147765161167,True,True,True,False,True,False,False,False,False,True,AA06_epoch,AA06,epoch,False,1.1505143930432395,0.17990798422149135,False,False
F51,11792,0.024614812719307766,-0.00046530511135043593,0.2858188813627992,0.194663054747899,0.0026320684528571706,0.0017926264454460228,9.351889268908574,0.2595661313222809,0.1513233450123934,0.00222866881689531,0.2524358865867773,0.18310475156414405,0.002324648848550724,0.0016861875529786492,65.09514118948942,1.3217205956468887,711.6464864123344,True,False,True,False,True,True,False,False,False,False,AA06_epoch,AA06,epoch,False,1.2728143755354855,0.42776735113574565,False,False
F52,6019,-0.018721122248743085,0.0008161175325760304,0.2865349338607519,0.19264545414052542,0.003693306975928103,0.0024831136297112336,5.068932090065054,0.32866701016454825,0.1935763353721134,0.0014905599203271476,0.22682261308526774,0.1750342822372356,0.002923641902642042,0.002256113510848594,66.21068578788052,0.6606759425710376,654.8380885051354,True,False,True,False,True,True,False,False,False,False,AA06_epoch,AA06,epoch,False,0.28752194100738965,0.19928579678599123,False,False
G96,14710,0.06826860036599357,0.007041598455170425,0.3214820788868816,0.19776491542101063,0.0026506380726299726,0.001630583005001116,25.7555345148488,4.3184544629579324,0.1681349202779162,-0.005635748818012758,0.2926763196748209,0.182235368956232,0.002413132945305703,0.001502541008841503,69.67495123092621,3.750811981070694,768.1307070317077,True,True,True,True,True,False,False,False,False,False,AA06_epoch,AA06,epoch,False,0.32447750646354745,-0.27888477201278433,False,False
T09,76,0.1876472131140268,0.0349689381213135,0.3046424787969894,0.25829269603304744,0.034944888920679186,0.029628204206913755,5.36980425205998,1.1802584414870976,-0.05160880558305912,-0.07713040723771303,0.32064166782687864,0.2913825127143565,0.03678012176699212,0.033423866495706195,1.4031711452726843,2.307644666053869,490.29880288748876,True,False,False,False,False,True,False,True,False,False,AA06_epoch,AA06,epoch,False,-0.008690714825116115,-0.011894211439149472,False,False
V00,470,0.06265203913206085,0.030129068023352815,0.49381010180466645,0.37442352839933796,0.022777761487736282,0.01727086949843394,2.750579294887831,1.7445020950499803,0.3115812416739501,-0.0066230415794724905,0.4080721826814395,0.3535929928956058,0.018822966182604612,0.01631002854432661,16.553248762774718,0.4060717344223346,871.7454556161142,False,False,True,False,True,False,True,False,False,False,AA06_epoch,AA06,epoch,False,0.0002242678885101818,0.00245575205796357,False,False
W68,4780,0.20044055074004852,0.14332606417239738,0.38007990829306376,0.4038657314857835,0.005497445901599898,0.0058414821775878735,36.46066815895635,24.535907123417964,0.17679052899721948,0.003999786243211579,0.4088338812813537,0.4121615833950145,0.005913341105503454,0.005961472727163352,29.896893455492243,0.67093928401058,922.4097525475556,True,True,True,False,False,False,False,False,False,True,AA06_epoch,AA06,epoch,True,-12.124696676356782,-6.797233547325905,True,True
W84,354,0.0033609528717472394,0.02993242570204737,0.2974993684364645,0.24666551584810792,0.01581191303549564,0.013110124253184465,0.21255826946444414,2.2831534716215023,0.1407933180046063,0.018986028031700766,0.2669133031229038,0.24243855267298148,0.014186282005158524,0.012885463695144943,9.924610123597567,1.473445463887685,646.7304445115977,False,False,True,False,True,False,True,False,False,False,AA06_epoch,AA06,epoch,False,0.03443538772505611,0.059017579993339765,False,False
691,3214,0.13406720504781341,0.0041659338457802255,0.43632817827756937,0.3724849797375567,0.0076964477368276505,0.006570309510195545,17.419361455064426,0.6340544291430555,-0.052960242268939015,0.002080366032112406,0.45156900556418844,0.37469955037526237,0.007965282610478328,0.006609372600825856,6.648884271760782,0.3147599867274028,716.8270511350477,True,False,True,False,False,False,False,False,False,False,AA06_mag_dep,AA06,mag_dep,False,0.1956789457751347,-0.019276482583228602,False,False
703,11201,0.10784833545393266,0.013675707179456487,0.4872859786317191,0.3866089886278247,0.00460421416227084,0.003652948491765957,23.423831223511307,3.743744870830411,0.21386900328052214,-0.0026869100355076526,0.45491576337734724,0.38212875786484013,0.004298358032512229,0.0036106161800768385,49.75597697140266,0.7441693886860252,941.5147765161167,True,True,True,False,True,False,False,False,False,True,AA06_mag_dep,AA06,mag_dep,False,0.029495723444493485,0.012772004503294333,False,False
F51,11792,0.028811150583234506,0.0006265738884485092,0.2860910396014305,0.19565219231619094,0.0026345747222494206,0.0018017352831009167,10.935787981232629,0.3477613467002379,0.14894620953298807,0.001264966229679062,0.25489947917327227,0.183741137028129,0.0023473357483688485,0.0016920479429417795,63.45330429892273,0.7475947918353915,711.6464864123344,True,False,True,False,True,True,False,False,False,False,AA06_mag_dep,AA06,mag_dep,False,0.5515656135343281,0.025127355672730466,False,False
F52,6019,-0.017321194160983648,0.0005449765882734724,0.2862220017768707,0.19306358981599442,0.003689273421510086,0.002488503211310539,4.695015029244911,0.218997743622146,0.19241417409650619,0.0008141544152861636,0.22752492693157955,0.17521225093777157,0.0029326944135974246,0.0022584074476971663,65.61003192299161,0.3604993492721314,654.8380885051354,True,False,True,False,True,True,False,False,False,False,AA06_mag_dep,AA06,mag_dep,False,0.006905813230163122,-0.012567664705641548,False,False
G96,14710,0.07090768522800894,0.006833455510538502,0.32133896883196167,0.19772878449329917,0.002649458122066444,0.0016302851034418035,26.76308964366816,4.191570846174046,0.16700562257478335,-0.0052859278745819045,0.29349539451364104,0.18267479947183415,0.0024198862640587336,0.0015061641385007473,69.01383137514678,3.509529764693227,768.1307070317077,True,True,True,True,True,False,False,False,False,False,AA06_mag_dep,AA06,mag_dep,False,-0.005971228043057571,-0.1142105718072437,False,False
T09,76,0.18769873505918447,0.03535960723601881,0.3044874308454917,0.2581923078672806,0.034927103700890194,0.029616688894553093,5.374013736340828,1.193908183386493,-0.05128335944995123,-0.07665021879836938,0.3207324785378576,0.29129955418833253,0.036790538469943394,0.03341435050014189,1.393927938615195,2.2939311299210767,490.29880288748876,True,False,False,False,False,True,False,True,False,False,AA06_mag_dep,AA06,mag_dep,False,-0.002435078039423886,-0.0017336252873279118,False,False
V00,470,0.0630171779019758,0.029800386749979025,0.49394112043925514,0.37465281777576026,0.02278380492669835,0.017281445828704892,2.765875941473299,1.724415135478993,0.3116398432371051,-0.006173958620888611,0.4082192009991229,0.35384257562452187,0.018829747631915354,0.016321540937147112,16.550399364295952,0.37827057167359435,871.7454556161142,False,False,True,False,True,False,True,False,False,False,AA06_mag_dep,AA06,mag_dep,False,0.002424833355932978,0.021905473108316535,False,False
W68,4780,-0.053107850185540456,-0.008093266371509311,0.38392212665998343,0.40505468346638224,0.005553019445882034,0.005858679085528354,9.56377889598852,1.3814148638898243,0.2710750350014774,0.056885838879652956,0.3272959591385934,0.36124184878575827,0.0047339830123020055,0.005224973690433504,57.26151409860279,10.887296711906174,922.4097525475556,True,False,True,True,True,True,False,False,True,False,AA06_mag_dep,AA06,mag_dep,True,0.43868833944404584,-0.13497876506742454,False,False
W84,354,0.005745290567048126,0.030048446546118383,0.2968714511972281,0.24678375854020496,0.015778539610763767,0.013116408781364634,0.36412055290141154,2.2909050066211902,0.13995838751238104,0.018037070131516997,0.2670071584144122,0.24230255746887353,0.014191270357621426,0.012878235631596771,9.862287447523425,1.400585503130803,646.7304445115977,False,False,True,False,True,False,True,False,False,False,AA06_mag_dep,AA06,mag_dep,False,-0.00717171093133246,0.006932187334813887,False,False
691,3214,0.1371983627253027,0.005063524439475931,0.4376370983234898,0.3728418099705699,0.007719535942510081,0.006576603683654953,17.772876989894723,0.7699299947266813,-0.05503516565234418,0.0013639164081541985,0.45373603447320787,0.37481205906138026,0.008003507106563595,0.006611357155722273,6.876381181346163,0.20629900579092136,716.8270511350477,True,False,True,False,False,False,False,False,False,False,AA06_seasonal,AA06,seasonal,False,0.011347000382347483,-0.09591397642427942,False,False
703,11201,0.10871414554262501,0.016156759180780106,0.48671980138276955,0.38682296167867763,0.0045988645289502,0.0036549702567956993,23.63934507273725,4.420489920742798,0.21147129286667013,-0.0019006114394676049,0.45559275076686623,0.3824984981878576,0.004304754676501976,0.0036141097417762323,49.12505096306922,0.5258864769650045,941.5147765161167,True,True,True,False,True,False,False,False,False,True,AA06_seasonal,AA06,seasonal,False,-0.36478564924727047,0.16671569497672392,False,False
F51,11792,0.02985618466795717,0.0008263284052791523,0.2863313411193386,0.19477593398044538,0.002636787627294195,0.0017936659354389562,11.3229386996915,0.46069247843352085,0.14755319869047037,0.0020591910168047253,0.255466362389033,0.18368165954783397,0.0023525561012774586,0.0016915002226554445,62.72037406901697,1.2173755517288978,711.6464864123344,True,False,True,False,True,True,False,False,False,False,AA06_seasonal,AA06,seasonal,False,0.13235018076547356,0.3564086105288042,False,False
F52,6019,-0.01637071688625498,0.0017176904739705943,0.28638385096626373,0.19289404152785516,0.0036913595850789726,0.002486317809806771,4.434874606209556,0.6908571652407091,0.19251374794820594,0.0004044001506267674,0.22744743891162036,0.1751987858829592,0.002931695627722313,0.002258233889170812,65.66634889644848,0.17907806297923232,654.8380885051354,True,False,True,False,True,False,False,False,False,False,AA06_seasonal,AA06,seasonal,False,0.030916253995244166,-0.14084880559391266,False,False
G96,14710,0.07160915727458206,0.006161655937960182,0.32152955376176706,0.1988217477090028,0.002651029505680613,0.0016392966474804605,27.01182960096759,3.7587192942963825,0.16644209962075787,-0.005402290731506619,0.29470273924617735,0.1830130671257087,0.0024298408902261727,0.0015089531745963317,68.49917634123987,3.5801579680905706,768.1307070317077,True,True,True,True,True,False,False,False,False,False,AA06_seasonal,AA06,seasonal,False,-0.17028972044381424,-0.16871891198618177,False,False
T09,76,0.18753664239858417,0.035733646653820415,0.3043191610371337,0.2580828245321655,0.03490780183010384,0.029604130294717083,5.3723417851208275,1.2070493643313398,-0.05131913714696261,-0.07642572786516863,0.32065341441281353,0.2911075204800499,0.03678146919280849,0.033392322723085115,1.395244351930252,2.2887215273687214,490.29880288748876,True,False,False,False,False,True,False,True,False,False,AA06_seasonal,AA06,seasonal,False,-0.00312303678539681,0.0030182955782582007,False,False
V00,470,0.06304842550220331,0.029527952072046136,0.49391593921917815,0.3746572232322818,0.02278264340362949,0.01728164903726123,2.7673885064697585,1.7086304674039188,0.31145382404377353,-0.006311874618503675,0.4083953641807532,0.3537531843663247,0.018837873433553334,0.01631741762587652,16.533385530079173,0.386818230875832,871.7454556161142,False,False,True,False,True,False,True,False,False,False,AA06_seasonal,AA06,seasonal,False,-0.004559575331442446,0.015934095966968792,False,False
W68,4780,-0.056792225565594136,-0.00908484648699218,0.43557407524494435,0.42135974502604473,0.0063001091679704135,0.006094514213591439,9.014482773461179,1.4906596602452693,0.280819075996718,0.020495445973906627,0.38248587794695377,0.38077019387791766,0.005532245657452694,0.005507430138010687,50.76041329047205,3.7214173326417703,922.4097525475556,True,False,True,True,True,True,False,False,True,False,AA06_seasonal,AA06,seasonal,True,1.7487277546814934,-4.924816252186492,False,True
W84,354,0.005440566274263519,0.030344146340718865,0.2980116956176863,0.24650237106134623,0.015839142917958165,0.013101453205598624,0.3434886788031373,2.316090121037256,0.13965139662980103,0.017983558948007763,0.2679512523657119,0.24258501643863886,0.014241448385002605,0.012893248156461944,9.805982710077805,1.3948043758852664,646.7304445115977,False,False,True,False,True,False,True,False,False,False,AA06_seasonal,AA06,seasonal,False,-0.022428081099248313,0.003991861238253857,False,False
691,3214,0.13289096026603647,0.0027933927203861214,0.436878170365275,0.37229377479459347,0.007706149116590482,0.006566936822104786,17.244794806778007,0.4253722543794481,-0.05214582924872665,0.003751783838363125,0.4511422677062078,0.37533323849280703,0.007957755327610101,0.006620550305409098,6.5528314332312165,0.5666876113452164,716.8270511350477,True,False,True,False,False,True,False,False,False,False,AA06_step,AA06,step,False,0.2681458362425058,0.15941119747626206,False,False
703,11201,0.0826308131659147,0.013555263179201556,0.48530281675112963,0.38373760031994386,0.004585475880405384,0.0036258176337231164,18.020117283576166,3.73853970291455,0.22071459872652613,-0.0013531719626409609,0.44446537721305096,0.37881858612357805,0.0041996155730760695,0.003579339393386889,52.55590538846881,0.37805075571795527,941.5147765161167,True,True,True,False,True,False,False,False,False,True,AA06_step,AA06,step,False,1.1693272245614301,0.27522179322686197,False,False
F51,11792,0.02603307900998618,0.00016791435897039244,0.28546846126398473,0.19433582533760116,0.0026288414802969995,0.001789613032883545,9.902871361815636,0.09382718827200175,0.14965523634560876,0.0026075533536952245,0.2527252071971629,0.18337295079559154,0.0023273131639651797,0.0016886573643949128,64.30386707847791,1.5441577484426952,711.6464864123344,True,False,True,False,True,True,False,False,False,False,AA06_step,AA06,step,False,0.7681270809370271,0.5856244482111298,False,False
F52,6019,-0.018386274380675395,0.001119637043106776,0.28651293282737034,0.19240129517909504,0.003693023392460737,0.0024799665300423174,4.978650939014021,0.45147264269234744,0.19371634365339455,0.0011341934886702739,0.22650733763884923,0.17495189646745565,0.0029195781433303688,0.0022550515951716968,66.35079937693392,0.5029567798354156,654.8380885051354,True,False,True,False,True,True,False,False,False,False,AA06_step,AA06,step,False,0.3215497787909147,0.08768735886625224,False,False
G96,14710,0.06679892666365207,0.005911355079304843,0.3209326700137553,0.19858697051396412,0.002646108165141532,0.001637360896119422,25.244216220495737,3.6102945253638783,0.16922729264948197,-0.004074631820123664,0.29073986439798294,0.18370033737754626,0.002397166761123667,0.0015146197570136603,70.59471013612628,2.690201155277096,768.1307070317077,True,True,True,False,True,False,False,False,False,True,AA06_step,AA06,step,False,0.646257946223428,0.45355432388494776,False,False
T09,76,0.18721826736579802,0.03572305649932189,0.3047112083215825,0.2581227982432024,0.03495277273784073,0.02960871559384361,5.356320906784912,1.206504766682605,-0.050871274022312875,-0.07662814175640394,0.3209026001857542,0.2910952407467694,0.036810052761293136,0.03339091414107397,1.381994053423513,2.294880021333231,490.29880288748876,True,False,False,False,False,True,False,True,False,False,AA06_step,AA06,step,False,0.00548290415980726,-0.0012668507019431999,False,False
V00,470,0.06103635963419755,0.02915163667535328,0.4934191197835683,0.3754306663519617,0.022759726831924218,0.017317325308038225,2.681770307918816,1.6833798613127566,0.3112851399187675,-0.005255498075877824,0.40798588216425213,0.354133335701918,0.018818985436585892,0.016334952699419456,16.541016037644603,0.32173329011626733,871.7454556161142,False,False,True,False,True,False,True,False,False,False,AA06_step,AA06,step,False,-0.010898099203369033,0.06166031749613104,False,False
W68,4780,0.25269977874431016,-0.15780364294054408,0.40782865848563365,0.410050380380593,0.005898801642043405,0.005930936452801467,42.83917210289044,26.60686793668238,0.15116710624686586,0.10589556880142696,0.4499899596927626,0.4320645927641064,0.006508619386864935,0.006249348289376055,23.22567925110764,16.94505793211275,922.4097525475556,True,True,True,True,False,False,False,False,False,False,AA06_step,AA06,step,True,-14.603285495375271,5.894002655169541,True,True
W84,354,0.002805722182500479,0.031151203848805896,0.298170224831034,0.2459349543421154,0.015847568650584804,0.013071295347225623,0.17704433054448027,2.3831764963843254,0.1420387162129782,0.01728507248859443,0.2672434591027873,0.2417016532945837,0.014203829597509737,0.012846297935068297,10.000029586237849,1.3455294728459477,646.7304445115977,False,False,True,False,True,False,True,False,False,False,AA06_step,AA06,step,False,0.09643956814285741,-0.034398408083621115,False,False
691,3214,0.13528401148219715,0.0035721774108026325,0.4356658490235354,0.3726295384242136,0.007684764827627591,0.006572859399091448,17.604183669464543,0.5434738815950341,-0.054356475308613476,0.002487885687132845,0.4513000598837475,0.37462547659261425,0.007960538643719796,0.006608066004036552,6.8282408692904495,0.37649225743403814,716.8270511350477,True,False,True,False,False,False,False,False,False,False,AA06_timing,AA06,timing,False,0.07168019214794905,0.02432585268106473,False,False
703,11201,0.10484093828791448,0.013404559935276405,0.48792717657799267,0.3856487517742879,0.004610272642905438,0.0036438755113929063,22.740724119483463,3.6786547436557138,0.2140930175735678,-0.00246669184363333,0.45419048963863395,0.3818687052266076,0.0042915051457768395,0.003608159023309783,49.88762923522328,0.6836427739735874,941.5147765161167,True,True,True,False,True,False,False,False,False,True,AA06_timing,AA06,timing,False,0.06641114156816792,0.05592856554954507,False,False
F51,11792,0.028847540422292248,0.0006367547634984898,0.28571581261899914,0.1955809009640688,0.0026311193063636353,0.001801078770424121,10.963980368553214,0.35354076343287627,0.14791312666405151,0.001650348883893202,0.2548492170226797,0.1839882374902594,0.002346872890840624,0.0016943234585688745,63.025623262907374,0.9740459388357782,711.6464864123344,True,False,True,False,True,True,False,False,False,False,AA06_timing,AA06,timing,False,0.2408002061086332,0.18572307469455587,False,False
F52,6019,-0.017935265319677002,0.00015362250380490653,0.2861640292073547,0.19318110458251841,0.003688526181051406,0.0024900179240233303,4.862447611681204,0.06169534055268397,0.19264934792407876,0.0008981886372721941,0.22746878612645177,0.17512209356979555,0.0029319707837613734,0.0022572453595999468,65.70643506785983,0.397913604496846,654.8380885051354,True,False,True,False,True,True,False,False,False,False,AA06_timing,AA06,timing,False,0.06360916127618489,0.013743225435322451,False,False
G96,14710,0.06959496066494816,0.005740848693568494,0.3212055245892008,0.19742777913897971,0.002648357866675351,0.0016278032971308975,26.27853340391458,3.5267459549240927,0.167631173852725,-0.004893889546758012,0.29288310346355706,0.1819914269626369,0.0024148378894354805,0.001500529693193753,69.41715408147432,3.261441322325168,768.1307070317077,True,True,True,True,True,False,False,False,False,False,AA06_timing,AA06,timing,False,0.17700797497322016,0.0700919547109867,False,False
T09,76,0.18757755795819106,0.03539036295423992,0.30454800450491193,0.2581918177249617,0.034934051976154755,0.0296166326713732,5.3694761227878045,1.194948910868165,-0.05115539109801647,-0.07657778912324979,0.32079512602622867,0.2912602483511572,0.03679772462970329,0.0334098418114014,1.39017810510826,2.2920727836884565,490.29880288748876,True,False,False,False,False,True,False,True,False,False,AA06_timing,AA06,timing,False,2.4208699314586842e-05,-0.00020080174663627753,False,False
V00,470,0.06284211776187522,0.029330022485400058,0.4938133397731916,0.3750949359576458,0.022777910844087035,0.017301839219726212,2.758906125852562,1.6951968003471125,0.31167331493811135,-0.006634064436413386,0.40819158013000384,0.3540559475351902,0.018828473576227592,0.016331383049472528,16.553296988005606,0.4062157146346312,871.7454556161142,False,False,True,False,True,False,True,False,False,False,AA06_timing,AA06,timing,False,0.003681887197331822,0.0019768711332280343,False,False
W68,4780,-0.026197710777613396,-0.006673935827525007,0.5037932206556751,0.40386573148567034,0.007286825521994838,0.005841482177586238,3.5952158726097125,1.142507265216505,0.27391022638371787,0.05974418247326897,0.4374518540956275,0.3842777672253586,0.006327269213585978,0.005558163403049738,43.29043338247328,10.74890717327375,922.4097525475556,True,False,True,True,True,True,False,False,True,False,AA06_timing,AA06,timing,True,0.7314615976503267,0.24394208553289967,False,False
W84,354,0.007882589040993024,0.03052413587911563,0.2967643145301783,0.2467330099393949,0.01577284536115508,0.013113711523663217,0.4997569468604595,2.327650400425229,0.13957186765514412,0.015541677005286253,0.26716677082481927,0.24246052762101816,0.014199753661522225,0.012886631650455711,9.829175278818317,1.2060309805422778,646.7304445115977,False,False,True,False,True,False,True,False,False,False,AA06_timing,AA06,timing,False,-0.02642245874775911,-0.1300334616900786,False,False
691,3214,0.31417623996705296,-0.04834667753416485,1.0386505393159247,0.7886431973670012,0.018320887787328623,0.013910976768680104,17.14852705906252,3.4754337052028634,-0.267196164308326,-0.011424432286078558,1.1640323741387275,0.6126260345916945,0.02053251377644221,0.010806187847110526,13.013319616757839,1.0572120758694146,716.8270511350477,True,True,True,False,False,False,False,False,False,True,AA06_trailing,AA06,trailing,False,-9.629075702326205,-1.0803654343594513,True,False
703,11201,0.18923836341543318,-0.18912534210111612,2.0846375142879157,2.0061108074336675,0.019697093672665606,0.018955119161455473,9.607425672044517,9.977533799191061,0.04034597126693422,0.01940056970023033,2.2363156707014404,1.854362058520617,0.021130253555138003,0.017521292272337452,1.9093936171496508,1.1072567821301558,941.5147765161167,True,True,False,False,False,False,False,True,False,True,AA06_trailing,AA06,trailing,False,-8.039126820024629,1.2383330030467095,True,False
F51,11792,-0.005302095546453451,-0.03491968529362681,1.4476032770967755,0.8519446157535407,0.013330788014185392,0.007845445815247234,0.3977330928082759,4.450949775953093,0.0933610412282131,-0.05166636449884592,1.1898648025330731,1.181283346852103,0.010957308330995551,0.010878282835304792,8.5204357135883,4.749496338812404,711.6464864123344,False,True,True,True,True,True,True,False,False,False,AA06_trailing,AA06,trailing,False,-4.796165034843132,-4.802025039331227,True,True
F52,6019,-0.15113259644822066,-0.023910119475796278,1.434452922349982,0.5971009646301064,0.01848945576503514,0.007696364028944113,8.173988373093328,3.1066773070863407,0.21370297653681536,-0.04415761973801196,1.2647309990752695,0.8890613724912892,0.016301816182131595,0.011459602934998564,13.109151406765031,3.85332894939588,654.8380885051354,True,True,True,True,True,True,False,False,False,False,AA06_trailing,AA06,trailing,False,1.2870017222583832,-3.8537121671347174,False,True
G96,14710,0.033098447747207535,-0.07175273615711951,1.3944591417050785,0.9558648885804195,0.011497395141055319,0.007881160513625307,2.8787779615417746,9.104336351616,0.12593853107211705,-0.0009527456490635339,1.360639123173924,0.998617567841693,0.011218547159711788,0.008233658792065092,11.225921617051213,0.1157135209418333,768.1307070317077,False,True,True,False,True,False,True,False,False,True,AA06_trailing,AA06,trailing,False,-3.58013029234307,0.4886617375982133,True,False
T09,76,0.16507693366861773,0.0047985683983929285,0.2749701343564545,0.26240915072162263,0.03154123758293649,0.03010039394357595,5.2336860034281845,0.15941879057755798,-0.019867476294131572,-0.02054050490567293,0.2915584023939636,0.2937182046004628,0.03344404242566985,0.03369178872977949,0.5940512824754213,0.6096590795583849,490.29880288748876,True,False,False,False,False,True,False,True,False,False,AA06_trailing,AA06,trailing,False,0.629245120181612,1.1808094855765559,False,False
V00,470,0.07918277087021326,-0.036268692998148326,0.6025865644993561,0.6529291834127031,0.027795245564478332,0.03011737741655172,2.848788318366468,1.2042447287663236,0.3579183276616837,0.06362882809517774,0.4556187441325109,0.6760208675324856,0.02101612552125844,0.03118251737887394,17.03065235785914,2.040528906697125,871.7454556161142,False,False,True,False,True,True,True,False,False,False,AA06_trailing,AA06,trailing,False,1.6423166466593833,1.9974092217705344,False,False
W68,4780,-0.7243922118699179,-0.13074114548597882,118.29684138679546,3.418451998133328,1.7110362101871728,0.049444220851747156,0.42336462989913903,2.64421489981592,2.505684763968622,0.5052668970974297,109.74926821601663,44.21462942233488,1.5874047840816616,0.6395169226392097,1.5784787781260214,0.7900758826087881,922.4097525475556,False,False,False,False,True,False,False,False,False,False,AA06_trailing,AA06,trailing,True,1.4095443953967781,0.6995416430403798,False,False
W84,354,0.34593461364345574,-0.18222093024310795,1.6059390112843064,0.6678688647379046,0.08535469544084212,0.03549682967009814,4.052906660339701,5.133442392930303,-0.3901858127507078,-0.10432959315733474,1.4397854051092578,0.9704758926555723,0.07652373090743357,0.051580211744187573,5.098886425476216,2.0226670195686305,646.7304445115977,True,True,True,False,True,False,False,False,False,True,AA06_trailing,AA06,trailing,False,-6.813537754585734,-2.2993122584056755,True,False
691,3214,0.13613875763801092,0.0036924751723982348,0.4354270633588009,0.3724611042268508,0.007680552857187846,0.00656988836705264,17.72512476241934,0.5620301238169652,-0.05516321875072883,0.0022605393808483275,0.4510482309851145,0.3746780269655567,0.007956096602033186,0.006608992946688981,6.933452609993679,0.34203991426270597,716.8270511350477,True,False,True,False,False,False,False,False,False,False,AA07_clean,AA07,clean,False,0.0,0.0,False,False
703,11201,0.10596755937673527,0.01377987932255961,0.48780085619099245,0.385894576413907,0.004609079080725703,0.0036461982322114847,22.99104821608975,3.7792457910885076,0.21368975691234662,-0.002752111452186647,0.45465122624799675,0.381955679819821,0.004295858503178712,0.0036089808192805092,49.74320191277886,0.7625730337728176,941.5147765161167,True,True,True,False,True,False,False,False,False,True,AA07_clean,AA07,clean,False,0.0,0.0,False,False
F51,11792,0.030476261980413838,0.000607134735934697,0.28591548080551216,0.195867801813104,0.0026329580244086235,0.0018037208025748416,11.574913727407019,0.33660128278611745,0.14711277002128678,0.0012047146172535354,0.2555793686082908,0.18449779546101602,0.002353596760674301,0.0016990159108426206,62.50551176792887,0.709066118548626,711.6464864123344,True,False,True,False,True,True,False,False,False,False,AA07_clean,AA07,clean,False,0.0,0.0,False,False
F52,6019,-0.017268718322460776,0.0005062424051965786,0.2862513072000036,0.19311407207456416,0.0036896511552901557,0.0024891539050155755,4.680311930763752,0.2033793106069152,0.19238552867590225,0.000854299610275179,0.22758629096445931,0.17526202823299278,0.0029334853685000334,0.0022590490547403502,65.58257652884559,0.3781677996245948,654.8380885051354,True,False,True,False,True,True,False,False,False,False,AA07_clean,AA07,clean,False,0.0,0.0,False,False
G96,14710,0.07079275686573822,0.006467874351040778,0.3212622380959296,0.1976785627102618,0.002648825472772363,0.0016298710219768112,26.726093354744048,3.9683350791746266,0.16702605703098156,-0.005042812344207323,0.2934811692270232,0.18243848941859217,0.0024197689757593866,0.0015042157486364126,69.02562133170768,3.3524528305056545,768.1307070317077,True,True,True,True,True,False,False,False,False,False,AA07_clean,AA07,clean,False,0.0,0.0,False,False
T09,76,0.18758608737704044,0.03538836868954113,0.30454192625159826,0.2581920965768825,0.03493335475268245,0.02961666465788223,5.369827453019986,1.1948802844051114,-0.05115665091324606,-0.07656830147185381,0.3207942911915789,0.2912626838432762,0.03679762886760137,0.03341012118150731,1.3902159592214147,2.2917696423751615,490.29880288748876,True,False,False,False,False,True,False,True,False,False,AA07_clean,AA07,clean,True,0.0,0.0,False,False
V00,470,0.06287298105620164,0.029277152013130595,0.4937642251563852,0.37510267379067336,0.02277564535574832,0.017302196139348733,2.7605356543863286,1.6921061220978972,0.3115752705535209,-0.006679720987877251,0.4082331893558976,0.35403439636308437,0.01883039286669904,0.016330388968030667,16.546403081399966,0.40903624530645694,871.7454556161142,False,False,True,False,True,False,True,False,False,False,AA07_clean,AA07,clean,False,0.0,0.0,False,False
W68,4780,-0.04955952264205588,-0.006673935827525007,0.38007972697371434,0.40386573148567034,0.005497443279011089,0.005841482177586238,9.015013002730049,1.142507265216505,0.2681575607141653,0.057883246066674506,0.32293874090658153,0.36125505273803776,0.00467096055047411,0.00522516467136083,57.40951091675284,11.077784090505903,922.4097525475556,True,False,True,True,True,True,False,False,True,False,AA07_clean,AA07,clean,False,0.0,0.0,False,False
W84,354,0.0058858451106142025,0.030193397515855088,0.2969090336315719,0.24682679857946754,0.015780537094612655,0.013118696333642278,0.37298129178528283,2.3015547237285725,0.14010232331513953,0.01791081087936441,0.26701919185942036,0.24232661194349936,0.014191909928007698,0.012879514112498755,9.87198509755533,1.3906433676704542,646.7304445115977,False,False,True,False,True,False,True,False,False,False,AA07_clean,AA07,clean,False,0.0,0.0,False,False
691,3214,0.13440631958244906,0.003250003187760085,0.4344363891423263,0.37210414925876045,0.007663078229806644,0.006563591993375484,17.539468546680936,0.495156187502248,-0.053585160680258384,0.002827886505245051,0.45005116692155867,0.373967118543786,0.007938509263333863,0.006596453143425695,6.750028110158646,0.4286980357108187,716.8270511350477,True,False,True,False,False,False,False,False,False,False,AA07_constant,AA07,constant,False,0.14040673787030497,0.060758995241030005,False,False
703,11201,0.10578938497638812,0.01403308584887129,0.48795180804977484,0.3859831306846155,0.004610505378046998,0.0036470349540651905,22.945290440415953,3.8478067870529244,0.21410502958520256,-0.003175158568970114,0.4544686101537987,0.38217920003495187,0.004294133020312313,0.0036110927925060658,49.859896880798225,0.8792791410842098,941.5147765161167,True,True,True,False,True,False,False,False,False,True,AA07_constant,AA07,constant,False,0.06836843000153038,-0.08286327489869687,False,False
F51,11792,0.030064557822466198,0.0004610648454044681,0.2859389880845211,0.19580537297563375,0.0026331744998464844,0.0018031459036288008,11.417609362470653,0.2557002428237132,0.14744783446211035,0.001212316232860655,0.2553818064657381,0.1844059856953131,0.0023517774369109005,0.0016981704467962334,62.69633858541716,0.7138954956776038,711.6464864123344,True,False,True,False,True,True,False,False,False,False,AA07_constant,AA07,constant,False,0.10070456060755449,0.003164473897771507,False,False
F52,6019,-0.01835325211908672,-0.0001091646183692176,0.28632667451485705,0.19323569099377355,0.003690622606226189,0.0024907215184184813,4.972941987653856,0.04382851216483375,0.1935731238796231,0.0005529943266565798,0.22694592353269805,0.17515241306903298,0.002925231319086183,0.002257636164366861,66.17361253334785,0.24494395305350866,654.8380885051354,True,False,True,False,True,True,False,False,False,False,AA07_constant,AA07,constant,False,0.2866688502749988,-0.09434130938708649,False,False
G96,14710,0.06970635189322645,0.006334444126018146,0.3213520387027484,0.19771492031184204,0.002649565883896378,0.0016301707924750977,26.308593538620833,3.885754888541785,0.1675611379596362,-0.004747513941931559,0.293160157209576,0.18224624625348484,0.0024171222133701313,0.0015026306927776205,69.32257584361447,3.159468234444057,768.1307070317077,True,True,True,True,True,False,False,False,False,False,AA07_constant,AA07,constant,False,0.1564473053846283,0.13888801957722618,False,False
T09,76,0.6875860849597205,0.03538836868954113,0.3045419227012717,0.2581920965768825,0.034933354345432065,0.02961666465788223,19.68279593653251,1.1948802844051114,-0.3581719385327466,-0.17229814498691504,0.5344966395644267,0.4404423896071625,0.061310969408511044,0.05052220701971553,5.841889991108606,3.4103447800623257,490.29880288748876,True,False,True,True,False,True,False,False,True,False,AA07_constant,AA07,constant,True,-4.293562988652512,-1.5804817929975115,True,False
V00,470,0.06155018375549851,0.029390470614659277,0.4931444512050246,0.3755892015028679,0.022747057315145643,0.017324637989252253,2.7058525814025463,1.6964551082044166,0.31220278401384177,-0.005514335779046086,0.40759061253835893,0.3536691356000052,0.018800753008312274,0.016313540745380217,16.605865939295583,0.33802200669451077,871.7454556161142,False,False,True,False,True,False,True,False,False,False,AA07_constant,AA07,constant,False,0.02358253383596058,0.05048728393534141,False,False
W68,4780,-0.049579300130497835,-0.006638275992321483,0.3800775273478259,0.40384113840648417,0.005497411463795231,0.005841126465223048,9.018662775565634,1.136471882922671,0.26818533940283323,0.05789916727612285,0.3229080649382549,0.3612315456312227,0.0046705168556807905,0.005224824666416608,57.42091243641205,11.081552199881264,922.4097525475556,True,False,True,True,True,True,False,False,True,False,AA07_constant,AA07,constant,False,0.0042054373742782,0.002154642420343351,False,False
W84,354,0.00580017610000851,0.030459978895217246,0.29692091866819753,0.2463364151767558,0.01578116877718239,0.013092632749848874,0.3675378029284399,2.3264976171861873,0.14019334542919243,0.01768537870787163,0.26699984947299416,0.24185823838219173,0.014190881891767898,0.012854620338577675,9.879114384745764,1.375799381238549,646.7304445115977,False,False,True,False,True,False,True,False,False,False,AA07_constant,AA07,constant,False,0.00453530818611573,-0.012388568411452479,False,False
691,3214,0.13754271743436167,0.003861537979951079,0.4375530661207847,0.37257180348398694,0.00771805368789411,0.006571841005203165,17.82090705718977,0.5875884667468003,-0.05608016697791796,0.0016094443746994356,0.4525327248235541,0.3758547798025928,0.00798228177597335,0.006629749838313915,7.025580974442563,0.2427609508579514,716.8270511350477,True,False,True,False,False,False,False,False,False,False,AA07_dcr,AA07,dcr,False,-0.08136077824702895,-0.06955239415620654,False,False
703,11201,0.10597576525497415,0.013841272704442298,0.48780338624032094,0.3859032987082934,0.004609102986377539,0.0036462806464673883,22.992709333723166,3.7959976333286587,0.21375699381692567,-0.002814393923380531,0.4546085766947711,0.3819849038911221,0.004295455520770871,0.003609256948471301,49.76352165289432,0.7797710064872401,941.5147765161167,True,True,True,False,True,False,False,False,False,True,AA07_dcr,AA07,dcr,False,0.011067846196519283,-0.012202523417774253,False,False
F51,11792,0.03043851215854264,0.0006336437247141474,0.28591098532727577,0.19586861758392218,0.0026329166261413357,0.0018037283149009169,11.560758079587094,0.3512966556434831,0.14714390141804418,0.0011478766592051904,0.2555536144942754,0.18449676080679925,0.002353359594428642,0.0016990063828481417,62.52503942295668,0.6756164489982309,711.6464864123344,True,False,True,False,True,True,False,False,False,False,AA07_dcr,AA07,dcr,False,0.009353484530679372,-0.023655233598229474,False,False
F52,6019,-0.01825745524263096,0.0001180676210217417,0.28624135913264187,0.19323289108810524,0.0036895229291569963,0.002490685428888324,4.948459622882064,0.04740366633711718,0.1934413248897253,0.0005932398724366445,0.2269991719943601,0.17507635388519588,0.0029259176679102654,0.0022566557955494746,66.1130444685014,0.26288451859012735,654.8380885051354,True,False,True,False,True,True,False,False,False,False,AA07_dcr,AA07,dcr,False,0.2548246075716059,-0.08175781682600378,False,False
G96,14710,0.07014636350839049,0.006554572371310159,0.32124521106860693,0.1977380594149932,0.002648685083961138,0.0016303615757000643,26.483466808929137,4.020318234312948,0.16723057552445228,-0.004948845329400661,0.2933220946381294,0.18229735964966723,0.0024184573967028808,0.0015030521256438366,69.14762102174727,3.292530741261424,768.1307070317077,True,True,True,True,True,False,False,False,False,False,AA07_dcr,AA07,dcr,False,0.05978075317869842,0.04418941789114378,False,False
T09,76,0.22194075665579985,-0.09496424369505085,0.3445771005736477,0.26086439319881477,0.03952570420154688,0.029923198103202434,5.615099367340657,3.1735994049675997,-0.08855546608908324,0.00044527382985937197,0.3514706982169203,0.33816866337005297,0.04031645408271675,0.038790606039533826,2.1965092938827193,0.01147890882152155,490.29880288748876,True,True,False,False,False,False,False,True,False,True,AA07_dcr,AA07,dcr,True,-0.6851528419900721,1.5043127630507398,False,False
V00,470,0.06157533089833124,0.030597439537974502,0.4931539188713162,0.3755500178928022,0.022747494026026705,0.01732283058409581,2.706906124599017,1.7663071510995545,0.3117084051817205,-0.006383422947488642,0.40793088893444907,0.3537777057076226,0.018816448788049712,0.016318548711007023,16.56574036327651,0.3911758980860204,871.7454556161142,False,False,True,False,True,False,True,False,False,False,AA07_dcr,AA07,dcr,False,0.005001237172374508,0.012834374085510901,False,False
W68,4780,-0.04956572240345843,-0.006676638867559716,0.38007855221273307,0.4038674776707386,0.005497426287360646,0.005841507434269733,9.016168623746166,1.1429650552853206,0.2681566713253974,0.05788304683342654,0.32293923744513486,0.36125691800983545,0.004670967732368694,0.005225191650505415,57.409232238350846,11.077688763402143,922.4097525475556,True,False,True,True,True,True,False,False,True,False,AA07_dcr,AA07,dcr,False,-0.00013463876190435105,-2.696160328645982e-05,False,False
W84,354,0.005898562863256486,0.030164133745690925,0.29691962744913064,0.2468770608409096,0.01578110014966327,0.01312136774269792,0.37377386920533207,2.2988559071882846,0.14009943405363684,0.01792080677398627,0.26701858889289853,0.24238903881342963,0.014191877880698634,0.012882832063200981,9.871803804356022,1.3910611180887744,646.7304445115977,False,False,True,False,True,False,True,False,False,False,AA07_dcr,AA07,dcr,False,-0.00014395657231787185,0.0005487205834683617,False,False
691,3214,0.13596258502480874,0.0037291573263656327,0.4351864693154846,0.37240420473841895,0.007676308988530347,0.006568884709803877,17.711973974465977,0.5677002247885352,-0.05504710785140119,0.0022153489076890717,0.4508814936455541,0.3744963095997909,0.007953155501083048,0.006605787611168338,6.921417271912382,0.3353648403626547,716.8270511350477,True,False,True,False,False,False,False,False,False,False,AA07_epoch,AA07,epoch,False,0.010321390641008574,-0.0048361740001707934,False,False
703,11201,0.10594284358984442,0.013875769599840593,0.48781487427925935,0.3859075809585168,0.004609211533296385,0.0036463211081223293,22.98502527482763,3.8054162506236078,0.2137717256891526,-0.0028531842678856116,0.45460689706040475,0.38198948565539165,0.004295439650426399,0.00360930024014162,49.76713516809203,0.7905089845819143,941.5147765161167,True,True,True,False,True,False,False,False,False,True,AA07_epoch,AA07,epoch,False,0.013492880079330685,-0.0198022971718704,False,False
F51,11792,0.030235377358663773,0.0005445786303755281,0.2858551036909272,0.1958781334878308,0.0026324020195085417,0.001803815945607324,11.485850996387166,0.30190365691227705,0.1472604812924887,0.0011985966318934912,0.25544641696373815,0.18444168389607118,0.0023523724264815633,0.0016984991868276515,62.60083634492595,0.7056798385238875,711.6464864123344,True,False,True,False,True,True,False,False,False,False,AA07_epoch,AA07,epoch,False,0.04438942705990815,-0.0025466076004904423,False,False
F52,6019,-0.018336847548573478,3.225868238082658e-05,0.28628387722575277,0.19324640151066305,0.003690070968335933,0.0024908595721845994,4.96923980755921,0.012950823378828306,0.19349147025211258,0.0006000072050942805,0.22698218415836124,0.17513561811342881,0.002925698702312057,0.0022574196849105607,66.13513213072979,0.2657933786548215,654.8380885051354,True,False,True,False,True,True,False,False,False,False,AA07_epoch,AA07,epoch,False,0.2669375421905009,-0.07962498260106109,False,False
G96,14710,0.06996134209090137,0.006474258829602778,0.3213247695277569,0.19775537805858637,0.0026493410479935743,0.001630504368904069,26.40707286209346,3.9707092805610826,0.1673567323309182,-0.004876016471554171,0.2933046155101192,0.18229669070174945,0.0024183132802957064,0.0015030466101301084,69.20390906113461,3.2440886654420438,768.1307070317077,True,True,True,True,True,False,False,False,False,False,AA07_epoch,AA07,epoch,False,0.0966592645585606,0.07843843977898346,False,False
T09,76,0.43758608995564197,0.18538836868986278,0.3045419302290272,0.2581920965770585,0.03493335520892484,0.029616664657902414,12.526311524861677,6.259596441100158,-0.17594534023930947,-0.21653781238782796,0.44251112367488565,0.3370034101725959,0.0507595070918804,0.03865694233081401,3.466253916154636,5.601524573122343,490.29880288748876,True,True,True,True,False,False,False,False,False,False,AA07_epoch,AA07,epoch,True,-1.9904266703642353,-2.739451789664534,False,False
V00,470,0.06150206214637119,0.03030273869628044,0.4931637854937702,0.3755516398952334,0.02274794913938329,0.017322905401488925,2.703631073268636,1.7492873160685782,0.3118440015857182,-0.006172641081195317,0.4078395014652423,0.353744348497653,0.01881223339843141,0.016317010057646537,16.57666024979895,0.3782948628080714,871.7454556161142,False,False,True,False,True,False,True,False,False,False,AA07_epoch,AA07,epoch,False,0.010096081592820287,0.02196558508251526,False,False
W68,4780,-0.04956590086225733,-0.0066730217153332695,0.3800793899823374,0.4038644100776408,0.0054974384047943164,0.005841463064844422,9.016181212513615,1.1423545165411388,0.2681600775424496,0.057885439008994156,0.3229364406463721,0.36125391547423386,0.004670927279691347,0.005225148222066612,57.41045867024705,11.078238654462464,922.4097525475556,True,False,True,True,True,True,False,False,True,False,AA07_epoch,AA07,epoch,False,0.0003810078603470927,0.00029676515924216486,False,False
W84,354,0.005847790752980308,0.030202442781489893,0.2968967914524878,0.2468119561637834,0.015779886430135417,0.01311790746814899,0.3705850976096109,2.3023826669629366,0.1401146835918377,0.017936389045363533,0.2670185284575745,0.24228836550124114,0.014191874668597403,0.012877481337027392,9.872880564670698,1.3928491586153544,646.7304445115977,False,False,True,False,True,False,True,False,False,False,AA07_epoch,AA07,epoch,False,0.0006158470827505229,0.0014043947484022967,False,False
691,3214,0.1360355744016249,0.0036939707073891967,0.4353100435283908,0.3724226944619249,0.007678488729648618,0.0065692108523674715,17.716451660123766,0.562315746960372,-0.05511198260454294,0.0022482513213589223,0.4509703149091747,0.37456778699390497,0.00795472223054818,0.006607048409933009,6.928209559964111,0.3402807398805964,716.8270511350477,True,False,True,False,False,False,False,False,False,False,AA07_mag_dep,AA07,mag_dep,False,0.004554061818686456,-0.001314912667729585,False,False
703,11201,0.10597964415678902,0.013825048339607593,0.48780694885023157,0.38589718822913466,0.00460913664837424,0.003646222910443955,22.99338297860419,3.7916081049263903,0.21371046408259897,-0.002806996208317245,0.45464204503079225,0.38197002758723236,0.004295771752703357,0.0036091163868872313,49.749026807141135,0.7777516453932387,941.5147765161167,True,True,True,False,True,False,False,False,False,True,AA07_mag_dep,AA07,mag_dep,False,0.003408475473871627,-0.010753355663791528,False,False
F51,11792,0.030327899111118786,0.0005853590331860077,0.2858905555109576,0.19587687748458826,0.0026327284906522723,0.0018038043792388055,11.519569609551683,0.3245135891249059,0.14720328905691937,0.0011977829004759049,0.25551175541947463,0.18446577275433082,0.002352974119719191,0.001698721017952272,62.560521946789166,0.7051086598785806,711.6464864123344,True,False,True,False,True,True,False,False,False,False,AA07_mag_dep,AA07,mag_dep,False,0.027198835410644703,-0.0028851344427097587,False,False
F52,6019,-0.0183478855373469,7.261776926446921e-05,0.286272998704693,0.19323632896343684,0.0036899307490712995,0.0024907297415617336,4.9724200222361326,0.02915521826905898,0.1934927272126326,0.0006094412445421316,0.22698447279938547,0.1751034997865056,0.0029257282018699165,0.002257005694060362,66.13489492597634,0.2700220234915511,654.8380885051354,True,False,True,False,True,True,False,False,False,False,AA07_mag_dep,AA07,mag_dep,False,0.2672395869880081,-0.07667798675952585,False,False
G96,14710,0.07002143235771922,0.0064657729696696725,0.3213051223546524,0.19775302253116275,0.0026491790559309667,0.0016304849474461395,26.4313702016312,3.9655520768818744,0.16731328487286803,-0.0048683714832128905,0.29331838769630647,0.18230020646786396,0.002418426832756166,0.0015030755978222058,69.18269455445507,3.2389398711991833,768.1307070317077,True,True,True,True,True,False,False,False,False,False,AA07_mag_dep,AA07,mag_dep,False,0.08395722495205207,0.08203282798354608,False,False
T09,76,0.30502029807370123,0.08236205290030635,0.3154527205264715,0.2616946636088313,0.036184908690522835,0.03001843665091491,8.42948922940322,2.7437155991198527,-0.11296463975370992,-0.13589385639464682,0.37547476961957205,0.3106775225994117,0.04306990991107711,0.03563715592211603,2.6228204328018956,3.8132632326675813,490.29880288748876,True,False,False,True,False,True,False,True,True,False,AA07_mag_dep,AA07,mag_dep,True,-1.091073888732212,-1.2144635039816956,False,False
V00,470,0.06287138918365472,0.029331609932785194,0.4937616010011572,0.3751458830441751,0.022775524312493692,0.017304189233590284,2.7604804315818154,1.6950583200886236,0.31169040930179764,-0.006722439944480557,0.4081777120782034,0.3540423441542871,0.01882783389069857,0.016330755572301636,16.554767325400118,0.4116429221365846,871.7454556161142,False,False,True,False,True,False,True,False,False,False,AA07_mag_dep,AA07,mag_dep,False,0.004323909886694026,-0.0018497125145267084,False,False
W68,4780,-0.04956038669244321,-0.006673813176853797,0.3800800689958845,0.4038655262676977,0.005497448225992858,0.0058414792093296215,9.015162063393955,1.1424868492546933,0.26815827323735475,0.05788396342097967,0.3229385794377876,0.3612547998192919,0.0046709582150021725,0.005225161013163981,57.40969216467933,11.077929134652505,922.4097525475556,True,False,True,True,True,True,False,False,True,False,AA07_mag_dep,AA07,mag_dep,False,0.00010786434600024737,9.707756657713463e-05,False,False
W84,354,0.005872153974484253,0.03019341145459,0.29690205222208244,0.2468211830763675,0.015780166036884726,0.013118397873019874,0.3721224454013106,2.301608149626844,0.1401019292771116,0.017923687089008714,0.26701943630941827,0.24231101089743404,0.014191922920378502,0.012878684926255624,9.87194829503591,1.3917327111922666,646.7304445115977,False,False,True,False,True,False,True,False,False,False,AA07_mag_dep,AA07,mag_dep,False,-1.9632793293429306e-05,0.0007069481167569727,False,False
691,3214,0.13597891960037017,0.003702333108055743,0.43522193077072335,0.37239604093165646,0.0076769344976093026,0.006568740707387327,17.71265856738986,0.5636290535706534,-0.05507908868360962,0.002242158564499114,0.4509238602993527,0.3744791935908958,0.007953902811829817,0.006605485699729925,6.924787740892515,0.339438864365536,716.8270511350477,True,False,True,False,False,False,False,False,False,False,AA07_seasonal,AA07,seasonal,False,0.007478182600599025,-0.001967114976574633,False,False
703,11201,0.1060278401094636,0.013872170988733685,0.48780453496805604,0.38590878936986117,0.004609113840349823,0.003646332526026537,23.003953424030914,3.804417422085856,0.21372538363155438,-0.002853484039144939,0.4546321210270468,0.3819968686328391,0.004295677983868228,0.003609369999606932,49.75358591453268,0.7905767597823691,941.5147765161167,True,True,True,False,True,False,False,False,False,True,AA07_seasonal,AA07,seasonal,False,0.0058643514523056,-0.0198608367365263,False,False
F51,11792,0.03014570881713343,0.0006269557887243311,0.2859135818542867,0.19587601355803097,0.002632940537216769,0.001803796423452868,11.449445360053547,0.34757569123249404,0.14732282410355318,0.00119983702724026,0.2554641343662714,0.18444131947696096,0.0023525355837091476,0.001698495830940038,62.62299500323615,0.7064115232924689,711.6464864123344,True,False,True,False,True,True,False,False,False,False,AA07_seasonal,AA07,seasonal,False,0.06312217818852553,-0.002030295814086626,False,False
F52,6019,-0.01825279058435396,7.730708414541673e-05,0.28626204275049455,0.19325740004897937,0.0036897895317281855,0.0024910013384179214,4.946837869043686,0.031034541392304438,0.1934222544867029,0.0005933986808082127,0.2270057138800654,0.17514929043382152,0.002926001989887295,0.002257595914997423,66.10462164933566,0.26284539091615516,654.8380885051354,True,False,True,False,True,True,False,False,False,False,AA07_seasonal,AA07,seasonal,False,0.25021822161479407,-0.08169108182379581,False,False
G96,14710,0.0701131240300933,0.006556164555799292,0.32125091335434414,0.19774661470647056,0.0026487320996322083,0.0016304321145661524,26.470447517070117,4.02112084105007,0.1672507484367918,-0.004953633623435323,0.2933134116378601,0.18229929056709293,0.002418385804870521,0.0015030680461681203,69.15800948713654,3.2956815468627507,768.1307070317077,True,True,True,True,True,False,False,False,False,False,AA07_seasonal,AA07,seasonal,False,0.0656782667913133,0.041937427862385294,False,False
T09,76,0.32459332389434653,0.08105744741597451,0.370677281064786,0.27413676790718683,0.042519600232311175,0.03144564389516556,7.633969325226252,2.57770035449763,-0.1491823037704143,-0.15347245672162058,0.41553517856629,0.32693537124472244,0.047665153969910175,0.03750205906117628,3.1297980043154667,4.092374140610903,490.29880288748876,True,False,True,True,False,True,False,False,True,False,AA07_seasonal,AA07,seasonal,True,-1.627885682995998,-1.5311654214474024,False,False
V00,470,0.06155552983713872,0.030423687483273006,0.49317097436286805,0.37554159560757855,0.02274828073718795,0.017322442093047723,2.7059420686905047,1.7563163045863726,0.31181315992476144,-0.006242068320930208,0.4078749674658258,0.3537485637560778,0.01881386932304952,0.016317204493018878,16.573579552970976,0.38254520396559366,871.7454556161142,False,False,True,False,True,False,True,False,False,False,AA07_seasonal,AA07,seasonal,False,0.00893698861855092,0.018958037059397886,False,False
W68,4780,-0.049560355769330815,-0.006677489210667192,0.38008018439628327,0.4038682084790039,0.005497449895135151,0.005841518004623007,9.015153701207568,1.1431085559237502,0.268155639527917,0.05788361758100751,0.32294178095991183,0.3612571323696216,0.004671004521566389,0.005225194750988503,57.408559184608286,11.077791420129763,922.4097525475556,True,False,True,True,True,True,False,False,True,False,AA07_seasonal,AA07,seasonal,False,-0.00029083470417875325,5.0275840965519324e-05,False,False
W84,354,0.005860181627515428,0.030153345687551462,0.2969036942111275,0.24689231422188185,0.015780253307617845,0.013122178450749833,0.37136169573947536,2.2978917563667505,0.14010387432629964,0.017967562141625735,0.26701930436324334,0.24237594475560337,0.014191915907518426,0.012882136121879429,9.872090226526572,1.3947657416155583,646.7304445115977,False,False,True,False,True,False,True,False,False,False,AA07_seasonal,AA07,seasonal,False,7.727855401662968e-05,0.003115421707300156,False,False
691,3214,0.13613875763801092,0.0036924751723982348,0.4354270633588009,0.3724611042268508,0.007680552857187846,0.00656988836705264,17.72512476241934,0.5620301238169652,-0.05516321875072883,0.0022605393808483275,0.4510482309851145,0.3746780269655567,0.007956096602033186,0.006608992946688981,6.933452609993679,0.34203991426270597,716.8270511350477,True,False,True,False,False,False,False,False,False,False,AA07_step,AA07,step,False,0.0,0.0,False,False
703,11201,0.10596755937673527,0.01377987932255961,0.48780085619099245,0.385894576413907,0.004609079080725703,0.0036461982322114847,22.99104821608975,3.7792457910885076,0.21368975691234662,-0.002752111452186647,0.45465122624799675,0.381955679819821,0.004295858503178712,0.0036089808192805092,49.74320191277886,0.7625730337728176,941.5147765161167,True,True,True,False,True,False,False,False,False,True,AA07_step,AA07,step,False,0.0,0.0,False,False
F51,11792,0.030476261980413838,0.000607134735934697,0.28591548080551216,0.195867801813104,0.0026329580244086235,0.0018037208025748416,11.574913727407019,0.33660128278611745,0.14711277002128678,0.0012047146172535354,0.2555793686082908,0.18449779546101602,0.002353596760674301,0.0016990159108426206,62.50551176792887,0.709066118548626,711.6464864123344,True,False,True,False,True,True,False,False,False,False,AA07_step,AA07,step,False,0.0,0.0,False,False
F52,6019,-0.017268718322460776,0.0005062424051965786,0.2862513072000036,0.19311407207456416,0.0036896511552901557,0.0024891539050155755,4.680311930763752,0.2033793106069152,0.19238552867590225,0.000854299610275179,0.22758629096445931,0.17526202823299278,0.0029334853685000334,0.0022590490547403502,65.58257652884559,0.3781677996245948,654.8380885051354,True,False,True,False,True,True,False,False,False,False,AA07_step,AA07,step,False,0.0,0.0,False,False
G96,14710,0.07079275686573822,0.006467874351040778,0.3212622380959296,0.1976785627102618,0.002648825472772363,0.0016298710219768112,26.726093354744048,3.9683350791746266,0.16702605703098156,-0.005042812344207323,0.2934811692270232,0.18243848941859217,0.0024197689757593866,0.0015042157486364126,69.02562133170768,3.3524528305056545,768.1307070317077,True,True,True,True,True,False,False,False,False,False,AA07_step,AA07,step,False,0.0,0.0,False,False
T09,76,0.18758608737704044,0.03538836868954113,0.30454192625159826,0.2581920965768825,0.03493335475268245,0.02961666465788223,5.369827453019986,1.1948802844051114,-0.05115665091324606,-0.07656830147185381,0.3207942911915789,0.2912626838432762,0.03679762886760137,0.03341012118150731,1.3902159592214147,2.2917696423751615,490.29880288748876,True,False,False,False,False,True,False,True,False,False,AA07_step,AA07,step,True,0.0,0.0,False,False
V00,470,0.06287298105620164,0.029277152013130595,0.4937642251563852,0.37510267379067336,0.02277564535574832,0.017302196139348733,2.7605356543863286,1.6921061220978972,0.3115752705535209,-0.006679720987877251,0.4082331893558976,0.35403439636308437,0.01883039286669904,0.016330388968030667,16.546403081399966,0.40903624530645694,871.7454556161142,False,False,True,False,True,False,True,False,False,False,AA07_step,AA07,step,False,0.0,0.0,False,False
W68,4780,-0.04955952264205588,-0.006673935827525007,0.38007972697371434,0.40386573148567034,0.005497443279011089,0.005841482177586238,9.015013002730049,1.142507265216505,0.2681575607141653,0.057883246066674506,0.32293874090658153,0.36125505273803776,0.00467096055047411,0.00522516467136083,57.40951091675284,11.077784090505903,922.4097525475556,True,False,True,True,True,True,False,False,True,False,AA07_step,AA07,step,False,0.0,0.0,False,False
W84,354,0.0058858451106142025,0.030193397515855088,0.2969090336315719,0.24682679857946754,0.015780537094612655,0.013118696333642278,0.37298129178528283,2.3015547237285725,0.14010232331513953,0.01791081087936441,0.26701919185942036,0.24232661194349936,0.014191909928007698,0.012879514112498755,9.87198509755533,1.3906433676704542,646.7304445115977,False,False,True,False,True,False,True,False,False,False,AA07_step,AA07,step,False,0.0,0.0,False,False
691,3214,0.1361363604443807,0.003689835620293903,0.4354187341438287,0.3724599850696513,0.007680405937115034,0.006569868626097725,17.72515171190511,0.5616300462442485,-0.05516680729126997,0.00225781576832214,0.4510433513758733,0.374671699586813,0.007956010529990695,0.0066088813372577404,6.933978667237195,0.34163357656213994,716.8270511350477,True,False,True,False,False,False,False,False,False,False,AA07_timing,AA07,timing,False,-0.000318937187904914,-0.0002914061437037678,False,False
703,11201,0.10594370865887716,0.013782734553332277,0.48780457926971044,0.38589482561470195,0.004609114258942423,0.0036462005868325483,22.98569805539737,3.7800264206817342,0.21370090371125694,-0.0027552297729841065,0.4546450598064478,0.381955253183668,0.004295800238384001,0.003608976788127749,49.7464714028805,0.7634379312296585,941.5147765161167,True,True,True,False,True,False,False,False,False,True,AA07_timing,AA07,timing,False,0.0018347975251150873,-0.0006109722172752292,False,False
F51,11792,0.030472010977069367,0.0006110208360057937,0.2859131742971134,0.19587059670549037,0.0026329367840764112,0.001803746540370904,11.573392555931958,0.3387509399630779,0.14711625537575945,0.001200149324733076,0.2555766773629123,0.18449747731825392,0.0023535719773498894,0.001699012981107805,62.50765083522605,0.7063803149700153,711.6464864123344,True,False,True,False,True,True,False,False,False,False,AA07_timing,AA07,timing,False,0.001047133816352122,-0.0019000128615522095,False,False
F52,6019,-0.01727168037669481,0.0005079386228705777,0.2862509259098813,0.1931095584453969,0.0036896462406312363,0.002489095726356989,4.6811209666918945,0.20406552367272376,0.19238383767796693,0.0008512586146474675,0.22758536666959303,0.175259800528668,0.0029334734547531425,0.0022590203406292566,65.58226643102738,0.3768264496504476,654.8380885051354,True,False,True,False,True,True,False,False,False,False,AA07_timing,AA07,timing,False,-0.00040761019228328726,-0.0009518705631541617,False,False
G96,14710,0.0701850286507231,0.006519031602986181,0.32127230351730346,0.1977292895388298,0.0026489084627455617,0.0016302892675710032,26.495830126941105,3.9986962636998777,0.1672336818211393,-0.00492906941635749,0.2933469200441067,0.1823069394694929,0.0024186620835908086,0.0015031311118045793,69.14305349049,3.2792012470821064,768.1307070317077,True,True,True,True,True,False,False,False,False,False,AA07_timing,AA07,timing,False,0.06068615690511731,0.05348793743857011,False,False
T09,76,0.19320481771201692,0.03538836868954113,0.3042793825398084,0.2581920965768825,0.034903238923525766,0.02961666465788223,5.535440941035172,1.1948802844051114,-0.054995216195672124,-0.07747808675774875,0.3224812262764868,0.2918940082283724,0.036991133592849446,0.03348253905506592,1.4867134595275813,2.31398480952496,490.29880288748876,True,False,False,False,False,True,False,True,False,False,AA07_timing,AA07,timing,True,-0.07356855211166603,-0.019234246801259625,False,False
V00,470,0.06287329068847056,0.029287653634299856,0.4937638605429118,0.3751001000314887,0.02277562853738292,0.017302077420690246,2.760551287762403,1.6927246897691584,0.3115738947470411,-0.006689862961169524,0.4082346464900559,0.35403142774355323,0.018830460079285807,0.016330252035822553,16.546270958604126,0.4096607294544157,871.7454556161142,False,False,True,False,True,False,True,False,False,False,AA07_timing,AA07,timing,False,-5.166330634406856e-05,-0.0004391498677977624,False,False
W68,4780,-0.049567643008026366,-0.006674117220805529,0.3800786980114114,0.4038656742166063,0.0054974283961812635,0.005841481349250999,9.016514529313026,1.1425384798431808,0.2681593905281119,0.05788369785273975,0.3229367413392598,0.36125538034542104,0.004670931628889627,0.005225169409848257,57.410258131279626,11.07786050795638,922.4097525475556,True,False,True,True,True,True,False,False,True,False,AA07_timing,AA07,timing,False,0.00027700466352894296,6.113890482325092e-05,False,False
W84,354,0.005888202282888015,0.030192374669450902,0.29691005724163866,0.24682506185260183,0.01578059149887389,0.013118604027650803,0.373129377521001,2.301492948930601,0.14010053262383645,0.017908312998462395,0.2670190320424116,0.2423274262242853,0.014191901433829519,0.012879557391034241,9.871864829181805,1.3904447532435227,646.7304445115977,False,False,True,False,True,False,True,False,False,False,AA07_timing,AA07,timing,False,-8.922057346507599e-05,-0.00013713759241411533,False,False
691,3214,0.1553297477091002,0.015096888607855328,0.4394699705522152,0.3726062342556539,0.007751866206790409,0.006572448333924679,20.037722990244063,2.296996163504317,-0.07832355508110521,-0.008104394611734497,0.45560878280501055,0.37755865029000146,0.008036540750452579,0.0066598046246181845,9.745928940470364,1.2169117667170504,716.8270511350477,True,False,True,False,False,False,False,False,False,False,AA07_trailing,AA07,trailing,False,-2.048020390431106,-1.104706185382292,False,False
703,11201,0.12049567120123691,0.016049310323881648,0.4816605853677287,0.3867789800484501,0.004551061565089334,0.0036545546880051875,26.476387866414562,4.391591231773863,0.20855005823094624,0.0025094830918745547,0.45924217743993223,0.37677183986990403,0.004339236977879662,0.0035600003224901602,48.0614585684262,0.7049109170077865,941.5147765161167,True,True,True,False,True,False,False,False,False,True,AA07_trailing,AA07,trailing,False,-0.8417440067865515,1.0379222025033978,False,False
F51,11792,0.028074119337270068,-0.0007231112397149072,0.28984777531015776,0.19670285074593066,0.002669170006848942,0.0018114106582701873,10.517921026099287,0.39919784970540295,0.14492014595251634,0.0073964827276760585,0.2591219679269687,0.1878103609276503,0.0023862200914470835,0.0017295208901539243,60.73209527987501,4.276607914818412,711.6464864123344,True,False,True,True,True,True,False,False,True,False,AA07_trailing,AA07,trailing,False,-0.6541951611503493,2.553898753216939,False,False
F52,6019,-0.01332149256296102,0.004479197798624459,0.28604897568991067,0.193887580268358,0.0036870431927370126,0.0024991240792263916,3.613055737779964,1.792307087053878,0.18672170051765674,0.0016453032878123207,0.22848211826027254,0.18037847915285676,0.0029450321811566073,0.0023249978157507986,63.40226151427834,0.7076579929091297,654.8380885051354,True,False,True,False,True,False,False,False,False,False,AA07_trailing,AA07,trailing,False,-1.3625624278166126,0.24400544166582305,False,False
G96,14710,0.06819822624467586,0.006629503357802403,0.32887293475054236,0.20037071149645652,0.0027115761006823325,0.0016520679422361928,25.150769778327327,4.012851522818664,0.17235252473807952,-0.0028933888421442686,0.3004549927148157,0.18169234867208747,0.00247726854809184,0.00149806377563352,69.57361359584414,1.931419001784938,768.1307070317077,True,True,True,False,True,False,False,False,False,True,AA07_trailing,AA07,trailing,False,1.5381225130033476,1.0124765071638029,False,False
T09,76,-1.2541594717039761,0.3711724386103142,1.3844978293227073,0.9780417795470604,0.15881279277813432,0.11218908630542951,7.897093488281326,3.3084540647725276,1.9949387043995133,-0.05991208041321137,0.6977297954778762,0.2891119102333694,0.08003509653645696,0.03316341052845421,24.9257986899634,1.8065717445377578,490.29880288748876,True,True,True,False,True,False,False,False,False,True,AA07_trailing,AA07,trailing,True,23.22757670480073,0.3538236799138641,True,False
V00,470,0.053391668959874475,0.02406121043617385,0.5206617162118202,0.3766398614173981,0.02401633410156415,0.017373101317261205,2.2231398320028015,1.3849692117012875,0.36003107784539523,0.00023684821736005233,0.41102771997101395,0.34284184772932486,0.01895929495191089,0.015814115197429455,18.989687051052922,0.0149770135352594,871.7454556161142,False,False,True,False,True,False,True,False,False,False,AA07_trailing,AA07,trailing,False,1.813364045741244,0.3042586865475834,False,False
W68,4780,-0.04915082100146834,-0.0024257333877389367,0.3821400419148571,0.40698497130578604,0.005527243512283238,0.005886598617027125,8.892465275365572,0.4120772530205212,0.26853383107255546,0.0591639191839691,0.3222216377481419,0.36692857556075853,0.004660588426788085,0.0053072260592660035,57.61801010556506,11.147804620207104,922.4097525475556,True,False,True,True,True,True,False,False,True,False,AA07_trailing,AA07,trailing,False,0.05702443576530306,0.17195434232975576,False,False
W84,354,0.0017563716510456942,0.05480326256967643,0.2937255923864702,0.23005524515345696,0.01561133910140109,0.0122272983261911,0.11250614951334077,4.482041830310693,0.14675345875423484,-0.00044039387278442006,0.2672643693694239,0.22178167958713899,0.014204940965642532,0.011787563277623998,10.331155835788913,0.03736089151015694,646.7304445115977,False,True,True,False,True,False,True,False,False,True,AA07_trailing,AA07,trailing,False,0.331238311881977,-1.0510824233583729,False,False
691,3214,0.13613875763801092,0.0036924751723982348,0.4354270633588009,0.3724611042268508,0.007680552857187846,0.00656988836705264,17.72512476241934,0.5620301238169652,-0.05516321875072883,0.0022605393808483275,0.4510482309851145,0.3746780269655567,0.007956096602033186,0.006608992946688981,6.933452609993679,0.34203991426270597,716.8270511350477,True,False,True,False,False,False,False,False,False,False,AA08_clean,AA08,clean,False,0.0,0.0,False,False
703,11201,0.10596755937673527,0.01377987932255961,0.48780085619099245,0.385894576413907,0.004609079080725703,0.0036461982322114847,22.99104821608975,3.7792457910885076,0.21368975691234662,-0.002752111452186647,0.45465122624799675,0.381955679819821,0.004295858503178712,0.0036089808192805092,49.74320191277886,0.7625730337728176,941.5147765161167,True,True,True,False,True,False,False,False,False,True,AA08_clean,AA08,clean,False,0.0,0.0,False,False
F51,11792,0.030476261980413838,0.000607134735934697,0.28591548080551216,0.195867801813104,0.0026329580244086235,0.0018037208025748416,11.574913727407019,0.33660128278611745,0.14711277002128678,0.0012047146172535354,0.2555793686082908,0.18449779546101602,0.002353596760674301,0.0016990159108426206,62.50551176792887,0.709066118548626,711.6464864123344,True,False,True,False,True,True,False,False,False,False,AA08_clean,AA08,clean,False,0.0,0.0,False,False
F52,6019,-0.017268718322460776,0.0005062424051965786,0.2862513072000036,0.19311407207456416,0.0036896511552901557,0.0024891539050155755,4.680311930763752,0.2033793106069152,0.19238552867590225,0.000854299610275179,0.22758629096445931,0.17526202823299278,0.0029334853685000334,0.0022590490547403502,65.58257652884559,0.3781677996245948,654.8380885051354,True,False,True,False,True,True,False,False,False,False,AA08_clean,AA08,clean,False,0.0,0.0,False,False
G96,14710,0.07079275686573822,0.006467874351040778,0.3212622380959296,0.1976785627102618,0.002648825472772363,0.0016298710219768112,26.726093354744048,3.9683350791746266,0.16702605703098156,-0.005042812344207323,0.2934811692270232,0.18243848941859217,0.0024197689757593866,0.0015042157486364126,69.02562133170768,3.3524528305056545,768.1307070317077,True,True,True,True,True,False,False,False,False,False,AA08_clean,AA08,clean,False,0.0,0.0,False,False
T09,76,0.18758608737704044,0.03538836868954113,0.30454192625159826,0.2581920965768825,0.03493335475268245,0.02961666465788223,5.369827453019986,1.1948802844051114,-0.05115665091324606,-0.07656830147185381,0.3207942911915789,0.2912626838432762,0.03679762886760137,0.03341012118150731,1.3902159592214147,2.2917696423751615,490.29880288748876,True,False,False,False,False,True,False,True,False,False,AA08_clean,AA08,clean,False,0.0,0.0,False,False
V00,470,0.06287298105620164,0.029277152013130595,0.4937642251563852,0.37510267379067336,0.02277564535574832,0.017302196139348733,2.7605356543863286,1.6921061220978972,0.3115752705535209,-0.006679720987877251,0.4082331893558976,0.35403439636308437,0.01883039286669904,0.016330388968030667,16.546403081399966,0.40903624530645694,871.7454556161142,False,False,True,False,True,False,True,False,False,False,AA08_clean,AA08,clean,True,0.0,0.0,False,False
W68,4780,-0.04955952264205588,-0.006673935827525007,0.38007972697371434,0.40386573148567034,0.005497443279011089,0.005841482177586238,9.015013002730049,1.142507265216505,0.2681575607141653,0.057883246066674506,0.32293874090658153,0.36125505273803776,0.00467096055047411,0.00522516467136083,57.40951091675284,11.077784090505903,922.4097525475556,True,False,True,True,True,True,False,False,True,False,AA08_clean,AA08,clean,False,0.0,0.0,False,False
W84,354,0.0058858451106142025,0.030193397515855088,0.2969090336315719,0.24682679857946754,0.015780537094612655,0.013118696333642278,0.37298129178528283,2.3015547237285725,0.14010232331513953,0.01791081087936441,0.26701919185942036,0.24232661194349936,0.014191909928007698,0.012879514112498755,9.87198509755533,1.3906433676704542,646.7304445115977,False,False,True,False,True,False,True,False,False,False,AA08_clean,AA08,clean,False,0.0,0.0,False,False
691,3214,0.1380401438324146,0.004403542331530842,0.4378797996168828,0.3725051591487652,0.007723816981217307,0.006570665457373515,17.87201123072946,0.6701820934421862,-0.05623264253510467,0.0012549749825341162,0.4526902447509103,0.3761463734526005,0.007985060289827742,0.006634893295462463,7.042231428952398,0.18914772651918624,716.8270511350477,True,False,True,False,False,False,False,False,False,False,AA08_constant,AA08,constant,False,-0.09487336042918726,-0.10737634441496766,False,False
703,11201,0.10576781233216677,0.0136406962487304,0.4876933603719773,0.38588032964216595,0.004608063386053585,0.0036460636188815443,22.952768543131505,3.741211803900114,0.21368075447510332,-0.002811521144507837,0.45451619952032907,0.38190895438988204,0.004294582677484817,0.0036085393251770524,49.7558832888155,0.7791299723108575,941.5147765161167,True,True,True,False,True,False,False,False,False,True,AA08_constant,AA08,constant,False,-0.0014820389821354554,-0.011640839343465052,False,False
F51,11792,0.029527310822323034,-2.9409544438213407e-05,0.28615117745035146,0.19530229601457652,0.0026351285237834997,0.001798513134120207,11.205264014951316,0.01635214326783324,0.1480117550674949,0.0017356368945956589,0.25522050335128554,0.18388083303114514,0.0023502920177640835,0.0016933343850437702,62.97589999403723,1.0249817814635562,711.6464864123344,True,False,True,False,True,True,False,False,False,False,AA08_constant,AA08,constant,False,0.270277761835062,0.2213322229891001,False,False
F52,6019,-0.017858270052479797,0.0006199312875327193,0.28611250704971686,0.19314045648009445,0.0036878620835130893,0.0024894939881868936,4.84244520214483,0.24901899360850324,0.19267862702403485,0.0006712853429217427,0.22720274098725304,0.17530031168475044,0.0029285415810625082,0.0022595425112886813,65.79337246566561,0.29708905212802994,654.8380885051354,True,False,True,False,True,True,False,False,False,False,AA08_constant,AA08,constant,False,0.07070992938045918,-0.057279188365130115,False,False
G96,14710,0.07214421115850361,0.006248884196821187,0.32158313469654926,0.1977808558855045,0.0026514712835432937,0.0016307144350398578,27.209124083778004,3.8319917102275802,0.1665408492626504,-0.005413307184520705,0.294318106805032,0.18272103805258355,0.002426669573815633,0.0015065453782357368,68.62938863192068,3.593192254759722,768.1307070317077,True,True,True,True,True,False,False,False,False,False,AA08_constant,AA08,constant,False,-0.14158576529027245,-0.17402864227009426,False,False
T09,76,0.1867905872822677,0.03413838884532507,0.304314284814435,0.25807451838457535,0.034907242488999374,0.029603177514244565,5.351055367410721,1.1532001532233571,-0.05131485967414963,-0.07560801021635596,0.3204683131403672,0.2908358412230401,0.03676023662067916,0.03336115897502296,1.3959338783277278,2.2663484285112108,490.29880288748876,True,False,False,False,False,True,False,True,False,False,AA08_constant,AA08,constant,False,-0.0030416998231625495,0.020338932383116064,False,False
V00,470,0.5628729823351875,0.029277152013130595,0.4937642112479434,0.37510267379067336,0.02277564471419974,0.017302196139348733,24.71381115214964,1.6921061220978972,0.244500656812915,0.01594498366985407,0.6965881276683089,0.3968221031615445,0.03213121434582121,0.018304038710109122,7.609443396113451,0.8711183319912795,871.7454556161142,True,False,True,False,False,False,False,False,False,False,AA08_constant,AA08,constant,True,-1.8010267538547287,0.9223290731003281,False,False
W68,4780,-0.04960124781625139,-0.006776178546191431,0.38006452036918237,0.403864952894903,0.005497223331879084,0.0058414709161106115,9.022963925916482,1.1600123741954997,0.26817402492920445,0.05797576884835111,0.3229146244390132,0.3612403086428819,0.004670611731783876,0.005224951413928067,57.417323539068626,11.09594410654347,922.4097525475556,True,False,True,True,True,True,False,False,True,False,AA08_constant,AA08,constant,False,0.002492505060435948,0.012521102309331313,False,False
W84,354,0.005469790582931025,0.02893442326156821,0.296729479236537,0.24688432057386114,0.01577099388618719,0.013121753593150962,0.3468259909555647,2.2050729009780246,0.1399074764161246,0.019127347254251144,0.26705261977062494,0.24198405164997513,0.014193686601443017,0.012861307238315842,9.857021670599712,1.4872008653418831,646.7304445115977,False,False,True,False,True,False,True,False,False,False,AA08_constant,AA08,constant,False,-0.009707568637762636,0.06683709842330221,False,False
691,3214,0.1354498409018581,0.003457529589774063,0.43531657767632126,0.3725054451639383,0.0076786039863076085,0.006570670502431206,17.63990448568393,0.5262065094414256,-0.05457792379704362,0.002547734470343467,0.45085241779423957,0.37466129341190946,0.007952642628476631,0.006608697781426894,6.862866388791608,0.38551232854127915,716.8270511350477,True,False,True,False,False,False,False,False,False,False,AA08_dcr,AA08,dcr,False,0.052030021360468914,0.03072815054189174,False,False
703,11201,0.1059923337490827,0.01377979797915737,0.48784244864027004,0.38587964991645324,0.004609472074886023,0.003646057196363988,22.99446271224098,3.7793696689396983,0.2137300767297609,-0.0028124736154699864,0.45465905139097057,0.38196827593894417,0.004295932440529019,0.0036090998361055357,49.751731361827765,0.7792728777779772,941.5147765161167,True,True,True,False,True,False,False,False,False,True,AA08_dcr,AA08,dcr,False,0.006636664345207155,-0.011826549748259646,False,False
F51,11792,0.029366710917883763,0.0007391149192936838,0.2860950825880392,0.19619948294665684,0.002634611953580875,0.0018067752104707433,11.146503331532193,0.40907962153250504,0.14826653428948844,0.0011705376613661146,0.25545157512279776,0.18420245877089053,0.0023524199272893158,0.0016962961941418058,63.027239554264185,0.6900549947636448,711.6464864123344,True,False,True,False,True,True,False,False,False,False,AA08_dcr,AA08,dcr,False,0.3467197702522619,-0.014235362622315796,False,False
F52,6019,-0.018276645523405625,0.0002741053768551332,0.28621257043202225,0.19326263440461902,0.0036891518556987145,0.0024910688069179677,4.954159177582589,0.11003524916450036,0.1934443595866067,0.0005321285356861416,0.22694212225546223,0.17513508872990277,0.0029251823223249737,0.0022574128613939886,66.13070170369912,0.2357249507994491,654.8380885051354,True,False,True,False,True,True,False,False,False,False,AA08_dcr,AA08,dcr,False,0.2555890877254972,-0.10087955608844493,False,False
G96,14710,0.07005595244496861,0.006697029813809081,0.32133536110358063,0.19769840124076085,0.0026494283761402154,0.0016300345917920492,26.441912178440806,4.1085200568942595,0.16734414260311853,-0.0050385053556994495,0.29330835934951655,0.1822990611021253,0.002418344148465026,0.001503066154216377,69.1978198013444,3.35215142830907,768.1307070317077,True,True,True,True,True,False,False,False,False,False,AA08_dcr,AA08,dcr,False,0.09297858463694696,0.0020254174076600965,False,False
T09,76,0.18749272141322162,0.035118713129790445,0.3045363204203283,0.2583170222710465,0.034932711719735075,0.029630994617785192,5.367253562147552,1.1852019678310561,-0.05130161596892759,-0.07662607270109859,0.3206771850770726,0.2913613054515053,0.03678419587500128,0.033421433855821,1.394664603876591,2.292722479581846,490.29880288748876,True,False,False,False,False,True,False,True,False,False,AA08_dcr,AA08,dcr,False,-0.002786170975181343,-0.0012224892073334386,False,False
V00,470,0.13532304643570942,-0.13471189836144862,0.5248410348604561,0.3821717207408957,0.024209111695647337,0.01762826696047881,5.5897567881451735,7.641811793720966,0.29483145213827405,-0.0255492506207422,0.45520233857536135,0.40382724634324363,0.020996918165175082,0.018627161870200533,14.041653628353588,1.3716126374364914,871.7454556161142,True,True,True,False,True,False,False,False,False,True,AA08_dcr,AA08,dcr,True,-0.5936724524723948,-0.7617276624037187,False,False
W68,4780,-0.04956360624372922,-0.006731074618099135,0.3800527789442298,0.40385568447947934,0.005497053504831992,0.005841336858478852,9.016395092418524,1.1523174884750578,0.2681578243730293,0.05790634444205466,0.32290939025548515,0.3612394280281959,0.0046705360249649774,0.005224938676786506,57.414785570579156,11.0826840321251,922.4097525475556,True,False,True,True,True,True,False,False,True,False,AA08_dcr,AA08,dcr,False,3.991543945230606e-05,0.003125905518394218,False,False
W84,354,0.005675892496373071,0.02946169202732991,0.29689165712859295,0.24696821323288573,0.015779613543899226,0.01312621243767149,0.35969781392824457,2.24449300719654,0.14008248853604865,0.018601678082555636,0.2670823359429022,0.24224376499223654,0.01419526599818011,0.012875110846718702,9.868253863929551,1.4447780919335838,646.7304445115977,False,False,True,False,True,False,True,False,False,False,AA08_dcr,AA08,dcr,False,-0.0009881438531923162,0.03793624468689574,False,False
691,3214,0.13600322279978966,0.0035255647226989117,0.4353780470366291,0.3724886935492658,0.007679688252102435,0.006570375018588417,17.709471834687644,0.536585006597743,-0.05509109955599323,0.002454147748694819,0.45099205813013427,0.37467466229454716,0.00795510576196347,0.006608933596832919,6.925250424627379,0.37133793413673827,716.8270511350477,True,False,True,False,False,False,False,False,False,False,AA08_epoch,AA08,epoch,False,0.006410071393192993,0.020714563565861124,False,False
703,11201,0.1058011305686686,0.013660647878586837,0.48773754013249065,0.3858884969627611,0.004608480826915751,0.003646140789362127,22.95791922377955,3.746604606833269,0.21374602236716964,-0.0027233763487995123,0.4545502436528107,0.3819071632223917,0.0042949043499395725,0.0036085224009906654,49.767353345174485,0.7547067874795097,941.5147765161167,True,True,True,False,True,False,False,False,False,True,AA08_epoch,AA08,epoch,False,0.00926243340358504,0.005630419773166838,False,False
F51,11792,0.030373481262078186,0.00038603636525320916,0.2859418222212215,0.1957356772632239,0.0026332005990382682,0.0018025040849880636,11.53481480794573,0.21416670756436346,0.14717682153024553,0.0013895888302753675,0.25559592877969245,0.18430542370628383,0.002353749261112734,0.0016972443846773892,62.528674554173946,0.818732318586813,711.6464864123344,True,False,True,False,True,True,False,False,False,False,AA08_epoch,AA08,epoch,False,0.019242798849530587,0.0769821983803231,False,False
F52,6019,-0.01753354705139368,0.0004007282689160237,0.286197785718779,0.19303823678617188,0.0036889612873661813,0.002488176422110204,4.75297670144762,0.16105299662640846,0.192547886314719,0.0008499827459094294,0.22742203753826462,0.17515197821399084,0.002931368215395485,0.0022576305592801127,65.68532922730809,0.37649328514602587,654.8380885051354,True,False,True,False,True,True,False,False,False,False,AA08_epoch,AA08,epoch,False,0.03914988780614238,-0.001351649519913982,False,False
G96,14710,0.07059203860044629,0.006565940282056203,0.3212795822694934,0.19770272971700173,0.0026489684764724316,0.0016300702803254824,26.64887831902478,4.02801054733981,0.16715587859423878,-0.00510327679804686,0.29327797422453705,0.18262701283157334,0.0024180936213768875,0.0015057701349268096,69.1271326786175,3.389147307198328,768.1307070317077,True,True,True,True,True,False,False,False,False,False,AA08_epoch,AA08,epoch,False,0.0379496938476019,-0.028408651258627193,False,False
T09,76,0.18752492078513236,0.035491977517547825,0.3044803960920554,0.2581561056517183,0.0349262967593291,0.029612536215627615,5.369161296353096,1.1985456854863183,-0.05125397609621171,-0.07671369987478417,0.32064200995534503,0.2912508884766735,0.036780161011818725,0.033408768160164595,1.393522341561856,2.2962145598129178,490.29880288748876,True,False,False,False,False,True,False,True,False,False,AA08_epoch,AA08,epoch,False,-0.0018706540391773667,-0.003077339287666217,False,False
V00,470,0.3128729381888231,0.17927715201312813,0.49376415266372486,0.37510267379030704,0.022775642011911245,0.017302196139331837,13.737173161801378,10.361525818424303,0.27125051854230936,-0.015489753048907803,0.5404217974078782,0.385722943040592,0.024927798680391564,0.01779207263038471,10.881446934810073,0.8705985733474874,871.7454556161142,True,True,True,False,False,False,False,False,False,True,AA08_epoch,AA08,epoch,True,-1.2907778485194197,-0.36479933849704976,False,False
W68,4780,-0.04947584892982818,-0.00691280463329495,0.38000073271440493,0.403841503561227,0.005496300712257059,0.00584113174679253,9.00166339507121,1.1834700761698955,0.2680295319885339,0.05809955388308698,0.3228929289728322,0.3612391383540677,0.004670297930267307,0.005224934486962697,57.390242761920135,11.119671266320658,922.4097525475556,True,False,True,True,True,True,False,False,True,False,AA08_epoch,AA08,epoch,False,-0.01938282299745997,0.02927297080238335,False,False
W84,354,0.005816595333923213,0.030322810105582004,0.2968381437138372,0.24669301001611962,0.01577676933799453,0.01311158555172728,0.3686810150615152,2.31267301623848,0.14006261310774823,0.01777529289356186,0.26697086266671116,0.242204302110185,0.014189341260396032,0.012873013418201767,9.870973608808603,1.3808183302620136,646.7304445115977,False,False,True,False,True,False,True,False,False,False,AA08_epoch,AA08,epoch,False,-0.001978725788183711,-0.007442041063072584,False,False
691,2781,0.13683285488299668,0.0065710117030828965,0.43447666217432496,0.3707302357389458,0.008238837914929064,0.007030035415782829,16.608271250858174,0.9347053484724418,-0.06248755269814847,0.0004765722841642874,0.4490840587921996,0.3733647260648012,0.008515833168233289,0.007079992388556806,7.337808463797355,0.06731254187992601,708.1573131428089,True,False,True,False,False,False,False,False,False,False,AA08_mag_dep,AA08,mag_dep,False,-0.6284750666482829,-0.18419322883438866,False,False
703,9605,0.09873524482277735,0.015220574847805316,0.48754291252894577,0.3876300178260693,0.004974668696192479,0.0039552024361945645,19.84760209224536,3.848241674944343,0.20992768978669935,-0.00452706755959253,0.4550588909829284,0.38307932380079385,0.004643216344084253,0.003908769200202966,45.211696856244984,1.1581823657834438,950.5944110606065,True,True,True,False,True,False,False,False,False,True,AA08_mag_dep,AA08,mag_dep,False,-0.5947320256309402,-0.3336335375689239,False,False
F51,10004,0.028776170944769124,-0.0006339049647444146,0.28262946142417855,0.1945661340393145,0.002825729524840108,0.0019452723248258473,10.18362539365738,0.3258695230762437,0.14324812226007638,0.0019165888228384316,0.2532977528145146,0.18394758089187538,0.002532471084567527,0.001839108024088742,56.56456381003024,1.042129552878266,714.8704003285825,True,False,True,False,True,True,False,False,False,False,AA08_mag_dep,AA08,mag_dep,False,-1.1178269880702028,0.2843184504853681,False,False
F52,5094,-0.017561877329584946,-0.0008654257423836508,0.2806963563914485,0.19293278069978276,0.003932849296728816,0.002703189883351802,4.465433583786747,0.320149815487831,0.18849621944559503,0.0029698614154203304,0.22390755305312163,0.1750471830383106,0.0031371788144239233,0.0024525939686460196,60.084627174880495,1.2109062704169797,649.7214893908645,True,False,True,False,True,True,False,False,False,False,AA08_mag_dep,AA08,mag_dep,False,-0.9055385103966217,0.6344570543268092,False,False
G96,12636,0.07341985132296402,0.006977568761008169,0.3179063685740491,0.19619239576526185,0.0028280977712578917,0.001745329229138243,25.96086035961482,3.997852465035119,0.1630445964756922,-0.00622407605408971,0.2922604899441466,0.18153491752908624,0.0025999518158292463,0.001614936177505074,62.71062235962617,3.8540693686764316,767.2570017942708,True,True,True,True,True,False,False,False,False,False,AA08_mag_dep,AA08,mag_dep,False,-1.120980997344317,-0.5352441019924533,False,False
T09,57,0.1870327844222633,0.04033832154363235,0.318969073189966,0.26082709177319213,0.04224848583431581,0.034547392265276665,4.426970120437978,1.1676227610434176,-0.012020739784600713,-0.08505265257287117,0.3258662773215593,0.30550804509620944,0.04316204283887362,0.0404655291073616,0.2785025683208467,2.1018544536317,476.7255617246076,True,False,False,False,False,True,False,True,False,False,AA08_mag_dep,AA08,mag_dep,False,0.6899983735416182,-0.16168163602886185,False,False
V00,470,0.15834917605631868,0.07142516470375435,0.5115682415692424,0.3780691981791061,0.023596883394204283,0.017439031705734135,6.710597048388662,4.095707027143543,0.3140588345770216,-0.002919505554361118,0.45365972204902444,0.3608493752356379,0.020925762570796737,0.016644740502630075,15.008238457952837,0.17540108564022372,871.7454556161142,True,True,True,False,True,False,False,False,False,True,AA08_mag_dep,AA08,mag_dep,True,0.0882233625695469,0.16125807942393758,False,False
W68,4159,-0.042158401543944714,-0.008498328547372678,0.381054607603707,0.4168447680593485,0.005908711114073699,0.00646368070278593,7.134957307953248,1.3147816140902178,0.27006226008615464,0.06222421302114903,0.32503846422834093,0.37193846250226914,0.005040113274485861,0.005767354293283349,53.58257748953143,10.789039454991562,938.5558490609951,True,False,True,True,True,True,False,False,True,False,AA08_mag_dep,AA08,mag_dep,False,0.27717919069498337,0.5577975699722401,False,False
W84,296,-0.000609410655897804,0.031691062419532665,0.3078750100115875,0.24828118539317234,0.017894871471038385,0.01443105077323636,0.03405504514989633,2.1960329096968114,0.17102347148787328,0.030437793098141083,0.26576310150782617,0.23776220560790431,0.015447166507759374,0.013819647492220671,11.071510843232335,2.2025014107830945,668.4719061732028,False,False,True,False,True,True,True,False,False,False,AA08_mag_dep,AA08,mag_dep,False,1.474065587309424,0.6631240246941541,False,False
691,3214,0.1361382905489935,0.0036404741084738674,0.43545937561524833,0.3724896350648238,0.007681122817152358,0.006570391626100025,17.723748700514125,0.554072620878877,-0.05521379457924466,0.0023285013764066708,0.4510698133930125,0.3747094122185418,0.007956477296846612,0.00660954655512257,6.939477424403326,0.352293664472644,716.8270511350477,True,False,True,False,False,False,False,False,False,False,AA08_seasonal,AA08,seasonal,False,-0.004494874496696473,0.007271058632996831,False,False
703,11201,0.10586846132801786,0.013767886933301336,0.48779990860137806,0.3858916228061646,0.0046090701272451726,0.003646170324487492,22.969592218223664,3.7759856803279095,0.21373985942309143,-0.0027687428158735565,0.45462540077290325,0.38192615252746825,0.004295614486269982,0.0036087018250479936,49.75769127007682,0.7672406727138599,941.5147765161167,True,True,True,False,True,False,False,False,False,True,AA08_seasonal,AA08,seasonal,False,0.008247206301257656,-0.003258705214435723,False,False
F51,11792,0.030615251698523912,0.0005579105876053331,0.28571724131747195,0.19576584265173438,0.0026311324630597954,0.0018027818740798409,11.635769817123094,0.30947204186313254,0.14693772757549742,0.0012846595389887775,0.25547067280396535,0.18439480964008534,0.0023525957953211413,0.001698067527974873,62.457702197601556,0.7565420796432468,711.6464864123344,True,False,True,False,True,True,False,False,False,False,AA08_seasonal,AA08,seasonal,False,-0.05260035416776551,0.03328125145914254,False,False
F52,6019,-0.017453432061061216,0.0004707077752086713,0.28622141447030597,0.19310879732105127,0.0036892658513914857,0.002489085915805035,4.730868623761088,0.18910868934647931,0.1924513619907939,0.0008992002887235842,0.22752155580783442,0.17523713069276844,0.0029326509613220707,0.0022587281365969497,65.62368468971663,0.398100273403571,654.8380885051354,True,False,True,False,True,True,False,False,False,False,AA08_seasonal,AA08,seasonal,False,0.0158711561749077,0.014055396176473754,False,False
G96,14710,0.07068331744399747,0.006389121018737205,0.32129710724023264,0.19769803594775218,0.0026491129708555213,0.001630031579930362,26.681881151021866,3.9196302068025943,0.1670648124961492,-0.00499265500883377,0.2934794223389917,0.18244448602096622,0.002419754572567952,0.001504265190964937,69.04204847471475,3.3189992288734307,768.1307070317077,True,True,True,True,True,False,False,False,False,False,AA08_seasonal,AA08,seasonal,False,0.011325186024743574,0.023577740844053584,False,False
T09,76,0.187153650022948,0.03535150117156593,0.30440204559151074,0.25815048057173146,0.03491730934053831,0.02961189097470098,5.35991041571082,1.1938278849455646,-0.05104016012459062,-0.07654712376073707,0.3205211479431454,0.2911201625583539,0.036766297188205795,0.03339377286892099,1.3882322678108503,2.292257423598223,490.29880288748876,True,False,False,False,False,True,False,True,False,False,AA08_seasonal,AA08,seasonal,False,0.002239451414554799,0.0004483242453185644,False,False
V00,470,0.14229354124326518,0.05575067705201604,0.5406509691584819,0.3916527311017929,0.024938369584988088,0.018065593357557454,5.705807701595708,3.0860141678487207,0.3220150137029178,-0.04776121662122755,0.4760552490871196,0.36914950722887846,0.02195879120144161,0.017027597042356242,14.664514578642983,2.804929932416257,871.7454556161142,True,True,True,False,True,False,False,False,False,True,AA08_seasonal,AA08,seasonal,True,0.36089942528409696,-1.7412718674699736,False,False
W68,4780,-0.04952660856812834,-0.0066983135060831814,0.38006051869330065,0.4038632843624681,0.0054971654519538485,0.005841446782588698,9.00948115915361,1.146687414160564,0.26812944623236273,0.05791311087810259,0.32292358212664946,0.36125768044754747,0.004670741295073356,0.0052252026783445185,57.40618657581882,11.083419044799806,922.4097525475556,True,False,True,True,True,True,False,False,True,False,AA08_seasonal,AA08,seasonal,False,-0.0042561711035853335,0.004041505905552689,False,False
W84,354,0.005966159274652687,0.03017009354890514,0.29684296505100455,0.2467525687857846,0.01577702558917384,0.013114751064620277,0.3781548835635187,2.3004701652549957,0.13989089905883284,0.017855577157856264,0.26707249063574745,0.24223695801191697,0.01419474272600862,0.012874749059796556,9.855120431490088,1.3868679750515007,646.7304445115977,False,False,True,False,True,False,True,False,False,False,AA08_seasonal,AA08,seasonal,False,-0.01053308584280841,-0.0030329843334132986,False,False
691,3214,0.13673562400239606,0.0036963059716300165,0.43737870333844797,0.37274686799324375,0.007714978080797635,0.0065749289901492385,17.72339760014707,0.5621818847272626,-0.055538498274971176,0.0018395607428473304,0.4522491528203042,0.3759498750143286,0.00797727981366311,0.006631427234740696,6.962084767272104,0.2774004264436842,716.8270511350477,True,False,True,False,False,False,False,False,False,False,AA08_step,AA08,step,False,-0.03330900557300791,-0.044964799951052646,False,False
703,11201,0.1056921554833942,0.013881642143032166,0.487779338629666,0.3859336651621795,0.004608875767958784,0.003646567569677108,22.93230731411187,3.8067694832983285,0.21380713348295088,-0.0028164017365863254,0.4545307822460284,0.3819722528910064,0.00429472046513957,0.0036091374130927884,49.78371356609412,0.7803531465356034,941.5147765161167,True,True,True,False,True,False,False,False,False,True,AA08_step,AA08,step,False,0.019322974296492827,-0.012596107347989306,False,False
F51,11792,0.030280917236313806,0.0006872404151739702,0.28591807744395625,0.19620131733222979,0.00263298193651023,0.0018067921030860033,11.500617158220354,0.38036496506718326,0.147099843783708,0.0012013904933501351,0.2556112654736413,0.1847902124272229,0.002353890494708364,0.0017017087401902254,62.49222048111162,0.7059906698345086,711.6464864123344,True,False,True,False,True,True,False,False,False,False,AA08_step,AA08,step,False,-0.0038832734890333425,-0.0013823582076765894,False,False
F52,6019,-0.01868469823009805,0.0004066092677148731,0.286167805000757,0.19335025825888555,0.0036885748493374142,0.002492198239158078,5.065560275523328,0.16315285892033818,0.19355526157890202,0.000499893374784969,0.22683509373934246,0.17521815565438278,0.002923802772683741,0.002258483556849922,66.19983515551523,0.2213402764296447,654.8380885051354,True,False,True,False,True,True,False,False,False,False,AA08_step,AA08,step,False,0.282425900114105,-0.11094686944972586,False,False
G96,14710,0.07067109912971625,0.006680158141247329,0.32154560798509835,0.19791422104495768,0.002651161873667456,0.0016318140383845697,26.65665187465681,4.093700620360159,0.1668769191359385,-0.005427707005257564,0.29391744330722286,0.1825767328266859,0.002423366080428744,0.0015053555734193434,68.86162205687656,3.60559797372576,768.1307070317077,True,True,True,True,True,False,False,False,False,False,AA08_step,AA08,step,False,-0.04354881150601041,-0.18086403426115744,False,False
T09,76,0.1872416085733685,0.03405135321642413,0.3044241791893217,0.2581790309780073,0.03491984823833081,0.029615165930905022,5.362039585493879,1.1497944430184572,-0.05149407561917405,-0.07564970648856192,0.32080155066879573,0.2909166776666745,0.03679846158674799,0.0333704315510429,1.3993540327163652,2.266968180284073,490.29880288748876,True,False,False,False,False,True,False,True,False,False,AA08_step,AA08,step,False,-0.006483912289723724,0.01945310724613523,False,False
V00,470,0.35989432013711214,-0.11923348628499014,0.5201263656428465,0.3747801243733945,0.02399164022120844,0.01728731804417017,15.000821820384258,6.897165076754022,0.27515781241451315,0.026065157161392447,0.5555664755207522,0.41210484454125673,0.025626370590125475,0.01900897900346007,10.73729155078007,1.3712023752905398,871.7454556161142,True,True,True,False,False,False,False,False,False,True,AA08_step,AA08,step,True,-1.145172190581214,1.306639080100875,False,False
W68,4780,-0.04960970569873428,-0.006691738754076339,0.38008422477821757,0.40386907984794146,0.005497508334901687,0.00584153060803479,9.02403464925742,1.1455454405857468,0.2681965499978725,0.05789430994467578,0.3229197991444417,0.361256956312652,0.004670686578316222,0.00522519220451434,57.421226087612396,11.07984312895851,922.4097525475556,True,False,True,True,True,True,False,False,True,False,AA08_step,AA08,step,False,0.005902510876513964,0.0014972394251827018,False,False
W84,354,0.005337724572597334,0.028947407019719883,0.2967692888988853,0.24726286808994294,0.015773109745868954,0.013141873166632902,0.3384066083731718,2.2026850094107657,0.14021140323450854,0.0191546975735598,0.26697721238232014,0.24232237147776736,0.014189678743973012,0.012879288734287914,9.881224639709519,1.4872480902276197,646.7304445115977,False,False,True,False,True,False,True,False,False,False,AA08_step,AA08,step,False,0.005435294784249683,0.06829204926108058,False,False
691,3214,0.13625574229187917,0.0037041123610237737,0.4353609375251918,0.37246538562205994,0.0076793864552734984,0.0065699638871224144,17.743050579035675,0.5637949347460024,-0.05527348012063133,0.0022520972580160584,0.45100927747537084,0.37467878156080153,0.007955409496164637,0.006609006257089624,6.947911373673359,0.34076185895575223,716.8270511350477,True,False,True,False,False,False,False,False,False,False,AA08_timing,AA08,timing,False,-0.009800022927698904,-0.0009032353853672116,False,False
703,11201,0.1060998556364647,0.013781741624561871,0.48777121851972544,0.3859004022937268,0.004608799043557043,0.0036462532791439847,23.02115033303285,3.7796994803930217,0.21354103717736164,-0.0027552633383624734,0.45472662928941887,0.3819539104625107,0.004296570963143533,0.003608964101171753,49.70033987780967,0.7634499155776858,941.5147765161167,True,True,True,False,True,False,False,False,False,True,AA08_timing,AA08,timing,False,-0.024477531798152544,-0.0006175497632668228,False,False
F51,11792,0.030488355752270234,0.0006038931927604579,0.2859292680460466,0.1958656951209013,0.002633084989291733,0.0018037014023236748,11.57894860069489,0.33480774144904113,0.1471280784236486,0.0012054607870002156,0.25558529849683204,0.18449848555090553,0.002353651368237258,0.0016990222657895686,62.510565672195796,0.7095026423564935,711.6464864123344,True,False,True,False,True,True,False,False,False,False,AA08_timing,AA08,timing,False,0.004599152125408225,0.00031054488523486046,False,False
F52,6019,-0.017302147015671072,0.0005083423062302497,0.2862575098126032,0.1931131240728655,0.003689731104188792,0.002489141685698232,4.68927044467514,0.20422393355549545,0.1924070197013275,0.0008530320986920236,0.22758085204307568,0.17525789069431286,0.00293341526323916,0.0022589957237197176,65.5914701585299,0.37761563235161866,654.8380885051354,True,False,True,False,True,True,False,False,False,False,AA08_timing,AA08,timing,False,0.005180401293847167,-0.00039674951425546504,False,False
G96,14710,0.07076786217702823,0.006466157343179214,0.3212835331853035,0.1976745203679935,0.002649001051998583,0.0016298376926342983,26.71492414985499,3.9673627456289817,0.16704649936859878,-0.0050399044666102925,0.293487736714232,0.18243268759805858,0.0024198231250659274,0.00150416791229527,69.0325245834022,3.350626233556399,768.1307070317077,True,True,True,True,True,False,False,False,False,False,AA08_timing,AA08,timing,False,0.005973609035799617,0.0013669665835267886,False,False
T09,76,0.1875724110725703,0.03537675409078236,0.3045402025081264,0.2581920070650512,0.034933157025745655,0.029616654390170992,5.369466347811905,1.194488534212122,-0.05115334256594859,-0.07656338062059778,0.32078787781305906,0.2912594103216612,0.03679689320263152,0.03340974568282548,1.3901538448982529,2.291648112124234,490.29880288748876,True,False,False,False,False,True,False,True,False,False,AA08_timing,AA08,timing,False,6.357415586478484e-05,0.00010414768707511962,False,False
V00,470,0.07331585687665089,0.029277152013130595,0.4959616760439383,0.37510267379067336,0.022877006206842247,0.017302196139348733,3.2047837122465337,1.6921061220978972,0.3121610082941847,-0.006761605141495831,0.412054289189806,0.354173453568555,0.019006647058987764,0.016336803198618063,16.42378097122457,0.4138878983415677,871.7454556161142,True,False,True,False,True,False,False,False,False,False,AA08_timing,AA08,timing,True,0.02189254950280637,-0.0035448923117664313,False,False
W68,4780,-0.04955390378735943,-0.006680432484566309,0.3800833370432073,0.4038654269335741,0.005497495494772316,0.005841477772568669,9.013905301874514,1.1436202866229048,0.2681643931093135,0.05788364606136789,0.3229377657735435,0.36125359444561017,0.004670946446226538,0.005225143578733847,57.41114701196206,11.07790536071627,922.4097525475556,True,False,True,True,True,True,False,False,True,False,AA08_timing,AA08,timing,False,0.0010343140737200589,5.413026168399575e-05,False,False
W84,354,0.00583531663050454,0.030208007638574636,0.29693519154447856,0.2468355854696688,0.01578192737199793,0.013119163351587373,0.36974676748660085,2.302586440081148,0.14014215935728752,0.017918263044298333,0.267041124812986,0.2423203925447052,0.014193075651337511,0.012879183555182338,9.873981003129575,1.3912576808557375,646.7304445115977,False,False,True,False,True,False,True,False,False,False,AA08_timing,AA08,timing,False,0.0019847348828828,0.0004091415200291447,False,False
691,3214,0.1499861047168464,0.014021763401993055,0.4348601625984179,0.3711811699940122,0.007670553223216281,0.00654731144578089,19.55349247338341,2.1416062941421137,-0.07468538822063348,-0.008113138041028489,0.45195396749857036,0.3737251003558683,0.007972073002564245,0.006592184154102055,9.368377358889044,1.2307207825770468,716.8270511350477,True,False,True,False,False,False,False,False,False,False,AA08_trailing,AA08,trailing,False,-1.7333129687005902,-1.11130873386646,False,False
703,11201,0.1184324902268021,0.014774979570572186,0.48160810059601017,0.38679226372621917,0.004550565652750693,0.003654680201358728,26.02588321195034,4.0427557970952375,0.21095052122928384,0.004074885580744255,0.4577590017422772,0.37646665002622565,0.0043252229104701,0.0035571166782605622,48.77217327195653,1.145558594028713,941.5147765161167,True,True,True,False,True,False,False,False,False,True,AA08_trailing,AA08,trailing,False,-0.44934522669251736,1.3472575478409166,False,False
F51,11792,0.02517024563993383,0.0006670906789592128,0.287663606851763,0.1959911426890261,0.0026490562870426946,0.001804856632464436,9.501589589865956,0.36960868080049986,0.14561666623752226,0.006523897857006326,0.2561047636636126,0.1869263764853771,0.002358435054574991,0.001721380393794027,61.74291971917944,3.7899222510762187,711.6464864123344,True,False,True,True,True,True,False,False,True,False,AA08_trailing,AA08,trailing,False,-0.4490226783935994,2.1992481602542084,False,False
F52,6019,-0.015174228871520994,0.0035915118687024814,0.28657261587122806,0.19391267223876602,0.0036937926801676644,0.0024994475034877863,4.108034799298,1.436922305305794,0.18815327872747387,0.0015472468327532207,0.22929189324381333,0.1788420521137638,0.0029554698180455762,0.00230519395928894,63.662730567791016,0.6712002807913328,654.8380885051354,True,False,True,False,True,False,False,False,False,False,AA08_trailing,AA08,trailing,False,-1.0163540696206308,0.21469612317082734,False,False
G96,14710,0.0665840161732643,0.005597655329699879,0.32905160410488593,0.20150117105371607,0.0027130492396973444,0.0016613886457491713,24.54213333064759,3.369263022244698,0.1723372102342565,-0.0022743446689438094,0.30040771233255276,0.18273108317800002,0.002476878718643964,0.0015066282008676093,69.57838061954332,1.5095593376216518,768.1307070317077,True,True,True,False,True,False,False,False,False,True,AA08_trailing,AA08,trailing,False,1.5338236604055593,1.3003673860935026,False,False
T09,76,0.13750205762250903,0.009671119990429161,0.2603990121784428,0.261574494045718,0.0298698152390434,0.030004652256659638,4.603378243959725,0.3223206823962648,-0.0040399945301217086,-0.029500759057921735,0.2887600197537009,0.26683657722110327,0.0331230459221366,0.03060825459334411,0.12196929411681078,0.96381709606979,490.29880288748876,True,False,False,False,False,True,False,True,False,False,AA08_trailing,AA08,trailing,False,0.9516668513839053,1.0387626320450127,False,False
V00,470,-0.22416966947853068,0.03298610537294212,5.178398185798067,1.4208393434017754,0.2388616966999439,0.06553843179417039,0.9384914893245977,0.5033093479645361,3.273951504475361,-0.033831284291422084,3.9785170933948257,1.521408424312674,0.18351530901665486,0.07017733757932468,17.84020920117479,0.4820827557497607,871.7454556161142,False,False,True,False,True,False,True,False,False,False,AA08_trailing,AA08,trailing,True,16.05807908205617,-0.3768310883130259,True,False
W68,4780,-0.04890071093462692,-0.0017912059142519887,0.3821659362195028,0.4069109679043757,0.005527618045469137,0.005885528237649234,8.846615401494631,0.304340722179157,0.2684439057353631,0.05861679822244917,0.3222375245312769,0.3669760863396797,0.00466081821196991,0.005307913251435763,57.59587555806095,11.043284892908456,922.4097525475556,True,False,True,True,True,True,False,False,True,False,AA08_trailing,AA08,trailing,False,0.04339502506718946,0.09848663453172044,False,False
W84,354,0.008423991001882375,0.052335307824980526,0.29076417222296824,0.22784512082290886,0.01545394139554056,0.01210983154333397,0.5451030767020528,4.321720548936062,0.13797787965145544,-0.0014125641197979494,0.26816039486536614,0.21970727307410412,0.01425256418344594,0.011677309815383865,9.680916210973034,0.12096657039423721,646.7304445115977,False,True,True,False,True,False,True,False,False,True,AA08_trailing,AA08,trailing,False,-0.10562368632166051,-1.111491053229561,False,False
