fake_code,real_code,bias_type,bias_params,injected_ra_arcsec,injected_dec_arcsec,recovered_mean_ra_arcsec,recovered_mean_dec_arcsec,recovered_rms_ra_arcsec,recovered_rms_dec_arcsec,n_obs,n_objects,recovery_error_ra,recovery_error_dec,detection_snr_ra,detection_snr_dec,detected_ra,detected_dec,scenario,target_station,applied_bias,is_target
AA00,F51,,{},0.0,0.0,0.0304762619804138,0.0006071347359346,0.2875230986209416,0.1958604375338504,11792,100,-0.0304762619804138,-0.0006071347359346,0.0,0.0,True,True,AA00_clean,AA00,clean,True
AA01,G96,,{},0.0,0.0,0.0707927568657382,0.0064678743510407,0.3289590001423764,0.1977776303687236,14710,100,-0.0707927568657382,-0.0064678743510407,0.0,0.0,True,True,AA00_clean,AA00,clean,False
AA02,F52,,{},0.0,0.0,-0.0172687183224607,0.0005062424051965,0.286747983394066,0.1930986929718322,6019,100,0.0172687183224607,-0.0005062424051965,0.0,0.0,True,True,AA00_clean,AA00,clean,False
AA03,703,,{},0.0,0.0,0.1059675593767352,0.0137798793225596,0.4991568444196221,0.386123315041017,11201,92,-0.1059675593767352,-0.0137798793225596,0.0,0.0,False,True,AA00_clean,AA00,clean,False
AA04,691,,{},0.0,0.0,0.1361387576380109,0.0036924751723982,0.4561485481115754,0.3724214616555123,3214,97,-0.1361387576380109,-0.0036924751723982,0.0,0.0,False,True,AA00_clean,AA00,clean,False
AA05,W84,,{},0.0,0.0,0.0058858451106142,0.030193397515855,0.296547790539241,0.2483203768462128,354,31,-0.0058858451106142,-0.030193397515855,0.0,0.0,True,True,AA00_clean,AA00,clean,False
AA06,W68,,{},0.0,0.0,-0.0495595226420558,-0.006673935827525,0.3832577765138181,0.4038786297563346,4780,57,0.0495595226420558,0.006673935827525,0.0,0.0,True,True,AA00_clean,AA00,clean,False
AA07,T09,,{},0.0,0.0,0.1875860873770404,0.0353883686895411,0.3559690797642175,0.2589176481969038,76,9,-0.1875860873770404,-0.0353883686895411,0.0,0.0,False,True,AA00_clean,AA00,clean,False
AA08,V00,,{},0.0,0.0,0.0628729810562016,0.0292771520131305,0.4972297173035901,0.3758454489862393,470,66,-0.0628729810562016,-0.0292771520131305,0.0,0.0,True,True,AA00_clean,AA00,clean,False
AA00,F51,ConstantBias,"{'delta_ra': 0.5, 'delta_dec': 0.0}",0.5,0.0,0.5304762616481034,0.0006071347359346,0.6026157935632245,0.1958604375338504,11792,100,-0.0304762616481033,-0.0006071347359346,90.0996761484586,0.0,True,True,AA00_constant,AA00,constant,True
AA01,G96,,{},0.0,0.0,-0.1147167619296582,0.0060866075270474,0.3314792226802454,0.1933091800703082,14710,100,0.1147167619296582,-0.0060866075270474,0.0,0.0,False,True,AA00_constant,AA00,constant,False
AA02,F52,,{},0.0,0.0,-0.1076695857603703,0.0011558376715342,0.3072921464484496,0.1906785802181646,6019,100,0.1076695857603703,-0.0011558376715342,0.0,0.0,False,True,AA00_constant,AA00,constant,False
AA03,703,,{},0.0,0.0,-0.0854524605504874,0.0125637899382432,0.4859648123371779,0.3790547703019258,11201,92,0.0854524605504874,-0.0125637899382432,0.0,0.0,True,True,AA00_constant,AA00,constant,False
AA04,691,,{},0.0,0.0,-0.1628709419948585,0.0049692478987209,0.4266427323880995,0.3608000681820255,3214,97,0.1628709419948585,-0.0049692478987209,0.0,0.0,False,True,AA00_constant,AA00,constant,False
AA05,W84,,{},0.0,0.0,-0.1691090622685142,0.0816238095336156,0.3543894803884019,0.2541337577234623,354,31,0.1691090622685142,-0.0816238095336156,0.0,0.0,False,True,AA00_constant,AA00,constant,False
AA06,W68,,{},0.0,0.0,-0.0736689107936498,-0.0079466901209609,0.3921222024636162,0.4046627722953223,4780,57,0.0736689107936498,0.0079466901209609,0.0,0.0,True,True,AA00_constant,AA00,constant,False
AA07,T09,,{},0.0,0.0,-0.0888252381409518,0.039977025685268,0.3050572572114773,0.2629006317379689,76,9,0.0888252381409518,-0.039977025685268,0.0,0.0,True,True,AA00_constant,AA00,constant,False
AA08,V00,,{},0.0,0.0,0.0089729189399711,0.0105021681944553,0.5062764894596773,0.3728366559007472,470,66,-0.0089729189399711,-0.0105021681944553,0.0,0.0,True,True,AA00_constant,AA00,constant,False
AA00,F51,TimingBias,{'delta_t_sec': 1.0},0.0140800935727715,0.0,0.0445563555441427,0.0006071347359346,0.3108843384183303,0.1958604375338504,11792,100,-0.0304762619713712,-0.0006071347359346,4.9181348490179335,0.0,True,True,AA00_timing,AA00,timing,True
AA01,G96,,{},0.0,0.0,0.0621985714048007,0.0059783454926545,0.3256647318723257,0.1974934267470656,14710,100,-0.0621985714048007,-0.0059783454926545,0.0,0.0,True,True,AA00_timing,AA00,timing,False
AA02,F52,,{},0.0,0.0,-0.0218424916262892,-0.0007373443038063,0.287245140107349,0.1931067669069043,6019,100,0.0218424916262892,0.0007373443038063,0.0,0.0,True,True,AA00_timing,AA00,timing,False
AA03,703,,{},0.0,0.0,0.1004101643987568,0.0155759251188829,0.4986339332062766,0.3858577729561354,11201,92,-0.1004101643987568,-0.0155759251188829,0.0,0.0,False,True,AA00_timing,AA00,timing,False
AA04,691,,{},0.0,0.0,0.1304109611578493,0.0028679875718438,0.4558300407425323,0.3718904980375782,3214,97,-0.1304109611578493,-0.0028679875718438,0.0,0.0,False,True,AA00_timing,AA00,timing,False
AA05,W84,,{},0.0,0.0,0.0059153293791027,0.0278621179420773,0.2967010320530079,0.2481744888519402,354,31,-0.0059153293791027,-0.0278621179420773,0.0,0.0,True,True,AA00_timing,AA00,timing,False
AA06,W68,,{},0.0,0.0,-0.0518818811915557,-0.007644441046689,0.3835971726357808,0.4035893794968635,4780,57,0.0518818811915557,0.007644441046689,0.0,0.0,True,True,AA00_timing,AA00,timing,False
AA07,T09,,{},0.0,0.0,0.1869833860167918,0.0329098646730829,0.3554929672124867,0.2580478557733537,76,9,-0.1869833860167918,-0.0329098646730829,0.0,0.0,False,True,AA00_timing,AA00,timing,False
AA08,V00,,{},0.0,0.0,0.0624776511731361,0.029532374700987,0.4973578579470186,0.3755237120321321,470,66,-0.0624776511731361,-0.029532374700987,0.0,0.0,True,True,AA00_timing,AA00,timing,False
AA00,F51,MagnitudeDependentBias,"{'slope_ra': 0.05, 'slope_dec': 0.02, 'ref_mag': 18.0}",0.0793094046811397,0.0317237618724559,0.109785665761454,0.0323308966084369,0.3254993137747949,0.2008265985906557,11792,100,-0.0304762610803143,-0.000607134735981,26.45869060479698,17.153675251544612,True,True,AA00_mag_dep,AA00,mag_dep,True
AA01,G96,,{},0.0,0.0,0.0121838466599547,0.004011585004222,0.319108772324277,0.1933219474571637,14710,100,-0.0121838466599547,-0.004011585004222,0.0,0.0,True,True,AA00_mag_dep,AA00,mag_dep,False
AA02,F52,,{},0.0,0.0,-0.0422221117324352,0.0002342077282315,0.2884629807585429,0.1906058010549012,6019,100,0.0422221117324352,-0.0002342077282315,0.0,0.0,True,True,AA00_mag_dep,AA00,mag_dep,False
AA03,703,,{},0.0,0.0,0.0834022762568296,0.013309796534495,0.4966325806259487,0.3879471739627172,11201,92,-0.0834022762568296,-0.013309796534495,0.0,0.0,True,True,AA00_mag_dep,AA00,mag_dep,False
AA04,691,,{},0.0,0.0,0.0893403829324543,0.00564568239193,0.4326082873840853,0.3696053929597604,3214,97,-0.0893403829324543,-0.00564568239193,0.0,0.0,True,True,AA00_mag_dep,AA00,mag_dep,False
AA05,W84,,{},0.0,0.0,-0.0306276709725701,0.0282446513826192,0.2940631264947753,0.2460482872194183,354,31,0.0306276709725701,-0.0282446513826192,0.0,0.0,True,True,AA00_mag_dep,AA00,mag_dep,False
AA06,W68,,{},0.0,0.0,-0.0530630301474343,-0.006886994809411,0.384727327778469,0.4039298091738939,4780,57,0.0530630301474343,0.006886994809411,0.0,0.0,True,True,AA00_mag_dep,AA00,mag_dep,False
AA07,T09,,{},0.0,0.0,0.109593003812408,0.0298085082007894,0.3117096073374357,0.2580906815029631,76,9,-0.109593003812408,-0.0298085082007894,0.0,0.0,False,True,AA00_mag_dep,AA00,mag_dep,False
AA08,V00,,{},0.0,0.0,0.0477822615036949,0.0171439002424293,0.499277467703917,0.3723428652132726,470,66,-0.0477822615036949,-0.0171439002424293,0.0,0.0,True,True,AA00_mag_dep,AA00,mag_dep,False
AA00,F51,CatalogEpochBias,"{'epoch_error_years': 5.0, 'pm_ra_median_masyr': 50.0, 'pm_dec_median_masyr': 30.0}",0.25,0.15,0.28047626248565,0.1506071347359832,0.4005092532813872,0.2470697298573082,11792,100,-0.0304762624856499,-0.0006071347359832,67.78306293443654,65.92732489732819,True,True,AA00_epoch,AA00,epoch,True
AA01,G96,,{},0.0,0.0,-0.0836151173615186,0.0053135782804359,0.3204448548904267,0.1924750353260479,14710,100,0.0836151173615186,-0.0053135782804359,0.0,0.0,True,True,AA00_epoch,AA00,epoch,False
AA02,F52,,{},0.0,0.0,-0.0831949087232602,-0.0011683102856804,0.2971404013014055,0.1918416561143353,6019,100,0.0831949087232602,0.0011683102856804,0.0,0.0,True,True,AA00_epoch,AA00,epoch,False
AA03,703,,{},0.0,0.0,-0.033155493823831,0.0118515148639411,0.4770456185969647,0.3784385892099769,11201,92,0.033155493823831,-0.0118515148639411,0.0,0.0,True,True,AA00_epoch,AA00,epoch,False
AA04,691,,{},0.0,0.0,-0.0337862774364664,0.0055421259410667,0.4196368619225885,0.3653524485269359,3214,97,0.0337862774364664,-0.0055421259410667,0.0,0.0,True,True,AA00_epoch,AA00,epoch,False
AA05,W84,,{},0.0,0.0,-0.1031679514493481,0.0471493171808341,0.3187777210102004,0.249175082971674,354,31,0.1031679514493481,-0.0471493171808341,0.0,0.0,False,True,AA00_epoch,AA00,epoch,False
AA06,W68,,{},0.0,0.0,-0.0674309882252078,-0.0077929427038484,0.3894290819901479,0.4044156272058687,4780,57,0.0674309882252078,0.0077929427038484,0.0,0.0,True,True,AA00_epoch,AA00,epoch,False
AA07,T09,,{},0.0,0.0,-0.0128536190537875,0.0230399862109093,0.2955095536321714,0.2592992947300846,76,9,0.0128536190537875,-0.0230399862109093,0.0,0.0,True,True,AA00_epoch,AA00,epoch,False
AA08,V00,,{},0.0,0.0,0.0226220124240165,0.0103895186011418,0.5047292879577443,0.3714985801169378,470,66,-0.0226220124240165,-0.0103895186011418,0.0,0.0,True,True,AA00_epoch,AA00,epoch,False
AA00,F51,SeasonalBias,"{'amplitude_ra': 0.3, 'amplitude_dec': 0.1, 'phase_days': 0.0}",-0.0042402754142522,-0.001413425138084,0.0262359899915814,-0.0008062904021018,0.3682504445218489,0.2129350049738486,11792,100,-0.0304762654058336,-0.0006071347359821,1.250387205914544,0.7208078109076711,True,True,AA00_seasonal,AA00,seasonal,True
AA01,G96,,{},0.0,0.0,0.0868163493482455,0.0083206229126266,0.3451555927384269,0.2046229092757179,14710,100,-0.0868163493482455,-0.0083206229126266,0.0,0.0,True,True,AA00_seasonal,AA00,seasonal,False
AA02,F52,,{},0.0,0.0,-0.0146156968075011,0.0055438927427419,0.2897270050568451,0.1961325969599382,6019,100,0.0146156968075011,-0.0055438927427419,0.0,0.0,True,True,AA00_seasonal,AA00,seasonal,False
AA03,703,,{},0.0,0.0,0.1172277514184169,0.0227335049003046,0.5134869993482027,0.3871206994145017,11201,92,-0.1172277514184169,-0.0227335049003046,0.0,0.0,False,True,AA00_seasonal,AA00,seasonal,False
AA04,691,,{},0.0,0.0,0.1419923450342143,0.0042862756122587,0.4678192880320337,0.377391645995649,3214,97,-0.1419923450342143,-0.0042862756122587,0.0,0.0,False,True,AA00_seasonal,AA00,seasonal,False
AA05,W84,,{},0.0,0.0,0.0278499939027509,0.0223654881252794,0.3092828030115885,0.2464490924944672,354,31,-0.0278499939027509,-0.0223654881252794,0.0,0.0,True,True,AA00_seasonal,AA00,seasonal,False
AA06,W68,,{},0.0,0.0,-0.0411742704844448,-0.0033449452155779,0.3832885540796996,0.4045455930524833,4780,57,0.0411742704844448,0.0033449452155779,0.0,0.0,True,True,AA00_seasonal,AA00,seasonal,False
AA07,T09,,{},0.0,0.0,0.1955024548016148,0.047303729692734,0.3666602890861646,0.2605366509879665,76,9,-0.1955024548016148,-0.047303729692734,0.0,0.0,False,True,AA00_seasonal,AA00,seasonal,False
AA08,V00,,{},0.0,0.0,0.0658232748944691,0.0230223174967329,0.4966497800336111,0.3746314742605283,470,66,-0.0658232748944691,-0.0230223174967329,0.0,0.0,True,True,AA00_seasonal,AA00,seasonal,False
AA00,F51,StepChangeBias,"{'delta_ra_before': 0.0, 'delta_dec_before': 0.0, 'delta_ra_after': 0.4, 'delta_dec_after': -0.2, 'change_mjd': 59945.0}",0.0901628222523745,-0.0450814111261872,0.1206390869480297,-0.0444742763902483,0.3282203693466531,0.2167332100270924,11792,100,-0.0304762646956552,-0.0006071347359388,29.830168244270094,22.58737559782193,True,True,AA00_step,AA00,step,True
AA01,G96,,{},0.0,0.0,0.0553552945005067,0.0073344687582039,0.3295606053058758,0.2003238515749162,14710,100,-0.0553552945005067,-0.0073344687582039,0.0,0.0,True,True,AA00_step,AA00,step,False
AA02,F52,,{},0.0,0.0,-0.0393092343897101,0.0049638018867909,0.2893129359812459,0.1932746225925186,6019,100,0.0393092343897101,-0.0049638018867909,0.0,0.0,True,True,AA00_step,AA00,step,False
AA03,703,,{},0.0,0.0,0.0878622502356438,0.0160780770613299,0.4857675090041096,0.3792678230006636,11201,92,-0.0878622502356438,-0.0160780770613299,0.0,0.0,True,True,AA00_step,AA00,step,False
AA04,691,,{},0.0,0.0,0.1201036053819499,0.0012260255073143,0.4512717258293918,0.3741707637703806,3214,97,-0.1201036053819499,-0.0012260255073143,0.0,0.0,False,True,AA00_step,AA00,step,False
AA05,W84,,{},0.0,0.0,-0.0227839790337134,0.0426128491786177,0.3018103401047708,0.2513190461862868,354,31,0.0227839790337134,-0.0426128491786177,0.0,0.0,True,True,AA00_step,AA00,step,False
AA06,W68,,{},0.0,0.0,-0.0542045971256557,-0.0067862236554764,0.3849729017566956,0.4032336899466975,4780,57,0.0542045971256557,0.0067862236554764,0.0,0.0,True,True,AA00_step,AA00,step,False
AA07,T09,,{},0.0,0.0,0.1634651283833993,-0.0246975239523512,0.338670929130222,0.2658786934427817,76,9,-0.1634651283833993,0.0246975239523512,0.0,0.0,False,True,AA00_step,AA00,step,False
AA08,V00,,{},0.0,0.0,0.0506411856117584,0.032038653226855,0.4989017149085136,0.3811570013931351,470,66,-0.0506411856117584,-0.032038653226855,0.0,0.0,True,True,AA00_step,AA00,step,False
AA00,F51,DCRBias,"{'bandpass_nm': 200.0, 'ref_wavelength_nm': 550.0}",-0.0058218494742763,-0.1390089914164516,0.0246544119130653,-0.1384018566804806,0.3169473980301076,0.2666095019880679,11792,100,-0.0304762613873416,-0.0006071347359709,1.9946537457831064,56.618844768086575,True,True,AA00_dcr,AA00,dcr,True
AA01,G96,,{},0.0,0.0,0.0710236687737329,-0.0016105777400182,0.3334408418428071,0.2052043991716915,14710,100,-0.0710236687737329,0.0016105777400182,0.0,0.0,True,True,AA00_dcr,AA00,dcr,False
AA02,F52,,{},0.0,0.0,-0.0169208332763196,0.0055369669212,0.2875944494864021,0.1947490569230668,6019,100,0.0169208332763196,-0.0055369669212,0.0,0.0,True,True,AA00_dcr,AA00,dcr,False
AA03,703,,{},0.0,0.0,0.1021813101921301,0.0083357494417197,0.494975970468715,0.3869255670102193,11201,92,-0.1021813101921301,-0.0083357494417197,0.0,0.0,False,True,AA00_dcr,AA00,dcr,False
AA04,691,,{},0.0,0.0,0.1335936031677955,-0.0058644578515917,0.4570093291059875,0.3778612478082193,3214,97,-0.1335936031677955,0.0058644578515917,0.0,0.0,False,True,AA00_dcr,AA00,dcr,False
AA05,W84,,{},0.0,0.0,0.0112309643747038,0.0363696528222737,0.3067661875784305,0.2588183188428744,354,31,-0.0112309643747038,-0.0363696528222737,0.0,0.0,True,True,AA00_dcr,AA00,dcr,False
AA06,W68,,{},0.0,0.0,-0.0488250483919775,-0.0018959324664501,0.3844829050235018,0.4047021737172416,4780,57,0.0488250483919775,0.0018959324664501,0.0,0.0,True,True,AA00_dcr,AA00,dcr,False
AA07,T09,,{},0.0,0.0,0.1980580885770854,0.0246742013938505,0.3617465062277132,0.2589638742523352,76,9,-0.1980580885770854,-0.0246742013938505,0.0,0.0,False,True,AA00_dcr,AA00,dcr,False
AA08,V00,,{},0.0,0.0,0.0608247580590392,0.0243763039755147,0.4977572836565803,0.3742706906264916,470,66,-0.0608247580590392,-0.0243763039755147,0.0,0.0,True,True,AA00_dcr,AA00,dcr,False
AA00,F51,,{},0.0,0.0,0.0304762619804138,0.0006071347359346,0.2875230986209416,0.1958604375338504,11792,100,-0.0304762619804138,-0.0006071347359346,0.0,0.0,True,True,AA01_clean,AA01,clean,False
AA01,G96,,{},0.0,0.0,0.0707927568657382,0.0064678743510407,0.3289590001423764,0.1977776303687236,14710,100,-0.0707927568657382,-0.0064678743510407,0.0,0.0,True,True,AA01_clean,AA01,clean,True
AA02,F52,,{},0.0,0.0,-0.0172687183224607,0.0005062424051965,0.286747983394066,0.1930986929718322,6019,100,0.0172687183224607,-0.0005062424051965,0.0,0.0,True,True,AA01_clean,AA01,clean,False
AA03,703,,{},0.0,0.0,0.1059675593767352,0.0137798793225596,0.4991568444196221,0.386123315041017,11201,92,-0.1059675593767352,-0.0137798793225596,0.0,0.0,False,True,AA01_clean,AA01,clean,False
AA04,691,,{},0.0,0.0,0.1361387576380109,0.0036924751723982,0.4561485481115754,0.3724214616555123,3214,97,-0.1361387576380109,-0.0036924751723982,0.0,0.0,False,True,AA01_clean,AA01,clean,False
AA05,W84,,{},0.0,0.0,0.0058858451106142,0.030193397515855,0.296547790539241,0.2483203768462128,354,31,-0.0058858451106142,-0.030193397515855,0.0,0.0,True,True,AA01_clean,AA01,clean,False
AA06,W68,,{},0.0,0.0,-0.0495595226420558,-0.006673935827525,0.3832577765138181,0.4038786297563346,4780,57,0.0495595226420558,0.006673935827525,0.0,0.0,True,True,AA01_clean,AA01,clean,False
AA07,T09,,{},0.0,0.0,0.1875860873770404,0.0353883686895411,0.3559690797642175,0.2589176481969038,76,9,-0.1875860873770404,-0.0353883686895411,0.0,0.0,False,True,AA01_clean,AA01,clean,False
AA08,V00,,{},0.0,0.0,0.0628729810562016,0.0292771520131305,0.4972297173035901,0.3758454489862393,470,66,-0.0628729810562016,-0.0292771520131305,0.0,0.0,True,True,AA01_clean,AA01,clean,False
AA00,F51,,{},0.0,0.0,-0.1297084296939341,0.0007453231569707,0.3058813944824515,0.1892567511754493,11792,100,0.1297084296939341,-0.0007453231569707,0.0,0.0,False,True,AA01_constant,AA01,constant,False
AA01,G96,ConstantBias,"{'delta_ra': 0.5, 'delta_dec': 0.0}",0.5,0.0,0.57079275814208,0.0064678743510407,0.6549860937199006,0.1977776303687236,14710,100,-0.0707927581420799,-0.0064678743510407,92.58577394738342,0.0,True,True,AA01_constant,AA01,constant,True
AA02,F52,,{},0.0,0.0,-0.1112692220870545,0.0012549901232356,0.3092364867905238,0.1912401084221456,6019,100,0.1112692220870545,-0.0012549901232356,0.0,0.0,False,True,AA01_constant,AA01,constant,False
AA03,703,,{},0.0,0.0,-0.087117415158167,0.0112129432881656,0.4901656278679943,0.3805347423503605,11201,92,0.087117415158167,-0.0112129432881656,0.0,0.0,True,True,AA01_constant,AA01,constant,False
AA04,691,,{},0.0,0.0,-0.2019862830757228,0.0053057739586735,0.4391393139982875,0.361770649228881,3214,97,0.2019862830757228,-0.0053057739586735,0.0,0.0,False,True,AA01_constant,AA01,constant,False
AA05,W84,,{},0.0,0.0,-0.179084841995592,0.0860460249128317,0.3621416771750202,0.2559555192886129,354,31,0.179084841995592,-0.0860460249128317,0.0,0.0,False,True,AA01_constant,AA01,constant,False
AA06,W68,,{},0.0,0.0,-0.045344798847255,0.0050102655764936,0.47550003832306,0.4120611259051058,4780,57,0.045344798847255,-0.0050102655764936,0.0,0.0,True,True,AA01_constant,AA01,constant,False
AA07,T09,,{},0.0,0.0,-0.0666153458084232,0.0260775619130762,0.294846790764199,0.263092215084076,76,9,0.0666153458084232,-0.0260775619130762,0.0,0.0,True,True,AA01_constant,AA01,constant,False
AA08,V00,,{},0.0,0.0,0.003375132903442,0.0110526331246273,0.5076642841091201,0.3732702000972819,470,66,-0.003375132903442,-0.0110526331246273,0.0,0.0,True,True,AA01_constant,AA01,constant,False
AA00,F51,,{},0.0,0.0,0.0212389026338062,0.0001397527567543,0.2867194783985557,0.1937011032430958,11792,100,-0.0212389026338062,-0.0001397527567543,0.0,0.0,True,True,AA01_timing,AA01,timing,False
AA01,G96,TimingBias,{'delta_t_sec': 1.0},0.0138346688787042,0.0,0.0846274257340601,0.0064678743510407,0.3821111459678683,0.1977776303687236,14710,100,-0.0707927568553559,-0.0064678743510407,4.391222059615107,0.0,True,True,AA01_timing,AA01,timing,True
AA02,F52,,{},0.0,0.0,-0.0247249412196,-0.0010157846727082,0.2873961374154052,0.1925503677628143,6019,100,0.0247249412196,0.0010157846727082,0.0,0.0,True,True,AA01_timing,AA01,timing,False
AA03,703,,{},0.0,0.0,0.100818914810591,0.0134561420625128,0.4972566415314042,0.385470052349773,11201,92,-0.100818914810591,-0.0134561420625128,0.0,0.0,False,True,AA01_timing,AA01,timing,False
AA04,691,,{},0.0,0.0,0.1288034796761291,0.003634805690924,0.4551492491614086,0.3717012655799059,3214,97,-0.1288034796761291,-0.003634805690924,0.0,0.0,False,True,AA01_timing,AA01,timing,False
AA05,W84,,{},0.0,0.0,0.0058206350157535,0.0301650817399694,0.2988782718218294,0.2479216152247446,354,31,-0.0058206350157535,-0.0301650817399694,0.0,0.0,True,True,AA01_timing,AA01,timing,False
AA06,W68,,{},0.0,0.0,-0.0519887767981735,-0.0078559005095706,0.3836171829294797,0.4036382542494056,4780,57,0.0519887767981735,0.0078559005095706,0.0,0.0,True,True,AA01_timing,AA01,timing,False
AA07,T09,,{},0.0,0.0,0.1865851776692721,0.0329172586601334,0.3553237726681304,0.2581535002944448,76,9,-0.1865851776692721,-0.0329172586601334,0.0,0.0,False,True,AA01_timing,AA01,timing,False
AA08,V00,,{},0.0,0.0,0.0597559007461845,0.0284445032170198,0.497210033659988,0.3751233724037471,470,66,-0.0597559007461845,-0.0284445032170198,0.0,0.0,True,True,AA01_timing,AA01,timing,False
AA00,F51,,{},0.0,0.0,-0.0416931730664068,0.00282528108757,0.2631616250193166,0.182692875298213,1657,15,0.0416931730664068,-0.00282528108757,0.0,0.0,True,True,AA01_mag_dep,AA01,mag_dep,False
AA01,G96,MagnitudeDependentBias,"{'slope_ra': 0.05, 'slope_dec': 0.02, 'ref_mag': 18.0}",0.0697201965978806,0.0278880786391522,0.1419556855171492,0.0342204546431428,0.367776338051669,0.2018373567488869,14710,100,-0.0722354889192686,-0.0063323760039906,22.992233176050817,16.75804609676585,True,True,AA01_mag_dep,AA01,mag_dep,True
AA02,F52,,{},0.0,0.0,-0.0664383462078853,0.0032214067842583,0.255427872782774,0.1777189920700069,759,15,0.0664383462078853,-0.0032214067842583,0.0,0.0,True,True,AA01_mag_dep,AA01,mag_dep,False
AA03,703,,{},0.0,0.0,-0.0336578477701026,-1.7596860922129738e-05,0.4147092266366277,0.3618149334925353,757,14,0.0336578477701026,1.7596860922129738e-05,0.0,0.0,True,True,AA01_mag_dep,AA01,mag_dep,False
AA04,691,,{},0.0,0.0,0.1183925176191813,0.0125694934956028,0.4102617368788289,0.3709948860051044,496,15,-0.1183925176191813,-0.0125694934956028,0.0,0.0,False,True,AA01_mag_dep,AA01,mag_dep,False
AA05,W84,,{},0.0,0.0,-0.1613018353167429,-0.0133212308759311,0.4884398236322459,0.2353679610787799,15,2,0.1613018353167429,0.0133212308759311,0.0,0.0,False,True,AA01_mag_dep,AA01,mag_dep,False
AA06,W68,,{},0.0,0.0,-0.2763114390186081,0.0354636098365674,0.3575986344338817,0.2936675872527485,107,5,0.2763114390186081,-0.0354636098365674,0.0,0.0,False,True,AA01_mag_dep,AA01,mag_dep,False
AA07,T09,,{},0.0,0.0,0.2051327125055007,0.0393698863250246,0.3328598978933928,0.2261014832946989,26,2,-0.2051327125055007,-0.0393698863250246,0.0,0.0,False,True,AA01_mag_dep,AA01,mag_dep,False
AA08,V00,,{},0.0,0.0,-0.0369618533540688,0.0191583995689207,0.3784497711412709,0.3367051268065919,56,10,0.0369618533540688,-0.0191583995689207,0.0,0.0,True,True,AA01_mag_dep,AA01,mag_dep,False
AA00,F51,,{},0.0,0.0,-0.1073798455846789,0.001088600384636,0.2955779121850337,0.1884801887198579,11792,100,0.1073798455846789,-0.001088600384636,0.0,0.0,False,True,AA01_epoch,AA01,epoch,False
AA01,G96,CatalogEpochBias,"{'epoch_error_years': 5.0, 'pm_ra_median_masyr': 50.0, 'pm_dec_median_masyr': 30.0}",0.25,0.15,0.3207927244740483,0.1564678743510967,0.4539937859756205,0.2521038543529441,14710,100,-0.0707927244740482,-0.0064678743510967,66.78769212833114,72.1635865911015,True,True,AA01_epoch,AA01,epoch,True
AA02,F52,,{},0.0,0.0,-0.0911609009888034,-0.0002079777032661,0.3008493806375707,0.1898153139624014,6019,100,0.0911609009888034,0.0002079777032661,0.0,0.0,True,True,AA01_epoch,AA01,epoch,False
AA03,703,,{},0.0,0.0,-0.04915824125364,0.0109379305393946,0.4818531778828931,0.3784736189672143,11201,92,0.04915824125364,-0.0109379305393946,0.0,0.0,True,True,AA01_epoch,AA01,epoch,False
AA04,691,,{},0.0,0.0,-0.0976788876531483,0.0061517391274706,0.4211357882964523,0.3628609271837949,3214,97,0.0976788876531483,-0.0061517391274706,0.0,0.0,True,True,AA01_epoch,AA01,epoch,False
AA05,W84,,{},0.0,0.0,-0.116756862606948,0.0696227520502214,0.3344582637256446,0.2503364098382366,354,31,0.116756862606948,-0.0696227520502214,0.0,0.0,False,True,AA01_epoch,AA01,epoch,False
AA06,W68,,{},0.0,0.0,-0.0460912654089817,0.0058393693370061,0.4565657222781992,0.3979470286796072,4780,57,0.0460912654089817,-0.0058393693370061,0.0,0.0,True,True,AA01_epoch,AA01,epoch,False
AA07,T09,,{},0.0,0.0,0.0795009058123013,0.0281197256810083,0.3149823970329761,0.2588235560814892,76,9,-0.0795009058123013,-0.0281197256810083,0.0,0.0,True,True,AA01_epoch,AA01,epoch,False
AA08,V00,,{},0.0,0.0,0.0144228652678908,0.0109435386753322,0.5055705698639208,0.3715823823100082,470,66,-0.0144228652678908,-0.0109435386753322,0.0,0.0,True,True,AA01_epoch,AA01,epoch,False
AA00,F51,,{},0.0,0.0,-0.0024464253465979,0.0052881216662157,0.2900660377381806,0.1954924903473519,11792,100,0.0024464253465979,-0.0052881216662157,0.0,0.0,True,True,AA01_seasonal,AA01,seasonal,False
AA01,G96,SeasonalBias,"{'amplitude_ra': 0.3, 'amplitude_dec': 0.1, 'phase_days': 0.0}",0.0642906236992618,0.0214302078997539,0.1350833707187756,0.0278980822508314,0.390490415583623,0.2147289345363145,14710,100,-0.0707927470195138,-0.0064678743510775,19.96841511987531,12.104368911350578,True,True,AA01_seasonal,AA01,seasonal,True
AA02,F52,,{},0.0,0.0,-0.0333003979632432,0.0022009867509466,0.2916340118307126,0.1938359978120245,6019,100,0.0333003979632432,-0.0022009867509466,0.0,0.0,True,True,AA01_seasonal,AA01,seasonal,False
AA03,703,,{},0.0,0.0,0.0591667991922369,0.0162575427677917,0.4975239142873238,0.3919005245673398,11201,92,-0.0591667991922369,-0.0162575427677917,0.0,0.0,True,True,AA01_seasonal,AA01,seasonal,False
AA04,691,,{},0.0,0.0,0.093520615357697,0.0075270796346131,0.451390932319836,0.3746028578260233,3214,97,-0.093520615357697,-0.0075270796346131,0.0,0.0,True,True,AA01_seasonal,AA01,seasonal,False
AA05,W84,,{},0.0,0.0,-0.0052389522363633,0.0437649328336039,0.3079359741052833,0.2479179995939651,354,31,0.0052389522363633,-0.0437649328336039,0.0,0.0,True,True,AA01_seasonal,AA01,seasonal,False
AA06,W68,,{},0.0,0.0,-0.0563588028882216,-0.0060104993043551,0.3855752306276666,0.4037484482132475,4780,57,0.0563588028882216,0.0060104993043551,0.0,0.0,True,True,AA01_seasonal,AA01,seasonal,False
AA07,T09,,{},0.0,0.0,0.1731678844607038,0.0350926723805163,0.3501125261809339,0.2581349949962886,76,9,-0.1731678844607038,-0.0350926723805163,0.0,0.0,False,True,AA01_seasonal,AA01,seasonal,False
AA08,V00,,{},0.0,0.0,0.0516097440907965,0.0201334385028672,0.5001689376501826,0.3744416517925796,470,66,-0.0516097440907965,-0.0201334385028672,0.0,0.0,True,True,AA01_seasonal,AA01,seasonal,False
AA00,F51,,{},0.0,0.0,0.0087076006712266,0.0036795850000226,0.2859986699107079,0.1941725348636582,11792,100,-0.0087076006712266,-0.0036795850000226,0.0,0.0,True,True,AA01_step,AA01,step,False
AA01,G96,StepChangeBias,"{'delta_ra_before': 0.0, 'delta_dec_before': 0.0, 'delta_ra_after': 0.4, 'delta_dec_after': -0.2, 'change_mjd': 59945.0}",0.0954180829367776,-0.0477090414683888,0.1662108535384733,-0.0412411671173318,0.3724750026910528,0.2176054049781788,14710,100,-0.0707927706016957,-0.0064678743510569,31.06990255811766,26.591164038655485,True,True,AA01_step,AA01,step,True
AA02,F52,,{},0.0,0.0,-0.0393559126439047,0.0071470722613154,0.2891652517655545,0.1942147842560426,6019,100,0.0393559126439047,-0.0071470722613154,0.0,0.0,True,True,AA01_step,AA01,step,False
AA03,703,,{},0.0,0.0,0.0843382563796608,0.0188172996072723,0.485492017910368,0.3809679203269238,11201,92,-0.0843382563796608,-0.0188172996072723,0.0,0.0,True,True,AA01_step,AA01,step,False
AA04,691,,{},0.0,0.0,0.1220753628129387,0.009218654978244,0.4539256052982945,0.3752487114998028,3214,97,-0.1220753628129387,-0.009218654978244,0.0,0.0,False,True,AA01_step,AA01,step,False
AA05,W84,,{},0.0,0.0,-0.0181665225280827,0.0242457689047424,0.2932508675383974,0.2503514264264768,354,31,0.0181665225280827,-0.0242457689047424,0.0,0.0,True,True,AA01_step,AA01,step,False
AA06,W68,,{},0.0,0.0,-0.0362437659633158,0.000328535792303,0.4322168148866865,0.3881923600672422,4780,57,0.0362437659633158,-0.000328535792303,0.0,0.0,True,True,AA01_step,AA01,step,False
AA07,T09,,{},0.0,0.0,0.1601964032739943,0.012312145285603,0.3359400288821249,0.2589602214712652,76,9,-0.1601964032739943,-0.012312145285603,0.0,0.0,False,True,AA01_step,AA01,step,False
AA08,V00,,{},0.0,0.0,0.0496697380293471,0.0435752810287468,0.4976144009803014,0.3799594035705282,470,66,-0.0496697380293471,-0.0435752810287468,0.0,0.0,True,True,AA01_step,AA01,step,False
AA00,F51,,{},0.0,0.0,0.0236496794917288,0.011953617990052,0.292784202640922,0.1956859018530914,11792,100,-0.0236496794917288,-0.011953617990052,0.0,0.0,True,True,AA01_dcr,AA01,dcr,False
AA01,G96,DCRBias,"{'bandpass_nm': 200.0, 'ref_wavelength_nm': 550.0}",0.0131497083774848,-0.1734422120505502,0.0839424667981996,-0.1669743376994938,0.3692346395175724,0.2755062687312024,14710,100,-0.0707927584207148,-0.0064678743510563,4.319366150856672,76.35362403380829,True,True,AA01_dcr,AA01,dcr,True
AA02,F52,,{},0.0,0.0,-0.0235044654121584,0.0078854593602045,0.2891160312321195,0.1944756517722127,6019,100,0.0235044654121584,-0.0078854593602045,0.0,0.0,True,True,AA01_dcr,AA01,dcr,False
AA03,703,,{},0.0,0.0,0.0844453900806606,0.0182575540871318,0.4918214396312182,0.3812255906088495,11201,92,-0.0844453900806606,-0.0182575540871318,0.0,0.0,True,True,AA01_dcr,AA01,dcr,False
AA04,691,,{},0.0,0.0,0.12473699459778,0.0062297133752426,0.4571889992650841,0.373893467045552,3214,97,-0.12473699459778,-0.0062297133752426,0.0,0.0,False,True,AA01_dcr,AA01,dcr,False
AA05,W84,,{},0.0,0.0,-0.0122476671325149,0.0418081260296028,0.305867351539128,0.2523371734140451,354,31,0.0122476671325149,-0.0418081260296028,0.0,0.0,True,True,AA01_dcr,AA01,dcr,False
AA06,W68,,{},0.0,0.0,-0.0518425686532137,-0.0070334624899448,0.3845400291851185,0.4038084012603425,4780,57,0.0518425686532137,0.0070334624899448,0.0,0.0,True,True,AA01_dcr,AA01,dcr,False
AA07,T09,,{},0.0,0.0,0.166645975369308,0.0500130984665717,0.345641436056434,0.266030502222429,76,9,-0.166645975369308,-0.0500130984665717,0.0,0.0,False,True,AA01_dcr,AA01,dcr,False
AA08,V00,,{},0.0,0.0,0.0607715311914479,0.0332976088353515,0.4970189721872053,0.3776858178511393,470,66,-0.0607715311914479,-0.0332976088353515,0.0,0.0,True,True,AA01_dcr,AA01,dcr,False
AA00,F51,,{},0.0,0.0,0.0304762619804138,0.0006071347359346,0.2875230986209416,0.1958604375338504,11792,100,-0.0304762619804138,-0.0006071347359346,0.0,0.0,True,True,AA02_clean,AA02,clean,False
AA01,G96,,{},0.0,0.0,0.0707927568657382,0.0064678743510407,0.3289590001423764,0.1977776303687236,14710,100,-0.0707927568657382,-0.0064678743510407,0.0,0.0,True,True,AA02_clean,AA02,clean,False
AA02,F52,,{},0.0,0.0,-0.0172687183224607,0.0005062424051965,0.286747983394066,0.1930986929718322,6019,100,0.0172687183224607,-0.0005062424051965,0.0,0.0,True,True,AA02_clean,AA02,clean,True
AA03,703,,{},0.0,0.0,0.1059675593767352,0.0137798793225596,0.4991568444196221,0.386123315041017,11201,92,-0.1059675593767352,-0.0137798793225596,0.0,0.0,False,True,AA02_clean,AA02,clean,False
AA04,691,,{},0.0,0.0,0.1361387576380109,0.0036924751723982,0.4561485481115754,0.3724214616555123,3214,97,-0.1361387576380109,-0.0036924751723982,0.0,0.0,False,True,AA02_clean,AA02,clean,False
AA05,W84,,{},0.0,0.0,0.0058858451106142,0.030193397515855,0.296547790539241,0.2483203768462128,354,31,-0.0058858451106142,-0.030193397515855,0.0,0.0,True,True,AA02_clean,AA02,clean,False
AA06,W68,,{},0.0,0.0,-0.0495595226420558,-0.006673935827525,0.3832577765138181,0.4038786297563346,4780,57,0.0495595226420558,0.006673935827525,0.0,0.0,True,True,AA02_clean,AA02,clean,False
AA07,T09,,{},0.0,0.0,0.1875860873770404,0.0353883686895411,0.3559690797642175,0.2589176481969038,76,9,-0.1875860873770404,-0.0353883686895411,0.0,0.0,False,True,AA02_clean,AA02,clean,False
AA08,V00,,{},0.0,0.0,0.0628729810562016,0.0292771520131305,0.4972297173035901,0.3758454489862393,470,66,-0.0628729810562016,-0.0292771520131305,0.0,0.0,True,True,AA02_clean,AA02,clean,False
AA00,F51,,{},0.0,0.0,-0.0446937719539641,0.0003564234074352,0.2867716743907408,0.1929926316186935,11792,100,0.0446937719539641,-0.0003564234074352,0.0,0.0,True,True,AA02_constant,AA02,constant,False
AA01,G96,,{},0.0,0.0,-0.0103996727012975,0.0038604681462953,0.321523519388559,0.1960506481009469,14710,100,0.0103996727012975,-0.0038604681462953,0.0,0.0,True,True,AA02_constant,AA02,constant,False
AA02,F52,ConstantBias,"{'delta_ra': 0.5, 'delta_dec': 0.0}",0.5,0.0,0.4827312809632496,0.0005062424051965,0.5612091283859597,0.1930986929718322,6019,100,0.0172687190367504,-0.0005062424051965,69.12059206858599,0.0,True,True,AA02_constant,AA02,constant,True
AA03,703,,{},0.0,0.0,0.0318904892660648,0.0138858676642923,0.479065677300072,0.3805218766263011,11201,92,-0.0318904892660648,-0.0138858676642923,0.0,0.0,True,True,AA02_constant,AA02,constant,False
AA04,691,,{},0.0,0.0,0.0542648531772438,0.0028958148434548,0.4337264474884584,0.3723133688329713,3214,97,-0.0542648531772438,-0.0028958148434548,0.0,0.0,True,True,AA02_constant,AA02,constant,False
AA05,W84,,{},0.0,0.0,-0.0599486402942241,0.0322444205834391,0.3064569340032798,0.2505778366299467,354,31,0.0599486402942241,-0.0322444205834391,0.0,0.0,True,True,AA02_constant,AA02,constant,False
AA06,W68,,{},0.0,0.0,-0.0653744318708941,-0.0065707863167968,0.3876480905203571,0.4035992102285842,4780,57,0.0653744318708941,0.0065707863167968,0.0,0.0,True,True,AA02_constant,AA02,constant,False
AA07,T09,,{},0.0,0.0,0.0895228868745973,0.0169525370499982,0.3059578517876998,0.2594899219289346,76,9,-0.0895228868745973,-0.0169525370499982,0.0,0.0,True,True,AA02_constant,AA02,constant,False
AA08,V00,,{},0.0,0.0,0.0316704017902028,0.0203239162565684,0.5017300367822422,0.3739621263674013,470,66,-0.0316704017902028,-0.0203239162565684,0.0,0.0,True,True,AA02_constant,AA02,constant,False
AA00,F51,,{},0.0,0.0,0.0279463965952369,6.300238394106204e-05,0.2870559242674241,0.1953455775246463,11792,100,-0.0279463965952369,-6.300238394106204e-05,0.0,0.0,True,True,AA02_timing,AA02,timing,False
AA01,G96,,{},0.0,0.0,0.0695197070574999,0.0064655446581855,0.3287801176354328,0.197782031237981,14710,100,-0.0695197070574999,-0.0064655446581855,0.0,0.0,True,True,AA02_timing,AA02,timing,False
AA02,F52,TimingBias,{'delta_t_sec': 1.0},0.0114335311763947,0.0,-0.0058351874123703,0.0005062424051965,0.2987689749845339,0.1930986929718322,6019,100,0.017268718588765,-0.0005062424051965,2.968978515155197,0.0,True,True,AA02_timing,AA02,timing,True
AA03,703,,{},0.0,0.0,0.1049230000889099,0.0142053333089406,0.4983462266605256,0.3861101455362884,11201,92,-0.1049230000889099,-0.0142053333089406,0.0,0.0,False,True,AA02_timing,AA02,timing,False
AA04,691,,{},0.0,0.0,0.1360059931956537,0.0038226651414349,0.4561972254101225,0.3722605134405561,3214,97,-0.1360059931956537,-0.0038226651414349,0.0,0.0,False,True,AA02_timing,AA02,timing,False
AA05,W84,,{},0.0,0.0,0.005206748427163,0.0284524444046145,0.2962426044651785,0.2481368578861283,354,31,-0.005206748427163,-0.0284524444046145,0.0,0.0,True,True,AA02_timing,AA02,timing,False
AA06,W68,,{},0.0,0.0,-0.0506454141988641,-0.0066616363888503,0.3832206459288997,0.4038707609915386,4780,57,0.0506454141988641,0.0066616363888503,0.0,0.0,True,True,AA02_timing,AA02,timing,False
AA07,T09,,{},0.0,0.0,0.1868535955611637,0.0352610927680456,0.3554995762704528,0.2588344470953251,76,9,-0.1868535955611637,-0.0352610927680456,0.0,0.0,False,True,AA02_timing,AA02,timing,False
AA08,V00,,{},0.0,0.0,0.0624706841712999,0.0299944950087487,0.4974021521579211,0.3755288133906201,470,66,-0.0624706841712999,-0.0299944950087487,0.0,0.0,True,True,AA02_timing,AA02,timing,False
AA00,F51,,{},0.0,0.0,0.0165802108941206,-0.0022112687073068,0.2861465537049634,0.19350919500413,11792,100,-0.0165802108941206,0.0022112687073068,0.0,0.0,True,True,AA02_mag_dep,AA02,mag_dep,False
AA01,G96,,{},0.0,0.0,0.0574766366439311,0.0046551959125485,0.3272870760687701,0.1969537966159083,14710,100,-0.0574766366439311,-0.0046551959125485,0.0,0.0,True,True,AA02_mag_dep,AA02,mag_dep,False
AA02,F52,MagnitudeDependentBias,"{'slope_ra': 0.05, 'slope_dec': 0.02, 'ref_mag': 18.0}",0.0771603256354876,0.030864130254195,0.0598916046702079,0.0313703726593782,0.3167091089523861,0.1962312208815144,6019,100,0.0172687209652796,-0.0005062424051832,18.901473818672187,12.202480123411272,True,True,AA02_mag_dep,AA02,mag_dep,True
AA03,703,,{},0.0,0.0,0.1020177935232044,0.0124058656984888,0.4984734439922695,0.3868905858677859,11201,92,-0.1020177935232044,-0.0124058656984888,0.0,0.0,False,True,AA02_mag_dep,AA02,mag_dep,False
AA04,691,,{},0.0,0.0,0.124387911106301,0.0019977903706011,0.4515124040385058,0.3721336302646033,3214,97,-0.124387911106301,-0.0019977903706011,0.0,0.0,False,True,AA02_mag_dep,AA02,mag_dep,False
AA05,W84,,{},0.0,0.0,-0.0134879806297408,0.029617789462323,0.2976494417197038,0.2465418547085476,354,31,0.0134879806297408,-0.029617789462323,0.0,0.0,True,True,AA02_mag_dep,AA02,mag_dep,False
AA06,W68,,{},0.0,0.0,-0.0500537647386937,-0.0057428617685689,0.3837171724870323,0.40412705699277,4780,57,0.0500537647386937,0.0057428617685689,0.0,0.0,True,True,AA02_mag_dep,AA02,mag_dep,False
AA07,T09,,{},0.0,0.0,0.1724904191089314,0.0291032570110506,0.3487402243598756,0.2586615676917771,76,9,-0.1724904191089314,-0.0291032570110506,0.0,0.0,False,True,AA02_mag_dep,AA02,mag_dep,False
AA08,V00,,{},0.0,0.0,0.0554870375821825,0.026422561138188,0.4964833812488554,0.3756761379542702,470,66,-0.0554870375821825,-0.026422561138188,0.0,0.0,True,True,AA02_mag_dep,AA02,mag_dep,False
AA00,F51,,{},0.0,0.0,-0.0091526328047122,-0.002693015891041,0.2829446468148431,0.1926134122821682,11792,100,0.0091526328047122,0.002693015891041,0.0,0.0,True,True,AA02_epoch,AA02,epoch,False
AA01,G96,,{},0.0,0.0,0.0186702162608793,0.0006918704421102,0.3219377065540009,0.1970987545559862,14710,100,-0.0186702162608793,-0.0006918704421102,0.0,0.0,True,True,AA02_epoch,AA02,epoch,False
AA02,F52,CatalogEpochBias,"{'epoch_error_years': 5.0, 'pm_ra_median_masyr': 50.0, 'pm_dec_median_masyr': 30.0}",0.25,0.15,0.2327312678514021,0.1505062424051163,0.3689038175286892,0.2448243818513285,6019,100,0.0172687321485978,-0.0005062424051162,52.57618027403022,47.53338732237318,True,True,AA02_epoch,AA02,epoch,True
AA03,703,,{},0.0,0.0,0.0589610779862115,0.0130759266044972,0.4868498998826777,0.3833681926006376,11201,92,-0.0589610779862115,-0.0130759266044972,0.0,0.0,True,True,AA02_epoch,AA02,epoch,False
AA04,691,,{},0.0,0.0,0.0990328953083405,0.0014813917733691,0.4464187634295561,0.3730929912495235,3214,97,-0.0990328953083405,-0.0014813917733691,0.0,0.0,True,True,AA02_epoch,AA02,epoch,False
AA05,W84,,{},0.0,0.0,-0.0389119683248356,0.0298848642440251,0.3010103674202256,0.2464454096869688,354,31,0.0389119683248356,-0.0298848642440251,0.0,0.0,True,True,AA02_epoch,AA02,epoch,False
AA06,W68,,{},0.0,0.0,-0.0565237105253774,-0.0064369552637288,0.3854928605914917,0.403727026252577,4780,57,0.0565237105253774,0.0064369552637288,0.0,0.0,True,True,AA02_epoch,AA02,epoch,False
AA07,T09,,{},0.0,0.0,0.1195506041005947,0.0186440753700391,0.3235345160918307,0.258280721322657,76,9,-0.1195506041005947,-0.0186440753700391,0.0,0.0,False,True,AA02_epoch,AA02,epoch,False
AA08,V00,,{},0.0,0.0,0.0476340797707723,0.0182265501459025,0.4979752150526846,0.3749021870662114,470,66,-0.0476340797707723,-0.0182265501459025,0.0,0.0,True,True,AA02_epoch,AA02,epoch,False
AA00,F51,,{},0.0,0.0,0.0346245871931113,0.0025426946197184,0.28868837690223,0.2005912935562054,11792,100,-0.0346245871931113,-0.0025426946197184,0.0,0.0,True,True,AA02_seasonal,AA02,seasonal,False
AA01,G96,,{},0.0,0.0,0.0755110311172079,0.0074539315234218,0.3318803155027546,0.2004245510904706,14710,100,-0.0755110311172079,-0.0074539315234218,0.0,0.0,True,True,AA02_seasonal,AA02,seasonal,False
AA02,F52,SeasonalBias,"{'amplitude_ra': 0.3, 'amplitude_dec': 0.1, 'phase_days': 0.0}",-0.0030960171122132,-0.001032005704071,-0.0203647361713462,-0.0005257632989583,0.3548594686376723,0.2113409461959447,6019,100,0.017268719059133,-0.0005062424051126,0.6768760165351001,0.3788441818534568,True,True,AA02_seasonal,AA02,seasonal,True
AA03,703,,{},0.0,0.0,0.1163609414916812,0.0156500806701798,0.5080689596910031,0.3927567484529414,11201,92,-0.1163609414916812,-0.0156500806701798,0.0,0.0,False,True,AA02_seasonal,AA02,seasonal,False
AA04,691,,{},0.0,0.0,0.1405561320365878,0.0037663497254293,0.4600156271921913,0.3769412119185388,3214,97,-0.1405561320365878,-0.0037663497254293,0.0,0.0,False,True,AA02_seasonal,AA02,seasonal,False
AA05,W84,,{},0.0,0.0,0.0098533995333525,0.032601377942766,0.3001329190223771,0.2488552722899728,354,31,-0.0098533995333525,-0.032601377942766,0.0,0.0,True,True,AA02_seasonal,AA02,seasonal,False
AA06,W68,,{},0.0,0.0,-0.0464998179151653,-0.0039793970158934,0.3827928198670602,0.4048944989967392,4780,57,0.0464998179151653,0.0039793970158934,0.0,0.0,True,True,AA02_seasonal,AA02,seasonal,False
AA07,T09,,{},0.0,0.0,0.188479742747571,0.0384587628731169,0.3585410773419088,0.2599353164982481,76,9,-0.188479742747571,-0.0384587628731169,0.0,0.0,False,True,AA02_seasonal,AA02,seasonal,False
AA08,V00,,{},0.0,0.0,0.0637638043721615,0.021030809618899,0.4998303317296279,0.3745360003091202,470,66,-0.0637638043721615,-0.021030809618899,0.0,0.0,True,True,AA02_seasonal,AA02,seasonal,False
AA00,F51,,{},0.0,0.0,0.0044669098178327,0.0063669270097547,0.2872982994362199,0.1994620394639007,11792,100,-0.0044669098178327,-0.0063669270097547,0.0,0.0,True,True,AA02_step,AA02,step,False
AA01,G96,,{},0.0,0.0,0.047453443171494,0.010538036406458,0.3276069533745964,0.2031502072394781,14710,100,-0.047453443171494,-0.010538036406458,0.0,0.0,True,True,AA02_step,AA02,step,False
AA02,F52,StepChangeBias,"{'delta_ra_before': 0.0, 'delta_dec_before': 0.0, 'delta_ra_after': 0.4, 'delta_dec_after': -0.2, 'change_mjd': 59945.0}",0.1899983385944508,-0.0949991692972254,0.1727296438665547,-0.0944929268920961,0.3892487364221852,0.2351006588009153,6019,100,0.0172686947278961,-0.0005062424051292,37.869080800963765,31.34932059830407,True,True,AA02_step,AA02,step,True
AA03,703,,{},0.0,0.0,0.0903228540838243,0.0147916101625801,0.4898339107133664,0.3837841965893552,11201,92,-0.0903228540838243,-0.0147916101625801,0.0,0.0,True,True,AA02_step,AA02,step,False
AA04,691,,{},0.0,0.0,0.1212727760466072,0.0044972466817255,0.4536814159303311,0.376708456811231,3214,97,-0.1212727760466072,-0.0044972466817255,0.0,0.0,False,True,AA02_step,AA02,step,False
AA05,W84,,{},0.0,0.0,-0.0272210242565732,0.0272258882012086,0.2999856762352244,0.2536324363018648,354,31,0.0272210242565732,-0.0272258882012086,0.0,0.0,True,True,AA02_step,AA02,step,False
AA06,W68,,{},0.0,0.0,-0.0548492890445834,-0.0082382836252134,0.3850669965315048,0.4032707049476741,4780,57,0.0548492890445834,0.0082382836252134,0.0,0.0,True,True,AA02_step,AA02,step,False
AA07,T09,,{},0.0,0.0,0.1616691975193972,-0.0140157017516564,0.3407535227674829,0.2733729825000489,76,9,-0.1616691975193972,0.0140157017516564,0.0,0.0,False,True,AA02_step,AA02,step,False
AA08,V00,,{},0.0,0.0,0.0466128427803897,0.0349296040475302,0.4997707252858695,0.378252819373582,470,66,-0.0466128427803897,-0.0349296040475302,0.0,0.0,True,True,AA02_step,AA02,step,False
AA00,F51,,{},0.0,0.0,0.035406285785187,0.0078473141116333,0.2909198372630289,0.1992011207694805,11792,100,-0.035406285785187,-0.0078473141116333,0.0,0.0,True,True,AA02_dcr,AA02,dcr,False
AA01,G96,,{},0.0,0.0,0.0820732769891023,0.0021547802932672,0.3308563413774378,0.2009240298325693,14710,100,-0.0820732769891023,-0.0021547802932672,0.0,0.0,True,True,AA02_dcr,AA02,dcr,False
AA02,F52,DCRBias,"{'bandpass_nm': 200.0, 'ref_wavelength_nm': 550.0}",-0.0439886548588597,-0.1131762532039067,-0.0612573635888323,-0.1126700107987814,0.3166605906343671,0.2463147464993846,6019,100,0.0172687087299726,-0.0005062424051252,10.777271804121684,35.64733525805884,True,True,AA02_dcr,AA02,dcr,True
AA03,703,,{},0.0,0.0,0.107701059306346,0.0124150314961036,0.4982931234141211,0.387724904841835,11201,92,-0.107701059306346,-0.0124150314961036,0.0,0.0,False,True,AA02_dcr,AA02,dcr,False
AA04,691,,{},0.0,0.0,0.1354634473065827,0.0025873310393533,0.4587595674881936,0.3722932423333051,3214,97,-0.1354634473065827,-0.0025873310393533,0.0,0.0,False,True,AA02_dcr,AA02,dcr,False
AA05,W84,,{},0.0,0.0,0.0089674744093785,0.0439349744935288,0.2971864684215084,0.2510150986143279,354,31,-0.0089674744093785,-0.0439349744935288,0.0,0.0,True,True,AA02_dcr,AA02,dcr,False
AA06,W68,,{},0.0,0.0,-0.0480883552531721,-0.0055309375517129,0.3830376689932651,0.4037468435086899,4780,57,0.0480883552531721,0.0055309375517129,0.0,0.0,True,True,AA02_dcr,AA02,dcr,False
AA07,T09,,{},0.0,0.0,0.2021751504660209,0.0453435996549388,0.3636818740243489,0.2612662142923532,76,9,-0.2021751504660209,-0.0453435996549388,0.0,0.0,False,True,AA02_dcr,AA02,dcr,False
AA08,V00,,{},0.0,0.0,0.0650350037493207,0.0326204842976971,0.497389357541974,0.3763649110802485,470,66,-0.0650350037493207,-0.0326204842976971,0.0,0.0,True,True,AA02_dcr,AA02,dcr,False
AA00,F51,,{},0.0,0.0,0.0304762619804138,0.0006071347359346,0.2875230986209416,0.1958604375338504,11792,100,-0.0304762619804138,-0.0006071347359346,0.0,0.0,True,True,AA03_clean,AA03,clean,False
AA01,G96,,{},0.0,0.0,0.0707927568657382,0.0064678743510407,0.3289590001423764,0.1977776303687236,14710,100,-0.0707927568657382,-0.0064678743510407,0.0,0.0,True,True,AA03_clean,AA03,clean,False
AA02,F52,,{},0.0,0.0,-0.0172687183224607,0.0005062424051965,0.286747983394066,0.1930986929718322,6019,100,0.0172687183224607,-0.0005062424051965,0.0,0.0,True,True,AA03_clean,AA03,clean,False
AA03,703,,{},0.0,0.0,0.1059675593767352,0.0137798793225596,0.4991568444196221,0.386123315041017,11201,92,-0.1059675593767352,-0.0137798793225596,0.0,0.0,False,True,AA03_clean,AA03,clean,True
AA04,691,,{},0.0,0.0,0.1361387576380109,0.0036924751723982,0.4561485481115754,0.3724214616555123,3214,97,-0.1361387576380109,-0.0036924751723982,0.0,0.0,False,True,AA03_clean,AA03,clean,False
AA05,W84,,{},0.0,0.0,0.0058858451106142,0.030193397515855,0.296547790539241,0.2483203768462128,354,31,-0.0058858451106142,-0.030193397515855,0.0,0.0,True,True,AA03_clean,AA03,clean,False
AA06,W68,,{},0.0,0.0,-0.0495595226420558,-0.006673935827525,0.3832577765138181,0.4038786297563346,4780,57,0.0495595226420558,0.006673935827525,0.0,0.0,True,True,AA03_clean,AA03,clean,False
AA07,T09,,{},0.0,0.0,0.1875860873770404,0.0353883686895411,0.3559690797642175,0.2589176481969038,76,9,-0.1875860873770404,-0.0353883686895411,0.0,0.0,False,True,AA03_clean,AA03,clean,False
AA08,V00,,{},0.0,0.0,0.0628729810562016,0.0292771520131305,0.4972297173035901,0.3758454489862393,470,66,-0.0628729810562016,-0.0292771520131305,0.0,0.0,True,True,AA03_clean,AA03,clean,False
AA00,F51,,{},0.0,0.0,-0.0227902523757279,0.0030382342169699,0.2835093651498132,0.1936987614117061,11792,100,0.0227902523757279,-0.0030382342169699,0.0,0.0,True,True,AA03_constant,AA03,constant,False
AA01,G96,,{},0.0,0.0,0.0028509671087073,0.0101528528009588,0.318330659533359,0.1933090642570986,14710,100,-0.0028509671087073,-0.0101528528009588,0.0,0.0,True,True,AA03_constant,AA03,constant,False
AA02,F52,,{},0.0,0.0,-0.0436624138246603,-9.838018603667358e-05,0.291500892901767,0.1927745545746995,6019,100,0.0436624138246603,9.838018603667358e-05,0.0,0.0,True,True,AA03_constant,AA03,constant,False
AA03,703,ConstantBias,"{'delta_ra': 0.5, 'delta_dec': 0.0}",0.5,0.0,0.60596755759224,0.0137798793225596,0.77789788100394,0.386123315041017,11201,92,-0.1059675575922399,-0.0137798793225596,68.02613779873894,0.0,False,True,AA03_constant,AA03,constant,True
AA04,691,,{},0.0,0.0,0.0490798447368981,0.0076891667976967,0.4340476313740636,0.3695998519742191,3214,97,-0.0490798447368981,-0.0076891667976967,0.0,0.0,True,True,AA03_constant,AA03,constant,False
AA05,W84,,{},0.0,0.0,-0.0298438215624993,0.0473339776627414,0.306020104994465,0.2515492685776876,354,31,0.0298438215624993,-0.0473339776627414,0.0,0.0,True,True,AA03_constant,AA03,constant,False
AA06,W68,,{},0.0,0.0,-0.0657571212378006,-0.0081157430250134,0.3856657440819996,0.398568702083145,4780,57,0.0657571212378006,0.0081157430250134,0.0,0.0,True,True,AA03_constant,AA03,constant,False
AA07,T09,,{},0.0,0.0,0.1142848856470468,0.028747786874807,0.3204719536909295,0.2582961815929622,76,9,-0.1142848856470468,-0.028747786874807,0.0,0.0,False,True,AA03_constant,AA03,constant,False
AA08,V00,,{},0.0,0.0,0.0514139988366283,0.0293228609497885,0.495779648249205,0.3741904914315488,470,66,-0.0514139988366283,-0.0293228609497885,0.0,0.0,True,True,AA03_constant,AA03,constant,False
AA00,F51,,{},0.0,0.0,0.0278364812847895,-5.453329627805612e-05,0.2872745601572657,0.1955866043766194,11792,100,-0.0278364812847895,5.453329627805612e-05,0.0,0.0,True,True,AA03_timing,AA03,timing,False
AA01,G96,,{},0.0,0.0,0.0687377789857349,0.0061421898574976,0.3281581991036508,0.1976284545661416,14710,100,-0.0687377789857349,-0.0061421898574976,0.0,0.0,True,True,AA03_timing,AA03,timing,False
AA02,F52,,{},0.0,0.0,-0.0178095196812241,0.0004704310017854,0.2867694779106786,0.192786123783263,6019,100,0.0178095196812241,-0.0004704310017854,0.0,0.0,True,True,AA03_timing,AA03,timing,False
AA03,703,TimingBias,{'delta_t_sec': 1.0},0.0131793832015465,0.0,0.1191469428815346,0.0137798793225596,0.5083199251232707,0.386123315041017,11201,92,-0.1059675596799881,-0.0137798793225596,2.744014176476211,0.0,False,True,AA03_timing,AA03,timing,True
AA04,691,,{},0.0,0.0,0.1340063196848977,0.0032779711723701,0.4556587262106372,0.3723865615457448,3214,97,-0.1340063196848977,-0.0032779711723701,0.0,0.0,False,True,AA03_timing,AA03,timing,False
AA05,W84,,{},0.0,0.0,0.0052833989852765,0.0303248401511373,0.2967605161279285,0.2483870222900875,354,31,-0.0052833989852765,-0.0303248401511373,0.0,0.0,True,True,AA03_timing,AA03,timing,False
AA06,W68,,{},0.0,0.0,-0.0506591209067327,-0.0066399994994555,0.3832236632764798,0.4038789223009533,4780,57,0.0506591209067327,0.0066399994994555,0.0,0.0,True,True,AA03_timing,AA03,timing,False
AA07,T09,,{},0.0,0.0,0.1872326142346569,0.0350906510831418,0.3557892568675053,0.2587605137166577,76,9,-0.1872326142346569,-0.0350906510831418,0.0,0.0,False,True,AA03_timing,AA03,timing,False
AA08,V00,,{},0.0,0.0,0.0627353583511624,0.0292245647006523,0.4972283990071954,0.3757915555655816,470,66,-0.0627353583511624,-0.0292245647006523,0.0,0.0,True,True,AA03_timing,AA03,timing,False
AA00,F51,,{},0.0,0.0,0.0474450291134385,0.0002673208463779,0.2695112702061699,0.1950582490239112,6053,56,-0.0474450291134385,-0.0002673208463779,0.0,0.0,True,True,AA03_mag_dep,AA03,mag_dep,False
AA01,G96,,{},0.0,0.0,0.047646398754294,0.006597953222736,0.2966885191609228,0.1897269877022425,6884,56,-0.047646398754294,-0.006597953222736,0.0,0.0,True,True,AA03_mag_dep,AA03,mag_dep,False
AA02,F52,,{},0.0,0.0,-0.0070528459238287,-0.0137382676924806,0.2578760599361511,0.1871026850546621,2919,56,0.0070528459238287,0.0137382676924806,0.0,0.0,True,True,AA03_mag_dep,AA03,mag_dep,False
AA03,703,MagnitudeDependentBias,"{'slope_ra': 0.05, 'slope_dec': 0.02, 'ref_mag': 18.0}",0.0215131947582467,0.0086052779032986,0.1279624263225786,0.0227177592032422,0.5107404382814441,0.3862130707218235,11201,92,-0.1064492315643319,-0.0141124812999436,4.457928131081222,2.358122332048691,False,True,AA03_mag_dep,AA03,mag_dep,True
AA04,691,,{},0.0,0.0,0.205739420977307,-0.0090499309096261,0.4497425496115582,0.3730246107597058,1540,54,-0.205739420977307,0.0090499309096261,0.0,0.0,False,True,AA03_mag_dep,AA03,mag_dep,False
AA05,W84,,{},0.0,0.0,0.033178926217974,0.0142414868515459,0.2899685336987396,0.2506777246141397,186,16,-0.033178926217974,-0.0142414868515459,0.0,0.0,True,True,AA03_mag_dep,AA03,mag_dep,False
AA06,W68,,{},0.0,0.0,-0.1069807357651994,0.0025330887717222,0.3855859266747685,0.2860619797556858,581,15,0.1069807357651994,-0.0025330887717222,0.0,0.0,False,True,AA03_mag_dep,AA03,mag_dep,False
AA07,T09,,{},0.0,0.0,0.210659339431203,0.031719354137924,0.3558384460149723,0.2395452459260882,62,7,-0.210659339431203,-0.031719354137924,0.0,0.0,False,True,AA03_mag_dep,AA03,mag_dep,False
AA08,V00,,{},0.0,0.0,-0.0114026444516049,0.0504579063616789,0.4230889254350565,0.3658128309689847,228,34,0.0114026444516049,-0.0504579063616789,0.0,0.0,True,True,AA03_mag_dep,AA03,mag_dep,False
AA00,F51,,{},0.0,0.0,0.0024273892561036,0.0017839820461504,0.2824142077054901,0.1939944288887304,11792,100,-0.0024273892561036,-0.0017839820461504,0.0,0.0,True,True,AA03_epoch,AA03,epoch,False
AA01,G96,,{},0.0,0.0,0.0346942627192278,0.0070767352949724,0.3213214572390508,0.1944168043691278,14710,100,-0.0346942627192278,-0.0070767352949724,0.0,0.0,True,True,AA03_epoch,AA03,epoch,False
AA02,F52,,{},0.0,0.0,-0.0317533067243349,-0.0009750047227525,0.2886096698789289,0.1922340218339485,6019,100,0.0317533067243349,0.0009750047227525,0.0,0.0,True,True,AA03_epoch,AA03,epoch,False
AA03,703,CatalogEpochBias,"{'epoch_error_years': 5.0, 'pm_ra_median_masyr': 50.0, 'pm_dec_median_masyr': 30.0}",0.25,0.15,0.3559675170510653,0.163779879322562,0.6038553117256873,0.4191958709422363,11201,92,-0.1059675170510652,-0.013779879322562,43.81628133343288,37.8706414695193,False,True,AA03_epoch,AA03,epoch,True
AA04,691,,{},0.0,0.0,0.0858661670784185,0.0043390232007464,0.4458983437158791,0.3721247495033186,3214,97,-0.0858661670784185,-0.0043390232007464,0.0,0.0,True,True,AA03_epoch,AA03,epoch,False
AA05,W84,,{},0.0,0.0,-0.0123337960822827,0.0398591078935585,0.3039976370815966,0.2511615219862637,354,31,0.0123337960822827,-0.0398591078935585,0.0,0.0,True,True,AA03_epoch,AA03,epoch,False
AA06,W68,,{},0.0,0.0,-0.0575496021868797,-0.0085348988075309,0.3860763846677376,0.4036581563521919,4780,57,0.0575496021868797,0.0085348988075309,0.0,0.0,True,True,AA03_epoch,AA03,epoch,False
AA07,T09,,{},0.0,0.0,0.1805244517609752,0.037822954190196,0.3516773008192694,0.2593507978277794,76,9,-0.1805244517609752,-0.037822954190196,0.0,0.0,False,True,AA03_epoch,AA03,epoch,False
AA08,V00,,{},0.0,0.0,0.0546899394624668,0.0298269783442214,0.4961216668145641,0.3753556354816695,470,66,-0.0546899394624668,-0.0298269783442214,0.0,0.0,True,True,AA03_epoch,AA03,epoch,False
AA00,F51,,{},0.0,0.0,0.0265956588874401,0.0013902406027131,0.2862894504468641,0.1941065745433664,11792,100,-0.0265956588874401,-0.0013902406027131,0.0,0.0,True,True,AA03_seasonal,AA03,seasonal,False
AA01,G96,,{},0.0,0.0,0.0639208099813051,0.0077082655953273,0.3282907055701483,0.1970685255803647,14710,100,-0.0639208099813051,-0.0077082655953273,0.0,0.0,True,True,AA03_seasonal,AA03,seasonal,False
AA02,F52,,{},0.0,0.0,-0.0194890149077397,-1.3939357633358767e-05,0.2870891088943018,0.1932281742098284,6019,100,0.0194890149077397,1.3939357633358767e-05,0.0,0.0,True,True,AA03_seasonal,AA03,seasonal,False
AA03,703,SeasonalBias,"{'amplitude_ra': 0.3, 'amplitude_dec': 0.1, 'phase_days': 0.0}",0.055195319058471,0.018398439686157,0.1611628654830934,0.0321783190087286,0.5486239139298872,0.3971587409526926,11201,92,-0.1059675464246223,-0.0137798793225716,10.647702606051718,4.902812297907996,False,True,AA03_seasonal,AA03,seasonal,True
AA04,691,,{},0.0,0.0,0.1287567556651273,0.0045760912736106,0.4598622639843946,0.3721606673598225,3214,97,-0.1287567556651273,-0.0045760912736106,0.0,0.0,False,True,AA03_seasonal,AA03,seasonal,False
AA05,W84,,{},0.0,0.0,-0.0007002435294234,0.0335743697992752,0.3021522438644941,0.2483961442584554,354,31,0.0007002435294234,-0.0335743697992752,0.0,0.0,True,True,AA03_seasonal,AA03,seasonal,False
AA06,W68,,{},0.0,0.0,-0.050464452512696,-0.0068448905631367,0.3839465802849781,0.4034477519295038,4780,57,0.050464452512696,0.0068448905631367,0.0,0.0,True,True,AA03_seasonal,AA03,seasonal,False
AA07,T09,,{},0.0,0.0,0.1883423344950841,0.0349357710442746,0.3565506001354921,0.2588083573399879,76,9,-0.1883423344950841,-0.0349357710442746,0.0,0.0,False,True,AA03_seasonal,AA03,seasonal,False
AA08,V00,,{},0.0,0.0,0.0623550616240259,0.0298142630847154,0.4971016143463414,0.3755596679996082,470,66,-0.0623550616240259,-0.0298142630847154,0.0,0.0,True,True,AA03_seasonal,AA03,seasonal,False
AA00,F51,,{},0.0,0.0,0.0288238727649036,-0.0004275412044597,0.2871718871758443,0.1948127484499329,11792,100,-0.0288238727649036,0.0004275412044597,0.0,0.0,True,True,AA03_step,AA03,step,False
AA01,G96,,{},0.0,0.0,0.0697130786742413,0.0059202640827865,0.328242411876246,0.1980031866542084,14710,100,-0.0697130786742413,-0.0059202640827865,0.0,0.0,True,True,AA03_step,AA03,step,False
AA02,F52,,{},0.0,0.0,-0.0181678679363289,0.0005509702439682,0.2869075299688659,0.1926673045506804,6019,100,0.0181678679363289,-0.0005509702439682,0.0,0.0,True,True,AA03_step,AA03,step,False
AA03,703,StepChangeBias,"{'delta_ra_before': 0.0, 'delta_dec_before': 0.0, 'delta_ra_after': 0.4, 'delta_dec_after': -0.2, 'change_mjd': 59945.0}",0.0318185876261048,-0.0159092938130524,0.1377861536645018,-0.0021294144905039,0.5093910103924386,0.389008876373311,11201,92,-0.105967566038397,-0.0137798793225484,6.6108609177577655,4.328324270972277,False,True,AA03_step,AA03,step,True
AA04,691,,{},0.0,0.0,0.1360859538640703,0.0035433378087689,0.4565330808671212,0.3721530290801875,3214,97,-0.1360859538640703,-0.0035433378087689,0.0,0.0,False,True,AA03_step,AA03,step,False
AA05,W84,,{},0.0,0.0,0.0056917906660392,0.0301600717701937,0.2965862346380401,0.2483348679716205,354,31,-0.0056917906660392,-0.0301600717701937,0.0,0.0,True,True,AA03_step,AA03,step,False
AA06,W68,,{},0.0,0.0,-0.049871696831097,-0.0066771449287398,0.3833342436164274,0.403866164121104,4780,57,0.049871696831097,0.0066771449287398,0.0,0.0,True,True,AA03_step,AA03,step,False
AA07,T09,,{},0.0,0.0,0.1877230783243104,0.0353229042689856,0.3559862410307689,0.2588931501313529,76,9,-0.1877230783243104,-0.0353229042689856,0.0,0.0,False,True,AA03_step,AA03,step,False
AA08,V00,,{},0.0,0.0,0.0624844660816702,0.0297852910310432,0.4972870634079699,0.3753468483281396,470,66,-0.0624844660816702,-0.0297852910310432,0.0,0.0,True,True,AA03_step,AA03,step,False
AA00,F51,,{},0.0,0.0,0.0282716773990899,-0.00035171713651,0.2873625956465563,0.1954445854039257,11792,100,-0.0282716773990899,0.00035171713651,0.0,0.0,True,True,AA03_dcr,AA03,dcr,False
AA01,G96,,{},0.0,0.0,0.0699324843843267,0.0064589625774717,0.3297290125034816,0.1979472928456346,14710,100,-0.0699324843843267,-0.0064589625774717,0.0,0.0,True,True,AA03_dcr,AA03,dcr,False
AA02,F52,,{},0.0,0.0,-0.0172416229334097,-0.000737943761465,0.2868555771492527,0.1933947550894416,6019,100,0.0172416229334097,0.000737943761465,0.0,0.0,True,True,AA03_dcr,AA03,dcr,False
AA03,703,DCRBias,"{'bandpass_nm': 200.0, 'ref_wavelength_nm': 550.0}",0.013971272462613,-0.1779238023949767,0.1199388376035939,-0.1641439230724597,0.5405983094509134,0.4297188052703802,11201,92,-0.1059675651409809,-0.0137798793225169,2.7352037143704973,43.82057685044957,False,True,AA03_dcr,AA03,dcr,True
AA04,691,,{},0.0,0.0,0.1361487902888526,0.0047530696111063,0.4591596932731455,0.3718898347241249,3214,97,-0.1361487902888526,-0.0047530696111063,0.0,0.0,False,True,AA03_dcr,AA03,dcr,False
AA05,W84,,{},0.0,0.0,0.0021641211107358,0.0329644345869706,0.3001902959490266,0.2490933673096129,354,31,-0.0021641211107358,-0.0329644345869706,0.0,0.0,True,True,AA03_dcr,AA03,dcr,False
AA06,W68,,{},0.0,0.0,-0.0508594624523171,-0.0074348757497509,0.383280987822872,0.4038404502905507,4780,57,0.0508594624523171,0.0074348757497509,0.0,0.0,True,True,AA03_dcr,AA03,dcr,False
AA07,T09,,{},0.0,0.0,0.1897679693824563,0.0323091596582534,0.3574343449357406,0.2588504823966936,76,9,-0.1897679693824563,-0.0323091596582534,0.0,0.0,False,True,AA03_dcr,AA03,dcr,False
AA08,V00,,{},0.0,0.0,0.0630761378836131,0.0298131009945528,0.4972127817429121,0.3752560641939844,470,66,-0.0630761378836131,-0.0298131009945528,0.0,0.0,True,True,AA03_dcr,AA03,dcr,False
AA00,F51,,{},0.0,0.0,0.0304762619804138,0.0006071347359346,0.2875230986209416,0.1958604375338504,11792,100,-0.0304762619804138,-0.0006071347359346,0.0,0.0,True,True,AA04_clean,AA04,clean,False
AA01,G96,,{},0.0,0.0,0.0707927568657382,0.0064678743510407,0.3289590001423764,0.1977776303687236,14710,100,-0.0707927568657382,-0.0064678743510407,0.0,0.0,True,True,AA04_clean,AA04,clean,False
AA02,F52,,{},0.0,0.0,-0.0172687183224607,0.0005062424051965,0.286747983394066,0.1930986929718322,6019,100,0.0172687183224607,-0.0005062424051965,0.0,0.0,True,True,AA04_clean,AA04,clean,False
AA03,703,,{},0.0,0.0,0.1059675593767352,0.0137798793225596,0.4991568444196221,0.386123315041017,11201,92,-0.1059675593767352,-0.0137798793225596,0.0,0.0,False,True,AA04_clean,AA04,clean,False
AA04,691,,{},0.0,0.0,0.1361387576380109,0.0036924751723982,0.4561485481115754,0.3724214616555123,3214,97,-0.1361387576380109,-0.0036924751723982,0.0,0.0,False,True,AA04_clean,AA04,clean,True
AA05,W84,,{},0.0,0.0,0.0058858451106142,0.030193397515855,0.296547790539241,0.2483203768462128,354,31,-0.0058858451106142,-0.030193397515855,0.0,0.0,True,True,AA04_clean,AA04,clean,False
AA06,W68,,{},0.0,0.0,-0.0495595226420558,-0.006673935827525,0.3832577765138181,0.4038786297563346,4780,57,0.0495595226420558,0.006673935827525,0.0,0.0,True,True,AA04_clean,AA04,clean,False
AA07,T09,,{},0.0,0.0,0.1875860873770404,0.0353883686895411,0.3559690797642175,0.2589176481969038,76,9,-0.1875860873770404,-0.0353883686895411,0.0,0.0,False,True,AA04_clean,AA04,clean,False
AA08,V00,,{},0.0,0.0,0.0628729810562016,0.0292771520131305,0.4972297173035901,0.3758454489862393,470,66,-0.0628729810562016,-0.0292771520131305,0.0,0.0,True,True,AA04_clean,AA04,clean,False
AA00,F51,,{},0.0,0.0,-0.0009218918060474,0.0008018809243862,0.2848650440742017,0.1919945842007443,11792,100,0.0009218918060474,-0.0008018809243862,0.0,0.0,True,True,AA04_constant,AA04,constant,False
AA01,G96,,{},0.0,0.0,0.0290755584053356,0.0065360870684295,0.3210361105723487,0.1942085116092982,14710,100,-0.0290755584053356,-0.0065360870684295,0.0,0.0,True,True,AA04_constant,AA04,constant,False
AA02,F52,,{},0.0,0.0,-0.0362381131619721,0.0006490456682743,0.2888591072430571,0.1920985922457431,6019,100,0.0362381131619721,-0.0006490456682743,0.0,0.0,True,True,AA04_constant,AA04,constant,False
AA03,703,,{},0.0,0.0,0.0661501173198861,0.0133611164666579,0.4908740377195398,0.3855074237445552,11201,92,-0.0661501173198861,-0.0133611164666579,0.0,0.0,True,True,AA04_constant,AA04,constant,False
AA04,691,ConstantBias,"{'delta_ra': 0.5, 'delta_dec': 0.0}",0.5,0.0,0.6361387588434619,0.0036924751723982,0.7708503467364478,0.3724214616555123,3214,97,-0.1361387588434619,-0.0036924751723982,36.77247559935028,0.0,False,True,AA04_constant,AA04,constant,True
AA05,W84,,{},0.0,0.0,-0.0322027177520299,0.0452988400024316,0.3096096262315094,0.2491323206943338,354,31,0.0322027177520299,-0.0452988400024316,0.0,0.0,True,True,AA04_constant,AA04,constant,False
AA06,W68,,{},0.0,0.0,-0.0534066241644807,-0.0069893839830331,0.3851787707103384,0.4037007843491544,4780,57,0.0534066241644807,0.0069893839830331,0.0,0.0,True,True,AA04_constant,AA04,constant,False
AA07,T09,,{},0.0,0.0,0.1699650731946082,0.0247965169457967,0.3431784443507096,0.255394091586069,76,9,-0.1699650731946082,-0.0247965169457967,0.0,0.0,False,True,AA04_constant,AA04,constant,False
AA08,V00,,{},0.0,0.0,0.0537487473071018,0.0241155540185601,0.4972569601930456,0.3732794698856859,470,66,-0.0537487473071018,-0.0241155540185601,0.0,0.0,True,True,AA04_constant,AA04,constant,False
AA00,F51,,{},0.0,0.0,0.0299907180002357,0.0005722033444402,0.2872578733101492,0.1959198006879769,11792,100,-0.0299907180002357,-0.0005722033444402,0.0,0.0,True,True,AA04_timing,AA04,timing,False
AA01,G96,,{},0.0,0.0,0.0709069136707364,0.006451362841012,0.3289311584572998,0.1977378850821056,14710,100,-0.0709069136707364,-0.006451362841012,0.0,0.0,True,True,AA04_timing,AA04,timing,False
AA02,F52,,{},0.0,0.0,-0.0167755583577895,0.0003802366629626,0.2867576880958837,0.1936487237827279,6019,100,0.0167755583577895,-0.0003802366629626,0.0,0.0,True,True,AA04_timing,AA04,timing,False
AA03,703,,{},0.0,0.0,0.1058745225664062,0.01377104175829,0.4991257627533023,0.3861123904697283,11201,92,-0.1058745225664062,-0.01377104175829,0.0,0.0,False,True,AA04_timing,AA04,timing,False
AA04,691,TimingBias,{'delta_t_sec': 1.0},0.0079519016600535,0.0,0.1440906593331593,0.0036924751723982,0.4584957166053103,0.3724214616555123,3214,97,-0.1361387576731058,-0.0036924751723982,0.9832379984663742,0.0,False,True,AA04_timing,AA04,timing,True
AA05,W84,,{},0.0,0.0,0.0072197548514548,0.0295567744432881,0.2958446210635099,0.2478303656211321,354,31,-0.0072197548514548,-0.0295567744432881,0.0,0.0,True,True,AA04_timing,AA04,timing,False
AA06,W68,,{},0.0,0.0,-0.0505317956798065,-0.0066516485347383,0.3831953111804766,0.4038798652361373,4780,57,0.0505317956798065,0.0066516485347383,0.0,0.0,True,True,AA04_timing,AA04,timing,False
AA07,T09,,{},0.0,0.0,0.1874939701200346,0.035246670379064,0.3559614384378793,0.2588650591273808,76,9,-0.1874939701200346,-0.035246670379064,0.0,0.0,False,True,AA04_timing,AA04,timing,False
AA08,V00,,{},0.0,0.0,0.062835051763486,0.0292741587992163,0.4972344105923056,0.3758406204046597,470,66,-0.062835051763486,-0.0292741587992163,0.0,0.0,True,True,AA04_timing,AA04,timing,False
AA00,F51,,{},0.0,0.0,0.0454901268927882,0.0041795738768204,0.2879060194225568,0.2047519668467972,2455,25,-0.0454901268927882,-0.0041795738768204,0.0,0.0,True,True,AA04_mag_dep,AA04,mag_dep,False
AA01,G96,,{},0.0,0.0,0.0868489853850964,-0.0115121855550627,0.3377581710238175,0.2188799928290734,3347,25,-0.0868489853850964,0.0115121855550627,0.0,0.0,True,True,AA04_mag_dep,AA04,mag_dep,False
AA02,F52,,{},0.0,0.0,-0.0258856491633571,0.0030684259169103,0.2746424689348645,0.2068978552727196,1564,25,0.0258856491633571,-0.0030684259169103,0.0,0.0,True,True,AA04_mag_dep,AA04,mag_dep,False
AA03,703,,{},0.0,0.0,0.1183131098242731,-0.0062673920159146,0.5526664416407685,0.4248599233205011,2752,23,-0.1183131098242731,0.0062673920159146,0.0,0.0,False,True,AA04_mag_dep,AA04,mag_dep,False
AA04,691,MagnitudeDependentBias,"{'slope_ra': 0.05, 'slope_dec': 0.02, 'ref_mag': 18.0}",0.0771715126978284,0.0308686050791314,0.2030934157281896,0.0333829253882351,0.4950244206204113,0.3722138525555873,3214,97,-0.1259219030303612,-0.0025143203091036,8.83798632698802,4.701618739796892,False,True,AA04_mag_dep,AA04,mag_dep,True
AA05,W84,,{},0.0,0.0,0.0025469734413437,0.0152542433582593,0.3323927968885931,0.2696447520960544,74,8,-0.0025469734413437,-0.0152542433582593,0.0,0.0,True,True,AA04_mag_dep,AA04,mag_dep,False
AA06,W68,,{},0.0,0.0,0.0047432958490996,-0.0466565687942049,0.4336908060917058,0.6277951519600672,1306,12,-0.0047432958490996,0.0466565687942049,0.0,0.0,True,True,AA04_mag_dep,AA04,mag_dep,False
AA07,T09,,{},0.0,0.0,0.1627343109510505,0.0410811881842173,0.3747584134296969,0.2820068595530625,37,4,-0.1627343109510505,-0.0410811881842173,0.0,0.0,False,True,AA04_mag_dep,AA04,mag_dep,False
AA08,V00,,{},0.0,0.0,-0.0162650272562811,0.0324778441571083,0.4874587521117193,0.3891848335684483,72,14,0.0162650272562811,-0.0324778441571083,0.0,0.0,True,True,AA04_mag_dep,AA04,mag_dep,False
AA00,F51,,{},0.0,0.0,0.0183392823775019,0.0004677855171236,0.2868705061237569,0.1942863547305182,11792,100,-0.0183392823775019,-0.0004677855171236,0.0,0.0,True,True,AA04_epoch,AA04,epoch,False
AA01,G96,,{},0.0,0.0,0.0527730488949924,0.0052869954173773,0.3243646242202577,0.1952081931043306,14710,100,-0.0527730488949924,-0.0052869954173773,0.0,0.0,True,True,AA04_epoch,AA04,epoch,False
AA02,F52,,{},0.0,0.0,-0.0246691440415762,-0.0024697265141186,0.286942597939772,0.1932070884261892,6019,100,0.0246691440415762,0.0024697265141186,0.0,0.0,True,True,AA04_epoch,AA04,epoch,False
AA03,703,,{},0.0,0.0,0.0754458961514278,0.012846758645696,0.4908723684747386,0.3868320867806761,11201,92,-0.0754458961514278,-0.012846758645696,0.0,0.0,True,True,AA04_epoch,AA04,epoch,False
AA04,691,CatalogEpochBias,"{'epoch_error_years': 5.0, 'pm_ra_median_masyr': 50.0, 'pm_dec_median_masyr': 30.0}",0.25,0.15,0.3861387190984343,0.1536924751724159,0.5819285281809281,0.4028715523008366,3214,97,-0.1361387190984342,-0.0036924751724159,24.355289518735898,21.10802468247982,False,True,AA04_epoch,AA04,epoch,True
AA05,W84,,{},0.0,0.0,-4.808127344136077e-05,0.030930671402144,0.3009225984045151,0.2488463033348035,354,31,4.808127344136077e-05,-0.030930671402144,0.0,0.0,True,True,AA04_epoch,AA04,epoch,False
AA06,W68,,{},0.0,0.0,-0.0506593608093336,-0.0074647580559283,0.3841960064121452,0.4035913857729445,4780,57,0.0506593608093336,0.0074647580559283,0.0,0.0,True,True,AA04_epoch,AA04,epoch,False
AA07,T09,,{},0.0,0.0,0.1830540137951379,0.0291481681842026,0.3519826851387916,0.256939749040665,76,9,-0.1830540137951379,-0.0291481681842026,0.0,0.0,False,True,AA04_epoch,AA04,epoch,False
AA08,V00,,{},0.0,0.0,0.0585712408103833,0.0258185963224168,0.4967413439128821,0.3741335066558656,470,66,-0.0585712408103833,-0.0258185963224168,0.0,0.0,True,True,AA04_epoch,AA04,epoch,False
AA00,F51,,{},0.0,0.0,0.0306629920501735,0.0003799841717144,0.2877345066103465,0.1953639917220579,11792,100,-0.0306629920501735,-0.0003799841717144,0.0,0.0,True,True,AA04_seasonal,AA04,seasonal,False
AA01,G96,,{},0.0,0.0,0.0689697915487656,0.0064931252735324,0.3290634754965976,0.197977449760422,14710,100,-0.0689697915487656,-0.0064931252735324,0.0,0.0,True,True,AA04_seasonal,AA04,seasonal,False
AA02,F52,,{},0.0,0.0,-0.0177963102680321,0.0001113459679529,0.286762914632549,0.1932663156530399,6019,100,0.0177963102680321,-0.0001113459679529,0.0,0.0,True,True,AA04_seasonal,AA04,seasonal,False
AA03,703,,{},0.0,0.0,0.0979907688018998,0.0146125271898748,0.4953357874608207,0.3868171517324872,11201,92,-0.0979907688018998,-0.0146125271898748,0.0,0.0,True,True,AA04_seasonal,AA04,seasonal,False
AA04,691,SeasonalBias,"{'amplitude_ra': 0.3, 'amplitude_dec': 0.1, 'phase_days': 0.0}",0.0486358557644843,0.0162119519214948,0.1847746099796961,0.0199044270938952,0.4933962716213785,0.3722583516615681,3214,97,-0.1361387542152118,-0.0036924751724004,5.588350468042291,2.468958518672699,False,True,AA04_seasonal,AA04,seasonal,True
AA05,W84,,{},0.0,0.0,0.0016517096283327,0.0333332964677096,0.2992359426359369,0.2480267686490153,354,31,-0.0016517096283327,-0.0333332964677096,0.0,0.0,True,True,AA04_seasonal,AA04,seasonal,False
AA06,W68,,{},0.0,0.0,-0.0510848780218907,-0.0063484986752554,0.3834671813670718,0.4036836859138137,4780,57,0.0510848780218907,0.0063484986752554,0.0,0.0,True,True,AA04_seasonal,AA04,seasonal,False
AA07,T09,,{},0.0,0.0,0.1919933940276059,0.0329367896361502,0.3590670511364573,0.2571433081151986,76,9,-0.1919933940276059,-0.0329367896361502,0.0,0.0,False,True,AA04_seasonal,AA04,seasonal,False
AA08,V00,,{},0.0,0.0,0.0629467845473688,0.0288594461638175,0.4978507268850904,0.3743124593417062,470,66,-0.0629467845473688,-0.0288594461638175,0.0,0.0,True,True,AA04_seasonal,AA04,seasonal,False
AA00,F51,,{},0.0,0.0,0.0304762619804138,0.0006071347359346,0.2875230986209416,0.1958604375338504,11792,100,-0.0304762619804138,-0.0006071347359346,0.0,0.0,True,True,AA04_step,AA04,step,False
AA01,G96,,{},0.0,0.0,0.0707927568657382,0.0064678743510407,0.3289590001423764,0.1977776303687236,14710,100,-0.0707927568657382,-0.0064678743510407,0.0,0.0,True,True,AA04_step,AA04,step,False
AA02,F52,,{},0.0,0.0,-0.0172687183224607,0.0005062424051965,0.286747983394066,0.1930986929718322,6019,100,0.0172687183224607,-0.0005062424051965,0.0,0.0,True,True,AA04_step,AA04,step,False
AA03,703,,{},0.0,0.0,0.1059675593767352,0.0137798793225596,0.4991568444196221,0.386123315041017,11201,92,-0.1059675593767352,-0.0137798793225596,0.0,0.0,False,True,AA04_step,AA04,step,False
AA04,691,StepChangeBias,"{'delta_ra_before': 0.0, 'delta_dec_before': 0.0, 'delta_ra_after': 0.4, 'delta_dec_after': -0.2, 'change_mjd': 59945.0}",0.0,0.0,0.1361387576380109,0.0036924751723982,0.4561485481115754,0.3724214616555123,3214,97,-0.1361387576380109,-0.0036924751723982,0.0,0.0,False,True,AA04_step,AA04,step,True
AA05,W84,,{},0.0,0.0,0.0058858451106142,0.030193397515855,0.296547790539241,0.2483203768462128,354,31,-0.0058858451106142,-0.030193397515855,0.0,0.0,True,True,AA04_step,AA04,step,False
AA06,W68,,{},0.0,0.0,-0.0495595226420558,-0.006673935827525,0.3832577765138181,0.4038786297563346,4780,57,0.0495595226420558,0.006673935827525,0.0,0.0,True,True,AA04_step,AA04,step,False
AA07,T09,,{},0.0,0.0,0.1875860873770404,0.0353883686895411,0.3559690797642175,0.2589176481969038,76,9,-0.1875860873770404,-0.0353883686895411,0.0,0.0,False,True,AA04_step,AA04,step,False
AA08,V00,,{},0.0,0.0,0.0628729810562016,0.0292771520131305,0.4972297173035901,0.3758454489862393,470,66,-0.0628729810562016,-0.0292771520131305,0.0,0.0,True,True,AA04_step,AA04,step,False
AA00,F51,,{},0.0,0.0,0.0320375737430652,0.0007481832370673,0.2880242050130869,0.1956294946822188,11792,100,-0.0320375737430652,-0.0007481832370673,0.0,0.0,True,True,AA04_dcr,AA04,dcr,False
AA01,G96,,{},0.0,0.0,0.0765060773600236,0.0074079631141901,0.3317279360450116,0.1982882691638329,14710,100,-0.0765060773600236,-0.0074079631141901,0.0,0.0,True,True,AA04_dcr,AA04,dcr,False
AA02,F52,,{},0.0,0.0,-0.0162235333160049,0.0003702210660327,0.2868311695977878,0.1935029194652253,6019,100,0.0162235333160049,-0.0003702210660327,0.0,0.0,True,True,AA04_dcr,AA04,dcr,False
AA03,703,,{},0.0,0.0,0.1085949306607321,0.013227356829147,0.4993044757599921,0.3862962136580727,11201,92,-0.1085949306607321,-0.013227356829147,0.0,0.0,False,True,AA04_dcr,AA04,dcr,False
AA04,691,DCRBias,"{'bandpass_nm': 200.0, 'ref_wavelength_nm': 550.0}",-0.0616980164353726,-0.1826249595241813,0.0744407428417936,-0.1789324843517477,0.471245985362088,0.4240043176862471,3214,97,-0.1361387592771662,-0.0036924751724335,7.422436224312006,24.418151830057948,False,True,AA04_dcr,AA04,dcr,True
AA05,W84,,{},0.0,0.0,0.0075442646933031,0.0299674550321359,0.2969314049851533,0.2484754438654487,354,31,-0.0075442646933031,-0.0299674550321359,0.0,0.0,True,True,AA04_dcr,AA04,dcr,False
AA06,W68,,{},0.0,0.0,-0.0478201720687433,-0.0077475053959778,0.3837567133618028,0.4037655069030658,4780,57,0.0478201720687433,0.0077475053959778,0.0,0.0,True,True,AA04_dcr,AA04,dcr,False
AA07,T09,,{},0.0,0.0,0.2077982481756424,0.03187191430323,0.3658418600937972,0.2573541875760518,76,9,-0.2077982481756424,-0.03187191430323,0.0,0.0,False,True,AA04_dcr,AA04,dcr,False
AA08,V00,,{},0.0,0.0,0.0635130710258434,0.0292967493805037,0.4977116733371073,0.3745191174154023,470,66,-0.0635130710258434,-0.0292967493805037,0.0,0.0,True,True,AA04_dcr,AA04,dcr,False
AA00,F51,,{},0.0,0.0,0.0304762619804138,0.0006071347359346,0.2875230986209416,0.1958604375338504,11792,100,-0.0304762619804138,-0.0006071347359346,0.0,0.0,True,True,AA05_clean,AA05,clean,False
AA01,G96,,{},0.0,0.0,0.0707927568657382,0.0064678743510407,0.3289590001423764,0.1977776303687236,14710,100,-0.0707927568657382,-0.0064678743510407,0.0,0.0,True,True,AA05_clean,AA05,clean,False
AA02,F52,,{},0.0,0.0,-0.0172687183224607,0.0005062424051965,0.286747983394066,0.1930986929718322,6019,100,0.0172687183224607,-0.0005062424051965,0.0,0.0,True,True,AA05_clean,AA05,clean,False
AA03,703,,{},0.0,0.0,0.1059675593767352,0.0137798793225596,0.4991568444196221,0.386123315041017,11201,92,-0.1059675593767352,-0.0137798793225596,0.0,0.0,False,True,AA05_clean,AA05,clean,False
AA04,691,,{},0.0,0.0,0.1361387576380109,0.0036924751723982,0.4561485481115754,0.3724214616555123,3214,97,-0.1361387576380109,-0.0036924751723982,0.0,0.0,False,True,AA05_clean,AA05,clean,False
AA05,W84,,{},0.0,0.0,0.0058858451106142,0.030193397515855,0.296547790539241,0.2483203768462128,354,31,-0.0058858451106142,-0.030193397515855,0.0,0.0,True,True,AA05_clean,AA05,clean,True
AA06,W68,,{},0.0,0.0,-0.0495595226420558,-0.006673935827525,0.3832577765138181,0.4038786297563346,4780,57,0.0495595226420558,0.006673935827525,0.0,0.0,True,True,AA05_clean,AA05,clean,False
AA07,T09,,{},0.0,0.0,0.1875860873770404,0.0353883686895411,0.3559690797642175,0.2589176481969038,76,9,-0.1875860873770404,-0.0353883686895411,0.0,0.0,False,True,AA05_clean,AA05,clean,False
AA08,V00,,{},0.0,0.0,0.0628729810562016,0.0292771520131305,0.4972297173035901,0.3758454489862393,470,66,-0.0628729810562016,-0.0292771520131305,0.0,0.0,True,True,AA05_clean,AA05,clean,False
AA00,F51,,{},0.0,0.0,0.0262971795488776,0.0006329379658492,0.2865432736563329,0.1948294701872649,11792,100,-0.0262971795488776,-0.0006329379658492,0.0,0.0,True,True,AA05_constant,AA05,constant,False
AA01,G96,,{},0.0,0.0,0.0628383195794281,0.0060849907787391,0.3267803886697353,0.1969690436805319,14710,100,-0.0628383195794281,-0.0060849907787391,0.0,0.0,True,True,AA05_constant,AA05,constant,False
AA02,F52,,{},0.0,0.0,-0.0225911634715374,0.0011249342257957,0.2872469129943785,0.1925019008403393,6019,100,0.0225911634715374,-0.0011249342257957,0.0,0.0,True,True,AA05_constant,AA05,constant,False
AA03,703,,{},0.0,0.0,0.0974925295279765,0.0131325591182055,0.497397777887302,0.38597960704511,11201,92,-0.0974925295279765,-0.0131325591182055,0.0,0.0,True,True,AA05_constant,AA05,constant,False
AA04,691,,{},0.0,0.0,0.1264010965285408,0.0028160858831191,0.4560129647151897,0.372190319600603,3214,97,-0.1264010965285408,-0.0028160858831191,0.0,0.0,False,True,AA05_constant,AA05,constant,False
AA05,W84,ConstantBias,"{'delta_ra': 0.5, 'delta_dec': 0.0}",0.5,0.0,0.5058858477999264,0.030193397515855,0.586367157310083,0.2483203768462128,354,31,-0.0058858477999264,-0.030193397515855,16.043606371593793,0.0,True,True,AA05_constant,AA05,constant,True
AA06,W68,,{},0.0,0.0,-0.0505785074101108,-0.0068347604868745,0.3835934970365957,0.4037638461011473,4780,57,0.0505785074101108,0.0068347604868745,0.0,0.0,True,True,AA05_constant,AA05,constant,False
AA07,T09,,{},0.0,0.0,0.1838656107621509,0.0360119991964654,0.3561618646314473,0.2589107236899794,76,9,-0.1838656107621509,-0.0360119991964654,0.0,0.0,False,True,AA05_constant,AA05,constant,False
AA08,V00,,{},0.0,0.0,0.0609249053973915,0.0294114423049772,0.4991017873930709,0.3756793909946105,470,66,-0.0609249053973915,-0.0294114423049772,0.0,0.0,True,True,AA05_constant,AA05,constant,False
AA00,F51,,{},0.0,0.0,0.0300867294068468,0.0005718497906038,0.2872825216452086,0.1959377115204634,11792,100,-0.0300867294068468,-0.0005718497906038,0.0,0.0,True,True,AA05_timing,AA05,timing,False
AA01,G96,,{},0.0,0.0,0.0707608600435567,0.0064812794704067,0.3289408982012107,0.1977733611207471,14710,100,-0.0707608600435567,-0.0064812794704067,0.0,0.0,True,True,AA05_timing,AA05,timing,False
AA02,F52,,{},0.0,0.0,-0.017300704016057,0.0005034520693492,0.2867421142854712,0.1930939895341435,6019,100,0.017300704016057,-0.0005034520693492,0.0,0.0,True,True,AA05_timing,AA05,timing,False
AA03,703,,{},0.0,0.0,0.1059709058638255,0.0137918525591145,0.4991503273771324,0.3861154124168207,11201,92,-0.1059709058638255,-0.0137918525591145,0.0,0.0,False,True,AA05_timing,AA05,timing,False
AA04,691,,{},0.0,0.0,0.1359478018134335,0.0036876813663472,0.4561033714028392,0.372415206030692,3214,97,-0.1359478018134335,-0.0036876813663472,0.0,0.0,False,True,AA05_timing,AA05,timing,False
AA05,W84,TimingBias,{'delta_t_sec': 1.0},0.009028795515802,0.0,0.0149146406719472,0.030193397515855,0.2973620074662649,0.2483203768462128,354,31,-0.0058858451561452,-0.030193397515855,0.5712759856049575,0.0,True,True,AA05_timing,AA05,timing,True
AA06,W68,,{},0.0,0.0,-0.0495634898020279,-0.0066680789640506,0.3832604537937571,0.4038806869887331,4780,57,0.0495634898020279,0.0066680789640506,0.0,0.0,True,True,AA05_timing,AA05,timing,False
AA07,T09,,{},0.0,0.0,0.1875958594878609,0.0353930317153165,0.3559725303359136,0.2589175186064364,76,9,-0.1875958594878609,-0.0353930317153165,0.0,0.0,False,True,AA05_timing,AA05,timing,False
AA08,V00,,{},0.0,0.0,0.0628669549269097,0.0292691649216487,0.4972306458083827,0.3758491913411997,470,66,-0.0628669549269097,-0.0292691649216487,0.0,0.0,True,True,AA05_timing,AA05,timing,False
AA00,F51,,{},0.0,0.0,0.0291858023502331,-0.0001781977654707,0.2856002962789924,0.1961206102790307,9545,81,-0.0291858023502331,0.0001781977654707,0.0,0.0,True,True,AA05_mag_dep,AA05,mag_dep,False
AA01,G96,,{},0.0,0.0,0.0666861462586004,0.0056113034783863,0.3260907180816636,0.1980180620185193,11538,81,-0.0666861462586004,-0.0056113034783863,0.0,0.0,True,True,AA05_mag_dep,AA05,mag_dep,False
AA02,F52,,{},0.0,0.0,-0.0185025062697043,0.0011076158097488,0.2869764095617588,0.1946816027311577,4698,81,0.0185025062697043,-0.0011076158097488,0.0,0.0,True,True,AA05_mag_dep,AA05,mag_dep,False
AA03,703,,{},0.0,0.0,0.1038930399177696,0.0066459638696181,0.5009964039865354,0.3903812618030187,8474,75,-0.1038930399177696,-0.0066459638696181,0.0,0.0,False,True,AA05_mag_dep,AA05,mag_dep,False
AA04,691,,{},0.0,0.0,0.1616481464518447,-0.0011710113450692,0.4573621438490838,0.3749467530011914,2442,78,-0.1616481464518447,0.0011710113450692,0.0,0.0,False,True,AA05_mag_dep,AA05,mag_dep,False
AA05,W84,MagnitudeDependentBias,"{'slope_ra': 0.05, 'slope_dec': 0.02, 'ref_mag': 18.0}",0.0754545454545454,0.0301818181818181,0.1416039693435656,0.0096034895500911,0.4024793622427508,0.2541604108760727,354,31,-0.0661494238890202,0.0205783286317269,3.527308314513457,2.234287859333292,True,True,AA05_mag_dep,AA05,mag_dep,True
AA06,W68,,{},0.0,0.0,-0.0343329151541792,-0.0147320788553268,0.3855948115374452,0.4348654402775795,3683,45,0.0343329151541792,0.0147320788553268,0.0,0.0,True,True,AA05_mag_dep,AA05,mag_dep,False
AA07,T09,,{},0.0,0.0,0.1946391280753327,0.0375358073934866,0.3608219627439873,0.2638271847936989,73,8,-0.1946391280753327,-0.0375358073934866,0.0,0.0,False,True,AA05_mag_dep,AA05,mag_dep,False
AA08,V00,,{},0.0,0.0,0.0437827423983157,0.0358080640293723,0.4871777742801523,0.3757069954033452,387,54,-0.0437827423983157,-0.0358080640293723,0.0,0.0,True,True,AA05_mag_dep,AA05,mag_dep,False
AA00,F51,,{},0.0,0.0,0.028012946754493,0.0003767314636772,0.2868952828236862,0.1952952523331165,11792,100,-0.028012946754493,-0.0003767314636772,0.0,0.0,True,True,AA05_epoch,AA05,epoch,False
AA01,G96,,{},0.0,0.0,0.0693503118521479,0.0060772342139176,0.3284254949890215,0.1975237136724919,14710,100,-0.0693503118521479,-0.0060772342139176,0.0,0.0,True,True,AA05_epoch,AA05,epoch,False
AA02,F52,,{},0.0,0.0,-0.0207066683987222,0.0006726595267785,0.2871774433756914,0.1927895235181517,6019,100,0.0207066683987222,-0.0006726595267785,0.0,0.0,True,True,AA05_epoch,AA05,epoch,False
AA03,703,,{},0.0,0.0,0.1054927828287229,0.0131184067105209,0.4991054030363498,0.3860098758132133,11201,92,-0.1054927828287229,-0.0131184067105209,0.0,0.0,False,True,AA05_epoch,AA05,epoch,False
AA04,691,,{},0.0,0.0,0.1328693516644236,0.0042587833067142,0.4566180875086811,0.3723692251331734,3214,97,-0.1328693516644236,-0.0042587833067142,0.0,0.0,False,True,AA05_epoch,AA05,epoch,False
AA05,W84,CatalogEpochBias,"{'epoch_error_years': 5.0, 'pm_ra_median_masyr': 50.0, 'pm_dec_median_masyr': 30.0}",0.25,0.1499999999999999,0.2558858893071453,0.1801933975158871,0.3916421390455739,0.3053211895884877,354,31,-0.0058858893071453,-0.0301933975158872,12.010254928184173,9.24348933049103,True,True,AA05_epoch,AA05,epoch,True
AA06,W68,,{},0.0,0.0,-0.0496893937234239,-0.0066043714679861,0.3832925663758862,0.4038781755368252,4780,57,0.0496893937234239,0.0066043714679861,0.0,0.0,True,True,AA05_epoch,AA05,epoch,False
AA07,T09,,{},0.0,0.0,0.187247619062338,0.0354827047499486,0.3558122414545219,0.2589098081974636,76,9,-0.187247619062338,-0.0354827047499486,0.0,0.0,False,True,AA05_epoch,AA05,epoch,False
AA08,V00,,{},0.0,0.0,0.0627050042272266,0.0293242459163281,0.4971806641230809,0.3758053061299006,470,66,-0.0627050042272266,-0.0293242459163281,0.0,0.0,True,True,AA05_epoch,AA05,epoch,False
AA00,F51,,{},0.0,0.0,0.0300417182814933,0.0005854412496645,0.2872948915140842,0.1960127366005636,11792,100,-0.0300417182814933,-0.0005854412496645,0.0,0.0,True,True,AA05_seasonal,AA05,seasonal,False
AA01,G96,,{},0.0,0.0,0.0703236480690824,0.005991907573319,0.3285491605473439,0.1978924313481389,14710,100,-0.0703236480690824,-0.005991907573319,0.0,0.0,True,True,AA05_seasonal,AA05,seasonal,False
AA02,F52,,{},0.0,0.0,-0.019521703417797,0.0006182634400367,0.2869648576323056,0.1930360696115886,6019,100,0.019521703417797,-0.0006182634400367,0.0,0.0,True,True,AA05_seasonal,AA05,seasonal,False
AA03,703,,{},0.0,0.0,0.1058138231664928,0.0137997500301427,0.4991242653955883,0.3861091420829792,11201,92,-0.1058138231664928,-0.0137997500301427,0.0,0.0,False,True,AA05_seasonal,AA05,seasonal,False
AA04,691,,{},0.0,0.0,0.1330401742055479,0.0037955450281827,0.456384849609383,0.3722407843688308,3214,97,-0.1330401742055479,-0.0037955450281827,0.0,0.0,False,True,AA05_seasonal,AA05,seasonal,False
AA05,W84,SeasonalBias,"{'amplitude_ra': 0.3, 'amplitude_dec': 0.1, 'phase_days': 0.0}",0.064628397187863,0.021542799062621,0.0705142530441465,0.0517361965785001,0.3268243037033749,0.2601419529452694,354,31,-0.0058858558562835,-0.0301933975158791,3.720580210768953,1.5580929603883686,True,True,AA05_seasonal,AA05,seasonal,True
AA06,W68,,{},0.0,0.0,-0.0495326889743874,-0.0066279089391294,0.3832696815455068,0.4038677244253011,4780,57,0.0495326889743874,0.0066279089391294,0.0,0.0,True,True,AA05_seasonal,AA05,seasonal,False
AA07,T09,,{},0.0,0.0,0.187420076969075,0.0355339763221972,0.3559048337211198,0.2589042319702546,76,9,-0.187420076969075,-0.0355339763221972,0.0,0.0,False,True,AA05_seasonal,AA05,seasonal,False
AA08,V00,,{},0.0,0.0,0.0628394175453398,0.029188797604888,0.4971557970695709,0.3759353897171194,470,66,-0.0628394175453398,-0.029188797604888,0.0,0.0,True,True,AA05_seasonal,AA05,seasonal,False
AA00,F51,,{},0.0,0.0,0.0304358661093746,0.0006350315151787,0.2875094514253616,0.195787582832569,11792,100,-0.0304358661093746,-0.0006350315151787,0.0,0.0,True,True,AA05_step,AA05,step,False
AA01,G96,,{},0.0,0.0,0.0706893697888704,0.0065581491303553,0.3289362328389702,0.1976874635336463,14710,100,-0.0706893697888704,-0.0065581491303553,0.0,0.0,True,True,AA05_step,AA05,step,False
AA02,F52,,{},0.0,0.0,-0.0170655448129811,0.0003998095509012,0.2867276770508024,0.1932420201340443,6019,100,0.0170655448129811,-0.0003998095509012,0.0,0.0,True,True,AA05_step,AA05,step,False
AA03,703,,{},0.0,0.0,0.1060241445994225,0.0137782954698444,0.4992036872287944,0.386120224568278,11201,92,-0.1060241445994225,-0.0137782954698444,0.0,0.0,False,True,AA05_step,AA05,step,False
AA04,691,,{},0.0,0.0,0.1363039040468251,0.0037247800841092,0.4563548789149286,0.3724351258960544,3214,97,-0.1363039040468251,-0.0037247800841092,0.0,0.0,False,True,AA05_step,AA05,step,False
AA05,W84,StepChangeBias,"{'delta_ra_before': 0.0, 'delta_dec_before': 0.0, 'delta_ra_after': 0.4, 'delta_dec_after': -0.2, 'change_mjd': 59945.0}",0.0655367231638418,-0.0327683615819209,0.0714225413995243,-0.0025749640661653,0.3706942290286527,0.2705754651545308,354,31,-0.0058858182356825,-0.0301933975157555,3.3263697987459984,2.278599220565166,True,True,AA05_step,AA05,step,True
AA06,W68,,{},0.0,0.0,-0.0495866860999282,-0.0067024758895288,0.3832602390961263,0.4038742708874597,4780,57,0.0495866860999282,0.0067024758895288,0.0,0.0,True,True,AA05_step,AA05,step,False
AA07,T09,,{},0.0,0.0,0.1876000439205405,0.0353068450543806,0.3559781748094919,0.2589262446259348,76,9,-0.1876000439205405,-0.0353068450543806,0.0,0.0,False,True,AA05_step,AA05,step,False
AA08,V00,,{},0.0,0.0,0.0628398387644217,0.0292792496118959,0.4972184766237447,0.3758474702914042,470,66,-0.0628398387644217,-0.0292792496118959,0.0,0.0,True,True,AA05_step,AA05,step,False
AA00,F51,,{},0.0,0.0,0.0299616079339205,0.000429386158897,0.2877506799726266,0.1952696244584061,11792,100,-0.0299616079339205,-0.000429386158897,0.0,0.0,True,True,AA05_dcr,AA05,dcr,False
AA01,G96,,{},0.0,0.0,0.0728980840223638,0.0061213199297756,0.3300221033790898,0.1979963516761969,14710,100,-0.0728980840223638,-0.0061213199297756,0.0,0.0,True,True,AA05_dcr,AA05,dcr,False
AA02,F52,,{},0.0,0.0,-0.0192077581311053,0.000625503075762,0.2869830387152739,0.1929945270741718,6019,100,0.0192077581311053,-0.000625503075762,0.0,0.0,True,True,AA05_dcr,AA05,dcr,False
AA03,703,,{},0.0,0.0,0.1060829952041373,0.0128931420622244,0.4991177014063003,0.3860542325807628,11201,92,-0.1060829952041373,-0.0128931420622244,0.0,0.0,False,True,AA05_dcr,AA05,dcr,False
AA04,691,,{},0.0,0.0,0.134872866683584,0.0040345116425509,0.4558806363283401,0.3722830501389571,3214,97,-0.134872866683584,-0.0040345116425509,0.0,0.0,False,True,AA05_dcr,AA05,dcr,False
AA05,W84,DCRBias,"{'bandpass_nm': 200.0, 'ref_wavelength_nm': 550.0}",0.0586235247797584,0.1456251538666301,0.064509379557261,0.1758185513823246,0.3549183264244033,0.3089873195877726,354,31,-0.0058858547775026,-0.0301933975156944,3.107743259482738,8.86742188381076,True,True,AA05_dcr,AA05,dcr,True
AA06,W68,,{},0.0,0.0,-0.0495902189556256,-0.0066721951112787,0.3832704114599387,0.403882880750198,4780,57,0.0495902189556256,0.0066721951112787,0.0,0.0,True,True,AA05_dcr,AA05,dcr,False
AA07,T09,,{},0.0,0.0,0.1877298859894426,0.0353118617669962,0.3559992823524184,0.2589247767142021,76,9,-0.1877298859894426,-0.0353118617669962,0.0,0.0,False,True,AA05_dcr,AA05,dcr,False
AA08,V00,,{},0.0,0.0,0.0630999019221369,0.0298313877560085,0.49729809227676,0.3760987861064788,470,66,-0.0630999019221369,-0.0298313877560085,0.0,0.0,True,True,AA05_dcr,AA05,dcr,False
AA00,F51,,{},0.0,0.0,0.0304762619804138,0.0006071347359346,0.2875230986209416,0.1958604375338504,11792,100,-0.0304762619804138,-0.0006071347359346,0.0,0.0,True,True,AA06_clean,AA06,clean,False
AA01,G96,,{},0.0,0.0,0.0707927568657382,0.0064678743510407,0.3289590001423764,0.1977776303687236,14710,100,-0.0707927568657382,-0.0064678743510407,0.0,0.0,True,True,AA06_clean,AA06,clean,False
AA02,F52,,{},0.0,0.0,-0.0172687183224607,0.0005062424051965,0.286747983394066,0.1930986929718322,6019,100,0.0172687183224607,-0.0005062424051965,0.0,0.0,True,True,AA06_clean,AA06,clean,False
AA03,703,,{},0.0,0.0,0.1059675593767352,0.0137798793225596,0.4991568444196221,0.386123315041017,11201,92,-0.1059675593767352,-0.0137798793225596,0.0,0.0,False,True,AA06_clean,AA06,clean,False
AA04,691,,{},0.0,0.0,0.1361387576380109,0.0036924751723982,0.4561485481115754,0.3724214616555123,3214,97,-0.1361387576380109,-0.0036924751723982,0.0,0.0,False,True,AA06_clean,AA06,clean,False
AA05,W84,,{},0.0,0.0,0.0058858451106142,0.030193397515855,0.296547790539241,0.2483203768462128,354,31,-0.0058858451106142,-0.030193397515855,0.0,0.0,True,True,AA06_clean,AA06,clean,False
AA06,W68,,{},0.0,0.0,-0.0495595226420558,-0.006673935827525,0.3832577765138181,0.4038786297563346,4780,57,0.0495595226420558,0.006673935827525,0.0,0.0,True,True,AA06_clean,AA06,clean,True
AA07,T09,,{},0.0,0.0,0.1875860873770404,0.0353883686895411,0.3559690797642175,0.2589176481969038,76,9,-0.1875860873770404,-0.0353883686895411,0.0,0.0,False,True,AA06_clean,AA06,clean,False
AA08,V00,,{},0.0,0.0,0.0628729810562016,0.0292771520131305,0.4972297173035901,0.3758454489862393,470,66,-0.0628729810562016,-0.0292771520131305,0.0,0.0,True,True,AA06_clean,AA06,clean,False
AA00,F51,,{},0.0,0.0,0.0206818439110022,0.0003396672139583,0.2860878094291896,0.1934462253506593,11792,100,-0.0206818439110022,-0.0003396672139583,0.0,0.0,True,True,AA06_constant,AA06,constant,False
AA01,G96,,{},0.0,0.0,0.0629453863330886,0.006236851246711,0.3278374013011356,0.19846594772788,14710,100,-0.0629453863330886,-0.006236851246711,0.0,0.0,True,True,AA06_constant,AA06,constant,False
AA02,F52,,{},0.0,0.0,-0.0219559299673079,0.0015603814294325,0.2879561647976009,0.1921191626715652,6019,100,0.0219559299673079,-0.0015603814294325,0.0,0.0,True,True,AA06_constant,AA06,constant,False
AA03,703,,{},0.0,0.0,0.0749720573747571,0.0135319342821522,0.4898191348122027,0.3821507321596256,11201,92,-0.0749720573747571,-0.0135319342821522,0.0,0.0,True,True,AA06_constant,AA06,constant,False
AA04,691,,{},0.0,0.0,0.1279313522430777,0.003777146322563,0.4577285117052584,0.3720842246182332,3214,97,-0.1279313522430777,-0.003777146322563,0.0,0.0,False,True,AA06_constant,AA06,constant,False
AA05,W84,,{},0.0,0.0,-0.0049534366343402,0.0352463694764657,0.3004781449818433,0.2483830133722207,354,31,0.0049534366343402,-0.0352463694764657,0.0,0.0,True,True,AA06_constant,AA06,constant,False
AA06,W68,ConstantBias,"{'delta_ra': 0.5, 'delta_dec': 0.0}",0.5,0.0,0.4504404753885475,-0.006673935827525,0.5893445475279733,0.4038786297563346,4780,57,0.0495595246114525,0.006673935827525,58.65630246328258,0.0,True,True,AA06_constant,AA06,constant,True
AA07,T09,,{},0.0,0.0,0.1873893220445969,0.0352148327524283,0.3561123581955089,0.2589451846594471,76,9,-0.1873893220445969,-0.0352148327524283,0.0,0.0,False,True,AA06_constant,AA06,constant,False
AA08,V00,,{},0.0,0.0,0.06075999263596,0.029964629895543,0.4965449387035927,0.3756520192266719,470,66,-0.06075999263596,-0.029964629895543,0.0,0.0,True,True,AA06_constant,AA06,constant,False
AA00,F51,,{},0.0,0.0,0.0288475404222922,0.0006367547634984,0.2871563744375989,0.1955736444253377,11792,100,-0.0288475404222922,-0.0006367547634984,0.0,0.0,True,True,AA06_timing,AA06,timing,False
AA01,G96,,{},0.0,0.0,0.0695949606649481,0.0057408486935684,0.3286478872245939,0.1975045203935799,14710,100,-0.0695949606649481,-0.0057408486935684,0.0,0.0,True,True,AA06_timing,AA06,timing,False
AA02,F52,,{},0.0,0.0,-0.017935265319677,0.0001536225038049,0.286701796521903,0.1931651173952834,6019,100,0.017935265319677,-0.0001536225038049,0.0,0.0,True,True,AA06_timing,AA06,timing,False
AA03,703,,{},0.0,0.0,0.1048409382879144,0.0134045599352764,0.4990423803351975,0.38586443752098,11201,92,-0.1048409382879144,-0.0134045599352764,0.0,0.0,False,True,AA06_timing,AA06,timing,False
AA04,691,,{},0.0,0.0,0.1352840114821971,0.0035721774108026,0.4561221767878177,0.3725886886058358,3214,97,-0.1352840114821971,-0.0035721774108026,0.0,0.0,False,True,AA06_timing,AA06,timing,False
AA05,W84,,{},0.0,0.0,0.007882589040993,0.0305241358791156,0.2964496769061637,0.2482678626705325,354,31,-0.007882589040993,-0.0305241358791156,0.0,0.0,True,True,AA06_timing,AA06,timing,False
AA06,W68,TimingBias,{'delta_t_sec': 1.0},0.0233618099578062,0.0,-0.0261977107776133,-0.006673935827525,0.5044212836532745,0.4038786297563346,4780,57,0.0495595207354195,0.006673935827525,3.202042058593528,0.0,True,True,AA06_timing,AA06,timing,True
AA07,T09,,{},0.0,0.0,0.187577557958191,0.0353903629542399,0.3559697168440171,0.258917646365329,76,9,-0.187577557958191,-0.0353903629542399,0.0,0.0,False,True,AA06_timing,AA06,timing,False
AA08,V00,,{},0.0,0.0,0.0628421177618752,0.0293300224854,0.497274484646387,0.3758418650971167,470,66,-0.0628421177618752,-0.0293300224854,0.0,0.0,True,True,AA06_timing,AA06,timing,False
AA00,F51,,{},0.0,0.0,0.0288111505832345,0.0006265738884485,0.2875260411757341,0.1956448995065781,11792,100,-0.0288111505832345,-0.0006265738884485,0.0,0.0,True,True,AA06_mag_dep,AA06,mag_dep,False
AA01,G96,,{},0.0,0.0,0.0709076852280089,0.0068334555105385,0.3290586772690279,0.1978401134802888,14710,100,-0.0709076852280089,-0.0068334555105385,0.0,0.0,True,True,AA06_mag_dep,AA06,mag_dep,False
AA02,F52,,{},0.0,0.0,-0.0173211941609836,0.0005449765882734,0.2867218989368318,0.1930483205414841,6019,100,0.0173211941609836,-0.0005449765882734,0.0,0.0,True,True,AA06_mag_dep,AA06,mag_dep,False
AA03,703,,{},0.0,0.0,0.1078483354539326,0.0136757071794564,0.4990568000169962,0.3868335443339993,11201,92,-0.1078483354539326,-0.0136757071794564,0.0,0.0,False,True,AA06_mag_dep,AA06,mag_dep,False
AA04,691,,{},0.0,0.0,0.1340672050478134,0.0041659338457802,0.456395726667756,0.3724503271146847,3214,97,-0.1340672050478134,-0.0041659338457802,0.0,0.0,False,True,AA06_mag_dep,AA06,mag_dep,False
AA05,W84,,{},0.0,0.0,0.0057452905670481,0.0300484465461183,0.296507511856613,0.2482601305883513,354,31,-0.0057452905670481,-0.0300484465461183,0.0,0.0,True,True,AA06_mag_dep,AA06,mag_dep,False
AA06,W68,MagnitudeDependentBias,"{'slope_ra': 0.05, 'slope_dec': 0.02, 'ref_mag': 18.0}",-0.0035483263598326,-0.001419330543933,-0.0531078501855404,-0.0080932663715093,0.3875381362724033,0.4050931663679161,4780,57,0.0495595238257078,0.0066739358275763,0.6330282032022513,0.2422381718027338,True,True,AA06_mag_dep,AA06,mag_dep,True
AA07,T09,,{},0.0,0.0,0.1876987350591844,0.0353596072360188,0.3559824547822171,0.2589139266332372,76,9,-0.1876987350591844,-0.0353596072360188,0.0,0.0,False,True,AA06_mag_dep,AA06,mag_dep,False
AA08,V00,,{},0.0,0.0,0.0630171779019758,0.029800386749979,0.497423253783514,0.3754386082275435,470,66,-0.0630171779019758,-0.029800386749979,0.0,0.0,True,True,AA06_mag_dep,AA06,mag_dep,False
AA00,F51,,{},0.0,0.0,0.0246148127193077,-0.0004653051113504,0.2868647663348498,0.1946553566770184,11792,100,-0.0246148127193077,0.0004653051113504,0.0,0.0,True,True,AA06_epoch,AA06,epoch,False
AA01,G96,,{},0.0,0.0,0.0682686003659935,0.0070415984551704,0.3286400811817859,0.1978835189684758,14710,100,-0.0682686003659935,-0.0070415984551704,0.0,0.0,True,True,AA06_epoch,AA06,epoch,False
AA02,F52,,{},0.0,0.0,-0.018721122248743,0.000816117532576,0.2871221137850921,0.1926311791884641,6019,100,0.018721122248743,-0.000816117532576,0.0,0.0,True,True,AA06_epoch,AA06,epoch,False
AA03,703,,{},0.0,0.0,0.0856707274645413,0.0142450426447455,0.4988773863446235,0.3898816295051741,11201,92,-0.0856707274645413,-0.0142450426447455,0.0,0.0,True,True,AA06_epoch,AA06,epoch,False
AA04,691,,{},0.0,0.0,0.1311899862141953,0.0041082696008523,0.4564548323323169,0.3720610151451066,3214,97,-0.1311899862141953,-0.0041082696008523,0.0,0.0,False,True,AA06_epoch,AA06,epoch,False
AA05,W84,,{},0.0,0.0,0.0033609528717472,0.0299324257020473,0.2970978856041545,0.24812890089445,354,31,-0.0033609528717472,-0.0299324257020473,0.0,0.0,True,True,AA06_epoch,AA06,epoch,False
AA06,W68,CatalogEpochBias,"{'epoch_error_years': 5.0, 'pm_ra_median_masyr': 50.0, 'pm_dec_median_masyr': 30.0}",0.25,0.15,0.2004405507400485,0.1433260641723973,0.4296590848074747,0.4285041036275686,4780,57,0.0495594492599514,0.0066739358276026,40.22814046906174,24.20194234471025,True,True,AA06_epoch,AA06,epoch,True
AA07,T09,,{},0.0,0.0,0.1876472131140268,0.0349689381213135,0.3560861850947837,0.2589596744144267,76,9,-0.1876472131140268,-0.0349689381213135,0.0,0.0,False,True,AA06_epoch,AA06,epoch,False
AA08,V00,,{},0.0,0.0,0.0626520391320608,0.0301290680233528,0.497247290825549,0.3752365339698864,470,66,-0.0626520391320608,-0.0301290680233528,0.0,0.0,True,True,AA06_epoch,AA06,epoch,False
AA00,F51,,{},0.0,0.0,0.0298561846679571,0.0008263284052791,0.2878716311503006,0.1947694278861552,11792,100,-0.0298561846679571,-0.0008263284052791,0.0,0.0,True,True,AA06_seasonal,AA06,seasonal,False
AA01,G96,,{},0.0,0.0,0.071609157274582,0.0061616559379601,0.3293965655412589,0.1989104473688139,14710,100,-0.071609157274582,-0.0061616559379601,0.0,0.0,True,True,AA06_seasonal,AA06,seasonal,False
AA02,F52,,{},0.0,0.0,-0.0163707168862549,0.0017176904739705,0.2868276212815821,0.192885665463411,6019,100,0.0163707168862549,-0.0017176904739705,0.0,0.0,True,True,AA06_seasonal,AA06,seasonal,False
AA03,703,,{},0.0,0.0,0.108714145542625,0.0161567591807801,0.4986920702639957,0.38714297842207,11201,92,-0.108714145542625,-0.0161567591807801,0.0,0.0,False,True,AA06_seasonal,AA06,seasonal,False
AA04,691,,{},0.0,0.0,0.1371983627253027,0.0050635244394759,0.4585739082507201,0.3728181900415642,3214,97,-0.1371983627253027,-0.0050635244394759,0.0,0.0,False,True,AA06_seasonal,AA06,seasonal,False
AA05,W84,,{},0.0,0.0,0.0054405662742635,0.0303441463407188,0.2976402056811842,0.248017213273422,354,31,-0.0054405662742635,-0.0303441463407188,0.0,0.0,True,True,AA06_seasonal,AA06,seasonal,False
AA06,W68,SeasonalBias,"{'amplitude_ra': 0.3, 'amplitude_dec': 0.1, 'phase_days': 0.0}",-0.0072327319783206,-0.0024109106594402,-0.0567922255655941,-0.0090848464869921,0.4392157107101855,0.4214136045034687,4780,57,0.0495594935872735,0.0066739358275519,1.1385142054400803,0.3955364520367869,True,True,AA06_seasonal,AA06,seasonal,True
AA07,T09,,{},0.0,0.0,0.1875366423985841,0.0357336466538204,0.3557549569406862,0.2588575540546847,76,9,-0.1875366423985841,-0.0357336466538204,0.0,0.0,False,True,AA06_seasonal,AA06,seasonal,False
AA08,V00,,{},0.0,0.0,0.0630484255022033,0.0295279520720461,0.4974022618893211,0.3754214691253629,470,66,-0.0630484255022033,-0.0295279520720461,0.0,0.0,True,True,AA06_seasonal,AA06,seasonal,False
AA00,F51,,{},0.0,0.0,0.0260330790099861,0.0001679143589703,0.2866409823658138,0.1943276575530902,11792,100,-0.0260330790099861,-0.0001679143589703,0.0,0.0,True,True,AA06_step,AA06,step,False
AA01,G96,,{},0.0,0.0,0.066798926663652,0.0059113550793048,0.327800050941351,0.1986681857421654,14710,100,-0.066798926663652,-0.0059113550793048,0.0,0.0,True,True,AA06_step,AA06,step,False
AA02,F52,,{},0.0,0.0,-0.0183862743806753,0.0011196370431067,0.2870785212118201,0.1923885696701117,6019,100,0.0183862743806753,-0.0011196370431067,0.0,0.0,True,True,AA06_step,AA06,step,False
AA03,703,,{},0.0,0.0,0.0826308131659147,0.0135552631792015,0.4922658312761419,0.3839598214730981,11201,92,-0.0826308131659147,-0.0135552631792015,0.0,0.0,True,True,AA06_step,AA06,step,False
AA04,691,,{},0.0,0.0,0.1328909602660364,0.0027933927203861,0.4565776585948248,0.3722463339436296,3214,97,-0.1328909602660364,-0.0027933927203861,0.0,0.0,False,True,AA06_step,AA06,step,False
AA05,W84,,{},0.0,0.0,0.0028057221825004,0.0311512038488058,0.2977620016399334,0.2475551261970429,354,31,-0.0028057221825004,-0.0311512038488058,0.0,0.0,True,True,AA06_step,AA06,step,False
AA06,W68,StepChangeBias,"{'delta_ra_before': 0.0, 'delta_dec_before': 0.0, 'delta_ra_after': 0.4, 'delta_dec_after': -0.2, 'change_mjd': 59945.0}",0.3022594142259414,-0.1511297071129707,0.2526997787443101,-0.157803642940544,0.4797359659216752,0.4393269035335402,4780,57,0.0495596354816312,0.0066739358275733,43.56036456720879,23.783512235957133,True,True,AA06_step,AA06,step,True
AA07,T09,,{},0.0,0.0,0.187218267365798,0.0357230564993218,0.3559183948466097,0.2588954223222913,76,9,-0.187218267365798,-0.0357230564993218,0.0,0.0,False,True,AA06_step,AA06,step,False
AA08,V00,,{},0.0,0.0,0.0610363596341975,0.0291516366753532,0.4966586954840543,0.3761623497939492,470,66,-0.0610363596341975,-0.0291516366753532,0.0,0.0,True,True,AA06_step,AA06,step,False
AA00,F51,,{},0.0,0.0,0.0297719149023429,-1.4434410864348348e-05,0.2876360529442628,0.1971323855660018,11792,100,-0.0297719149023429,1.4434410864348348e-05,0.0,0.0,True,True,AA06_dcr,AA06,dcr,False
AA01,G96,,{},0.0,0.0,0.0712593202074747,0.0064763421472188,0.3293356585848469,0.1983415292435062,14710,100,-0.0712593202074747,-0.0064763421472188,0.0,0.0,True,True,AA06_dcr,AA06,dcr,False
AA02,F52,,{},0.0,0.0,-0.0167846901226731,0.0008543939288157,0.2867814786312105,0.1936767628149493,6019,100,0.0167846901226731,-0.0008543939288157,0.0,0.0,True,True,AA06_dcr,AA06,dcr,False
AA03,703,,{},0.0,0.0,0.1023152764995627,0.0111767435676967,0.4931640175534623,0.3868000351594477,11201,92,-0.1023152764995627,-0.0111767435676967,0.0,0.0,False,True,AA06_dcr,AA06,dcr,False
AA04,691,,{},0.0,0.0,0.1362548119828279,0.0033551765338484,0.4561824267476345,0.3723832583708373,3214,97,-0.1362548119828279,-0.0033551765338484,0.0,0.0,False,True,AA06_dcr,AA06,dcr,False
AA05,W84,,{},0.0,0.0,0.0057571942524333,0.0299108317612807,0.2964407410680286,0.2482921592332181,354,31,-0.0057571942524333,-0.0299108317612807,0.0,0.0,True,True,AA06_dcr,AA06,dcr,False
AA06,W68,DCRBias,"{'bandpass_nm': 200.0, 'ref_wavelength_nm': 550.0}",-0.0026913019744316,0.1571491462520674,-0.0522508522450153,0.1504752104246099,0.3941886835304654,0.4649376283338682,4780,57,0.0495595502705837,0.0066739358274575,0.4720328528861863,23.368523781275304,True,True,AA06_dcr,AA06,dcr,True
AA07,T09,,{},0.0,0.0,0.1877566120519853,0.0353341794980503,0.355988870198214,0.2589099536867794,76,9,-0.1877566120519853,-0.0353341794980503,0.0,0.0,False,True,AA06_dcr,AA06,dcr,False
AA08,V00,,{},0.0,0.0,0.0631844607435336,0.0294886381715758,0.4972395621744689,0.3757851701007544,470,66,-0.0631844607435336,-0.0294886381715758,0.0,0.0,True,True,AA06_dcr,AA06,dcr,False
AA00,F51,,{},0.0,0.0,0.0304762619804138,0.0006071347359346,0.2875230986209416,0.1958604375338504,11792,100,-0.0304762619804138,-0.0006071347359346,0.0,0.0,True,True,AA07_clean,AA07,clean,False
AA01,G96,,{},0.0,0.0,0.0707927568657382,0.0064678743510407,0.3289590001423764,0.1977776303687236,14710,100,-0.0707927568657382,-0.0064678743510407,0.0,0.0,True,True,AA07_clean,AA07,clean,False
AA02,F52,,{},0.0,0.0,-0.0172687183224607,0.0005062424051965,0.286747983394066,0.1930986929718322,6019,100,0.0172687183224607,-0.0005062424051965,0.0,0.0,True,True,AA07_clean,AA07,clean,False
AA03,703,,{},0.0,0.0,0.1059675593767352,0.0137798793225596,0.4991568444196221,0.386123315041017,11201,92,-0.1059675593767352,-0.0137798793225596,0.0,0.0,False,True,AA07_clean,AA07,clean,False
AA04,691,,{},0.0,0.0,0.1361387576380109,0.0036924751723982,0.4561485481115754,0.3724214616555123,3214,97,-0.1361387576380109,-0.0036924751723982,0.0,0.0,False,True,AA07_clean,AA07,clean,False
AA05,W84,,{},0.0,0.0,0.0058858451106142,0.030193397515855,0.296547790539241,0.2483203768462128,354,31,-0.0058858451106142,-0.030193397515855,0.0,0.0,True,True,AA07_clean,AA07,clean,False
AA06,W68,,{},0.0,0.0,-0.0495595226420558,-0.006673935827525,0.3832577765138181,0.4038786297563346,4780,57,0.0495595226420558,0.006673935827525,0.0,0.0,True,True,AA07_clean,AA07,clean,False
AA07,T09,,{},0.0,0.0,0.1875860873770404,0.0353883686895411,0.3559690797642175,0.2589176481969038,76,9,-0.1875860873770404,-0.0353883686895411,0.0,0.0,False,True,AA07_clean,AA07,clean,True
AA08,V00,,{},0.0,0.0,0.0628729810562016,0.0292771520131305,0.4972297173035901,0.3758454489862393,470,66,-0.0628729810562016,-0.0292771520131305,0.0,0.0,True,True,AA07_clean,AA07,clean,False
AA00,F51,,{},0.0,0.0,0.0300645578224661,0.0004610648454044,0.2875031285671752,0.1957976131922167,11792,100,-0.0300645578224661,-0.0004610648454044,0.0,0.0,True,True,AA07_constant,AA07,constant,False
AA01,G96,,{},0.0,0.0,0.0697063518932264,0.0063344441260181,0.3288146713169927,0.1978096495105611,14710,100,-0.0697063518932264,-0.0063344441260181,0.0,0.0,True,True,AA07_constant,AA07,constant,False
AA02,F52,,{},0.0,0.0,-0.0183532521190867,-0.0001091646183692,0.2868905465623816,0.1932196690222626,6019,100,0.0183532521190867,0.0001091646183692,0.0,0.0,True,True,AA07_constant,AA07,constant,False
AA03,703,,{},0.0,0.0,0.1057893849763881,0.0140330858488712,0.4992665662678462,0.3862209261647827,11201,92,-0.1057893849763881,-0.0140330858488712,0.0,0.0,False,True,AA07_constant,AA07,constant,False
AA04,691,,{},0.0,0.0,0.134406319582449,0.00325000318776,0.4546881482805177,0.37206045164254,3214,97,-0.134406319582449,-0.00325000318776,0.0,0.0,False,True,AA07_constant,AA07,constant,False
AA05,W84,,{},0.0,0.0,0.0058001761000085,0.0304599788952172,0.296557968528218,0.2478669456061249,354,31,-0.0058001761000085,-0.0304599788952172,0.0,0.0,True,True,AA07_constant,AA07,constant,False
AA06,W68,,{},0.0,0.0,-0.0495793001304978,-0.0066382759923214,0.3832581535511868,0.4038534548808671,4780,57,0.0495793001304978,0.0066382759923214,0.0,0.0,True,True,AA07_constant,AA07,constant,False
AA07,T09,ConstantBias,"{'delta_ra': 0.5, 'delta_dec': 0.0}",0.5,0.0,0.6875860849597205,0.0353883686895411,0.7511990865722613,0.2589176481969038,76,9,-0.1875860849597205,-0.0353883686895411,5.802588183953244,0.0,False,True,AA07_constant,AA07,constant,True
AA08,V00,,{},0.0,0.0,0.0615501837554985,0.0293904706146592,0.4964498426408674,0.3763388167158078,470,66,-0.0615501837554985,-0.0293904706146592,0.0,0.0,True,True,AA07_constant,AA07,constant,False
AA00,F51,,{},0.0,0.0,0.0304720109770693,0.0006110208360057,0.2875203546421178,0.1958632443789416,11792,100,-0.0304720109770693,-0.0006110208360057,0.0,0.0,True,True,AA07_timing,AA07,timing,False
AA01,G96,,{},0.0,0.0,0.0701850286507231,0.0065190316029861,0.3288385843205951,0.1978300075101731,14710,100,-0.0701850286507231,-0.0065190316029861,0.0,0.0,True,True,AA07_timing,AA07,timing,False
AA02,F52,,{},0.0,0.0,-0.0172716803766948,0.0005079386228705,0.2867477812257979,0.1930941841876284,6019,100,0.0172716803766948,-0.0005079386228705,0.0,0.0,True,True,AA07_timing,AA07,timing,False
AA03,703,,{},0.0,0.0,0.1059437086588771,0.0137827345533322,0.4991554197107793,0.3861236659792422,11201,92,-0.1059437086588771,-0.0137827345533322,0.0,0.0,False,True,AA07_timing,AA07,timing,False
AA04,691,,{},0.0,0.0,0.1361363604443807,0.0036898356202939,0.4561398842932918,0.372420316566142,3214,97,-0.1361363604443807,-0.0036898356202939,0.0,0.0,False,True,AA07_timing,AA07,timing,False
AA05,W84,,{},0.0,0.0,0.005888202282888,0.0301923746694509,0.2965488592952315,0.2483185310746802,354,31,-0.005888202282888,-0.0301923746694509,0.0,0.0,True,True,AA07_timing,AA07,timing,False
AA06,W68,,{},0.0,0.0,-0.0495676430080263,-0.0066741172208055,0.3832578064390204,0.403878575498574,4780,57,0.0495676430080263,0.0066741172208055,0.0,0.0,True,True,AA07_timing,AA07,timing,False
AA07,T09,TimingBias,{'delta_t_sec': 1.0},0.005618730361747,0.0,0.1932048177120169,0.0353883686895411,0.3587419798944473,0.2589176481969038,76,9,-0.1875860873502699,-0.0353883686895411,0.1365409080089541,0.0,False,True,AA07_timing,AA07,timing,True
AA08,V00,,{},0.0,0.0,0.0628732906884705,0.0292876536342998,0.4972293951537501,0.3758437039727604,470,66,-0.0628732906884705,-0.0292876536342998,0.0,0.0,True,True,AA07_timing,AA07,timing,False
AA00,F51,,{},0.0,0.0,0.0303278991111187,0.000585359033186,0.2874826254498742,0.1958694464894195,11792,100,-0.0303278991111187,-0.000585359033186,0.0,0.0,True,True,AA07_mag_dep,AA07,mag_dep,False
AA01,G96,,{},0.0,0.0,0.0700214323577192,0.0064657729696696,0.3288357713070377,0.1978519791640761,14710,100,-0.0700214323577192,-0.0064657729696696,0.0,0.0,True,True,AA07_mag_dep,AA07,mag_dep,False
AA02,F52,,{},0.0,0.0,-0.0183478855373469,7.261776926446921e-05,0.2868366418401523,0.1932202897471187,6019,100,0.0183478855373469,-7.261776926446921e-05,0.0,0.0,True,True,AA07_mag_dep,AA07,mag_dep,False
AA03,703,,{},0.0,0.0,0.105979644156789,0.0138250483396075,0.4991653635635476,0.3861275396850527,11201,92,-0.105979644156789,-0.0138250483396075,0.0,0.0,False,True,AA07_mag_dep,AA07,mag_dep,False
AA04,691,,{},0.0,0.0,0.1360355744016249,0.0036939707073891,0.4560060880188971,0.3723830745867009,3214,97,-0.1360355744016249,-0.0036939707073891,0.0,0.0,False,True,AA07_mag_dep,AA07,mag_dep,False
AA05,W84,,{},0.0,0.0,0.0058721539744842,0.03019341145459,0.2965405489403305,0.2483148125821918,354,31,-0.0058721539744842,-0.03019341145459,0.0,0.0,True,True,AA07_mag_dep,AA07,mag_dep,False
AA06,W68,,{},0.0,0.0,-0.0495603866924432,-0.0066738131768537,0.3832582273611661,0.4038784225611105,4780,57,0.0495603866924432,0.0066738131768537,0.0,0.0,True,True,AA07_mag_dep,AA07,mag_dep,False
AA07,T09,MagnitudeDependentBias,"{'slope_ra': 0.05, 'slope_dec': 0.02, 'ref_mag': 18.0}",0.1174342105263157,0.0469736842105263,0.3050202980737012,0.0823620529003063,0.4373081905333814,0.2727022152097911,76,9,-0.1875860875473855,-0.03538836868978,2.341066859847056,1.50166394740841,False,True,AA07_mag_dep,AA07,mag_dep,True
AA08,V00,,{},0.0,0.0,0.0628713891836547,0.0293316099327851,0.4972269156968472,0.3758927266404753,470,66,-0.0628713891836547,-0.0293316099327851,0.0,0.0,True,True,AA07_mag_dep,AA07,mag_dep,False
AA00,F51,,{},0.0,0.0,0.0302353773586637,0.0005445786303755,0.2874376259465333,0.1958705848068961,11792,100,-0.0302353773586637,-0.0005445786303755,0.0,0.0,True,True,AA07_epoch,AA07,epoch,False
AA01,G96,,{},0.0,0.0,0.0699613420909013,0.0064742588296027,0.3288421777863017,0.1978546108484462,14710,100,-0.0699613420909013,-0.0064742588296027,0.0,0.0,True,True,AA07_epoch,AA07,epoch,False
AA02,F52,,{},0.0,0.0,-0.0183368475485734,3.225868238082658e-05,0.2868467913602628,0.1932303505043517,6019,100,0.0183368475485734,-3.225868238082658e-05,0.0,0.0,True,True,AA07_epoch,AA07,epoch,False
AA03,703,,{},0.0,0.0,0.1059428435898444,0.0138757695998405,0.4991652961144566,0.3861397446075948,11201,92,-0.1059428435898444,-0.0138757695998405,0.0,0.0,False,True,AA07_epoch,AA07,epoch,False
AA04,691,,{},0.0,0.0,0.1359625850248087,0.0037291573263656,0.4558663859972768,0.3723649393738464,3214,97,-0.1359625850248087,-0.0037291573263656,0.0,0.0,False,True,AA07_epoch,AA07,epoch,False
AA05,W84,,{},0.0,0.0,0.0058477907529803,0.0302024427814898,0.2965348151831833,0.2483067654314308,354,31,-0.0058477907529803,-0.0302024427814898,0.0,0.0,True,True,AA07_epoch,AA07,epoch,False
AA06,W68,,{},0.0,0.0,-0.0495659008622573,-0.0066730217153332,0.3832582672149661,0.4038772935625821,4780,57,0.0495659008622573,0.0066730217153332,0.0,0.0,True,True,AA07_epoch,AA07,epoch,False
AA07,T09,CatalogEpochBias,"{'epoch_error_years': 5.0, 'pm_ra_median_masyr': 50.0, 'pm_dec_median_masyr': 30.0}",0.25,0.15,0.4375860899556419,0.1853883686898627,0.5319840543513837,0.3164725251185115,76,9,-0.1875860899556419,-0.0353883686898627,4.096832327855408,4.132016460425784,False,True,AA07_epoch,AA07,epoch,True
AA08,V00,,{},0.0,0.0,0.0615020621463711,0.0303027386962804,0.4964630437210342,0.3763737599102056,470,66,-0.0615020621463711,-0.0303027386962804,0.0,0.0,True,True,AA07_epoch,AA07,epoch,False
AA00,F51,,{},0.0,0.0,0.0301457088171334,0.0006269557887243,0.2874863608468457,0.1958687113334074,11792,100,-0.0301457088171334,-0.0006269557887243,0.0,0.0,True,True,AA07_seasonal,AA07,seasonal,False
AA01,G96,,{},0.0,0.0,0.0701131240300933,0.0065561645557992,0.3288023474832927,0.1978485496855406,14710,100,-0.0701131240300933,-0.0065561645557992,0.0,0.0,True,True,AA07_seasonal,AA07,seasonal,False
AA02,F52,,{},0.0,0.0,-0.0182527905843539,7.730708414541673e-05,0.2868196418256842,0.1932413608998045,6019,100,0.0182527905843539,-7.730708414541673e-05,0.0,0.0,True,True,AA07_seasonal,AA07,seasonal,False
AA03,703,,{},0.0,0.0,0.1060278401094636,0.0138721709887336,0.4991732397507764,0.3861408228871459,11201,92,-0.1060278401094636,-0.0138721709887336,0.0,0.0,False,True,AA07_seasonal,AA07,seasonal,False
AA04,691,,{},0.0,0.0,0.1359789196003701,0.0037023331080557,0.4559051000769783,0.3723565095678254,3214,97,-0.1359789196003701,-0.0037023331080557,0.0,0.0,False,True,AA07_seasonal,AA07,seasonal,False
AA05,W84,,{},0.0,0.0,0.0058601816275154,0.0301533456875514,0.2965419514511725,0.2483804491313599,354,31,-0.0058601816275154,-0.0301533456875514,0.0,0.0,True,True,AA07_seasonal,AA07,seasonal,False
AA06,W68,,{},0.0,0.0,-0.0495603557693308,-0.0066774892106671,0.3832583377819011,0.4038811648859109,4780,57,0.0495603557693308,0.0066774892106671,0.0,0.0,True,True,AA07_seasonal,AA07,seasonal,False
AA07,T09,SeasonalBias,"{'amplitude_ra': 0.3, 'amplitude_dec': 0.1, 'phase_days': 0.0}",0.1370072361787434,0.0456690787262478,0.3245933238943465,0.0810574474159745,0.4908712216156564,0.2841345610449576,76,9,-0.1875860877156031,-0.0353883686897267,2.4332275787988644,1.4012156654242407,False,True,AA07_seasonal,AA07,seasonal,True
AA08,V00,,{},0.0,0.0,0.0615555298371387,0.030423687483273,0.496476795964377,0.3763735163258686,470,66,-0.0615555298371387,-0.030423687483273,0.0,0.0,True,True,AA07_seasonal,AA07,seasonal,False
AA00,F51,,{},0.0,0.0,0.0304762619804138,0.0006071347359346,0.2875230986209416,0.1958604375338504,11792,100,-0.0304762619804138,-0.0006071347359346,0.0,0.0,True,True,AA07_step,AA07,step,False
AA01,G96,,{},0.0,0.0,0.0707927568657382,0.0064678743510407,0.3289590001423764,0.1977776303687236,14710,100,-0.0707927568657382,-0.0064678743510407,0.0,0.0,True,True,AA07_step,AA07,step,False
AA02,F52,,{},0.0,0.0,-0.0172687183224607,0.0005062424051965,0.286747983394066,0.1930986929718322,6019,100,0.0172687183224607,-0.0005062424051965,0.0,0.0,True,True,AA07_step,AA07,step,False
AA03,703,,{},0.0,0.0,0.1059675593767352,0.0137798793225596,0.4991568444196221,0.386123315041017,11201,92,-0.1059675593767352,-0.0137798793225596,0.0,0.0,False,True,AA07_step,AA07,step,False
AA04,691,,{},0.0,0.0,0.1361387576380109,0.0036924751723982,0.4561485481115754,0.3724214616555123,3214,97,-0.1361387576380109,-0.0036924751723982,0.0,0.0,False,True,AA07_step,AA07,step,False
AA05,W84,,{},0.0,0.0,0.0058858451106142,0.030193397515855,0.296547790539241,0.2483203768462128,354,31,-0.0058858451106142,-0.030193397515855,0.0,0.0,True,True,AA07_step,AA07,step,False
AA06,W68,,{},0.0,0.0,-0.0495595226420558,-0.006673935827525,0.3832577765138181,0.4038786297563346,4780,57,0.0495595226420558,0.006673935827525,0.0,0.0,True,True,AA07_step,AA07,step,False
AA07,T09,StepChangeBias,"{'delta_ra_before': 0.0, 'delta_dec_before': 0.0, 'delta_ra_after': 0.4, 'delta_dec_after': -0.2, 'change_mjd': 59945.0}",0.0,0.0,0.1875860873770404,0.0353883686895411,0.3559690797642175,0.2589176481969038,76,9,-0.1875860873770404,-0.0353883686895411,0.0,0.0,False,True,AA07_step,AA07,step,True
AA08,V00,,{},0.0,0.0,0.0628729810562016,0.0292771520131305,0.4972297173035901,0.3758454489862393,470,66,-0.0628729810562016,-0.0292771520131305,0.0,0.0,True,True,AA07_step,AA07,step,False
AA00,F51,,{},0.0,0.0,0.0304385121585426,0.0006336437247141,0.2875146297204357,0.1958613372331881,11792,100,-0.0304385121585426,-0.0006336437247141,0.0,0.0,True,True,AA07_dcr,AA07,dcr,False
AA01,G96,,{},0.0,0.0,0.0701463635083904,0.0065545723713101,0.3288038661805714,0.1978399466268392,14710,100,-0.0701463635083904,-0.0065545723713101,0.0,0.0,True,True,AA07_dcr,AA07,dcr,False
AA02,F52,,{},0.0,0.0,-0.0182574552426309,0.0001180676210217,0.2867992987623818,0.1932168745848172,6019,100,0.0182574552426309,-0.0001180676210217,0.0,0.0,True,True,AA07_dcr,AA07,dcr,False
AA03,703,,{},0.0,0.0,0.1059757652549741,0.0138412727044422,0.4991610587962187,0.3861342272079338,11201,92,-0.1059757652549741,-0.0138412727044422,0.0,0.0,False,True,AA07_dcr,AA07,dcr,False
AA04,691,,{},0.0,0.0,0.1375427174343616,0.003861537979951,0.4585968997258914,0.3725338523311452,3214,97,-0.1375427174343616,-0.003861537979951,0.0,0.0,False,True,AA07_dcr,AA07,dcr,False
AA05,W84,,{},0.0,0.0,0.0058985628632564,0.0301641337456909,0.2965586199833831,0.248366639955198,354,31,-0.0058985628632564,-0.0301641337456909,0.0,0.0,True,True,AA07_dcr,AA07,dcr,False
AA06,W68,,{},0.0,0.0,-0.0495657224034584,-0.0066766388675597,0.3832574134882702,0.403880420195864,4780,57,0.0495657224034584,0.0066766388675597,0.0,0.0,True,True,AA07_dcr,AA07,dcr,False
AA07,T09,DCRBias,"{'bandpass_nm': 200.0, 'ref_wavelength_nm': 550.0}",0.0343546767057558,-0.130352612384785,0.2219407566557998,-0.0949642436950508,0.4079568560669896,0.2759946402284569,76,9,-0.187586079950044,-0.0353883686897341,0.7341392197306792,4.117426801777592,False,True,AA07_dcr,AA07,dcr,True
AA08,V00,,{},0.0,0.0,0.0615753308983312,0.0305974395379745,0.4964623455901884,0.376395986676424,470,66,-0.0615753308983312,-0.0305974395379745,0.0,0.0,True,True,AA07_dcr,AA07,dcr,False
AA00,F51,,{},0.0,0.0,0.0304762619804138,0.0006071347359346,0.2875230986209416,0.1958604375338504,11792,100,-0.0304762619804138,-0.0006071347359346,0.0,0.0,True,True,AA08_clean,AA08,clean,False
AA01,G96,,{},0.0,0.0,0.0707927568657382,0.0064678743510407,0.3289590001423764,0.1977776303687236,14710,100,-0.0707927568657382,-0.0064678743510407,0.0,0.0,True,True,AA08_clean,AA08,clean,False
AA02,F52,,{},0.0,0.0,-0.0172687183224607,0.0005062424051965,0.286747983394066,0.1930986929718322,6019,100,0.0172687183224607,-0.0005062424051965,0.0,0.0,True,True,AA08_clean,AA08,clean,False
AA03,703,,{},0.0,0.0,0.1059675593767352,0.0137798793225596,0.4991568444196221,0.386123315041017,11201,92,-0.1059675593767352,-0.0137798793225596,0.0,0.0,False,True,AA08_clean,AA08,clean,False
AA04,691,,{},0.0,0.0,0.1361387576380109,0.0036924751723982,0.4561485481115754,0.3724214616555123,3214,97,-0.1361387576380109,-0.0036924751723982,0.0,0.0,False,True,AA08_clean,AA08,clean,False
AA05,W84,,{},0.0,0.0,0.0058858451106142,0.030193397515855,0.296547790539241,0.2483203768462128,354,31,-0.0058858451106142,-0.030193397515855,0.0,0.0,True,True,AA08_clean,AA08,clean,False
AA06,W68,,{},0.0,0.0,-0.0495595226420558,-0.006673935827525,0.3832577765138181,0.4038786297563346,4780,57,0.0495595226420558,0.006673935827525,0.0,0.0,True,True,AA08_clean,AA08,clean,False
AA07,T09,,{},0.0,0.0,0.1875860873770404,0.0353883686895411,0.3559690797642175,0.2589176481969038,76,9,-0.1875860873770404,-0.0353883686895411,0.0,0.0,False,True,AA08_clean,AA08,clean,False
AA08,V00,,{},0.0,0.0,0.0628729810562016,0.0292771520131305,0.4972297173035901,0.3758454489862393,470,66,-0.0628729810562016,-0.0292771520131305,0.0,0.0,True,True,AA08_clean,AA08,clean,True
AA00,F51,,{},0.0,0.0,0.029527310822323,-2.9409544438213407e-05,0.2876585033303965,0.1952940169180637,11792,100,-0.029527310822323,2.9409544438213407e-05,0.0,0.0,True,True,AA08_constant,AA08,constant,False
AA01,G96,,{},0.0,0.0,0.0721442111585036,0.0062488841968211,0.3295655768204171,0.1978728285514192,14710,100,-0.0721442111585036,-0.0062488841968211,0.0,0.0,True,True,AA08_constant,AA08,constant,False
AA02,F52,,{},0.0,0.0,-0.0178582700524797,0.0006199312875327,0.2866455723934953,0.1931254065725773,6019,100,0.0178582700524797,-0.0006199312875327,0.0,0.0,True,True,AA08_constant,AA08,constant,False
AA03,703,,{},0.0,0.0,0.1057678123321667,0.0136406962487304,0.4990094283961716,0.3861041357185699,11201,92,-0.1057678123321667,-0.0136406962487304,0.0,0.0,False,True,AA08_constant,AA08,constant,False
AA04,691,,{},0.0,0.0,0.1380401438324146,0.0044035423315308,0.4590578861897874,0.3724732354585491,3214,97,-0.1380401438324146,-0.0044035423315308,0.0,0.0,False,True,AA08_constant,AA08,constant,False
AA05,W84,,{},0.0,0.0,0.005469790582931,0.0289344232615682,0.296360554407717,0.248227492791063,354,31,-0.005469790582931,-0.0289344232615682,0.0,0.0,True,True,AA08_constant,AA08,constant,False
AA06,W68,,{},0.0,0.0,-0.0496012478162513,-0.0067761785461914,0.3832480971433847,0.4038795538152783,4780,57,0.0496012478162513,0.0067761785461914,0.0,0.0,True,True,AA08_constant,AA08,constant,False
AA07,T09,,{},0.0,0.0,0.1867905872822677,0.034138388845325,0.3553581177645865,0.258633985611801,76,9,-0.1867905872822677,-0.034138388845325,0.0,0.0,False,True,AA08_constant,AA08,constant,False
AA08,V00,ConstantBias,"{'delta_ra': 0.5, 'delta_dec': 0.0}",0.5,0.0,0.5628729823351875,0.0292771520131305,0.7484052114730791,0.3758454489862393,470,66,-0.0628729823351874,-0.0292771520131305,14.4837870289594,0.0,True,True,AA08_constant,AA08,constant,True
AA00,F51,,{},0.0,0.0,0.0304883557522702,0.0006038931927604,0.287538089694677,0.1958583209195702,11792,100,-0.0304883557522702,-0.0006038931927604,0.0,0.0,True,True,AA08_timing,AA08,timing,False
AA01,G96,,{},0.0,0.0,0.0707678621770282,0.0064661573431792,0.3289744394425886,0.1977735341813931,14710,100,-0.0707678621770282,-0.0064661573431792,0.0,0.0,True,True,AA08_timing,AA08,timing,False
AA02,F52,,{},0.0,0.0,-0.017302147015671,0.0005083423062302,0.286756189296488,0.1930977505688524,6019,100,0.017302147015671,-0.0005083423062302,0.0,0.0,True,True,AA08_timing,AA08,timing,False
AA03,703,,{},0.0,0.0,0.1060998556364647,0.0137817416245618,0.4991559875967356,0.3861292034147258,11201,92,-0.1060998556364647,-0.0137817416245618,0.0,0.0,False,True,AA08_timing,AA08,timing,False
AA04,691,,{},0.0,0.0,0.1362557422918791,0.0037041123610237,0.4561203791259447,0.372425857734791,3214,97,-0.1362557422918791,-0.0037041123610237,0.0,0.0,False,True,AA08_timing,AA08,timing,False
AA05,W84,,{},0.0,0.0,0.0058353166305045,0.0302080076385746,0.2965729078425058,0.2483308630287438,354,31,-0.0058353166305045,-0.0302080076385746,0.0,0.0,True,True,AA08_timing,AA08,timing,False
AA06,W68,,{},0.0,0.0,-0.0495539037873594,-0.0066804324845663,0.3832606293656473,0.4038784326847022,4780,57,0.0495539037873594,0.0066804324845663,0.0,0.0,True,True,AA08_timing,AA08,timing,False
AA07,T09,,{},0.0,0.0,0.1875724110725703,0.0353767540907823,0.3559604175740365,0.258915972904362,76,9,-0.1875724110725703,-0.0353767540907823,0.0,0.0,False,True,AA08_timing,AA08,timing,False
AA08,V00,TimingBias,{'delta_t_sec': 1.0},0.0104428757661939,0.0,0.0733158568766508,0.0292771520131305,0.5008291540644195,0.3758454489862393,470,66,-0.0628729811104569,-0.0292771520131305,0.4520426773600259,0.0,True,True,AA08_timing,AA08,timing,True
AA00,F51,,{},0.0,0.0,0.0287761709447691,-0.0006339049647444,0.2840765666714103,0.194557442073263,10004,85,-0.0287761709447691,0.0006339049647444,0.0,0.0,True,True,AA08_mag_dep,AA08,mag_dep,False
AA01,G96,,{},0.0,0.0,0.073419851322964,0.0069775687610081,0.3262620658477192,0.1963086764455653,12636,85,-0.073419851322964,-0.0069775687610081,0.0,0.0,True,True,AA08_mag_dep,AA08,mag_dep,False
AA02,F52,,{},0.0,0.0,-0.0175618773295849,-0.0008654257423836,0.2812177034313162,0.1929157836848001,5094,85,0.0175618773295849,0.0008654257423836,0.0,0.0,True,True,AA08_mag_dep,AA08,mag_dep,False
AA03,703,,{},0.0,0.0,0.0987352448227773,0.0152205748478053,0.4974153121876971,0.3879085626693811,9605,78,-0.0987352448227773,-0.0152205748478053,0.0,0.0,True,True,AA08_mag_dep,AA08,mag_dep,False
AA04,691,,{},0.0,0.0,0.1368328548829966,0.0065710117030828,0.4554397014966803,0.3707218155003954,2781,82,-0.1368328548829966,-0.0065710117030828,0.0,0.0,False,True,AA08_mag_dep,AA08,mag_dep,False
AA05,W84,,{},0.0,0.0,-0.0006094106558978,0.0316910624195326,0.3073551150477532,0.2498792012775329,296,28,0.0006094106558978,-0.0316910624195326,0.0,0.0,True,True,AA08_mag_dep,AA08,mag_dep,False
AA06,W68,,{},0.0,0.0,-0.0421584015439447,-0.0084983285473726,0.3833340996177173,0.4168812817557578,4159,47,0.0421584015439447,0.0084983285473726,0.0,0.0,True,True,AA08_mag_dep,AA08,mag_dep,False
AA07,T09,,{},0.0,0.0,0.1870327844222633,0.0403383215436323,0.3673385326168741,0.2616570841301411,57,7,-0.1870327844222633,-0.0403383215436323,0.0,0.0,False,True,AA08_mag_dep,AA08,mag_dep,False
AA08,V00,MagnitudeDependentBias,"{'slope_ra': 0.05, 'slope_dec': 0.02, 'ref_mag': 18.0}",0.0957438478747203,0.0382975391498881,0.1583491760563186,0.0714251647037543,0.534968283270653,0.3843411306563025,470,66,-0.0626053281815983,-0.0331276255538662,3.880000412132947,2.160244630621502,True,True,AA08_mag_dep,AA08,mag_dep,True
AA00,F51,,{},0.0,0.0,0.0303734812620781,0.0003860363652532,0.2875384153704956,0.1957277582684475,11792,100,-0.0303734812620781,-0.0003860363652532,0.0,0.0,True,True,AA08_epoch,AA08,epoch,False
AA01,G96,,{},0.0,0.0,0.0705920386004462,0.0065659402820562,0.3289328029598716,0.197805014547717,14710,100,-0.0705920386004462,-0.0065659402820562,0.0,0.0,True,True,AA08_epoch,AA08,epoch,False
AA02,F52,,{},0.0,0.0,-0.0175335470513936,0.000400728268916,0.286710637031757,0.1930226163503959,6019,100,0.0175335470513936,-0.000400728268916,0.0,0.0,True,True,AA08_epoch,AA08,epoch,False
AA03,703,,{},0.0,0.0,0.1058011305686686,0.0136606478785868,0.4990596649585792,0.3861130029486003,11201,92,-0.1058011305686686,-0.0136606478785868,0.0,0.0,False,True,AA08_epoch,AA08,epoch,False
AA04,691,,{},0.0,0.0,0.1360032227997896,0.0035255647226989,0.4560613367099966,0.3724474279690596,3214,97,-0.1360032227997896,-0.0035255647226989,0.0,0.0,False,True,AA08_epoch,AA08,epoch,False
AA05,W84,,{},0.0,0.0,0.0058165953339232,0.030322810105582,0.2964756480623847,0.2482035461628867,354,31,-0.0058165953339232,-0.030322810105582,0.0,0.0,True,True,AA08_epoch,AA08,epoch,False
AA06,W68,,{},0.0,0.0,-0.0494758489298281,-0.0069128046332949,0.3831686406391998,0.4038584257464578,4780,57,0.0494758489298281,0.0069128046332949,0.0,0.0,True,True,AA08_epoch,AA08,epoch,False
AA07,T09,,{},0.0,0.0,0.1875249207851323,0.0354919775175478,0.3558848989694904,0.2588964137492936,76,9,-0.1875249207851323,-0.0354919775175478,0.0,0.0,False,True,AA08_epoch,AA08,epoch,False
AA08,V00,CatalogEpochBias,"{'epoch_error_years': 5.0, 'pm_ra_median_masyr': 50.0, 'pm_dec_median_masyr': 30.0}",0.25,0.1500000000000001,0.3128729381888231,0.1792771520131281,0.5841008337929151,0.4153828921938551,470,66,-0.0628729381888231,-0.029277152013128,9.278998648187583,7.82873481169798,True,True,AA08_epoch,AA08,epoch,True
AA00,F51,,{},0.0,0.0,0.0306152516985239,0.0005579105876053,0.2873407607085919,0.1957583367085087,11792,100,-0.0306152516985239,-0.0005579105876053,0.0,0.0,True,True,AA08_seasonal,AA08,seasonal,False
AA01,G96,,{},0.0,0.0,0.0706833174439974,0.0063891210187372,0.3289695193878881,0.1977945329933039,14710,100,-0.0706833174439974,-0.0063891210187372,0.0,0.0,True,True,AA08_seasonal,AA08,seasonal,False
AA02,F52,,{},0.0,0.0,-0.0174534320610612,0.0004707077752086,0.2867293317914484,0.1930933287814372,6019,100,0.0174534320610612,-0.0004707077752086,0.0,0.0,True,True,AA08_seasonal,AA08,seasonal,False
AA03,703,,{},0.0,0.0,0.1058684613280178,0.0137678869333013,0.4991348899927122,0.3861199356476537,11201,92,-0.1058684613280178,-0.0137678869333013,0.0,0.0,False,True,AA08_seasonal,AA08,seasonal,False
AA04,691,,{},0.0,0.0,0.1361382905489935,0.0036404741084738,0.4561792436280852,0.3724494747430042,3214,97,-0.1361382905489935,-0.0036404741084738,0.0,0.0,False,True,AA08_seasonal,AA08,seasonal,False
AA05,W84,,{},0.0,0.0,0.0059661592746526,0.0301700935489051,0.2964834336355422,0.2482439688122273,354,31,-0.0059661592746526,-0.0301700935489051,0.0,0.0,True,True,AA08_seasonal,AA08,seasonal,False
AA06,W68,,{},0.0,0.0,-0.0495266085681283,-0.0066983135060831,0.383234476525371,0.4038765867927376,4780,57,0.0495266085681283,0.0066983135060831,0.0,0.0,True,True,AA08_seasonal,AA08,seasonal,False
AA07,T09,,{},0.0,0.0,0.187153650022948,0.0353515011715659,0.3556232213813173,0.2588716577136276,76,9,-0.187153650022948,-0.0353515011715659,0.0,0.0,False,True,AA08_seasonal,AA08,seasonal,False
AA08,V00,SeasonalBias,"{'amplitude_ra': 0.3, 'amplitude_dec': 0.1, 'phase_days': 0.0}",0.0794205751175208,0.0264735250391736,0.1422935412432651,0.055750677052016,0.5585060429878957,0.3951880996536849,470,66,-0.0628729661257443,-0.0292771520128424,3.082861968275829,1.4523016933695378,True,True,AA08_seasonal,AA08,seasonal,True
AA00,F51,,{},0.0,0.0,0.0302809172363138,0.0006872404151739,0.2875050405889306,0.196194201556995,11792,100,-0.0302809172363138,-0.0006872404151739,0.0,0.0,True,True,AA08_step,AA08,step,False
AA01,G96,,{},0.0,0.0,0.0706710991297162,0.0066801581412473,0.329209589179034,0.1980202024733046,14710,100,-0.0706710991297162,-0.0066801581412473,0.0,0.0,True,True,AA08_step,AA08,step,False
AA02,F52,,{},0.0,0.0,-0.018684698230098,0.0004066092677148,0.2867534219193939,0.193334623510149,6019,100,0.018684698230098,-0.0004066092677148,0.0,0.0,True,True,AA08_step,AA08,step,False
AA03,703,,{},0.0,0.0,0.1056921554833942,0.0138816421430321,0.4990774220387813,0.3861660218598475,11201,92,-0.1056921554833942,-0.0138816421430321,0.0,0.0,False,True,AA08_step,AA08,step,False
AA04,691,,{},0.0,0.0,0.136735624002396,0.00369630597163,0.4581890877340484,0.3727072049013583,3214,97,-0.136735624002396,-0.00369630597163,0.0,0.0,False,True,AA08_step,AA08,step,False
AA05,W84,,{},0.0,0.0,0.0053377245725973,0.0289474070197198,0.2963978932889162,0.2486044438036094,354,31,-0.0053377245725973,-0.0289474070197198,0.0,0.0,True,True,AA08_step,AA08,step,False
AA06,W68,,{},0.0,0.0,-0.0496097056987342,-0.0066917387540763,0.3832687284750496,0.4038822718874042,4780,57,0.0496097056987342,0.0066917387540763,0.0,0.0,True,True,AA08_step,AA08,step,False
AA07,T09,,{},0.0,0.0,0.1872416085733685,0.0340513532164241,0.3556882132644358,0.2587254309871712,76,9,-0.1872416085733685,-0.0340513532164241,0.0,0.0,False,True,AA08_step,AA08,step,False
AA08,V00,StepChangeBias,"{'delta_ra_before': 0.0, 'delta_dec_before': 0.0, 'delta_ra_after': 0.4, 'delta_dec_after': -0.2, 'change_mjd': 59945.0}",0.2970212765957445,-0.1485106382978722,0.3598943201371121,-0.1192334862849901,0.632044111675195,0.3929095500390003,470,66,-0.0628730435413676,-0.029277152012882,10.188003832477326,8.194338660643968,True,True,AA08_step,AA08,step,True
AA00,F51,,{},0.0,0.0,0.0293667109178837,0.0007391149192936,0.2875862632516469,0.1961925558290584,11792,100,-0.0293667109178837,-0.0007391149192936,0.0,0.0,True,True,AA08_dcr,AA08,dcr,False
AA01,G96,,{},0.0,0.0,0.0700559524449686,0.006697029813809,0.3288726673012215,0.1978050834753987,14710,100,-0.0700559524449686,-0.006697029813809,0.0,0.0,True,True,AA08_dcr,AA08,dcr,False
AA02,F52,,{},0.0,0.0,-0.0182766455234056,0.0002741053768551,0.2867717932494043,0.1932467737556574,6019,100,0.0182766455234056,-0.0002741053768551,0.0,0.0,True,True,AA08_dcr,AA08,dcr,False
AA03,703,,{},0.0,0.0,0.1059923337490827,0.0137797979791573,0.4992027466632193,0.3861083958151023,11201,92,-0.1059923337490827,-0.0137797979791573,0.0,0.0,False,True,AA08_dcr,AA08,dcr,False
AA04,691,,{},0.0,0.0,0.1354498409018581,0.003457529589774,0.4558379330869522,0.3724635384528215,3214,97,-0.1354498409018581,-0.003457529589774,0.0,0.0,False,True,AA08_dcr,AA08,dcr,False
AA05,W84,,{},0.0,0.0,0.005675892496373,0.0294616920273299,0.2965263489550255,0.2483726880951254,354,31,-0.005675892496373,-0.0294616920273299,0.0,0.0,True,True,AA08_dcr,AA08,dcr,False
AA06,W68,,{},0.0,0.0,-0.0495636062437292,-0.0067310746180991,0.383231585663134,0.4038695334332721,4780,57,0.0495636062437292,0.0067310746180991,0.0,0.0,True,True,AA08_dcr,AA08,dcr,False
AA07,T09,,{},0.0,0.0,0.1874927214132216,0.0351187131297904,0.3559151537796538,0.2590038844589665,76,9,-0.1874927214132216,-0.0351187131297904,0.0,0.0,False,True,AA08_dcr,AA08,dcr,False
AA08,V00,DCRBias,"{'bandpass_nm': 200.0, 'ref_wavelength_nm': 550.0}",0.0724500431473259,-0.163989050374271,0.1353230464357094,-0.1347118983614486,0.5414650105786553,0.4048354775685706,470,66,-0.0628730032883835,-0.0292771520128223,2.900795944770195,8.78183383251544,True,True,AA08_dcr,AA08,dcr,True
AA00,F51,TrailingBias,{'trailing_factor': 0.1},0.0074027168400399,-0.0076792063873743,-0.3854926408148398,-0.0080566822496121,40.34016642499246,1.2471951501805898,11792,100,0.3928953576548797,0.0003774758622378,0.019927241645542,0.6686143014290316,False,True,AA00_trailing,AA00,trailing,True
AA01,G96,,{},0.0,0.0,0.8615212119873379,0.0131127832777321,1.2946741856335535,0.5161230185205695,6768,41,-0.8615212119873379,-0.0131127832777321,0.0,0.0,False,True,AA00_trailing,AA00,trailing,False
AA02,F52,,{},0.0,0.0,0.2546814027529447,0.0117786698845281,0.5193073345985583,0.3408004717409815,3218,53,-0.2546814027529447,-0.0117786698845281,0.0,0.0,False,True,AA00_trailing,AA00,trailing,False
AA03,703,,{},0.0,0.0,0.7977233644630234,-0.0063123975708042,1.1620525121258252,0.608993167356068,5524,47,-0.7977233644630234,0.0063123975708042,0.0,0.0,False,True,AA00_trailing,AA00,trailing,False
AA04,691,,{},0.0,0.0,1.3085265227784206,0.0300735557687343,1.645001069984482,0.6889470376629231,1983,60,-1.3085265227784206,-0.0300735557687343,0.0,0.0,False,True,AA00_trailing,AA00,trailing,False
AA05,W84,,{},0.0,0.0,0.4603363433235221,-0.0832033601363915,0.6852364346263455,0.3082109123674496,171,16,-0.4603363433235221,0.0832033601363915,0.0,0.0,False,True,AA00_trailing,AA00,trailing,False
AA06,W68,,{},0.0,0.0,0.0345233447625921,0.0329593766821315,0.4361988030249615,0.3462974464022244,2894,33,-0.0345233447625921,-0.0329593766821315,0.0,0.0,True,True,AA00_trailing,AA00,trailing,False
AA07,T09,,{},0.0,0.0,0.986229861381588,0.0721127053139911,1.148629813468657,0.258857767178965,40,4,-0.986229861381588,-0.0721127053139911,0.0,0.0,False,True,AA00_trailing,AA00,trailing,False
AA08,V00,,{},0.0,0.0,0.1498122350875595,0.0073773202469766,0.5553505053445339,0.4422570918547044,277,41,-0.1498122350875595,-0.0073773202469766,0.0,0.0,False,True,AA00_trailing,AA00,trailing,False
AA00,F51,,{},0.0,0.0,0.8207273865793733,0.0249910716186025,1.1420207647423246,0.5492870642112447,3553,29,-0.8207273865793733,-0.0249910716186025,0.0,0.0,False,True,AA01_trailing,AA01,trailing,False
AA01,G96,TrailingBias,{'trailing_factor': 0.1},0.0067471795010837,0.068192327890231,-0.6844355596723567,0.0741152383674712,67.98930675791524,1.2668344090934889,14710,100,0.6911827391734404,-0.0059229104772402,0.0120361609783438,6.528629178519691,False,True,AA01_trailing,AA01,trailing,True
AA02,F52,,{},0.0,0.0,0.325667032871515,0.0249173286206435,0.5922342928077602,0.4833567450883436,2771,43,-0.325667032871515,-0.0249173286206435,0.0,0.0,False,True,AA01_trailing,AA01,trailing,False
AA03,703,,{},0.0,0.0,0.9897121638942864,0.1063242960072721,1.3498908341360778,0.6230460435190218,3103,36,-0.9897121638942864,-0.1063242960072721,0.0,0.0,False,False,AA01_trailing,AA01,trailing,False
AA04,691,,{},0.0,0.0,1.5810373208988735,0.1365009752502159,1.9784975075526323,0.831444337316949,1480,47,-1.5810373208988735,-0.1365009752502159,0.0,0.0,False,False,AA01_trailing,AA01,trailing,False
AA05,W84,,{},0.0,0.0,0.7336695324661552,-0.1624045840697996,0.922798872428414,0.5041839564644587,136,14,-0.7336695324661552,0.1624045840697996,0.0,0.0,False,False,AA01_trailing,AA01,trailing,False
AA06,W68,,{},0.0,0.0,0.0413791243343516,0.0543912226087577,0.3880074259550755,0.3495183785056706,2349,25,-0.0413791243343516,-0.0543912226087577,0.0,0.0,True,True,AA01_trailing,AA01,trailing,False
AA07,T09,,{},0.0,0.0,0.8199083332463244,-0.0396514472290266,0.9007775197089934,0.3115435568203241,72,8,-0.8199083332463244,0.0396514472290266,0.0,0.0,False,True,AA01_trailing,AA01,trailing,False
AA08,V00,,{},0.0,0.0,0.2017520078684811,0.0828739002515709,0.6134555225222689,0.5033820826483097,269,37,-0.2017520078684811,-0.0828739002515709,0.0,0.0,False,True,AA01_trailing,AA01,trailing,False
AA00,F51,,{},0.0,0.0,0.2861196111111483,7.771744438748378e-05,0.5398281481094398,0.3476108170103121,10046,85,-0.2861196111111483,-7.771744438748378e-05,0.0,0.0,False,True,AA02_trailing,AA02,trailing,False
AA01,G96,,{},0.0,0.0,0.355805869172298,0.0027185385564238,0.618192412542554,0.3696965842782925,12271,85,-0.355805869172298,-0.0027185385564238,0.0,0.0,False,True,AA02_trailing,AA02,trailing,False
AA02,F52,TrailingBias,{'trailing_factor': 0.1},-0.8057810682642216,0.041596418633356,-1.0197258347993732,0.0452633391252165,27.911340549912847,1.2361210828551434,6019,100,0.2139447665351516,-0.0036669204918605,2.239744792314924,2.6107007766491024,False,True,AA02_trailing,AA02,trailing,True
AA03,703,,{},0.0,0.0,0.2710363158001447,0.0186331594133146,0.5904965716324443,0.4403934217636734,8609,78,-0.2710363158001447,-0.0186331594133146,0.0,0.0,False,True,AA02_trailing,AA02,trailing,False
AA04,691,,{},0.0,0.0,0.4101497332486514,0.0273646820871552,0.6840089242180001,0.4486417292166303,2668,84,-0.4101497332486514,-0.0273646820871552,0.0,0.0,False,True,AA02_trailing,AA02,trailing,False
AA05,W84,,{},0.0,0.0,0.2098383176566687,-0.0034899803677967,0.4271479180226958,0.393628061101078,268,24,-0.2098383176566687,0.0034899803677967,0.0,0.0,False,True,AA02_trailing,AA02,trailing,False
AA06,W68,,{},0.0,0.0,0.0226998930558916,0.037050322608391,0.394216362391895,0.320238495604101,3548,48,-0.0226998930558916,-0.037050322608391,0.0,0.0,True,True,AA02_trailing,AA02,trailing,False
AA07,T09,,{},0.0,0.0,0.6208298111375244,0.1592514530578422,0.7696327517844546,0.341598907759771,76,9,-0.6208298111375244,-0.1592514530578422,0.0,0.0,False,False,AA02_trailing,AA02,trailing,False
AA08,V00,,{},0.0,0.0,0.1551905344136443,0.0107997694238209,0.5630477205033875,0.4064355130085083,382,57,-0.1551905344136443,-0.0107997694238209,0.0,0.0,False,True,AA02_trailing,AA02,trailing,False
AA00,F51,,{},0.0,0.0,0.2013407491879554,-0.0010287991929817,0.4408207443003025,0.2361150520822791,9606,82,-0.2013407491879554,0.0010287991929817,0.0,0.0,False,True,AA03_trailing,AA03,trailing,False
AA01,G96,,{},0.0,0.0,0.2666510045240404,0.0079174275211728,0.5311087158888285,0.2653253816908543,11516,82,-0.2666510045240404,-0.0079174275211728,0.0,0.0,False,True,AA03_trailing,AA03,trailing,False
AA02,F52,,{},0.0,0.0,0.0382832905886157,0.0093695155049585,0.2937713016466843,0.2087724992531911,4820,82,-0.0382832905886157,-0.0093695155049585,0.0,0.0,True,True,AA03_trailing,AA03,trailing,False
AA03,703,TrailingBias,{'trailing_factor': 0.1},-0.4021159425969547,0.0337206965621887,-0.2837410516853879,0.0490331474793266,25.234657798831417,1.815372276042135,11201,92,-0.1183748909115668,-0.0153124509171379,1.6864841762131932,1.9658901066385903,False,True,AA03_trailing,AA03,trailing,True
AA04,691,,{},0.0,0.0,0.485944344244789,0.0121841163635231,0.7672473334520645,0.4357484553450391,2617,80,-0.485944344244789,-0.0121841163635231,0.0,0.0,False,True,AA03_trailing,AA03,trailing,False
AA05,W84,,{},0.0,0.0,0.1442725982856394,0.0769011310386885,0.3357285325518818,0.2599773200239603,248,23,-0.1442725982856394,-0.0769011310386885,0.0,0.0,False,True,AA03_trailing,AA03,trailing,False
AA06,W68,,{},0.0,0.0,-0.0114811042448871,-0.0003332539743152,0.3614956487865497,0.2856772406560041,3501,41,0.0114811042448871,0.0003332539743152,0.0,0.0,True,True,AA03_trailing,AA03,trailing,False
AA07,T09,,{},0.0,0.0,0.227188608829846,-2.5175719468439268e-05,0.3484021971516747,0.270454443520405,72,8,-0.227188608829846,2.5175719468439268e-05,0.0,0.0,False,True,AA03_trailing,AA03,trailing,False
AA08,V00,,{},0.0,0.0,0.1093042859592108,0.0373684472938967,0.5156063756550279,0.3863021026203737,370,55,-0.1093042859592108,-0.0373684472938967,0.0,0.0,False,True,AA03_trailing,AA03,trailing,False
AA00,F51,,{},0.0,0.0,0.1208651797517952,0.0001912894976285,0.3422961884023214,0.2121935377694584,11591,99,-0.1208651797517952,-0.0001912894976285,0.0,0.0,False,True,AA04_trailing,AA04,trailing,False
AA01,G96,,{},0.0,0.0,0.2243487363576597,0.0085042230164368,0.4800524301122335,0.2290764046203198,14432,99,-0.2243487363576597,-0.0085042230164368,0.0,0.0,False,True,AA04_trailing,AA04,trailing,False
AA02,F52,,{},0.0,0.0,0.0060495398592617,0.0097600974589061,0.2912743274945694,0.2000380602008254,5967,99,-0.0060495398592617,-0.0097600974589061,0.0,0.0,True,True,AA04_trailing,AA04,trailing,False
AA03,703,,{},0.0,0.0,0.207789258455829,0.0176951650933239,0.5435203995687964,0.396436269262014,11097,91,-0.207789258455829,-0.0176951650933239,0.0,0.0,False,True,AA04_trailing,AA04,trailing,False
AA04,691,TrailingBias,{'trailing_factor': 0.1},-1.528449331299776,0.0317985486474068,-1.3777006527172195,0.0454258842472158,5.632049609878847,1.0151657223367778,3214,97,-0.1507486785825564,-0.013627335599809,15.385354620459752,1.7757968832466302,False,True,AA04_trailing,AA04,trailing,True
AA05,W84,,{},0.0,0.0,0.0811615833257472,0.0289270756299136,0.3151546833289204,0.2315228316718712,354,31,-0.0811615833257472,-0.0289270756299136,0.0,0.0,True,True,AA04_trailing,AA04,trailing,False
AA06,W68,,{},0.0,0.0,-0.0312507980231804,-0.0065702144895109,0.3824727746987168,0.4076460359221658,4768,56,0.0312507980231804,0.0065702144895109,0.0,0.0,True,True,AA04_trailing,AA04,trailing,False
AA07,T09,,{},0.0,0.0,0.2655972790513012,-0.0085886012088399,0.382484468058982,0.2592731002279211,76,9,-0.2655972790513012,0.0085886012088399,0.0,0.0,False,True,AA04_trailing,AA04,trailing,False
AA08,V00,,{},0.0,0.0,0.0695439993751625,0.0282654923904259,0.5258936365960888,0.3865164856832077,462,65,-0.0695439993751625,-0.0282654923904259,0.0,0.0,True,True,AA04_trailing,AA04,trailing,False
AA00,F51,,{},0.0,0.0,0.0589631634106649,-0.0057451088076001,0.327673051838346,0.2098856685149714,11792,100,-0.0589631634106649,0.0057451088076001,0.0,0.0,True,True,AA05_trailing,AA05,trailing,False
AA01,G96,,{},0.0,0.0,0.1142593449780207,0.0046703445855661,0.3854459220894202,0.2173572197234251,14710,100,-0.1142593449780207,-0.0046703445855661,0.0,0.0,False,True,AA05_trailing,AA05,trailing,False
AA02,F52,,{},0.0,0.0,6.285622749330236e-05,0.0018072231343427,0.2951980422233847,0.2013326835793345,6019,100,-6.285622749330236e-05,-0.0018072231343427,0.0,0.0,True,True,AA05_trailing,AA05,trailing,False
AA03,703,,{},0.0,0.0,0.1565533572067085,0.0136208162069456,0.514459390268879,0.3903092196643989,11201,92,-0.1565533572067085,-0.0136208162069456,0.0,0.0,False,True,AA05_trailing,AA05,trailing,False
AA04,691,,{},0.0,0.0,0.2048038508517713,0.0192044014554762,0.4983797360621882,0.3827351789448601,3214,97,-0.2048038508517713,-0.0192044014554762,0.0,0.0,False,True,AA05_trailing,AA05,trailing,False
AA05,W84,TrailingBias,{'trailing_factor': 0.1},-2.02973777981822,0.8790042073082805,-2.028083063396408,0.9341998508901752,3.256213636024675,1.5140727296159753,354,31,-0.0016547164218119,-0.0551956435818947,11.72812742086075,10.923098437989164,True,True,AA05_trailing,AA05,trailing,True
AA06,W68,,{},0.0,0.0,-0.0455388489973992,-0.0030269914916156,0.3844261300498426,0.4069874651230426,4780,57,0.0455388489973992,0.0030269914916156,0.0,0.0,True,True,AA05_trailing,AA05,trailing,False
AA07,T09,,{},0.0,0.0,0.1516325553485002,0.0020836772373676,0.3048776422216268,0.2634064194082361,76,9,-0.1516325553485002,-0.0020836772373676,0.0,0.0,False,True,AA05_trailing,AA05,trailing,False
AA08,V00,,{},0.0,0.0,0.0577378221225351,0.0245168617536797,0.5224286534889082,0.3808414677683402,470,66,-0.0577378221225351,-0.0245168617536797,0.0,0.0,True,True,AA05_trailing,AA05,trailing,False
AA00,F51,,{},0.0,0.0,0.0836059027258759,-0.0039421030127994,0.3341198791000342,0.2146452679432473,10506,91,-0.0836059027258759,0.0039421030127994,0.0,0.0,True,True,AA06_trailing,AA06,trailing,False
AA01,G96,,{},0.0,0.0,0.1350768111015218,-0.0050677024175088,0.3869767220014342,0.2220646088437587,12851,91,-0.1350768111015218,0.0050677024175088,0.0,0.0,False,True,AA06_trailing,AA06,trailing,False
AA02,F52,,{},0.0,0.0,0.0278609118913464,0.0061860341106364,0.3083213526352558,0.2087881075618917,5348,91,-0.0278609118913464,-0.0061860341106364,0.0,0.0,True,True,AA06_trailing,AA06,trailing,False
AA03,703,,{},0.0,0.0,0.2011433748982737,-0.008581268042329,0.5509686407599493,0.4008360445381995,8740,83,-0.2011433748982737,0.008581268042329,0.0,0.0,False,True,AA06_trailing,AA06,trailing,False
AA04,691,,{},0.0,0.0,0.2321566021194089,-0.0046462905758464,0.4907171411037977,0.3787379179823436,2785,89,-0.2321566021194089,0.0046462905758464,0.0,0.0,False,True,AA06_trailing,AA06,trailing,False
AA05,W84,,{},0.0,0.0,0.0914495615476795,0.0455401862377771,0.3488351777771429,0.2635207346894508,300,27,-0.0914495615476795,-0.0455401862377771,0.0,0.0,True,True,AA06_trailing,AA06,trailing,False
AA06,W68,TrailingBias,{'trailing_factor': 0.1},2.1748820922846783,-0.1283765463219369,-0.7243922118699179,-0.1307411454859788,118.28668471665225,3.420593892833392,4780,57,2.8992743041545963,0.0023645991640419,1.271199770811793,2.5947655310541298,False,True,AA06_trailing,AA06,trailing,True
AA07,T09,,{},0.0,0.0,0.1650769336686177,0.0047985683983929,0.3191615878347152,0.2607212207043355,76,9,-0.1650769336686177,-0.0047985683983929,0.0,0.0,False,True,AA06_trailing,AA06,trailing,False
AA08,V00,,{},0.0,0.0,0.0726429558837757,0.0161327096783845,0.5219188945387999,0.3816408940995243,410,59,-0.0726429558837757,-0.0161327096783845,0.0,0.0,True,True,AA06_trailing,AA06,trailing,False
AA00,F51,,{},0.0,0.0,0.02807411933727,-0.0007231112397149,0.2911919720052143,0.1966958392362888,11792,100,-0.02807411933727,0.0007231112397149,0.0,0.0,True,True,AA07_trailing,AA07,trailing,False
AA01,G96,,{},0.0,0.0,0.0681982262446758,0.0066295033578024,0.3358586795504989,0.2004735469130068,14710,100,-0.0681982262446758,-0.0066295033578024,0.0,0.0,True,True,AA07_trailing,AA07,trailing,False
AA02,F52,,{},0.0,0.0,-0.013321492562961,0.0044791977986244,0.2863352656761772,0.1939232099932207,6019,100,0.013321492562961,-0.0044791977986244,0.0,0.0,True,True,AA07_trailing,AA07,trailing,False
AA03,703,,{},0.0,0.0,0.1204956712012369,0.0160493103238816,0.4964830451421784,0.3870945672561474,11201,92,-0.1204956712012369,-0.0160493103238816,0.0,0.0,False,True,AA07_trailing,AA07,trailing,False
AA04,691,,{},0.0,0.0,0.1553297477091002,0.0150968886078553,0.4660483817275301,0.3728540260942814,3214,97,-0.1553297477091002,-0.0150968886078553,0.0,0.0,False,True,AA07_trailing,AA07,trailing,False
AA05,W84,,{},0.0,0.0,0.0017563716510456,0.0548032625696764,0.2933156909468372,0.2361764310564041,354,31,-0.0017563716510456,-0.0548032625696764,0.0,0.0,True,True,AA07_trailing,AA07,trailing,False
AA06,W68,,{},0.0,0.0,-0.0491508210014683,-0.0024257333877389,0.3852483152707654,0.4069496271136784,4780,57,0.0491508210014683,0.0024257333877389,0.0,0.0,True,True,AA07_trailing,AA07,trailing,False
AA07,T09,TrailingBias,{'trailing_factor': 0.1},-1.4001179347975394,0.3639058951727061,-1.254159471703976,0.3711724386103142,1.8613244522957555,1.0400713007469542,76,9,-0.1459584630935633,-0.007266543437608,6.557666589824192,3.050231307944639,False,True,AA07_trailing,AA07,trailing,True
AA08,V00,,{},0.0,0.0,0.0533916689598744,0.0240612104361738,0.5228408063065477,0.3770075627978712,470,66,-0.0533916689598744,-0.0240612104361738,0.0,0.0,True,True,AA07_trailing,AA07,trailing,False
AA00,F51,,{},0.0,0.0,0.0251702456399338,0.0006670906789592,0.2887505402130503,0.1959839674949468,11792,100,-0.0251702456399338,-0.0006670906789592,0.0,0.0,True,True,AA08_trailing,AA08,trailing,False
AA01,G96,,{},0.0,0.0,0.0665840161732643,0.0055976553296998,0.3357097388184963,0.2015720602389548,14710,100,-0.0665840161732643,-0.0055976553296998,0.0,0.0,True,True,AA08_trailing,AA08,trailing,False
AA02,F52,,{},0.0,0.0,-0.0151742288715209,0.0035915118687024,0.2869503045559626,0.193929822808302,6019,100,0.0151742288715209,-0.0035915118687024,0.0,0.0,True,True,AA08_trailing,AA08,trailing,False
AA03,703,,{},0.0,0.0,0.1184324902268021,0.0147749795705721,0.4959353885873222,0.3870570999379674,11201,92,-0.1184324902268021,-0.0147749795705721,0.0,0.0,False,True,AA08_trailing,AA08,trailing,False
AA04,691,,{},0.0,0.0,0.1499861047168464,0.014021763401993,0.4599351641661084,0.3713882113366782,3214,97,-0.1499861047168464,-0.014021763401993,0.0,0.0,False,True,AA08_trailing,AA08,trailing,False
AA05,W84,,{},0.0,0.0,0.0084239910018823,0.0523353078249805,0.2904753744609875,0.2334646343837401,354,31,-0.0084239910018823,-0.0523353078249805,0.0,0.0,True,True,AA08_trailing,AA08,trailing,False
AA06,W68,,{},0.0,0.0,-0.0489007109346269,-0.0017912059142519,0.3852421677012842,0.4068723445712021,4780,57,0.0489007109346269,0.0017912059142519,0.0,0.0,True,True,AA08_trailing,AA08,trailing,False
AA07,T09,,{},0.0,0.0,0.137502057622509,0.0096711199904291,0.2929543574202609,0.2600278203194796,76,9,-0.137502057622509,-0.0096711199904291,0.0,0.0,False,True,AA08_trailing,AA08,trailing,False
AA08,V00,TrailingBias,{'trailing_factor': 0.1},-0.2792899729614263,0.0107844659306714,-0.2241696694785306,0.0329861053729421,5.177741293386571,1.419710265111873,470,66,-0.0551203034828956,-0.0222016394422707,1.1694022521317455,0.1646826509219749,True,True,AA08_trailing,AA08,trailing,True
